,species,region,Horizontal interesomatic distance (um),Vertical interesomatic distance (um),Presynaptic layer,Presynaptic gene expression,Presynaptic synapse class,Presynaptic gid,Postsynaptic layer,Postsynaptic gene expression,Postsynaptic synapse class,Postsynaptic gid,dataset,notes,connected,Stimulus pulse frequency (Hz),Number of pulses,Interburst interval,Number of bursts,Paired pulse difference,stp induction,stp recovery,Holding potential (mV),minimal Horizontal interesomatic distance (um),maximal Horizontal interesomatic distance (um),minimal Vertical interesomatic distance (um),maximal Vertical interesomatic distance (um)
0,mouse,VISp,18.116236371769016,104.92640197801585,L23,Pvalb,INH,4138,L23,,EXC,4140,AISynphys,Accessed on 2025-07-08 00:00:007,True,50,8,250,2,0.10429221511359238,0.0034941917172044744,-0.05577564832111965,-55.0,0.0,25.0,100.0,125.0
1,mouse,VISp,119.14984729967514,25.48982191609257,L23,,EXC,4140,L23,Vip,INH,4133,AISynphys,Accessed on 2025-07-08 00:00:007,True,50,8,250,2,0.013850555628095864,0.5576922184314516,0.047338495377857,-70.0,100.0,125.0,25.0,50.0
2,mouse,VISp,29.64619373656386,70.29699299588941,L5,,EXC,4224,L5,Sst,INH,4222,AISynphys,Accessed on 2025-07-08 00:00:007,True,50,8,250,2,0.035669188862842025,0.5486863503811803,0.19612841943368056,-70.0,25.0,50.0,50.0,75.0
3,mouse,VISp,24.370843682039066,264.0951746326988,L5,Sst,INH,4225,L23,,,4221,AISynphys,Accessed on 2025-07-08 00:00:007,True,50,8,250,2,-0.32622500679054495,-0.16692077238172448,0.20517070444261515,-55.0,0.0,25.0,250.0,275.0
4,mouse,VISp,12.839963147459288,298.70304509713645,L5,Sst,INH,4225,L23,,EXC,4227,AISynphys,Accessed on 2025-07-08 00:00:007,True,50,8,250,2,-0.19885146333255066,-0.013191404948443989,0.1270260455839993,-55.0,0.0,25.0,275.0,300.0
5,mouse,VISp,40.409914039677865,107.84409470437328,L4,Sst,INH,4226,L23,,EXC,4227,AISynphys,Accessed on 2025-07-08 00:00:007,True,50,8,250,2,-0.365044758105086,-0.5141507776445007,-0.29154053901339605,-55.0,25.0,50.0,100.0,125.0
6,mouse,VISp,37.293764698294616,34.31408805706842,L23,,EXC,4227,L23,,,4221,AISynphys,Accessed on 2025-07-08 00:00:007,True,50,8,250,2,-0.028457045755706484,-0.5278865408019691,-0.20957537481394062,-70.0,25.0,50.0,25.0,50.0
7,mouse,VISp,40.409914039677865,107.84409470437328,L23,,EXC,4227,L4,Sst,INH,4226,AISynphys,Accessed on 2025-07-08 00:00:007,True,50,8,250,2,0.05928233307079674,0.23429053244411985,0.09325573137508861,-70.0,25.0,50.0,100.0,125.0
8,mouse,VISp,58.609907710628015,2.1484075222426413,L23,Nr5a1,EXC,4237,L23,Nr5a1,EXC,4238,AISynphys,Accessed on 2025-07-08 00:00:007,True,50,8,250,2,0.01137617282698216,-0.11724484795956383,-0.12219921640400919,-70.0,50.0,75.0,0.0,25.0
9,mouse,VISp,0.9812198090731908,40.80400826703529,L23,Nr5a1,EXC,4238,L4,Nr5a1,EXC,4240,AISynphys,Accessed on 2025-07-08 00:00:007,True,50,8,250,2,-0.27905309678295276,-0.37100697039913816,0.5135771614788788,-70.0,0.0,25.0,25.0,50.0
10,mouse,VISp,0.9812198090731908,40.80400826703529,L4,Nr5a1,EXC,4240,L23,Nr5a1,EXC,4238,AISynphys,Accessed on 2025-07-08 00:00:007,True,50,8,250,2,-0.2788388724826242,-0.5946491349939701,0.04587522801645339,-70.0,0.0,25.0,25.0,50.0
11,mouse,VISp,47.23525874185249,35.62206830281263,L4,Nr5a1,EXC,4240,L4,Nr5a1,EXC,4241,AISynphys,Accessed on 2025-07-08 00:00:007,True,50,8,250,2,-0.3000715079000238,-0.17075545348810925,-0.0548412531061503,-70.0,25.0,50.0,25.0,50.0
12,mouse,VISp,47.75986818157269,23.16297495225534,L5,Tlx3,EXC,4247,L5,Sst,INH,4249,AISynphys,Accessed on 2025-07-08 00:00:007,True,50,8,250,2,0.044902776095261346,0.15710684435248398,-0.022075997486201506,-70.0,25.0,50.0,0.0,25.0
13,mouse,VISp,75.72248191312974,22.72929058122495,L5,Sst,INH,4249,L5,Tlx3,EXC,4246,AISynphys,Accessed on 2025-07-08 00:00:007,True,50,8,250,2,-0.07508893979773809,-0.13487756983276672,0.09670272904400976,-55.0,75.0,100.0,0.0,25.0
14,mouse,VISp,47.75986818157269,23.16297495225534,L5,Sst,INH,4249,L5,Tlx3,EXC,4247,AISynphys,Accessed on 2025-07-08 00:00:007,True,50,8,250,2,0.2115179203417562,-0.27095512613078376,0.05157382594803539,-55.0,25.0,50.0,0.0,25.0
15,mouse,VISp,32.17965405119973,103.48145854734118,L4,Sst,INH,4258,L23,Vip,INH,4262,AISynphys,Accessed on 2025-07-08 00:00:007,True,50,8,250,2,,,,-55.0,25.0,50.0,100.0,125.0
16,mouse,VISp,72.30060120241669,86.4760848000132,L5,Tlx3,EXC,4530,L5,Sst,INH,4528,AISynphys,Accessed on 2025-07-08 00:00:007,True,50,8,250,2,0.017063188802849044,0.1090602500330984,0.31571258345696407,-70.0,50.0,75.0,75.0,100.0
17,mouse,VISp,47.0551271827822,18.11445037455304,L5,Tlx3,EXC,4648,L5,Pvalb,INH,4646,AISynphys,Accessed on 2025-07-08 00:00:007,True,50,8,250,2,-0.24086702299855622,-0.8110843138786927,-0.08060520872724626,-70.0,25.0,50.0,0.0,25.0
18,mouse,VISp,93.5910308999105,73.1492939505363,L4,,EXC,4698,L5,Vip,INH,4700,AISynphys,Accessed on 2025-07-08 00:00:007,True,50,8,250,2,0.017479893936128546,0.2272559258260933,0.053360135281032665,-70.0,75.0,100.0,50.0,75.0
19,mouse,VISp,120.35916520396614,20.01152888323354,L5,Tlx3,EXC,4840,L5,Sst,INH,4835,AISynphys,Accessed on 2025-07-08 00:00:007,True,50,8,250,2,0.035692712578656506,0.01684954566078934,0.08313190741899526,-70.0,100.0,125.0,0.0,25.0
20,mouse,VISp,58.37036709841021,31.46475560491222,L5,Sst,INH,4848,L5,Tlx3,EXC,4847,AISynphys,Accessed on 2025-07-08 00:00:007,True,50,8,250,2,-0.45512114981385077,-0.49158840190729003,-0.5780265711476844,-55.0,50.0,75.0,25.0,50.0
21,mouse,VISp,43.60654922349207,46.080546169388775,L5,Tlx3,EXC,4858,L5,Pvalb,INH,4860,AISynphys,Accessed on 2025-07-08 00:00:007,True,50,8,250,2,0.06774294757312063,-0.7307176153303229,-0.2542413354308115,-70.0,25.0,50.0,25.0,50.0
22,mouse,VISp,84.1601918530113,70.81675636905676,L5,Pvalb,INH,5048,L4,Tlx3,EXC,5052,AISynphys,Accessed on 2025-07-08 00:00:007,True,50,8,250,2,-0.18865903383493843,-0.6042547284995148,-0.21314417757936724,-55.0,75.0,100.0,50.0,75.0
23,mouse,VISp,65.38867230980847,28.626443194543956,L4,Tlx3,EXC,5050,L5,Pvalb,INH,5048,AISynphys,Accessed on 2025-07-08 00:00:007,True,50,8,250,2,0.05926156575684997,0.13840806216380308,-0.18189343528551621,-70.0,50.0,75.0,25.0,50.0
24,mouse,VISp,24.058354388862487,3.9853597566476786,L5,Sst,INH,5096,L5,Sim1,EXC,5101,AISynphys,Accessed on 2025-07-08 00:00:007,True,50,8,250,2,0.3188072788799787,0.4419772325701827,0.1977539966756347,-55.0,0.0,25.0,0.0,25.0
25,mouse,VISp,52.81544427153541,4.110119222155992,L5,Sim1,EXC,5097,L5,Sst,INH,5096,AISynphys,Accessed on 2025-07-08 00:00:007,True,50,8,250,2,0.015466682879905483,0.21483650005938887,-0.26341124808539257,-70.0,50.0,75.0,0.0,25.0
26,mouse,VISp,51.804187564586975,29.972345956616298,L5,Sst,INH,5535,L5,Sst,INH,5534,AISynphys,Accessed on 2025-07-08 00:00:007,True,50,8,250,2,,,-0.4039305512004867,-55.0,50.0,75.0,25.0,50.0
27,mouse,VISp,67.29796377653787,29.026095906129058,L6a,Sst,INH,5537,L6a,Sim1,EXC,5536,AISynphys,Accessed on 2025-07-08 00:00:007,True,50,8,250,2,-0.8632587354915693,-0.10216230794891987,,-55.0,50.0,75.0,25.0,50.0
28,mouse,VISp,50.93426754706449,65.37690643686048,L5,Sim1,EXC,5736,L5,Sst,INH,5740,AISynphys,Accessed on 2025-07-08 00:00:007,True,50,8,250,2,0.1231353319752227,0.16561124501429242,0.09468138069143679,-70.0,50.0,75.0,50.0,75.0
29,mouse,VISp,1.2397044240628938,89.44019244165871,L5,Sim1,EXC,5738,L5,Sst,INH,5740,AISynphys,Accessed on 2025-07-08 00:00:007,True,50,8,250,2,0.014588699089676365,0.1091252150302517,0.03258085293799262,-70.0,0.0,25.0,75.0,100.0
30,mouse,VISp,26.308654383995044,48.154014328646454,L5,Sim1,EXC,5739,L5,Sst,INH,5742,AISynphys,Accessed on 2025-07-08 00:00:007,True,50,8,250,2,0.026061186259511253,0.0006921711008964495,0.06717773896290245,-70.0,25.0,50.0,25.0,50.0
31,mouse,VISp,23.758525839981797,86.72668023065852,L5,Sst,INH,5742,L5,Sim1,EXC,5738,AISynphys,Accessed on 2025-07-08 00:00:007,True,50,8,250,2,,,,-55.0,0.0,25.0,75.0,100.0
32,mouse,VISp,31.226941243115935,70.6798371818936,L5,Tlx3,EXC,5949,L5,Sst,INH,5943,AISynphys,Accessed on 2025-07-08 00:00:007,True,50,8,250,2,-0.042950500224141416,0.0862323862853216,0.016057215611251258,-70.0,25.0,50.0,50.0,75.0
33,mouse,VISp,110.69932764615432,46.498656985546006,L4,,INH,6147,L4,,INH,6142,AISynphys,Accessed on 2025-07-08 00:00:007,True,50,8,250,2,-0.2971396318427265,-0.4948122482492968,0.09387770243001262,-55.0,100.0,125.0,25.0,50.0
34,mouse,VISp,96.18481630600834,31.5579407534696,L4,Sim1,EXC,6182,L4,Sim1,EXC,6186,AISynphys,Accessed on 2025-07-08 00:00:007,True,50,8,250,2,0.17760176636032307,-0.2173117962119842,-0.27676323036545913,-70.0,75.0,100.0,25.0,50.0
35,mouse,VISp,82.02478946495782,19.22910424511122,L4,Sim1,EXC,6183,L4,Sim1,EXC,6185,AISynphys,Accessed on 2025-07-08 00:00:007,True,50,8,250,2,-0.4004934940988688,-0.38630772529792967,-0.21906197935416322,-70.0,75.0,100.0,0.0,25.0
36,mouse,VISp,82.02478946495782,19.22910424511122,L4,Sim1,EXC,6185,L4,Sim1,EXC,6183,AISynphys,Accessed on 2025-07-08 00:00:007,True,50,8,250,2,-0.7726426850059996,-0.9996758243675233,-0.14932933845487611,-70.0,75.0,100.0,0.0,25.0
37,mouse,VISp,13.58078178272135,65.33982538919197,L5,Tlx3,EXC,6299,L4,Sst,INH,6297,AISynphys,Accessed on 2025-07-08 00:00:007,True,50,8,250,2,0.07353733389956822,0.048676517075178546,0.010645632288104915,-70.0,0.0,25.0,50.0,75.0
38,mouse,VISp,24.439064591691896,69.70489630214722,L5,Sst,INH,6300,L4,Sst,INH,6297,AISynphys,Accessed on 2025-07-08 00:00:007,True,50,8,250,2,0.06500014276455243,-0.04740300932940194,-0.08890004226765189,-55.0,0.0,25.0,50.0,75.0
39,mouse,VISp,85.8827656360111,35.44758247666349,L5,Sim1,EXC,6403,L5,Sim1,EXC,6399,AISynphys,Accessed on 2025-07-08 00:00:007,True,50,8,250,2,0.7350736125396153,-0.084966715295281,-0.1765896252824743,-70.0,75.0,100.0,25.0,50.0
40,mouse,VISp,66.4591472587716,43.88764882204169,L5,Sim1,EXC,6404,L5,Sim1,EXC,6399,AISynphys,Accessed on 2025-07-08 00:00:007,True,50,8,250,2,0.10053981632703912,0.009343630215727686,0.08931158139918544,-70.0,50.0,75.0,25.0,50.0
41,mouse,VISp,104.72585460378647,13.959286953372658,L4,,EXC,6455,L5,Sim1,EXC,6458,AISynphys,Accessed on 2025-07-08 00:00:007,True,50,8,250,2,-0.5914108015563054,-0.7751645739425245,-0.17524911166699397,-70.0,100.0,125.0,0.0,25.0
42,mouse,VISp,87.64367054018098,55.90864429356375,L5,,INH,6514,L5,Tlx3,EXC,6516,AISynphys,Accessed on 2025-07-08 00:00:007,True,50,8,250,2,-0.4510966659306238,-0.03775904735240307,-0.22231631074330127,-55.0,75.0,100.0,50.0,75.0
43,mouse,VISp,38.59616206854907,10.595604002523647,L5,Tlx3,EXC,6583,L5,Tlx3,EXC,6584,AISynphys,Accessed on 2025-07-08 00:00:007,True,50,8,250,2,-0.14011967058456992,-0.6353047944191064,-0.1705420687042674,-70.0,25.0,50.0,0.0,25.0
44,mouse,VISp,38.59616206854907,10.595604002523647,L5,Tlx3,EXC,6584,L5,Tlx3,EXC,6583,AISynphys,Accessed on 2025-07-08 00:00:007,True,50,8,250,2,-0.23273753000994252,0.2075893360237797,-0.5313272447653506,-70.0,25.0,50.0,0.0,25.0
45,mouse,VISp,3.0152284160330494,22.715952140492902,L5,Tlx3,EXC,6585,L5,Tlx3,EXC,6584,AISynphys,Accessed on 2025-07-08 00:00:007,True,50,8,250,2,-0.6397331238611852,-1.0224795004248917,-0.30241854717643324,-70.0,0.0,25.0,0.0,25.0
46,mouse,VISp,25.188314055614043,43.71627321542597,L4,Tlx3,EXC,6660,L5,Pvalb,INH,6667,AISynphys,Accessed on 2025-07-08 00:00:007,True,50,8,250,2,-0.44176738939388305,-0.5501291548219471,0.00868047676875012,-70.0,25.0,50.0,25.0,50.0
47,mouse,VISp,89.72803683387302,9.433839588898035,L5,Sim1,EXC,6950,L5,Sim1,EXC,6949,AISynphys,Accessed on 2025-07-08 00:00:007,True,50,8,250,2,0.18818872335723544,-0.15480109315823418,0.1243837853955116,-70.0,75.0,100.0,0.0,25.0
48,mouse,VISp,58.83633493943066,7.580901971740904,L5,Sst,INH,8177,L5,Pvalb,INH,8167,AISynphys,Accessed on 2025-07-08 00:00:007,True,50,8,250,2,0.05762020924682629,-0.1601355039929296,-0.17268537060019792,-55.0,50.0,75.0,0.0,25.0
49,mouse,VISp,19.071821874078996,29.81595007547791,L5,Tlx3,EXC,8197,L5,Pvalb,INH,8198,AISynphys,Accessed on 2025-07-08 00:00:007,True,50,8,250,2,0.15429655784995663,-0.30232236142359037,-0.014095095523127397,-70.0,0.0,25.0,25.0,50.0
50,mouse,VISp,29.876773467998017,42.676850688422824,L4,Pvalb,INH,8204,L5,Tlx3,EXC,8197,AISynphys,Accessed on 2025-07-08 00:00:007,True,50,8,250,2,,,0.01696182814402265,-55.0,25.0,50.0,25.0,50.0
51,mouse,VISp,2.0849332917615695,10.439468364763853,L23,,EXC,8548,L23,Vip,INH,8549,AISynphys,Accessed on 2025-07-08 00:00:007,True,50,8,250,2,0.033987447690454906,0.06072349626642774,0.04328469322791186,-70.0,0.0,25.0,0.0,25.0
52,mouse,VISp,78.35175105089279,93.69604530447867,L23,,EXC,8548,L4,Sst,INH,8552,AISynphys,Accessed on 2025-07-08 00:00:007,True,50,8,250,2,-0.05437871333408572,0.0008754309906723001,-0.12205029308027092,-70.0,75.0,100.0,75.0,100.0
53,mouse,VISp,78.35175105089279,93.69604530447867,L4,Sst,INH,8552,L23,,EXC,8548,AISynphys,Accessed on 2025-07-08 00:00:007,True,50,8,250,2,-0.3366130944215319,-0.37093441894485085,0.030342730919729097,-55.0,75.0,100.0,75.0,100.0
54,mouse,VISp,76.09229915614632,61.76087295190568,L23,,EXC,8576,L23,Vip,INH,8578,AISynphys,Accessed on 2025-07-08 00:00:007,True,50,8,250,2,0.09194176075781989,-0.0035848510691616617,0.03516261022693794,-70.0,75.0,100.0,50.0,75.0
55,mouse,VISp,59.20130907150599,11.232143229142713,L23,Pvalb,INH,8730,L23,Pvalb,INH,8725,AISynphys,Accessed on 2025-07-08 00:00:007,True,50,8,250,2,0.14364145923777677,-0.2741595587310423,-0.1315249955736705,-55.0,50.0,75.0,0.0,25.0
56,mouse,VISp,22.323371031373103,59.9325660181146,L23,,EXC,8734,L4,Pvalb,INH,8735,AISynphys,Accessed on 2025-07-08 00:00:007,True,50,8,250,2,-0.4022713059818977,-0.7167878895792292,-0.19606173310773867,-70.0,0.0,25.0,50.0,75.0
57,mouse,VISp,27.377172474766788,72.65865029696656,L23,,EXC,8737,L4,Sst,INH,8736,AISynphys,Accessed on 2025-07-08 00:00:007,True,50,8,250,2,0.37613855197292484,0.6433601724756579,,-70.0,25.0,50.0,50.0,75.0
58,mouse,VISp,2.060302831698496,70.95285091813928,L23,,EXC,8786,L23,Sst,INH,8784,AISynphys,Accessed on 2025-07-08 00:00:007,True,50,8,250,2,0.060606547281360966,0.18916924459022919,0.06323831295515417,-70.0,0.0,25.0,50.0,75.0
59,mouse,VISp,46.00039550441869,13.232074132465831,L5,Pvalb,INH,8800,L5,,EXC,8794,AISynphys,Accessed on 2025-07-08 00:00:007,True,50,8,250,2,-0.0683216435723311,-0.16729981200746383,-0.09301830019851222,-55.0,25.0,50.0,0.0,25.0
60,mouse,VISp,24.761218066877316,44.2480478924723,L5,Pvalb,INH,8800,L5,Pvalb,INH,8798,AISynphys,Accessed on 2025-07-08 00:00:007,True,50,8,250,2,-0.38125518219580223,-0.46983643867028346,-0.07861484923466304,-55.0,0.0,25.0,25.0,50.0
61,mouse,VISp,53.59272321146997,37.22093930180687,L5,,INH,8874,L5,Rorb,EXC,8875,AISynphys,Accessed on 2025-07-08 00:00:007,True,50,8,250,2,-0.2155677351295793,-0.5680261933001032,-0.1716663585975226,-55.0,50.0,75.0,25.0,50.0
62,mouse,VISp,70.62323508164413,28.161483524538497,L5,,INH,8874,L5,Rorb,EXC,8876,AISynphys,Accessed on 2025-07-08 00:00:007,True,50,8,250,2,-0.20111852483530201,-0.38437847274916764,-0.3241517496225341,-55.0,50.0,75.0,25.0,50.0
63,mouse,VISp,53.59272321146997,37.22093930180687,L5,Rorb,EXC,8875,L5,,INH,8874,AISynphys,Accessed on 2025-07-08 00:00:007,True,50,8,250,2,-0.6923676346919314,-0.8913444475973372,-0.12321447101674299,-70.0,50.0,75.0,25.0,50.0
64,mouse,VISp,74.2554508036295,22.041738984929207,L5,Rorb,EXC,8875,L5,,INH,8878,AISynphys,Accessed on 2025-07-08 00:00:007,True,50,8,250,2,-0.24350216306315353,-0.6508805029171735,-0.14310567787592393,-70.0,50.0,75.0,0.0,25.0
65,mouse,VISp,70.62323508164413,28.161483524538497,L5,Rorb,EXC,8876,L5,,INH,8874,AISynphys,Accessed on 2025-07-08 00:00:007,True,50,8,250,2,-0.40130718246176067,-0.7600957933053466,-0.14641147785422748,-70.0,50.0,75.0,25.0,50.0
66,mouse,VISp,49.875672647831294,24.176746012984736,L5,,INH,8878,L5,Rorb,EXC,8880,AISynphys,Accessed on 2025-07-08 00:00:007,True,50,8,250,2,0.36990547220442554,-0.248468041346604,-0.18847191241758995,-55.0,25.0,50.0,0.0,25.0
67,mouse,VISp,45.99996773982757,3.3806879262655145,L5,Rorb,EXC,8879,L5,Rorb,EXC,8876,AISynphys,Accessed on 2025-07-08 00:00:007,True,50,8,250,2,-0.015774237475596687,-0.16125010308399151,-0.24703447914630255,-70.0,25.0,50.0,0.0,25.0
68,mouse,VISp,49.875672647831294,24.176746012984736,L5,Rorb,EXC,8880,L5,,INH,8878,AISynphys,Accessed on 2025-07-08 00:00:007,True,50,8,250,2,-0.1934864884352145,-0.3000696522884603,-0.08196234793075817,-70.0,25.0,50.0,0.0,25.0
69,mouse,VISp,176.13909259504268,73.80893752063572,L23,Sst,INH,8926,L23,,INH,8923,AISynphys,Accessed on 2025-07-08 00:00:007,True,50,8,250,2,-0.3399630683680997,-0.2738373761698108,0.13318691154144452,-55.0,175.0,200.0,50.0,75.0
70,mouse,VISp,70.29584296091392,145.03163381502156,L5,Tlx3,EXC,8942,L5,Vip,INH,8938,AISynphys,Accessed on 2025-07-08 00:00:007,True,50,8,250,2,0.026936861878715607,-0.5819234442879544,0.08559659760755386,-70.0,50.0,75.0,125.0,150.0
71,mouse,VISp,58.695232508196376,93.26583415087605,L5,Sst,INH,8979,L5,Sst,INH,8975,AISynphys,Accessed on 2025-07-08 00:00:007,True,50,8,250,2,0.01901099320150134,-0.4405245485769148,-0.018544403777220147,-55.0,50.0,75.0,75.0,100.0
72,mouse,VISp,94.80178641959778,47.45627844503838,L5,Pvalb,INH,9070,L4,Pvalb,INH,9077,AISynphys,Accessed on 2025-07-08 00:00:007,True,50,8,250,2,2.4792268270153293,2.3153667873904866,0.737229846233249,-55.0,75.0,100.0,25.0,50.0
73,mouse,VISp,35.60536367587496,37.442301857106955,L5,Pvalb,INH,9071,L5,Tlx3,EXC,9072,AISynphys,Accessed on 2025-07-08 00:00:007,True,50,8,250,2,-0.07183093889341138,0.07882668110060953,-0.3077904996539625,-55.0,25.0,50.0,25.0,50.0
74,mouse,VISp,133.85027494722138,66.35310972217655,L4,,EXC,9120,L4,Pvalb,INH,9123,AISynphys,Accessed on 2025-07-08 00:00:007,True,50,8,250,2,-0.17356316799880905,-0.6953627165241403,0.1434753112200413,-70.0,125.0,150.0,50.0,75.0
75,mouse,VISp,30.168403812285483,16.648284312771846,L4,Pvalb,INH,9122,L4,Pvalb,INH,9123,AISynphys,Accessed on 2025-07-08 00:00:007,True,50,8,250,2,-0.6277881617803034,-0.7967406703995715,-0.12823140275826167,-55.0,25.0,50.0,0.0,25.0
76,mouse,VISp,154.9315513454141,35.92519870541349,L4,Nr5a1,EXC,9193,L4,Nr5a1,EXC,9196,AISynphys,Accessed on 2025-07-08 00:00:007,True,50,8,250,2,0.02444463237584313,-0.3962194047284254,0.07839296599787418,-70.0,150.0,175.0,25.0,50.0
77,mouse,VISp,8.180776698769394,45.91310994111458,L4,Nr5a1,EXC,9194,L4,Nr5a1,EXC,9196,AISynphys,Accessed on 2025-07-08 00:00:007,True,50,8,250,2,-0.15521551572914077,-0.6590183041923543,-0.10952401427685546,-70.0,0.0,25.0,25.0,50.0
78,mouse,VISp,40.54421563320026,24.69885692230632,L4,Nr5a1,EXC,9216,L4,Nr5a1,EXC,9215,AISynphys,Accessed on 2025-07-08 00:00:007,True,50,8,250,2,-0.21076174456786292,-0.5859636332585434,-0.0694381442737208,-70.0,25.0,50.0,0.0,25.0
79,mouse,VISp,55.253538237993574,39.210627011979355,L4,Nr5a1,EXC,9217,L4,Nr5a1,EXC,9218,AISynphys,Accessed on 2025-07-08 00:00:007,True,50,8,250,2,-0.010445729236373852,-0.12659120797311035,-0.2386076297499704,-70.0,50.0,75.0,25.0,50.0
80,mouse,VISp,29.124368132053874,98.8266312494693,L4,Sst,INH,9248,L5,Sst,INH,9246,AISynphys,Accessed on 2025-07-08 00:00:007,True,50,8,250,2,-0.5741309253874909,-0.6182089623470571,-0.007328507343920157,-55.0,25.0,50.0,75.0,100.0
81,mouse,VISp,97.9249964830103,47.16024883196029,L6a,Pvalb,INH,9255,L6a,Pvalb,INH,9260,AISynphys,Accessed on 2025-07-08 00:00:007,True,50,8,250,2,-0.4843425226155783,-0.6885363011275829,-0.1867226536684004,-55.0,75.0,100.0,25.0,50.0
82,mouse,VISp,92.45409398603081,7.382662735907201,L4,Nr5a1,EXC,9429,L4,Nr5a1,EXC,9431,AISynphys,Accessed on 2025-07-08 00:00:007,True,50,8,250,2,-0.26761296792774547,-0.5276032052657339,-0.2066572018855816,-70.0,75.0,100.0,0.0,25.0
83,mouse,VISp,19.640064358579902,52.66992802995693,L23,,EXC,9502,L23,,INH,9503,AISynphys,Accessed on 2025-07-08 00:00:007,True,50,8,250,2,0.036259076930624724,-0.3153671731004423,-0.167135870161279,-70.0,0.0,25.0,50.0,75.0
84,mouse,VISp,89.90167691921825,53.767208954181555,L6a,,INH,9536,L6a,,INH,9534,AISynphys,Accessed on 2025-07-08 00:00:007,True,50,8,250,2,,,0.15756930530404978,-55.0,75.0,100.0,50.0,75.0
85,mouse,VISp,71.5812725003512,106.2620611503022,L4,Sst,INH,9563,L23,,EXC,9564,AISynphys,Accessed on 2025-07-08 00:00:007,True,50,8,250,2,0.1416790480120302,-0.11168188341491883,0.3807746114537545,-55.0,50.0,75.0,100.0,125.0
86,mouse,VISp,27.125915205468097,72.32690578972476,L23,,EXC,9643,L23,Vip,INH,9642,AISynphys,Accessed on 2025-07-08 00:00:007,True,50,8,250,2,-0.20401562113103383,-0.32093560555602985,-0.11352355872723663,-70.0,25.0,50.0,50.0,75.0
87,mouse,VISp,7.059834893675386,136.69482972027146,L6a,,EXC,9804,L5,Pvalb,INH,9806,AISynphys,Accessed on 2025-07-08 00:00:007,True,50,8,250,2,0.1367884112485956,-0.10096604838490722,-0.00044152826899748147,-70.0,0.0,25.0,125.0,150.0
88,mouse,VISp,74.11401438971644,95.28362384765232,L5,Pvalb,INH,9808,L6a,,EXC,9804,AISynphys,Accessed on 2025-07-08 00:00:007,True,50,8,250,2,-0.2350908714808606,0.1346938045673633,-0.16458862853557493,-55.0,50.0,75.0,75.0,100.0
89,mouse,VISp,37.85644067906564,36.376846181086,L6a,Ntsr1,EXC,9816,L6a,Pvalb,INH,9814,AISynphys,Accessed on 2025-07-08 00:00:007,True,50,8,250,2,0.11292286063872516,0.06312844694121841,0.06824374644187083,-70.0,25.0,50.0,25.0,50.0
90,mouse,VISp,54.72245910613976,16.551796983918827,L6a,Ntsr1,EXC,9817,L6a,Pvalb,INH,9814,AISynphys,Accessed on 2025-07-08 00:00:007,True,50,8,250,2,0.02319600490921675,-0.02391580070424675,0.02477311302455341,-70.0,50.0,75.0,0.0,25.0
91,mouse,VISp,23.83727190035755,58.700067897306965,L5,Tlx3,EXC,9841,L5,Sst,INH,9840,AISynphys,Accessed on 2025-07-08 00:00:007,True,50,8,250,2,-0.026375901659225563,0.04482036761976353,0.025697391042291566,-70.0,0.0,25.0,50.0,75.0
92,mouse,VISp,25.412754688668834,94.34509512329475,L4,Nr5a1,EXC,9897,L5,Nr5a1,EXC,9900,AISynphys,Accessed on 2025-07-08 00:00:007,True,50,8,250,2,-0.06505117863934691,-0.12577875364164776,-0.016564341655718157,-70.0,25.0,50.0,75.0,100.0
93,mouse,VISp,53.6778045797308,22.7351948183922,L4,Nr5a1,EXC,9899,L4,Nr5a1,EXC,9904,AISynphys,Accessed on 2025-07-08 00:00:007,True,50,8,250,2,0.9713291748684107,-0.0015760042677882152,-0.14241052012260516,-70.0,50.0,75.0,0.0,25.0
94,mouse,VISp,19.142505479907797,24.53818109481037,L4,Nr5a1,EXC,9904,L4,Nr5a1,EXC,9901,AISynphys,Accessed on 2025-07-08 00:00:007,True,50,8,250,2,-0.11294976750801863,-0.23146259696231625,-0.05162520505889567,-70.0,0.0,25.0,0.0,25.0
95,mouse,VISp,66.5252367628942,72.61867681182908,L5,Sst,INH,9908,L5,,INH,9906,AISynphys,Accessed on 2025-07-08 00:00:007,True,50,8,250,2,-0.12539188393626327,-0.5315612383413186,-0.5056894128390207,-55.0,50.0,75.0,50.0,75.0
96,mouse,VISp,40.33390008113639,50.79239018489793,L5,,EXC,10390,L6a,Sst,INH,10395,AISynphys,Accessed on 2025-07-08 00:00:007,True,50,8,250,2,0.010905855197715251,-0.010596660111970762,-0.006232245092528189,-70.0,25.0,50.0,50.0,75.0
97,mouse,VISp,21.416846242620615,24.781421766717926,L6a,Ntsr1,EXC,10410,L6a,Pvalb,INH,10411,AISynphys,Accessed on 2025-07-08 00:00:007,True,50,8,250,2,0.2838839197723933,0.058024723281227784,-0.016528018503781376,-70.0,0.0,25.0,0.0,25.0
98,mouse,VISp,100.3814543081804,41.35789108144465,L6a,Ntsr1,EXC,10433,L6a,Pvalb,INH,10427,AISynphys,Accessed on 2025-07-08 00:00:007,True,50,8,250,2,0.03398517662920407,0.25127798976367927,0.15514521058783787,-70.0,100.0,125.0,25.0,50.0
99,mouse,VISp,24.597919627386315,25.14139390934103,L6a,Pvalb,INH,10460,L6a,,EXC,10461,AISynphys,Accessed on 2025-07-08 00:00:007,True,50,8,250,2,-0.10418686733805438,-0.1683339282657491,-0.08733572077987338,-55.0,0.0,25.0,25.0,50.0
100,mouse,VISp,24.597919627386315,25.14139390934103,L6a,,EXC,10461,L6a,Pvalb,INH,10460,AISynphys,Accessed on 2025-07-08 00:00:007,True,50,8,250,2,0.10680795586504266,0.03338214235699764,0.01618738753859542,-70.0,0.0,25.0,25.0,50.0
101,mouse,VISp,94.16846298544571,20.3028020876136,L6a,Ntsr1,EXC,10490,L6a,,EXC,10493,AISynphys,Accessed on 2025-07-08 00:00:007,True,50,8,250,2,-0.0038190699284312906,0.02301360671384815,0.5828568982323032,-70.0,75.0,100.0,0.0,25.0
102,mouse,VISp,14.337886077482235,4.852877669912098,L6a,Ntsr1,EXC,10495,L6a,Sst,INH,10494,AISynphys,Accessed on 2025-07-08 00:00:007,True,50,8,250,2,0.41902185863641084,0.3997526737421453,,-70.0,0.0,25.0,0.0,25.0
103,mouse,VISp,29.772726252556016,62.011138128487595,L6a,Ntsr1,EXC,10496,L6a,,EXC,10493,AISynphys,Accessed on 2025-07-08 00:00:007,True,50,8,250,2,-0.046361975175769274,0.24385198133933395,0.05562472732940854,-70.0,25.0,50.0,50.0,75.0
104,mouse,VISp,0.07224039638872086,37.03379230075067,L6a,Ntsr1,EXC,10496,L6a,Sst,INH,10494,AISynphys,Accessed on 2025-07-08 00:00:007,True,50,8,250,2,0.0778454956938002,0.34901039933827693,0.04088118168267808,-70.0,0.0,25.0,25.0,50.0
105,mouse,VISp,65.36391441520044,34.7787630161329,L4,Sim1,EXC,10556,L5,Sim1,EXC,10560,AISynphys,Accessed on 2025-07-08 00:00:007,True,50,8,250,2,0.0999604027787757,0.06111288174191847,-0.11215022602343513,-70.0,50.0,75.0,25.0,50.0
106,mouse,VISp,101.54332564276649,17.312734207428434,L5,Tlx3,EXC,10632,L5,Sst,INH,10627,AISynphys,Accessed on 2025-07-08 00:00:007,True,50,8,250,2,0.042391879118691314,0.10206532067101423,0.0708834672939237,-70.0,100.0,125.0,0.0,25.0
107,mouse,VISp,41.25984307983231,0.6503856990837458,L5,Tlx3,EXC,10694,L5,Pvalb,INH,10695,AISynphys,Accessed on 2025-07-08 00:00:007,True,50,8,250,2,0.028592861865423782,0.04410574391577152,-0.08166130761422422,-70.0,25.0,50.0,0.0,25.0
108,mouse,VISp,9.81537918637675,16.4750512714722,L5,Tlx3,EXC,10764,L5,Tlx3,EXC,10765,AISynphys,Accessed on 2025-07-08 00:00:007,True,50,8,250,2,0.12941287924914135,-0.10534075951668613,0.3330187001108378,-70.0,0.0,25.0,0.0,25.0
109,mouse,VISp,7.884807520130079,133.20875744327225,L23,,EXC,10800,L23,Pvalb,INH,10797,AISynphys,Accessed on 2025-07-08 00:00:007,True,50,8,250,2,-0.1303049560469871,-0.3334075579347229,0.01808360502189308,-70.0,0.0,25.0,125.0,150.0
110,mouse,VISp,133.08173377349013,104.45684982389561,L23,Pvalb,INH,10802,L23,Pvalb,INH,10797,AISynphys,Accessed on 2025-07-08 00:00:007,True,50,8,250,2,-0.0927633216261284,-0.34523877395592695,-0.1375715609216739,-55.0,125.0,150.0,100.0,125.0
111,mouse,VISp,112.79483454139643,96.88226758591595,L23,,EXC,10987,L23,Vip,INH,10989,AISynphys,Accessed on 2025-07-08 00:00:007,True,50,8,250,2,0.06543943318119971,0.10736779663334182,-0.03262630753780528,-70.0,100.0,125.0,75.0,100.0
112,mouse,VISp,26.865428972255394,155.47986692194812,L23,,EXC,11025,L23,Sst,INH,11028,AISynphys,Accessed on 2025-07-08 00:00:007,True,50,8,250,2,-0.13896369976535933,0.005234513597050485,-0.05685710036482743,-70.0,25.0,50.0,150.0,175.0
113,mouse,VISp,88.84367738858984,8.759567200053125,L23,,EXC,11026,L23,Vip,INH,11032,AISynphys,Accessed on 2025-07-08 00:00:007,True,50,8,250,2,0.044723065129339025,0.031249420608819363,,-70.0,75.0,100.0,0.0,25.0
114,mouse,VISp,26.865428972255394,155.47986692194812,L23,Sst,INH,11028,L23,,EXC,11025,AISynphys,Accessed on 2025-07-08 00:00:007,True,50,8,250,2,,,0.0875531904378661,-55.0,25.0,50.0,150.0,175.0
115,mouse,VISp,24.26084570765543,80.46555053219573,L23,Sst,INH,11028,L23,,EXC,11026,AISynphys,Accessed on 2025-07-08 00:00:007,True,50,8,250,2,-0.6199308747879846,-0.061791144247809654,-0.09666700513929397,-55.0,0.0,25.0,75.0,100.0
116,mouse,VISp,98.71223292815326,59.045419084531744,L23,Vip,INH,11032,L23,Vip,INH,11027,AISynphys,Accessed on 2025-07-08 00:00:007,True,50,8,250,2,,,0.5934620134978843,-55.0,75.0,100.0,50.0,75.0
117,mouse,VISp,149.5501933398434,75.64310094453717,L23,,EXC,11045,L23,Sst,INH,11042,AISynphys,Accessed on 2025-07-08 00:00:007,True,50,8,250,2,-0.10049245504860589,0.12443647437949726,-0.23700177384891508,-70.0,125.0,150.0,75.0,100.0
118,mouse,VISp,33.87982291343648,32.77528965370464,L23,,EXC,11066,L23,Vip,INH,11064,AISynphys,Accessed on 2025-07-08 00:00:007,True,50,8,250,2,-0.002684664791542952,0.02795749099248426,0.03727888317917889,-70.0,25.0,50.0,25.0,50.0
119,mouse,VISp,23.25647192755155,26.736633147294437,L23,Pvalb,INH,11177,L23,,EXC,11179,AISynphys,Accessed on 2025-07-08 00:00:007,True,50,8,250,2,-0.27718907788552166,-0.36216531013673103,-0.2938227966914026,-55.0,0.0,25.0,25.0,50.0
120,mouse,VISp,0.4532885072021364,45.92718140741099,L23,,EXC,11232,L23,Pvalb,INH,11233,AISynphys,Accessed on 2025-07-08 00:00:007,True,50,8,250,2,-0.04425945616488215,-0.004897233206883886,-0.018886646814561266,-70.0,0.0,25.0,25.0,50.0
121,mouse,VISp,79.76445102925186,140.4806768095955,L4,Pvalb,INH,11258,L23,,EXC,11260,AISynphys,Accessed on 2025-07-08 00:00:007,True,50,8,250,2,-0.2116736685445687,-0.5071628665967132,-0.06921489967907786,-55.0,75.0,100.0,125.0,150.0
122,mouse,VISp,103.720949161171,39.48310175639395,L23,,EXC,11400,L23,Sst,INH,11405,AISynphys,Accessed on 2025-07-08 00:00:007,True,50,8,250,2,-0.07093621379773055,0.2794931741458191,0.11317959035677178,-70.0,100.0,125.0,25.0,50.0
123,mouse,VISp,48.03095935041175,101.25514226590707,L23,Pvalb,INH,11404,L23,,EXC,11400,AISynphys,Accessed on 2025-07-08 00:00:007,True,50,8,250,2,-0.3710779557530988,-0.6744512289449107,-0.3245912438136646,-55.0,25.0,50.0,100.0,125.0
124,mouse,VISp,38.638910973939986,52.356909441619436,L23,Pvalb,INH,11404,L23,Pvalb,INH,11403,AISynphys,Accessed on 2025-07-08 00:00:007,True,50,8,250,2,-0.3694533982677616,-0.4249971368791135,-0.2169803200932818,-55.0,25.0,50.0,50.0,75.0
125,mouse,VISp,103.720949161171,39.48310175639395,L23,Sst,INH,11405,L23,,EXC,11400,AISynphys,Accessed on 2025-07-08 00:00:007,True,50,8,250,2,-0.10407393538831644,-0.36699686331438214,0.07189237445043137,-55.0,100.0,125.0,25.0,50.0
126,mouse,VISp,34.67434333181694,79.67467189193377,L23,,EXC,11410,L4,Sst,INH,11408,AISynphys,Accessed on 2025-07-08 00:00:007,True,50,8,250,2,-0.4340347311636039,-0.2706394065379515,-0.08341124440650255,-70.0,25.0,50.0,75.0,100.0
127,mouse,VISp,145.67926648795813,13.189734092107114,L23,Pvalb,INH,11433,L23,Pvalb,INH,11437,AISynphys,Accessed on 2025-07-08 00:00:007,True,50,8,250,2,-0.26152514265139526,-0.5257647509134998,0.018956408460586056,-55.0,125.0,150.0,0.0,25.0
128,mouse,VISp,37.64614153975787,53.9774268158322,L23,,EXC,11434,L23,Pvalb,INH,11433,AISynphys,Accessed on 2025-07-08 00:00:007,True,50,8,250,2,-0.08387060696689613,0.15582722247390327,0.11986940927536265,-70.0,25.0,50.0,50.0,75.0
129,mouse,VISp,106.14726375948226,41.014302457251596,L23,,EXC,11434,L23,Pvalb,INH,11437,AISynphys,Accessed on 2025-07-08 00:00:007,True,50,8,250,2,0.09398788565464788,0.01255705393346341,0.007120578052261378,-70.0,100.0,125.0,25.0,50.0
130,mouse,VISp,145.67926648795813,13.189734092107114,L23,Pvalb,INH,11437,L23,Pvalb,INH,11433,AISynphys,Accessed on 2025-07-08 00:00:007,True,50,8,250,2,-0.22427497682777192,-0.5174396967538926,-0.06513518935798912,-55.0,125.0,150.0,0.0,25.0
131,mouse,VISp,106.14726375948226,41.014302457251596,L23,Pvalb,INH,11437,L23,,EXC,11434,AISynphys,Accessed on 2025-07-08 00:00:007,True,50,8,250,2,-0.027829245597621975,-0.37415477959637844,-0.15422171286030595,-55.0,100.0,125.0,25.0,50.0
132,mouse,VISp,121.06616913245367,43.154834911885764,L23,Pvalb,INH,11439,L23,Pvalb,INH,11433,AISynphys,Accessed on 2025-07-08 00:00:007,True,50,8,250,2,-0.2541774805917227,-0.12105674338925737,-0.027661253099707822,-55.0,100.0,125.0,25.0,50.0
133,mouse,VISp,80.81597155136276,97.02288388034697,L23,Pvalb,INH,11439,L23,,EXC,11434,AISynphys,Accessed on 2025-07-08 00:00:007,True,50,8,250,2,-0.18172236800290456,-0.4848023489335279,-0.11289958965107569,-55.0,75.0,100.0,75.0,100.0
134,mouse,VISp,28.49670724355638,43.964746096446994,L6a,Sst,INH,11468,L6a,,EXC,11469,AISynphys,Accessed on 2025-07-08 00:00:007,True,50,8,250,2,-0.32179499654798593,-0.19682180228774726,0.1607565272887533,-55.0,25.0,50.0,25.0,50.0
135,mouse,VISp,99.92832955472215,7.0080460474276824,L4,,EXC,11479,L4,Pvalb,INH,11481,AISynphys,Accessed on 2025-07-08 00:00:007,True,50,8,250,2,0.11249936589499843,0.16808179018109268,0.025941872132063667,-70.0,75.0,100.0,0.0,25.0
136,mouse,VISp,53.52711169359249,6.586183279537218,L4,Pvalb,INH,11481,L4,Pvalb,INH,11480,AISynphys,Accessed on 2025-07-08 00:00:007,True,50,8,250,2,-0.3324130363694237,-0.6228062787085871,-0.19180824250585157,-55.0,50.0,75.0,0.0,25.0
137,mouse,VISp,2.2627155449736955,66.95820521939439,L6a,Sst,INH,11550,L6a,,EXC,11554,AISynphys,Accessed on 2025-07-08 00:00:007,True,50,8,250,2,-0.11718752712746221,0.27335731740096664,-0.06528273935831132,-55.0,0.0,25.0,50.0,75.0
138,mouse,VISp,52.82937743441521,4.976733064179625,L6a,Ntsr1,EXC,11594,L6a,Sst,INH,11596,AISynphys,Accessed on 2025-07-08 00:00:007,True,50,8,250,2,0.08749520928436194,0.05808340843165261,-0.4678382644592603,-70.0,50.0,75.0,0.0,25.0
139,mouse,VISp,10.665218926046142,6.412776358919357,L6a,Ntsr1,EXC,11595,L6a,Sst,INH,11596,AISynphys,Accessed on 2025-07-08 00:00:007,True,50,8,250,2,-0.0033541905985202086,0.04363868850440351,0.034318981514952905,-70.0,0.0,25.0,0.0,25.0
140,mouse,VISp,3.5853883443400063,104.14039749396143,L4,Tlx3,EXC,11654,L4,Vip,INH,11656,AISynphys,Accessed on 2025-07-08 00:00:007,True,50,8,250,2,-0.02228234323658912,0.08800071361256563,0.07467760033857845,-70.0,0.0,25.0,100.0,125.0
141,mouse,VISp,23.939200572802942,46.60896011868434,L23,,EXC,11659,L23,Pvalb,INH,11657,AISynphys,Accessed on 2025-07-08 00:00:007,True,50,8,250,2,0.03770268220620875,-0.4003410477797818,-0.13253209087301887,-70.0,0.0,25.0,25.0,50.0
142,mouse,VISp,73.27580404640307,0.33114337253569526,L23,,EXC,11659,L23,Vip,INH,11660,AISynphys,Accessed on 2025-07-08 00:00:007,True,50,8,250,2,0.1093628282765205,0.1637715899642284,0.0366776952577331,-70.0,50.0,75.0,0.0,25.0
143,mouse,VISp,71.45022626368676,76.98212160494114,L5,Tlx3,EXC,11711,L4,Vip,INH,11705,AISynphys,Accessed on 2025-07-08 00:00:007,True,50,8,250,2,0.07387652785740002,0.3212902928559803,-0.046179000568246,-70.0,50.0,75.0,75.0,100.0
144,mouse,VISp,134.75452543134793,63.86582739511192,L5,Pvalb,INH,11765,L5,Sim1,EXC,11768,AISynphys,Accessed on 2025-07-08 00:00:007,True,50,8,250,2,-0.431407510310879,-0.7218459826485305,,-55.0,125.0,150.0,50.0,75.0
145,mouse,VISp,66.65855369044033,38.699749078627484,L5,Sim1,EXC,11766,L5,Pvalb,INH,11765,AISynphys,Accessed on 2025-07-08 00:00:007,True,50,8,250,2,-0.26404578130916984,-0.6933855939336209,-0.26805348301136356,-70.0,50.0,75.0,25.0,50.0
146,mouse,VISp,57.97542213126815,155.475346873777,L23,Pvalb,INH,11805,L5,Tlx3,EXC,11809,AISynphys,Accessed on 2025-07-08 00:00:007,True,50,8,250,2,0.02827829589586736,-0.5106873350683142,-0.039774714065705805,-55.0,50.0,75.0,150.0,175.0
147,mouse,VISp,10.464581482025618,72.05859617135236,L4,Pvalb,INH,11806,L5,Tlx3,EXC,11809,AISynphys,Accessed on 2025-07-08 00:00:007,True,50,8,250,2,0.016930666170709718,-0.0880965708188991,-0.21343034752630272,-55.0,0.0,25.0,50.0,75.0
148,mouse,VISp,56.3591470303194,323.8758118029422,L5,Tlx3,EXC,11820,L23,Pvalb,INH,11824,AISynphys,Accessed on 2025-07-08 00:00:007,True,50,8,250,2,-0.08037772902039525,-0.49132985278118474,-0.06146088707780923,-70.0,50.0,75.0,300.0,325.0
149,mouse,VISp,98.2409082713756,31.051168570363505,L23,,EXC,11907,L23,Vip,INH,11908,AISynphys,Accessed on 2025-07-08 00:00:007,True,50,8,250,2,-0.004595311328993932,-0.0031026884494246734,-0.07783155144208467,-70.0,75.0,100.0,25.0,50.0
150,mouse,VISp,17.187608421032746,25.791959653451176,L23,,EXC,11913,L23,,EXC,11907,AISynphys,Accessed on 2025-07-08 00:00:007,True,50,8,250,2,0.42299286321542606,-0.25025453955086324,0.15171357567129842,-70.0,0.0,25.0,25.0,50.0
151,mouse,VISp,59.19728591793037,82.77771057459114,L23,,EXC,11913,L23,Pvalb,INH,11914,AISynphys,Accessed on 2025-07-08 00:00:007,True,50,8,250,2,0.4850478420290359,-0.0359921861934417,0.04505402024102703,-70.0,50.0,75.0,75.0,100.0
152,mouse,VISp,116.78042755353121,28.402613304669305,L6a,,EXC,11924,L6a,Pvalb,INH,11925,AISynphys,Accessed on 2025-07-08 00:00:007,True,50,8,250,2,0.14611090700070617,0.05752770347227872,0.027130188560169077,-70.0,100.0,125.0,25.0,50.0
153,mouse,VISp,37.3045133171247,59.88356570155482,L6a,Ntsr1,EXC,12069,L6a,Pvalb,INH,12070,AISynphys,Accessed on 2025-07-08 00:00:007,True,50,8,250,2,0.1390345930725467,-0.008421609553061999,0.033661078104724865,-70.0,25.0,50.0,50.0,75.0
154,mouse,VISp,136.23449104986213,19.385237069354048,L23,Pvalb,INH,12091,L23,,,12094,AISynphys,Accessed on 2025-07-08 00:00:007,True,50,8,250,2,0.03714337878394278,0.011438210482306988,-0.25246253341370006,-55.0,125.0,150.0,0.0,25.0
155,mouse,VISp,34.06849263879479,172.184644844714,L4,Pvalb,INH,12097,L5,Pvalb,INH,12098,AISynphys,Accessed on 2025-07-08 00:00:007,True,50,8,250,2,-0.1409989241197192,-0.5610244283332395,-0.14009579045305637,-55.0,25.0,50.0,150.0,175.0
156,mouse,VISp,34.06849263879479,172.184644844714,L5,Pvalb,INH,12098,L4,Pvalb,INH,12097,AISynphys,Accessed on 2025-07-08 00:00:007,True,50,8,250,2,-0.426462872521753,-0.8198609110319742,-0.07374727758079545,-55.0,25.0,50.0,150.0,175.0
157,mouse,VISp,57.088582598531445,4.330128103257705,L23,Sst,INH,12204,L23,,EXC,12209,AISynphys,Accessed on 2025-07-08 00:00:007,True,50,8,250,2,-0.30094345262903177,0.09470792684537657,-0.21227211785272776,-55.0,50.0,75.0,0.0,25.0
158,mouse,VISp,57.088582598531445,4.330128103257705,L23,,EXC,12209,L23,Sst,INH,12204,AISynphys,Accessed on 2025-07-08 00:00:007,True,50,8,250,2,0.04600421923699184,0.07554882474785297,-0.07182145686215702,-70.0,50.0,75.0,0.0,25.0
159,mouse,VISp,14.036961436896032,117.66881092906085,L5,Pvalb,INH,12213,L6a,Sst,INH,12214,AISynphys,Accessed on 2025-07-08 00:00:007,True,50,8,250,2,-0.17721403705168348,-0.25674454442731925,0.06896885724491493,-55.0,0.0,25.0,100.0,125.0
160,mouse,VISp,3.5290662973912226,41.548795416096,L5,Pvalb,INH,12263,L5,Sim1,EXC,12264,AISynphys,Accessed on 2025-07-08 00:00:007,True,50,8,250,2,-0.23943696123025637,-0.3318634393229024,0.08461732095608582,-55.0,0.0,25.0,25.0,50.0
161,mouse,VISp,233.29591207645913,39.11002329918979,L6a,Sst,INH,12325,L5,Ntsr1,EXC,12328,AISynphys,Accessed on 2025-07-08 00:00:007,True,50,8,250,2,0.14665345944377364,-0.354142601424915,-0.34909604816818307,-55.0,225.0,250.0,25.0,50.0
162,mouse,VISp,61.69325016870958,39.52502565958678,L23,,EXC,12329,L23,Sst,INH,12335,AISynphys,Accessed on 2025-07-08 00:00:007,True,50,8,250,2,-0.019304680054598743,0.15727570128355473,0.26317749668691354,-70.0,50.0,75.0,25.0,50.0
163,mouse,VISp,16.00398478611695,33.54661384917587,L23,,EXC,12334,L23,Sst,INH,12335,AISynphys,Accessed on 2025-07-08 00:00:007,True,50,8,250,2,0.04067653449492612,0.055469018673101674,0.09400032816336676,-70.0,0.0,25.0,25.0,50.0
164,mouse,VISp,61.69325016870958,39.52502565958678,L23,Sst,INH,12335,L23,,EXC,12329,AISynphys,Accessed on 2025-07-08 00:00:007,True,50,8,250,2,-0.14257697676821662,0.010373135388025595,0.1253324110283892,-55.0,50.0,75.0,25.0,50.0
165,mouse,VISp,3.1379586092989467,87.7300152885329,L4,,EXC,12416,L5,,INH,12415,AISynphys,Accessed on 2025-07-08 00:00:007,True,50,8,250,2,0.07555237545498741,-0.43590233092813624,-0.33165174738974273,-70.0,0.0,25.0,75.0,100.0
166,mouse,VISp,22.174613242052978,389.24361958677673,L23,Pvalb,INH,12464,L5,Sim1,EXC,12466,AISynphys,Accessed on 2025-07-08 00:00:007,True,50,8,250,2,-0.2532982418992227,-0.30251321478116655,0.02913436265472523,-55.0,0.0,25.0,375.0,400.0
167,mouse,VISp,50.95719936017914,27.4929874261967,L23,Pvalb,INH,12474,L23,Pvalb,INH,12476,AISynphys,Accessed on 2025-07-08 00:00:007,True,50,8,250,2,-0.36670401365304706,-0.6890481317738468,-0.1393822799743693,-55.0,50.0,75.0,25.0,50.0
168,mouse,VISp,140.8134496812639,22.908253087314208,L23,Pvalb,INH,12474,L23,Pvalb,INH,12477,AISynphys,Accessed on 2025-07-08 00:00:007,True,50,8,250,2,-0.34126528548879914,-0.18141511847104833,0.2733690486895098,-55.0,125.0,150.0,0.0,25.0
169,mouse,VISp,88.55999782153975,50.42235601247659,L23,Pvalb,INH,12476,L23,Pvalb,INH,12477,AISynphys,Accessed on 2025-07-08 00:00:007,True,50,8,250,2,-0.5170309015073425,-0.5618392808582638,-0.06673600402976784,-55.0,75.0,100.0,50.0,75.0
170,mouse,VISp,88.55999782153975,50.42235601247659,L23,Pvalb,INH,12477,L23,Pvalb,INH,12476,AISynphys,Accessed on 2025-07-08 00:00:007,True,50,8,250,2,-0.40608300024920146,-0.6111415697535122,-0.20618159556338167,-55.0,75.0,100.0,50.0,75.0
171,mouse,VISp,91.72412638954599,57.10556550612693,L23,Pvalb,INH,12482,L23,,EXC,12487,AISynphys,Accessed on 2025-07-08 00:00:007,True,50,8,250,2,-0.256867304917705,-0.6263049880489691,-0.01963316499350854,-55.0,75.0,100.0,50.0,75.0
172,mouse,VISp,91.72412638954599,57.10556550612693,L23,,EXC,12487,L23,Pvalb,INH,12482,AISynphys,Accessed on 2025-07-08 00:00:007,True,50,8,250,2,-0.3318036880081716,-0.5078632101219033,-0.2041005643539331,-70.0,75.0,100.0,50.0,75.0
173,mouse,VISp,42.99853286423293,30.064536583381578,L4,Pvalb,INH,12515,L4,Pvalb,INH,12514,AISynphys,Accessed on 2025-07-08 00:00:007,True,50,8,250,2,1.0640102015087283,0.31246617239540675,,-55.0,25.0,50.0,25.0,50.0
174,mouse,VISp,66.14944295153093,14.687289893382141,L4,,EXC,12578,L4,Sim1,EXC,12580,AISynphys,Accessed on 2025-07-08 00:00:007,True,50,8,250,2,-0.20667144518468217,-0.5538748227819748,-0.11336091586901054,-70.0,50.0,75.0,0.0,25.0
175,mouse,VISp,47.7781087522661,77.5043120296328,L5,,INH,12579,L4,Sim1,EXC,12580,AISynphys,Accessed on 2025-07-08 00:00:007,True,50,8,250,2,-0.15666020625982063,-0.6901626850498557,-0.32932497526803095,-55.0,25.0,50.0,75.0,100.0
176,mouse,VISp,66.14944295153093,14.687289893382141,L4,Sim1,EXC,12580,L4,,EXC,12578,AISynphys,Accessed on 2025-07-08 00:00:007,True,50,8,250,2,-0.18875784856623484,-0.36992892678340944,0.020208250119440153,-70.0,50.0,75.0,0.0,25.0
177,mouse,VISp,21.475730465172198,9.689509885813688,L4,Nr5a1,EXC,12701,L4,Nr5a1,EXC,12702,AISynphys,Accessed on 2025-07-08 00:00:007,True,50,8,250,2,-0.2743506853034711,-0.5576223489170089,0.06809806382036322,-70.0,0.0,25.0,0.0,25.0
178,mouse,VISp,17.99603531687498,17.4931524189841,L4,Sst,INH,12740,L4,Nr5a1,EXC,12745,AISynphys,Accessed on 2025-07-08 00:00:007,True,50,8,250,2,-0.0647040255382184,0.016318367786308012,-0.015484258428667692,-55.0,0.0,25.0,0.0,25.0
179,mouse,VISp,12.996220480847699,36.93543388283398,L4,Nr5a1,EXC,12751,L4,Nr5a1,EXC,12747,AISynphys,Accessed on 2025-07-08 00:00:007,True,50,8,250,2,-0.17331512353356876,-0.6241246514730787,-0.16652811013905214,-70.0,0.0,25.0,25.0,50.0
180,mouse,VISp,13.116358076390233,98.74504446326377,L4,Nr5a1,EXC,12888,L5,Pvalb,INH,12890,AISynphys,Accessed on 2025-07-08 00:00:007,True,50,8,250,2,-0.05123116997379413,-0.761744899030764,-0.20846511627115044,-70.0,0.0,25.0,75.0,100.0
181,mouse,VISp,30.608628517675225,3.398266294293125,L5,Nr5a1,EXC,12914,L5,Nr5a1,EXC,12915,AISynphys,Accessed on 2025-07-08 00:00:007,True,50,8,250,2,-0.21739256184471198,-0.4262354245215557,-0.2787533110889359,-70.0,25.0,50.0,0.0,25.0
182,mouse,VISp,30.608628517675225,3.398266294293125,L5,Nr5a1,EXC,12915,L5,Nr5a1,EXC,12914,AISynphys,Accessed on 2025-07-08 00:00:007,True,50,8,250,2,-0.32967945783443975,-0.6659141243400319,-0.0890234720289934,-70.0,25.0,50.0,0.0,25.0
183,mouse,VISp,12.898025932199149,70.66887671904998,L23,Nr5a1,EXC,12921,L4,Pvalb,INH,12919,AISynphys,Accessed on 2025-07-08 00:00:007,True,50,8,250,2,-0.48835586418395543,-0.1788865061132202,-0.05795833841393197,-70.0,0.0,25.0,50.0,75.0
184,mouse,VISp,109.16407916542033,62.616026702161356,L4,Pvalb,INH,12953,L4,Nr5a1,EXC,12948,AISynphys,Accessed on 2025-07-08 00:00:007,True,50,8,250,2,-0.17737429742034233,-0.5598949527024829,0.10244625054210954,-55.0,100.0,125.0,50.0,75.0
185,mouse,VISp,170.29180439143835,30.86079885984943,L4,Pvalb,INH,12954,L4,Nr5a1,EXC,12951,AISynphys,Accessed on 2025-07-08 00:00:007,True,50,8,250,2,-0.33302002863957364,-0.29770852033456713,0.13371719390907905,-55.0,150.0,175.0,25.0,50.0
186,mouse,VISp,211.79622201512387,33.80180491527318,L6a,Sst,INH,12977,L6a,Vip,INH,12982,AISynphys,Accessed on 2025-07-08 00:00:007,True,50,8,250,2,-0.027085502804190344,0.5197524581941644,0.32465219013203306,-55.0,200.0,225.0,25.0,50.0
187,mouse,VISp,211.79622201512387,33.80180491527318,L6a,Vip,INH,12982,L6a,Sst,INH,12977,AISynphys,Accessed on 2025-07-08 00:00:007,True,50,8,250,2,-0.17121869464167416,-0.23516692720985927,-0.2811911285244793,-55.0,200.0,225.0,25.0,50.0
188,mouse,VISp,46.98061038205839,81.06562362912652,L5,Sst,INH,13051,L4,Nr5a1,EXC,13049,AISynphys,Accessed on 2025-07-08 00:00:007,True,50,8,250,2,-0.2713037770446606,-0.33471942699562396,-0.12443289123488539,-55.0,25.0,50.0,75.0,100.0
189,mouse,VISp,40.56958551973257,18.691763802730627,L5,Sst,INH,13051,L4,Nr5a1,EXC,13050,AISynphys,Accessed on 2025-07-08 00:00:007,True,50,8,250,2,0.2915531582172328,0.042418669199138746,-0.1892127975760435,-55.0,25.0,50.0,0.0,25.0
190,mouse,VISp,20.89369759024032,84.86131443913439,L5,Sst,INH,13066,L4,Sst,INH,13065,AISynphys,Accessed on 2025-07-08 00:00:007,True,50,8,250,2,-0.15743342713239605,-0.6239848949608918,0.03087760802672337,-55.0,0.0,25.0,75.0,100.0
191,mouse,VISp,55.148130460368556,69.32392599273425,L5,,EXC,13122,L5,Sst,INH,13121,AISynphys,Accessed on 2025-07-08 00:00:007,True,50,8,250,2,0.04137399502426001,0.23218537664641928,0.21134691302929515,-70.0,50.0,75.0,50.0,75.0
192,mouse,VISp,86.69133051830616,68.02463259280297,L4,Nr5a1,EXC,13146,L5,Pvalb,INH,13148,AISynphys,Accessed on 2025-07-08 00:00:007,True,50,8,250,2,-0.2058845444514642,-0.28563796406202496,-0.007835141571084607,-70.0,75.0,100.0,50.0,75.0
193,mouse,VISp,46.244215363550225,99.59638580319849,L4,Nr5a1,EXC,13157,L5,Pvalb,INH,13159,AISynphys,Accessed on 2025-07-08 00:00:007,True,50,8,250,2,-0.21605649284305883,-0.2281378803711173,-0.21571068628035406,-70.0,25.0,50.0,75.0,100.0
194,mouse,VISp,72.54151424951704,31.17926286231126,L5,Pvalb,INH,13174,L5,Nr5a1,EXC,13170,AISynphys,Accessed on 2025-07-08 00:00:007,True,50,8,250,2,-0.1006643132708876,-0.47864531066823396,-0.04901692213037067,-55.0,50.0,75.0,25.0,50.0
195,mouse,VISp,1.1339409394746747,43.58750756806088,L5,,EXC,13175,L5,Pvalb,INH,13174,AISynphys,Accessed on 2025-07-08 00:00:007,True,50,8,250,2,-0.11796017028181226,-0.32043470804574337,-0.053426476016600645,-70.0,0.0,25.0,25.0,50.0
196,mouse,VISp,36.53491077387527,65.6841463617743,L5,,EXC,13192,L5,,INH,13193,AISynphys,Accessed on 2025-07-08 00:00:007,True,50,8,250,2,-0.19211964331625933,-0.2274755501476435,-0.24491352938232558,-70.0,25.0,50.0,50.0,75.0
197,mouse,VISp,131.81463384245689,300.13272320445014,L23,,EXC,13227,L5,Sst,INH,13223,AISynphys,Accessed on 2025-07-08 00:00:007,True,50,8,250,2,-0.006932858524778148,0.01616121859443921,0.5837421402513272,-70.0,125.0,150.0,300.0,325.0
198,mouse,VISp,16.85921808570267,40.51972473831372,L23,,EXC,13453,L23,,EXC,13454,AISynphys,Accessed on 2025-07-08 00:00:007,True,50,8,250,2,0.07000297913377329,-0.3448228715630894,-0.0727259766507679,-70.0,0.0,25.0,25.0,50.0
199,mouse,VISp,117.54193944728894,52.6786280517999,L23,Vip,INH,13460,L23,,EXC,13453,AISynphys,Accessed on 2025-07-08 00:00:007,True,50,8,250,2,0.153525293279276,-0.10107850774561189,0.11870719482946733,-55.0,100.0,125.0,50.0,75.0
200,mouse,VISp,29.417013026072564,74.89297164082808,L4,Nr5a1,EXC,13574,L23,Nr5a1,EXC,13575,AISynphys,Accessed on 2025-07-08 00:00:007,True,50,8,250,2,0.3849609378196754,-0.10715471283516256,-0.3772185536325171,-70.0,25.0,50.0,50.0,75.0
201,mouse,VISp,20.227178265671597,52.78649572427356,L23,Sst,INH,13653,L23,,EXC,13652,AISynphys,Accessed on 2025-07-08 00:00:007,True,50,8,250,2,0.1053808355303654,-0.07644119025875531,0.03891451945535876,-55.0,0.0,25.0,50.0,75.0
202,mouse,VISp,11.273061480910446,32.953294673030925,L23,,EXC,13655,L23,Sst,INH,13656,AISynphys,Accessed on 2025-07-08 00:00:007,True,50,8,250,2,0.31589027030054134,0.45059490768454513,0.29920821536692965,-70.0,0.0,25.0,25.0,50.0
203,mouse,VISp,56.10947038312504,19.110201704199568,L23,,EXC,13655,L23,,INH,13657,AISynphys,Accessed on 2025-07-08 00:00:007,True,50,8,250,2,-0.09643126381701145,-0.08554271143376599,-0.05630921646633314,-70.0,50.0,75.0,0.0,25.0
204,mouse,VISp,56.10947038312504,19.110201704199568,L23,,INH,13657,L23,,EXC,13655,AISynphys,Accessed on 2025-07-08 00:00:007,True,50,8,250,2,-0.08234756170230687,-0.004468820880464536,0.22779261104498755,-55.0,50.0,75.0,0.0,25.0
205,mouse,VISp,6.299538862756938,15.768238519461095,L23,,EXC,13826,L23,,INH,13827,AISynphys,Accessed on 2025-07-08 00:00:007,True,50,8,250,2,-0.05827596679885691,0.17923248395583383,0.20399589654752065,-70.0,0.0,25.0,0.0,25.0
206,mouse,VISp,6.391603358219036,39.8653740562058,L23,,INH,13827,L23,,EXC,13828,AISynphys,Accessed on 2025-07-08 00:00:007,True,50,8,250,2,-0.40200044278811287,-0.5232365497431191,0.06324411644808273,-55.0,0.0,25.0,25.0,50.0
207,mouse,VISp,0.20177596508016213,55.65403124536372,L23,,EXC,13828,L23,,EXC,13826,AISynphys,Accessed on 2025-07-08 00:00:007,True,50,8,250,2,0.022555011009450454,-0.014349232479160905,0.05266553001473707,-70.0,0.0,25.0,50.0,75.0
208,mouse,VISp,126.7936404736578,70.82662142864633,L5,Vip,INH,14262,L5,Sst,INH,14264,AISynphys,Accessed on 2025-07-08 00:00:007,True,50,8,250,2,0.12505377194912026,-0.12221580218162147,0.02879446779737187,-55.0,125.0,150.0,50.0,75.0
209,mouse,VISp,27.6676006247929,48.42682133123013,L23,,EXC,14402,L23,,EXC,14403,AISynphys,Accessed on 2025-07-08 00:00:007,True,50,8,250,2,0.09311585859206782,0.10749846725216575,0.052547725690276714,-70.0,25.0,50.0,25.0,50.0
210,mouse,VISp,53.17639182073048,50.65954524675631,L6a,Pvalb,INH,14809,L5,Pvalb,INH,14808,AISynphys,Accessed on 2025-07-08 00:00:007,True,50,8,250,2,-0.5089126907137753,-0.9572817940248661,-0.5223566015834212,-55.0,50.0,75.0,50.0,75.0
211,mouse,VISp,21.862346570784272,105.1700573455623,L5,Pvalb,INH,14902,L4,Pvalb,INH,14904,AISynphys,Accessed on 2025-07-08 00:00:007,True,50,8,250,2,-0.8273130700241089,-0.8273141311824184,-0.08068768618576896,-55.0,0.0,25.0,100.0,125.0
212,mouse,VISp,13.220759643333443,89.1497305080794,L5,Pvalb,INH,14903,L4,Pvalb,INH,14904,AISynphys,Accessed on 2025-07-08 00:00:007,True,50,8,250,2,-0.45917004204581646,-0.580276100695127,-0.3328625734531416,-55.0,0.0,25.0,75.0,100.0
213,mouse,VISp,13.220759643333443,89.1497305080794,L4,Pvalb,INH,14904,L5,Pvalb,INH,14903,AISynphys,Accessed on 2025-07-08 00:00:007,True,50,8,250,2,-0.08281242710064632,-0.6885165394511082,,-55.0,0.0,25.0,75.0,100.0
214,mouse,VISp,29.644927327059158,40.89405928069973,L5,Tlx3,EXC,14922,L4,Tlx3,EXC,14921,AISynphys,Accessed on 2025-07-08 00:00:007,True,50,8,250,2,-0.12479903429925526,0.01569549216723888,-0.36092636017569957,-70.0,25.0,50.0,25.0,50.0
215,mouse,VISp,23.886548501699238,39.2293801018568,L5,Tlx3,EXC,14926,L5,Fam84b,EXC,14925,AISynphys,Accessed on 2025-07-08 00:00:007,True,50,8,250,2,-0.186287620353312,-0.44926589326915567,-0.2614161170557453,-70.0,0.0,25.0,25.0,50.0
216,mouse,VISp,93.6098229330198,104.22287699146774,L4,Tlx3,EXC,14927,L5,Fam84b,EXC,14924,AISynphys,Accessed on 2025-07-08 00:00:007,True,50,8,250,2,-0.15296184558293796,0.5539505252037089,-0.7055882936549319,-70.0,75.0,100.0,100.0,125.0
217,mouse,VISp,37.066467804060295,70.29580305352914,L5,Sim1,EXC,15013,L5,,EXC,15012,AISynphys,Accessed on 2025-07-08 00:00:007,True,50,8,250,2,0.058269822490947,-0.04905510663735804,0.325142373613478,-70.0,25.0,50.0,50.0,75.0
218,mouse,VISp,93.46356415191258,71.74777990343135,L5,Sim1,EXC,15013,L5,Sim1,EXC,15014,AISynphys,Accessed on 2025-07-08 00:00:007,True,50,8,250,2,-0.1200530833093397,0.3239553633375412,-0.08547032666673875,-70.0,75.0,100.0,50.0,75.0
219,mouse,VISp,32.25827092597826,51.93456109601942,L4,Vip,INH,15148,L5,Vip,INH,15141,AISynphys,Accessed on 2025-07-08 00:00:007,True,50,8,250,2,-0.0319784419350069,0.004690407045637823,-0.18619561457092232,-55.0,25.0,50.0,50.0,75.0
220,mouse,VISp,32.5048258891473,44.12913568739163,L23,Nr5a1,EXC,15171,L4,Sst,INH,15173,AISynphys,Accessed on 2025-07-08 00:00:007,True,50,8,250,2,0.3210853601288513,0.7115367018183391,0.09715623757171793,-70.0,25.0,50.0,25.0,50.0
221,mouse,VISp,23.7936566756596,49.56439808623545,L4,Nr5a1,EXC,15172,L23,Nr5a1,EXC,15171,AISynphys,Accessed on 2025-07-08 00:00:007,True,50,8,250,2,-0.09180191278971311,-0.1649576193377031,-0.13626218475060947,-70.0,0.0,25.0,25.0,50.0
222,mouse,VISp,34.1291248128236,33.639998091716784,L4,Sst,INH,15174,L4,Nr5a1,EXC,15172,AISynphys,Accessed on 2025-07-08 00:00:007,True,50,8,250,2,0.05124932406881385,-0.013779643964944625,0.26351058603064037,-55.0,25.0,50.0,25.0,50.0
223,mouse,VISp,34.779268380457204,48.7234610364465,L6a,Sst,INH,15327,L6a,Ntsr1,EXC,15326,AISynphys,Accessed on 2025-07-08 00:00:007,True,50,8,250,2,0.11814298832121051,0.19526142296659074,0.11019749525146857,-55.0,25.0,50.0,25.0,50.0
224,mouse,VISp,231.85285697278724,52.23410588271178,L23,,EXC,15672,L23,,EXC,15668,AISynphys,Accessed on 2025-07-08 00:00:007,True,50,8,250,2,0.3280557157135052,0.22497715171674182,0.14853125903980866,-70.0,225.0,250.0,50.0,75.0
225,mouse,VISp,40.25508651405675,66.17188962781574,L1,,INH,15679,L23,,EXC,15678,AISynphys,Accessed on 2025-07-08 00:00:007,True,50,8,250,2,-0.08427632129238317,-0.31363123037596113,-0.07611755024522933,-55.0,25.0,50.0,50.0,75.0
226,mouse,VISp,9.884147009647888,97.33664700477225,L5,Sst,INH,15715,L4,Vip,INH,15714,AISynphys,Accessed on 2025-07-08 00:00:007,True,50,8,250,2,-0.21967272772029967,-0.08219242514205348,,-55.0,0.0,25.0,75.0,100.0
227,mouse,VISp,146.04329878015304,157.08710880320822,L5,Sst,INH,15922,L4,Nr5a1,EXC,15925,AISynphys,Accessed on 2025-07-08 00:00:007,True,50,8,250,2,-0.06238473942597544,-0.4463229932635732,-0.22327636514382676,-55.0,125.0,150.0,150.0,175.0
228,mouse,VISp,27.04236831032937,33.8887488610675,L4,Nr5a1,EXC,15955,L23,Sst,INH,15957,AISynphys,Accessed on 2025-07-08 00:00:007,True,50,8,250,2,-0.008226648924040687,0.23508301137716917,0.05150996649744571,-70.0,25.0,50.0,25.0,50.0
229,mouse,VISp,66.83889961651954,39.248568677760076,L4,Sst,INH,15963,L23,Vip,INH,15964,AISynphys,Accessed on 2025-07-08 00:00:007,True,50,8,250,2,0.03321141498590387,0.4621430744591597,0.02983004511450274,-55.0,50.0,75.0,25.0,50.0
230,mouse,VISp,10.840514500465112,187.17151327842373,L23,Vip,INH,15964,L5,Vip,INH,15961,AISynphys,Accessed on 2025-07-08 00:00:007,True,50,8,250,2,0.012747741807752714,0.13108092079075914,-0.2926341859884622,-55.0,0.0,25.0,175.0,200.0
231,mouse,VISp,83.34799557415057,118.25509941267374,L23,Sst,INH,16021,L23,Vip,INH,16027,AISynphys,Accessed on 2025-07-08 00:00:007,True,50,8,250,2,,-0.01940627603198676,,-55.0,75.0,100.0,100.0,125.0
232,mouse,VISp,9.04316969267341,43.82504158765297,L23,,EXC,16031,L23,Pvalb,INH,16036,AISynphys,Accessed on 2025-07-08 00:00:007,True,50,8,250,2,-0.0030927824278641058,-0.1312630152225782,0.004591004893473305,-70.0,0.0,25.0,25.0,50.0
233,mouse,VISp,70.59061572924321,39.73711746435942,L23,,EXC,16040,L23,Pvalb,INH,16035,AISynphys,Accessed on 2025-07-08 00:00:007,True,50,8,250,2,0.006075745766821112,-0.05258171322823858,-0.11775401161203872,-70.0,50.0,75.0,25.0,50.0
234,mouse,VISp,40.95673124914659,64.91725048117122,L23,,EXC,16040,L23,Pvalb,INH,16036,AISynphys,Accessed on 2025-07-08 00:00:007,True,50,8,250,2,0.27868160519721435,0.036811362370250955,-0.0671628358003038,-70.0,25.0,50.0,50.0,75.0
235,mouse,VISp,13.32258541223444,4.409050517255802,L6a,Pvalb,INH,16045,L6a,Pvalb,INH,16046,AISynphys,Accessed on 2025-07-08 00:00:007,True,50,8,250,2,-0.32209620560763286,-0.29227260928693843,-0.17070787193628226,-55.0,0.0,25.0,0.0,25.0
236,mouse,VISp,97.22868419643719,100.87524129413242,L5,Pvalb,INH,16067,L5,Sim1,EXC,16069,AISynphys,Accessed on 2025-07-08 00:00:007,True,50,8,250,2,-0.6078640207822061,-0.6104969083447203,-0.098896485243631,-55.0,75.0,100.0,100.0,125.0
237,mouse,VISp,97.22868419643719,100.87524129413242,L5,Sim1,EXC,16069,L5,Pvalb,INH,16067,AISynphys,Accessed on 2025-07-08 00:00:007,True,50,8,250,2,-0.3645507232819907,-0.947732611326493,-0.25322717490967517,-70.0,75.0,100.0,100.0,125.0
238,mouse,VISp,151.31911120619924,10.41796782323165,L23,Pvalb,INH,16078,L23,Pvalb,INH,16081,AISynphys,Accessed on 2025-07-08 00:00:007,True,50,8,250,2,-0.23538974515134864,-0.26319315701547724,-0.08798258312867697,-55.0,150.0,175.0,0.0,25.0
239,mouse,VISp,131.40626435794945,30.35531784957403,L23,Pvalb,INH,16081,L23,Sst,INH,16079,AISynphys,Accessed on 2025-07-08 00:00:007,True,50,8,250,2,-0.3074559630931962,-0.39737928146200535,-0.04826595120730981,-55.0,125.0,150.0,25.0,50.0
240,mouse,VISp,81.98824689601753,31.233031289929027,L23,Sst,INH,16082,L23,Pvalb,INH,16081,AISynphys,Accessed on 2025-07-08 00:00:007,True,50,8,250,2,0.014530036744996793,-0.31912642154524296,0.5125407278282752,-55.0,75.0,100.0,25.0,50.0
241,mouse,VISp,23.512076835925864,17.79579764105869,L23,Vip,INH,16092,L23,Sst,INH,16093,AISynphys,Accessed on 2025-07-08 00:00:007,True,50,8,250,2,-0.27550251989043395,0.09759800873780229,0.4035708536982405,-55.0,0.0,25.0,0.0,25.0
242,mouse,VISp,14.251475963836954,28.487505898063038,L4,Pvalb,INH,16216,L4,Pvalb,INH,16217,AISynphys,Accessed on 2025-07-08 00:00:007,True,50,8,250,2,-0.48182085506276495,-0.45608281935797546,-0.24047980289292148,-55.0,0.0,25.0,25.0,50.0
243,mouse,VISp,68.96219449511047,46.93482096246421,L4,Pvalb,INH,16216,L4,Pvalb,INH,16218,AISynphys,Accessed on 2025-07-08 00:00:007,True,50,8,250,2,-0.31509621069894816,-0.5780820453646857,-0.24636866878360203,-55.0,50.0,75.0,25.0,50.0
244,mouse,VISp,93.92545402322116,17.034960871741454,L4,Pvalb,INH,16217,L4,Pvalb,INH,16213,AISynphys,Accessed on 2025-07-08 00:00:007,True,50,8,250,2,-0.17580832274959882,-0.5386179267687268,-0.17939821174546322,-55.0,75.0,100.0,0.0,25.0
245,mouse,VISp,14.251475963836954,28.487505898063038,L4,Pvalb,INH,16217,L4,Pvalb,INH,16216,AISynphys,Accessed on 2025-07-08 00:00:007,True,50,8,250,2,-0.21600721722795435,-0.6178473499235314,-0.15786471246224598,-55.0,0.0,25.0,25.0,50.0
246,mouse,VISp,62.49881703461871,138.3995234705425,L6b,Sst,INH,16283,L6a,Vip,INH,16286,AISynphys,Accessed on 2025-07-08 00:00:007,True,50,8,250,2,1.8041521736810953,1.111490385235078,,-55.0,50.0,75.0,125.0,150.0
247,mouse,VISp,64.48272020949182,46.86104070039807,L6a,Sst,INH,16285,L6a,Vip,INH,16286,AISynphys,Accessed on 2025-07-08 00:00:007,True,50,8,250,2,0.7086172938809431,0.8634368731847935,,-55.0,50.0,75.0,25.0,50.0
248,mouse,VISp,55.89268292715252,115.81795614094,L6a,Vip,INH,16286,L6a,Sst,INH,16284,AISynphys,Accessed on 2025-07-08 00:00:007,True,50,8,250,2,-0.2908730129756288,-0.43273235503722524,-0.3901068391338795,-55.0,50.0,75.0,100.0,125.0
249,mouse,VISp,10.187415861215953,70.98690439511111,L4,Tlx3,EXC,16295,L5,Pvalb,INH,16296,AISynphys,Accessed on 2025-07-08 00:00:007,True,50,8,250,2,0.0030787831980292717,-0.3854223973754658,-0.15038610513573492,-70.0,0.0,25.0,50.0,75.0
250,mouse,VISp,114.72751995564232,65.41633258566084,L5,Pvalb,INH,16296,L4,Tlx3,EXC,16299,AISynphys,Accessed on 2025-07-08 00:00:007,True,50,8,250,2,-0.2829157425794639,-0.8616017374703291,-0.33951108821338266,-55.0,100.0,125.0,50.0,75.0
251,mouse,VISp,127.62093101147879,85.0774341265854,L5,Pvalb,INH,16296,L4,Tlx3,EXC,16300,AISynphys,Accessed on 2025-07-08 00:00:007,True,50,8,250,2,-0.31117344329984487,-0.7835047669102628,-0.2733016060132112,-55.0,125.0,150.0,75.0,100.0
252,mouse,VISp,60.411349799916316,13.68624022119123,L5,Tlx3,EXC,16310,L5,Pvalb,INH,16314,AISynphys,Accessed on 2025-07-08 00:00:007,True,50,8,250,2,-0.34706351371846617,-0.5676850720988871,-0.02286515280793798,-70.0,50.0,75.0,0.0,25.0
253,mouse,VISp,13.415260246827897,22.121540465118542,L5,Tlx3,EXC,16313,L5,Pvalb,INH,16314,AISynphys,Accessed on 2025-07-08 00:00:007,True,50,8,250,2,-0.09910241866846028,-0.46831616766630985,-0.18543166700068894,-70.0,0.0,25.0,0.0,25.0
254,mouse,VISp,22.88998156531201,8.254691419409257,L5,Pvalb,INH,16314,L4,Tlx3,EXC,16315,AISynphys,Accessed on 2025-07-08 00:00:007,True,50,8,250,2,-0.4170290811683045,-0.6045615459681348,-0.17610110415757074,-55.0,0.0,25.0,0.0,25.0
255,mouse,VISp,22.88998156531201,8.254691419409257,L4,Tlx3,EXC,16315,L5,Pvalb,INH,16314,AISynphys,Accessed on 2025-07-08 00:00:007,True,50,8,250,2,-0.20425209220583238,-0.4783962000942089,-0.2938310597701943,-70.0,0.0,25.0,0.0,25.0
256,mouse,VISp,53.16983285462406,56.70439664921268,L5,,INH,16360,L5,Pvalb,INH,16361,AISynphys,Accessed on 2025-07-08 00:00:007,True,50,8,250,2,-0.08539490005574991,-0.051515793866124385,-0.2360685995185585,-55.0,50.0,75.0,50.0,75.0
257,mouse,VISp,37.64982286480946,2.324865746333374,L4,Nr5a1,EXC,16400,L4,Pvalb,INH,16402,AISynphys,Accessed on 2025-07-08 00:00:007,True,50,8,250,2,-0.29699255610417097,-0.4356603278002591,-0.14368870535756212,-70.0,25.0,50.0,0.0,25.0
258,mouse,VISp,22.92402775460518,44.5955937579721,L4,Nr5a1,EXC,16400,L23,Pvalb,INH,16404,AISynphys,Accessed on 2025-07-08 00:00:007,True,50,8,250,2,-0.12828191330190886,-0.09109308083728868,-0.02468959401779772,-70.0,0.0,25.0,25.0,50.0
259,mouse,VISp,8.633867510966267,11.471890982879655,L23,Nr5a1,EXC,16403,L23,Pvalb,INH,16404,AISynphys,Accessed on 2025-07-08 00:00:007,True,50,8,250,2,-0.03931823131878525,0.05977016058552139,-0.04473555793591827,-70.0,0.0,25.0,0.0,25.0
260,mouse,VISp,101.7623487107909,7.123327273361582,L4,Nr5a1,EXC,16406,L4,Nr5a1,EXC,16411,AISynphys,Accessed on 2025-07-08 00:00:007,True,50,8,250,2,0.5429924669277009,0.25837282602773026,0.19945176239079396,-70.0,100.0,125.0,0.0,25.0
261,mouse,VISp,63.31263088300969,104.58124694404746,L5,Pvalb,INH,16409,L4,Nr5a1,EXC,16406,AISynphys,Accessed on 2025-07-08 00:00:007,True,50,8,250,2,-0.31506846231252206,-0.72361239947194,-0.1276804503936985,-55.0,50.0,75.0,100.0,125.0
262,mouse,VISp,34.837635283335025,111.02790587769063,L5,Pvalb,INH,16409,L4,Nr5a1,EXC,16411,AISynphys,Accessed on 2025-07-08 00:00:007,True,50,8,250,2,-0.39877139765847447,-0.7517965324124816,-0.18149625458090488,-55.0,25.0,50.0,100.0,125.0
263,mouse,VISp,34.837635283335025,111.02790587769063,L4,Nr5a1,EXC,16411,L5,Pvalb,INH,16409,AISynphys,Accessed on 2025-07-08 00:00:007,True,50,8,250,2,-0.2740984829411442,-0.23443572888329647,-0.1511878420197269,-70.0,25.0,50.0,100.0,125.0
264,mouse,VISp,13.58768731537146,113.62870035690659,L4,Pvalb,INH,16416,L23,Nr5a1,EXC,16413,AISynphys,Accessed on 2025-07-08 00:00:007,True,50,8,250,2,-0.1354714233059775,-0.47006043520880214,-0.22103339547159018,-55.0,0.0,25.0,100.0,125.0
265,mouse,VISp,79.0130743101961,13.778265925413596,L23,Nr5a1,EXC,16417,L23,Nr5a1,EXC,16413,AISynphys,Accessed on 2025-07-08 00:00:007,True,50,8,250,2,-0.10491595778778695,0.02826043090572154,0.023751165854612392,-70.0,75.0,100.0,0.0,25.0
266,mouse,VISp,7.898497223421864,49.78979147919379,L5,Sst,INH,16421,L4,Sim1,EXC,16422,AISynphys,Accessed on 2025-07-08 00:00:007,True,50,8,250,2,0.497722873927791,0.19205659426580818,0.08395381070682031,-55.0,0.0,25.0,25.0,50.0
267,mouse,VISp,7.898497223421864,49.78979147919379,L4,Sim1,EXC,16422,L5,Sst,INH,16421,AISynphys,Accessed on 2025-07-08 00:00:007,True,50,8,250,2,0.054849001549840355,0.13134519740803052,0.23161308802931563,-70.0,0.0,25.0,25.0,50.0
268,mouse,VISp,14.807190390290534,7.861230666740641,L6a,Pvalb,INH,16602,L6a,Pvalb,INH,16603,AISynphys,Accessed on 2025-07-08 00:00:007,True,50,8,250,2,-0.05301402330919048,-0.2870699559181091,-0.069996013641161,-55.0,0.0,25.0,0.0,25.0
269,mouse,VISp,5.879818685626017,64.24936309469659,L23,,EXC,16609,L23,Sst,INH,16610,AISynphys,Accessed on 2025-07-08 00:00:007,True,50,8,250,2,0.11577659358003219,0.269724123265794,0.3245761041096742,-70.0,0.0,25.0,50.0,75.0
270,mouse,VISp,34.19176099959426,87.32304676771551,L23,,EXC,16609,L23,Sst,INH,16611,AISynphys,Accessed on 2025-07-08 00:00:007,True,50,8,250,2,0.34874164085822656,0.16221720574059534,-0.6276382237989956,-70.0,25.0,50.0,75.0,100.0
271,mouse,VISp,34.19176099959426,87.32304676771551,L23,Sst,INH,16611,L23,,EXC,16609,AISynphys,Accessed on 2025-07-08 00:00:007,True,50,8,250,2,-0.3175327541809122,-0.21521558870828886,0.07172225704884692,-55.0,25.0,50.0,75.0,100.0
272,mouse,VISp,143.0076160101647,11.514808273662897,L23,,EXC,16612,L23,Pvalb,INH,16614,AISynphys,Accessed on 2025-07-08 00:00:007,True,50,8,250,2,0.12939278688228772,0.21778795541380758,-0.028892288652654828,-70.0,125.0,150.0,0.0,25.0
273,mouse,VISp,68.99397578018532,38.16365055865647,L23,Sst,INH,16613,L23,,EXC,16609,AISynphys,Accessed on 2025-07-08 00:00:007,True,50,8,250,2,-0.16575495993663514,-0.22862439422433728,0.14353064986324537,-55.0,50.0,75.0,25.0,50.0
274,mouse,VISp,101.94417954354508,49.67509650764067,L23,Sst,INH,16613,L23,Sst,INH,16611,AISynphys,Accessed on 2025-07-08 00:00:007,True,50,8,250,2,-0.10921000178726978,-0.04094448619873542,-0.2537261679827757,-55.0,100.0,125.0,25.0,50.0
275,mouse,VISp,61.478462583196574,9.820766448018801,L23,Pvalb,INH,16616,L23,,EXC,16609,AISynphys,Accessed on 2025-07-08 00:00:007,True,50,8,250,2,-0.35270758296163707,-0.7963278949897467,-0.206023257436332,-55.0,50.0,75.0,0.0,25.0
276,mouse,VISp,93.98342643216905,97.81032003014343,L23,Pvalb,INH,16616,L23,Sst,INH,16611,AISynphys,Accessed on 2025-07-08 00:00:007,True,50,8,250,2,0.042365463542715,-0.2623588552479934,0.2930721836899715,-55.0,75.0,100.0,75.0,100.0
277,mouse,VISp,17.651689038149794,4.695234328598198,L23,Sst,INH,16635,L23,Pvalb,INH,16636,AISynphys,Accessed on 2025-07-08 00:00:007,True,50,8,250,2,-0.17896943135210897,-0.604040537655834,-0.09636843627231886,-55.0,0.0,25.0,0.0,25.0
278,mouse,VISp,17.651689038149794,4.695234328598198,L23,Pvalb,INH,16636,L23,Sst,INH,16635,AISynphys,Accessed on 2025-07-08 00:00:007,True,50,8,250,2,0.024146656021360093,-0.2516341187972444,-0.1426494474850863,-55.0,0.0,25.0,0.0,25.0
279,mouse,VISp,110.9748059785613,8.616267615429674,L23,Pvalb,INH,16636,L23,Pvalb,INH,16637,AISynphys,Accessed on 2025-07-08 00:00:007,True,50,8,250,2,-0.8773975682369554,-1.2547835041804891,-0.6582544940239621,-55.0,100.0,125.0,0.0,25.0
280,mouse,VISp,147.6951916771573,24.66748233217073,L23,Pvalb,INH,16638,L23,Pvalb,INH,16636,AISynphys,Accessed on 2025-07-08 00:00:007,True,50,8,250,2,-0.3189322484626956,-0.5642464213816848,-0.2938347357320214,-55.0,125.0,150.0,0.0,25.0
281,mouse,VISp,36.69888702106891,33.204844187781745,L23,Pvalb,INH,16638,L23,Pvalb,INH,16637,AISynphys,Accessed on 2025-07-08 00:00:007,True,50,8,250,2,-0.5511866392123682,-0.7719484119695802,-0.2934715128403518,-55.0,25.0,50.0,25.0,50.0
282,mouse,VISp,112.11508340344663,52.35186460899128,L23,Sst,INH,16650,L23,,EXC,16656,AISynphys,Accessed on 2025-07-08 00:00:007,True,50,8,250,2,-0.0722391242320539,-0.2040447004767893,-0.04155214650282081,-55.0,100.0,125.0,50.0,75.0
283,mouse,VISp,9.285010638776498,57.716524035044216,L23,Pvalb,INH,16651,L23,Sst,INH,16650,AISynphys,Accessed on 2025-07-08 00:00:007,True,50,8,250,2,-0.052804525254773915,-0.3561160267082295,-0.13838519697420598,-55.0,0.0,25.0,50.0,75.0
284,mouse,VISp,101.74613499506393,110.48897326980735,L23,Pvalb,INH,16651,L23,,EXC,16656,AISynphys,Accessed on 2025-07-08 00:00:007,True,50,8,250,2,-0.246566367054654,-0.7756783149731222,-0.08990226458126543,-55.0,100.0,125.0,100.0,125.0
285,mouse,VISp,112.11508340344663,52.35186460899128,L23,,EXC,16656,L23,Sst,INH,16650,AISynphys,Accessed on 2025-07-08 00:00:007,True,50,8,250,2,0.1319935771298712,0.446248222038906,0.26579455383125117,-70.0,100.0,125.0,50.0,75.0
286,mouse,VISp,101.74613499506393,110.48897326980735,L23,,EXC,16656,L23,Pvalb,INH,16651,AISynphys,Accessed on 2025-07-08 00:00:007,True,50,8,250,2,-0.38936831359341006,-0.45266614614040096,-0.12149979300764369,-70.0,100.0,125.0,100.0,125.0
287,mouse,VISp,23.355279279869322,40.52076068214039,L23,,EXC,16656,L23,Sst,INH,16655,AISynphys,Accessed on 2025-07-08 00:00:007,True,50,8,250,2,0.33065068811939624,0.609891649854096,0.09467960481446772,-70.0,0.0,25.0,25.0,50.0
288,mouse,VISp,124.2954436730297,9.60338361852932,L23,Sst,INH,16666,L23,Pvalb,INH,16660,AISynphys,Accessed on 2025-07-08 00:00:007,True,50,8,250,2,-0.19656608755981891,-0.2690059134099082,0.03237916938134753,-55.0,100.0,125.0,0.0,25.0
289,mouse,VISp,67.53454340998988,56.790799364194385,L23,Sst,INH,16669,L1,Sst,INH,16670,AISynphys,Accessed on 2025-07-08 00:00:007,True,50,8,250,2,-0.30702977960958955,0.05100623221994469,-0.2519104101491655,-55.0,50.0,75.0,50.0,75.0
290,mouse,VISp,64.98608628836793,117.48923323764922,L1,Sst,INH,16670,L23,Pvalb,INH,16660,AISynphys,Accessed on 2025-07-08 00:00:007,True,50,8,250,2,-0.18610375780916158,-0.43813355904923795,-0.07661357635171415,-55.0,50.0,75.0,100.0,125.0
291,mouse,VISp,30.264504753887017,82.91153908173426,L23,Sst,INH,16680,L23,Pvalb,INH,16683,AISynphys,Accessed on 2025-07-08 00:00:007,True,50,8,250,2,-0.0690005943625687,0.0568163559743542,-0.02862731190077017,-55.0,25.0,50.0,75.0,100.0
292,mouse,VISp,88.93650868228394,129.93995427452663,L23,Pvalb,INH,16683,L23,,,16691,AISynphys,Accessed on 2025-07-08 00:00:007,True,50,8,250,2,0.2039926933148594,-0.16158150789829698,-0.2067868060842744,-55.0,75.0,100.0,125.0,150.0
293,mouse,VISp,46.24561632514156,11.253165830458604,L23,Sst,INH,16685,L23,Pvalb,INH,16683,AISynphys,Accessed on 2025-07-08 00:00:007,True,50,8,250,2,0.3819506010606505,0.2213209920734263,-0.3125652198672169,-55.0,25.0,50.0,0.0,25.0
294,mouse,VISp,91.35028108179621,47.51552883991456,L5,,INH,16748,L5,Sim1,EXC,16753,AISynphys,Accessed on 2025-07-08 00:00:007,True,50,8,250,2,-0.032169339943152464,-0.3563431900487576,-0.08469749800466746,-55.0,75.0,100.0,25.0,50.0
295,mouse,VISp,83.43270439605037,12.470039733747804,L5,Sst,INH,16751,L5,Sim1,EXC,16749,AISynphys,Accessed on 2025-07-08 00:00:007,True,50,8,250,2,-0.31893999992531896,-0.42225749230649967,-0.10478619026987608,-55.0,75.0,100.0,0.0,25.0
296,mouse,VISp,8.574670093967951,14.827656462826885,L5,Sst,INH,16751,L5,Sim1,EXC,16752,AISynphys,Accessed on 2025-07-08 00:00:007,True,50,8,250,2,-0.14129118873635366,-0.4103252171696962,-0.045630768951636966,-55.0,0.0,25.0,0.0,25.0
297,mouse,VISp,25.611770046526296,34.42135080562436,L5,Sst,INH,16751,L5,Sim1,EXC,16753,AISynphys,Accessed on 2025-07-08 00:00:007,True,50,8,250,2,-0.15871068997417817,-0.3207747426103362,-0.1793176902574487,-55.0,25.0,50.0,25.0,50.0
298,mouse,VISp,2.6267196196961233,15.04161034196477,L23,Sst,INH,16900,L23,Nr5a1,EXC,16904,AISynphys,Accessed on 2025-07-08 00:00:007,True,50,8,250,2,-0.02562634296177357,-0.1452632422391685,0.18819931372375742,-55.0,0.0,25.0,0.0,25.0
299,mouse,VISp,2.6267196196961233,15.04161034196477,L23,Nr5a1,EXC,16904,L23,Sst,INH,16900,AISynphys,Accessed on 2025-07-08 00:00:007,True,50,8,250,2,0.01303227002731241,0.14479210481208865,0.0655293805129524,-70.0,0.0,25.0,0.0,25.0
300,mouse,VISp,90.76950949056393,123.45914434391784,L5,,INH,17016,L23,Pvalb,INH,17021,AISynphys,Accessed on 2025-07-08 00:00:007,True,50,8,250,2,-0.2912977407231889,-0.6978268338188679,-0.2639250490862186,-55.0,75.0,100.0,100.0,125.0
301,mouse,VISp,103.74939813900065,40.653557803901485,L4,,EXC,17416,L5,Sim1,EXC,17413,AISynphys,Accessed on 2025-07-08 00:00:007,True,50,8,250,2,0.026902729120252156,0.6584912919031932,-0.23039405814408373,-70.0,100.0,125.0,25.0,50.0
302,mouse,VISp,69.50568992834634,25.186231807766845,L4,Nr5a1,EXC,17480,L23,Pvalb,INH,17482,AISynphys,Accessed on 2025-07-08 00:00:007,True,50,8,250,2,-0.053228137571179904,-0.08833316281795148,-0.1566131281337509,-70.0,50.0,75.0,25.0,50.0
303,mouse,VISp,9.734888026929172,18.364637285368808,L23,Pvalb,INH,17482,L4,Nr5a1,EXC,17481,AISynphys,Accessed on 2025-07-08 00:00:007,True,50,8,250,2,-0.029076442570081018,-0.5236351897840251,,-55.0,0.0,25.0,0.0,25.0
304,mouse,VISp,43.60915219670032,107.4397239664411,L5,Pvalb,INH,17488,L23,Nr5a1,EXC,17485,AISynphys,Accessed on 2025-07-08 00:00:007,True,50,8,250,2,-0.0783984784814605,-0.12159211506173616,0.08994173681134536,-55.0,25.0,50.0,100.0,125.0
305,mouse,VISp,16.290155606086966,76.67350500681107,L5,Pvalb,INH,17488,L4,Nr5a1,EXC,17490,AISynphys,Accessed on 2025-07-08 00:00:007,True,50,8,250,2,-0.08985890634148586,-0.3962958533318216,-0.29442325430910365,-55.0,0.0,25.0,75.0,100.0
306,mouse,VISp,16.290155606086966,76.67350500681107,L4,Nr5a1,EXC,17490,L5,Pvalb,INH,17488,AISynphys,Accessed on 2025-07-08 00:00:007,True,50,8,250,2,0.03779665835544824,0.1566319654308804,0.009271672888048385,-70.0,0.0,25.0,75.0,100.0
307,mouse,VISp,22.473989152818557,24.162308964148497,L5,Sst,INH,17602,L5,Sst,INH,17603,AISynphys,Accessed on 2025-07-08 00:00:007,True,50,8,250,2,0.07056887575188486,-0.37067017500476224,-0.17065274510111128,-55.0,0.0,25.0,0.0,25.0
308,mouse,VISp,5.023682615072239,38.480632441177725,L4,Nr5a1,EXC,17615,L5,Nr5a1,EXC,17618,AISynphys,Accessed on 2025-07-08 00:00:007,True,50,8,250,2,-0.24719415018412583,-0.6153922408115355,0.22902501148514107,-70.0,0.0,25.0,25.0,50.0
309,mouse,VISp,116.63842888254308,25.623295862396663,L4,Nr5a1,EXC,17621,L5,Vip,INH,17617,AISynphys,Accessed on 2025-07-08 00:00:007,True,50,8,250,2,0.12803401866426115,-0.0015959278592988465,0.01305666263893051,-70.0,100.0,125.0,25.0,50.0
310,mouse,VISp,6.649778467790674,81.10141530854615,L5,Pvalb,INH,17652,L4,Nr5a1,EXC,17651,AISynphys,Accessed on 2025-07-08 00:00:007,True,50,8,250,2,-0.4504683952799753,-0.6796524377816848,0.005484516677690808,-55.0,0.0,25.0,75.0,100.0
311,mouse,VISp,53.729988114197404,88.99740165829682,L4,Pvalb,INH,17675,L23,Nr5a1,EXC,17674,AISynphys,Accessed on 2025-07-08 00:00:007,True,50,8,250,2,0.15147583679107732,,-0.47142888362900814,-55.0,50.0,75.0,75.0,100.0
312,mouse,VISp,41.7832724286538,90.60769331162173,L4,Pvalb,INH,17682,L4,Nr5a1,EXC,17681,AISynphys,Accessed on 2025-07-08 00:00:007,True,50,8,250,2,,,,-55.0,25.0,50.0,75.0,100.0
313,mouse,VISp,70.76782503294824,104.08286403974486,L4,Sim1,EXC,17721,L5,Sst,INH,17724,AISynphys,Accessed on 2025-07-08 00:00:007,True,50,8,250,2,0.0977533148122147,0.14519895324601867,0.11197112738522916,-70.0,50.0,75.0,100.0,125.0
314,mouse,VISp,99.37076464511131,53.89023645500025,L5,Pvalb,INH,17796,L5,,,17800,AISynphys,Accessed on 2025-07-08 00:00:007,True,50,8,250,2,-0.1450407289993111,-0.27818008776230696,-0.0903479033696143,-55.0,75.0,100.0,50.0,75.0
315,mouse,VISp,25.81930643273739,50.552236203974715,L4,Pvalb,INH,17942,L4,Pvalb,INH,17952,AISynphys,Accessed on 2025-07-08 00:00:007,True,50,8,250,2,0.07637455444323524,-0.23910692778823403,0.05514899037684025,-55.0,25.0,50.0,50.0,75.0
316,mouse,VISp,41.283042008159555,166.34177639764013,L6a,Vip,INH,19108,L6a,Sst,INH,19111,AISynphys,Accessed on 2025-07-08 00:00:007,True,50,8,250,2,0.07729489557416011,-0.6954850420470983,-0.002752042495483808,-55.0,25.0,50.0,150.0,175.0
317,mouse,VISp,41.283042008159555,166.34177639764013,L6a,Sst,INH,19111,L6a,Vip,INH,19108,AISynphys,Accessed on 2025-07-08 00:00:007,True,50,8,250,2,0.4921666970693781,0.5495818455513648,0.3350053386227542,-55.0,25.0,50.0,150.0,175.0
318,mouse,VISp,128.676543487516,95.52095942292121,L4,Sst,INH,19305,L23,Nr5a1,EXC,19301,AISynphys,Accessed on 2025-07-08 00:00:007,True,50,8,250,2,-0.3887052482848919,-0.20713875192460862,-0.3181718236613336,-55.0,125.0,150.0,75.0,100.0
319,mouse,VISp,18.875798654720366,80.65923728027974,L5,Sst,INH,19325,L4,Nr5a1,EXC,19326,AISynphys,Accessed on 2025-07-08 00:00:007,True,50,8,250,2,-0.9413570979656248,0.5820796294017934,0.12263695507539357,-55.0,0.0,25.0,75.0,100.0
320,mouse,VISp,94.87586363431605,72.72719540311351,L5,Sst,INH,19325,L4,Nr5a1,EXC,19328,AISynphys,Accessed on 2025-07-08 00:00:007,True,50,8,250,2,-0.19311348110029666,0.2794479727818655,,-55.0,75.0,100.0,50.0,75.0
321,mouse,VISp,18.875798654720366,80.65923728027974,L4,Nr5a1,EXC,19326,L5,Sst,INH,19325,AISynphys,Accessed on 2025-07-08 00:00:007,True,50,8,250,2,0.04360644125539492,0.16170342950590266,-0.33373172312421195,-70.0,0.0,25.0,75.0,100.0
322,mouse,VISp,16.98008768023499,4.599802270917726,L23,,EXC,19367,L23,Pvalb,INH,19363,AISynphys,Accessed on 2025-07-08 00:00:007,True,50,8,250,2,-0.3226381578081484,-0.8364415498214718,-0.09292342298140895,-70.0,0.0,25.0,0.0,25.0
323,mouse,VISp,15.247112961032485,37.31010716432629,L23,,EXC,19368,L23,Pvalb,INH,19363,AISynphys,Accessed on 2025-07-08 00:00:007,True,50,8,250,2,0.2826330600349154,0.11587197958353065,-0.12883155826498563,-70.0,0.0,25.0,25.0,50.0
324,mouse,VISp,26.984552811598792,23.852804464842873,L23,Nr5a1,EXC,20840,L4,Nr5a1,EXC,20837,AISynphys,Accessed on 2025-07-08 00:00:007,True,50,8,250,2,-0.028928879501080734,0.05959515442409696,-0.026188961454116238,-70.0,25.0,50.0,0.0,25.0
325,mouse,VISp,13.815812078212678,4.815606818407396,L4,Pvalb,INH,21429,L4,Sst,INH,21428,AISynphys,Accessed on 2025-07-08 00:00:007,True,50,8,250,2,0.08885177656254084,0.14096245176153524,0.2633682622990804,-55.0,0.0,25.0,0.0,25.0
326,mouse,VISp,61.01391541847961,56.62936525784691,L23,Vip,INH,21686,L23,Sst,INH,21691,AISynphys,Accessed on 2025-07-08 00:00:007,True,50,8,250,2,-0.2877225471345908,-0.09685980176585833,0.10872528609579848,-55.0,50.0,75.0,50.0,75.0
327,mouse,VISp,49.2214149388678,60.365119443150846,L23,Sst,INH,21687,L23,Vip,INH,21686,AISynphys,Accessed on 2025-07-08 00:00:007,True,50,8,250,2,-0.44910167096217896,,,-55.0,25.0,50.0,50.0,75.0
328,mouse,VISp,84.7415957842829,54.9398063260444,L23,Sst,INH,21687,L23,Vip,INH,21692,AISynphys,Accessed on 2025-07-08 00:00:007,True,50,8,250,2,0.3050862933461241,0.4596788850786695,0.4507007932479933,-55.0,75.0,100.0,50.0,75.0
329,mouse,VISp,30.499422159147898,19.090340843684643,L23,Sst,INH,22093,L23,Vip,INH,22092,AISynphys,Accessed on 2025-07-08 00:00:007,True,50,8,250,2,-0.03325932168708311,0.3226076649509694,,-55.0,25.0,50.0,0.0,25.0
330,mouse,VISp,32.44148675646349,45.99545409483662,L23,Vip,INH,22425,L23,Sst,INH,22423,AISynphys,Accessed on 2025-07-08 00:00:007,True,50,8,250,2,-0.12500684854545652,-0.2812570347828441,0.11315158536666511,-55.0,25.0,50.0,25.0,50.0
331,mouse,VISp,15.041640877728145,59.5805292492884,L4,Vip,INH,22438,L23,Sst,INH,22435,AISynphys,Accessed on 2025-07-08 00:00:007,True,50,8,250,2,-0.05551768315541303,0.30531405795103145,0.3813196418626432,-55.0,0.0,25.0,50.0,75.0
332,mouse,VISp,12.695829997908618,10.432323224680205,L23,,INH,22525,L23,Sst,INH,22526,AISynphys,Accessed on 2025-07-08 00:00:007,True,50,8,250,2,0.37644901617198684,0.23936488626693692,-0.016414962089642063,-55.0,0.0,25.0,0.0,25.0
333,mouse,VISp,124.54559473040075,7.991190620979225,L23,Sst,INH,22542,L23,,,22549,AISynphys,Accessed on 2025-07-08 00:00:007,True,50,8,250,2,0.17140844005089292,0.2526902291296279,0.4925126293694787,-55.0,100.0,125.0,0.0,25.0
334,mouse,VISp,117.37105677128922,4.640922111041288,L23,,INH,22543,L23,Vip,INH,22548,AISynphys,Accessed on 2025-07-08 00:00:007,True,50,8,250,2,0.5628755849985768,-0.2106674114081657,,-55.0,100.0,125.0,0.0,25.0
335,mouse,VISp,39.5899747121589,70.72465720482913,L23,Sst,INH,22546,L23,Vip,INH,22548,AISynphys,Accessed on 2025-07-08 00:00:007,True,50,8,250,2,0.07827867302691675,0.5637433540981367,0.4450154995224221,-55.0,25.0,50.0,50.0,75.0
336,mouse,VISp,49.05712758794125,34.271050342243164,L23,,EXC,22737,L23,Sst,INH,22738,AISynphys,Accessed on 2025-07-08 00:00:007,True,50,8,250,2,-0.0759928816304454,-0.027056493959424534,-0.015016727754923463,-70.0,25.0,50.0,25.0,50.0
337,mouse,VISp,77.87555624227318,57.548971359760586,L23,Pvalb,INH,23094,L23,Pvalb,INH,23093,AISynphys,Accessed on 2025-07-08 00:00:007,True,50,8,250,2,-0.10438306241845947,0.001862649524284398,-0.04470566475052093,-55.0,75.0,100.0,50.0,75.0
338,mouse,VISp,54.35205848120576,170.30287743436887,L4,Pvalb,INH,23140,L23,Pvalb,INH,23139,AISynphys,Accessed on 2025-07-08 00:00:007,True,50,8,250,2,-0.3514069523132525,-0.7533625437849754,-0.248728754909521,-55.0,50.0,75.0,150.0,175.0
339,mouse,VISp,83.92784624510413,1.9241451785512933,L23,Pvalb,INH,23346,L23,Pvalb,INH,23342,AISynphys,Accessed on 2025-07-08 00:00:007,True,50,8,250,2,-0.2031952834684197,-0.4567880813627661,-0.4616701767767649,-55.0,75.0,100.0,0.0,25.0
340,mouse,VISp,12.246108036557168,81.99795721459769,L23,Pvalb,INH,23346,L23,Sst,INH,23345,AISynphys,Accessed on 2025-07-08 00:00:007,True,50,8,250,2,0.0030046935413166136,-0.04791113702104472,,-55.0,0.0,25.0,75.0,100.0
341,mouse,VISp,74.72456490675896,26.114034530030114,L4,Pvalb,INH,23560,L4,Pvalb,INH,23564,AISynphys,Accessed on 2025-07-08 00:00:007,True,50,8,250,2,-0.3009995934234308,-0.5651502655751361,-0.016369745023866372,-55.0,50.0,75.0,25.0,50.0
342,mouse,VISp,56.28434863503406,32.2298385844551,L4,Sst,INH,23561,L4,Pvalb,INH,23560,AISynphys,Accessed on 2025-07-08 00:00:007,True,50,8,250,2,-0.48416772226495336,-0.3100792581169862,0.09006142983607832,-55.0,50.0,75.0,25.0,50.0
343,mouse,VISp,68.5831643711781,1.0072152331747268,L4,Sst,INH,23561,L4,Sst,INH,23562,AISynphys,Accessed on 2025-07-08 00:00:007,True,50,8,250,2,0.13430841456061562,-0.05164315531031671,-0.0274630485212956,-55.0,50.0,75.0,0.0,25.0
344,mouse,VISp,17.43458019360392,58.32799470993985,L4,Sst,INH,23561,L4,Pvalb,INH,23564,AISynphys,Accessed on 2025-07-08 00:00:007,True,50,8,250,2,-0.2938009472859183,-0.35772184196353846,-0.11164876084276343,-55.0,0.0,25.0,50.0,75.0
345,mouse,VISp,153.19605372369128,27.482732723258863,L4,Sst,INH,23563,L4,Pvalb,INH,23560,AISynphys,Accessed on 2025-07-08 00:00:007,True,50,8,250,2,-0.10070689389819533,-0.17280352000567115,-0.007618051812336457,-55.0,150.0,175.0,25.0,50.0
346,mouse,VISp,74.72456490675896,26.114034530030114,L4,Pvalb,INH,23564,L4,Pvalb,INH,23560,AISynphys,Accessed on 2025-07-08 00:00:007,True,50,8,250,2,-0.3534444540445235,-0.4017463271979553,-0.033113716915004525,-55.0,50.0,75.0,25.0,50.0
347,mouse,VISp,98.8957220230598,16.530071251741337,L23,Sst,INH,23636,L23,,INH,23633,AISynphys,Accessed on 2025-07-08 00:00:007,True,50,8,250,2,1.0800740824126702,-1.469652391197414,,-55.0,75.0,100.0,0.0,25.0
348,mouse,VISp,120.3976442779565,32.10204716850156,L23,Vip,INH,23652,L4,Sst,INH,23654,AISynphys,Accessed on 2025-07-08 00:00:007,True,50,8,250,2,-0.08931844078006304,0.1763562290063771,0.6796356457302317,-55.0,100.0,125.0,25.0,50.0
349,mouse,VISp,65.09977282023434,23.112526111263485,L23,Pvalb,INH,23805,L23,Sst,INH,23806,AISynphys,Accessed on 2025-07-08 00:00:007,True,50,8,250,2,0.03247200708544451,-0.33211373163020524,,-55.0,50.0,75.0,0.0,25.0
350,mouse,VISp,65.09977282023434,23.112526111263485,L23,Sst,INH,23806,L23,Pvalb,INH,23805,AISynphys,Accessed on 2025-07-08 00:00:007,True,50,8,250,2,0.09787944597518515,,,-55.0,50.0,75.0,0.0,25.0
351,mouse,VISp,54.817646171129745,11.262275059100464,L5,Tlx3,EXC,24114,L5,Tlx3,EXC,24118,AISynphys,Accessed on 2025-07-08 00:00:007,True,50,8,250,2,-0.015986047231393383,-0.2021885666216794,0.06269796125311691,-70.0,50.0,75.0,0.0,25.0
352,mouse,VISp,43.92520180765729,4.4165150658164425,L5,Tlx3,EXC,24119,L5,Fam84b,EXC,24115,AISynphys,Accessed on 2025-07-08 00:00:007,True,50,8,250,2,-0.05806056989719307,-0.05611296343564784,,-70.0,25.0,50.0,0.0,25.0
353,mouse,VISp,118.08971535664419,20.75217900816692,L23,Sst,INH,24136,L23,Vip,INH,24134,AISynphys,Accessed on 2025-07-08 00:00:007,True,50,8,250,2,0.008690679279733712,-0.06630757796902005,-0.08550688043355437,-55.0,100.0,125.0,0.0,25.0
354,mouse,VISp,2.4002240742187433,21.069453247617567,L23,Vip,INH,24137,L23,Sst,INH,24136,AISynphys,Accessed on 2025-07-08 00:00:007,True,50,8,250,2,-0.08375602634532983,-0.32125221811971855,0.15332527207744268,-55.0,0.0,25.0,0.0,25.0
355,mouse,VISp,30.908689733027437,33.51131898161314,L23,Sst,INH,24246,L23,Pvalb,INH,24248,AISynphys,Accessed on 2025-07-08 00:00:007,True,50,8,250,2,-0.43194643028671054,-0.5151840828763294,-0.010660760142307685,-55.0,25.0,50.0,25.0,50.0
356,mouse,VISp,27.000896623308765,3.602825554672533,L5,Tlx3,EXC,631,L5,,,632,AISynphys,Accessed on 2025-07-08 00:00:007,True,50,8,250,2,0.09644672248805239,-0.2460430640048864,-0.02793152003439659,-70.0,25.0,50.0,0.0,25.0
357,mouse,VISp,59.23154053750609,19.4970706880217,L5,Tlx3,EXC,1024,L5,Sst,INH,1022,AISynphys,Accessed on 2025-07-08 00:00:007,True,50,8,250,2,-0.17826355732780083,-0.11649882027899278,0.13445806768678775,-70.0,50.0,75.0,0.0,25.0
358,mouse,VISp,3.9634524045076454,19.30882188035309,L4,Pvalb,INH,1976,L4,Tlx3,EXC,1979,AISynphys,Accessed on 2025-07-08 00:00:007,True,50,8,250,2,-0.03326428065990588,-0.34715181892923963,-0.10044125160665344,-55.0,0.0,25.0,0.0,25.0
359,mouse,VISp,3.9634524045076454,19.30882188035309,L4,Tlx3,EXC,1979,L4,Pvalb,INH,1976,AISynphys,Accessed on 2025-07-08 00:00:007,True,50,8,250,2,-0.21195153319210425,-0.5888354501997128,-0.1518827374224256,-70.0,0.0,25.0,0.0,25.0
360,mouse,VISp,14.709254161053298,48.551434852900705,L5,Sst,INH,2191,L4,Tlx3,EXC,2192,AISynphys,Accessed on 2025-07-08 00:00:007,True,50,8,250,2,-0.36246473189571304,-0.17635316050065444,-0.005951111560641641,-55.0,0.0,25.0,25.0,50.0
361,mouse,VISp,33.59419927462957,41.99990348175202,L5,Tlx3,EXC,2328,L5,Sst,INH,2327,AISynphys,Accessed on 2025-07-08 00:00:007,True,50,8,250,2,-0.020025561253737587,-0.03142800230151944,-0.06044320199616092,-70.0,25.0,50.0,25.0,50.0
362,mouse,VISp,31.68105595133925,50.91381332023874,L5,Tlx3,EXC,2335,L5,Sst,INH,2337,AISynphys,Accessed on 2025-07-08 00:00:007,True,50,8,250,2,0.10144645748656769,0.49119457159803054,0.2281392320742519,-70.0,25.0,50.0,50.0,75.0
363,mouse,VISp,50.35842957957254,24.529236954688272,L5,Tlx3,EXC,2338,L5,Sst,INH,2337,AISynphys,Accessed on 2025-07-08 00:00:007,True,50,8,250,2,0.05174738078930996,0.49924637566315805,0.5517419350002213,-70.0,50.0,75.0,0.0,25.0
364,mouse,VISp,14.818312943365267,65.33115514677887,L5,Pvalb,INH,2519,L5,Sst,INH,2521,AISynphys,Accessed on 2025-07-08 00:00:007,True,50,8,250,2,-0.11542058784046616,-0.20377700184158345,0.01635106262835407,-55.0,0.0,25.0,50.0,75.0
365,mouse,VISp,61.096005298455374,3.5131918508868023,L5,Sst,INH,2666,L5,Tlx3,EXC,2670,AISynphys,Accessed on 2025-07-08 00:00:007,True,50,8,250,2,0.17617775019248028,0.012009421250824557,0.11354719851115541,-55.0,50.0,75.0,0.0,25.0
366,mouse,VISp,126.1845987669838,50.45525817856107,L5,Tlx3,EXC,2668,L5,Tlx3,EXC,2670,AISynphys,Accessed on 2025-07-08 00:00:007,True,50,8,250,2,0.013637376646150667,-0.0005890326058015506,-0.017983103279330215,-70.0,125.0,150.0,50.0,75.0
367,mouse,VISp,124.67274878175174,135.14891525373812,L5,Tlx3,EXC,2671,L5,Tlx3,EXC,2668,AISynphys,Accessed on 2025-07-08 00:00:007,True,50,8,250,2,-0.3018840514674835,-0.22072373240894988,-0.008980500951199287,-70.0,100.0,125.0,125.0,150.0
368,mouse,VISp,88.01095905344248,18.875452621413313,L5,Tlx3,EXC,2744,L4,Sst,INH,2749,AISynphys,Accessed on 2025-07-08 00:00:007,True,50,8,250,2,0.002463876011103599,0.043824190672631116,-0.02946355065625518,-70.0,75.0,100.0,0.0,25.0
369,mouse,VISp,11.631737095151458,22.854999542534983,L5,Tlx3,EXC,2796,L5,Tlx3,EXC,2803,AISynphys,Accessed on 2025-07-08 00:00:007,True,50,8,250,2,0.015056812267515221,-0.3822497472436779,0.19898745171158574,-70.0,0.0,25.0,0.0,25.0
370,mouse,VISp,12.931624395788814,28.447314802389442,L5,Tlx3,EXC,2798,L5,Tlx3,EXC,2800,AISynphys,Accessed on 2025-07-08 00:00:007,True,50,8,250,2,0.32980170519648233,-0.015410782079395842,-0.524114275387227,-70.0,0.0,25.0,25.0,50.0
371,mouse,VISp,79.56143747725727,58.91267277320262,L5,Tlx3,EXC,2799,L5,Tlx3,EXC,2802,AISynphys,Accessed on 2025-07-08 00:00:007,True,50,8,250,2,-0.138866628883545,-0.29362721896005667,0.3263309128030243,-70.0,75.0,100.0,50.0,75.0
372,mouse,VISp,66.89882386191742,67.06388985722656,L5,Pvalb,INH,3029,L5,Pvalb,INH,3031,AISynphys,Accessed on 2025-07-08 00:00:007,True,50,8,250,2,-0.2543808622599127,-0.6884970242932031,-0.27208797065952445,-55.0,50.0,75.0,50.0,75.0
373,mouse,VISp,112.50080932462976,38.337519049010446,L5,Pvalb,INH,3033,L5,Pvalb,INH,3029,AISynphys,Accessed on 2025-07-08 00:00:007,True,50,8,250,2,-0.22368155835723857,-0.19323103766871227,0.02179800909223496,-55.0,100.0,125.0,25.0,50.0
374,mouse,VISp,17.739960746305396,52.17357172064752,L5,Pvalb,INH,3033,L5,Pvalb,INH,3034,AISynphys,Accessed on 2025-07-08 00:00:007,True,50,8,250,2,-0.4415373624667208,-0.6436776359086929,-0.15721511323272463,-55.0,0.0,25.0,50.0,75.0
375,mouse,VISp,54.76195099496581,23.436341333597817,L4,,EXC,3100,L4,,,3099,AISynphys,Accessed on 2025-07-08 00:00:007,True,50,8,250,2,0.0806151856756285,-0.13558810999764817,0.12012173161174837,-70.0,50.0,75.0,0.0,25.0
376,mouse,VISp,7.982748387955991,72.36750742663818,L5,Pvalb,INH,3191,L5,Tlx3,EXC,3194,AISynphys,Accessed on 2025-07-08 00:00:007,True,50,8,250,2,-0.2688597354992245,-0.6076473196376493,-0.16507583974408827,-55.0,0.0,25.0,50.0,75.0
377,mouse,VISp,8.294013767656507,63.00110169728715,L5,Tlx3,EXC,3199,L4,Tlx3,EXC,3203,AISynphys,Accessed on 2025-07-08 00:00:007,True,50,8,250,2,-0.03815380235577164,0.14354459894853927,-0.16934955709606905,-70.0,0.0,25.0,50.0,75.0
378,mouse,VISp,86.64164168944033,33.68714004599602,L5,Tlx3,EXC,3428,L5,Pvalb,INH,3425,AISynphys,Accessed on 2025-07-08 00:00:007,True,50,8,250,2,0.0431492436460841,0.023120287396659354,-0.05762235053240395,-70.0,75.0,100.0,25.0,50.0
379,mouse,VISp,75.68110461126227,41.99913264139066,L5,Sst,INH,3766,L5,Sst,INH,3762,AISynphys,Accessed on 2025-07-08 00:00:007,True,50,8,250,2,-0.059711429242246615,-0.06353014601716014,0.28903600770659665,-55.0,75.0,100.0,25.0,50.0
380,mouse,VISp,31.407237130169502,37.301833418470494,L5,Rorb,EXC,3862,L5,,INH,3863,AISynphys,Accessed on 2025-07-08 00:00:007,True,50,8,250,2,-0.6272286073263508,-0.840048901947141,-0.10422185529577294,-70.0,25.0,50.0,25.0,50.0
381,mouse,VISp,31.407237130169502,37.301833418470494,L5,,INH,3863,L5,Rorb,EXC,3862,AISynphys,Accessed on 2025-07-08 00:00:007,True,50,8,250,2,-0.2110969651399743,-0.5719771064919519,-0.054656845032672076,-55.0,25.0,50.0,25.0,50.0
382,mouse,VISp,24.51458203974824,11.138138536867096,L5,Rorb,EXC,3864,L5,Rorb,EXC,3865,AISynphys,Accessed on 2025-07-08 00:00:007,True,50,8,250,2,-0.13820419422979474,-0.1485332026930055,-0.11042262267186775,-70.0,0.0,25.0,0.0,25.0
383,mouse,VISp,32.84472709953535,68.5024644153554,L5,Rorb,EXC,3864,L5,,,3866,AISynphys,Accessed on 2025-07-08 00:00:007,True,50,8,250,2,-0.10817812113686973,-0.5300056674234117,-0.14042443068490784,-70.0,25.0,50.0,50.0,75.0
384,mouse,VISp,8.670919946134477,57.41088040169492,L5,Rorb,EXC,3865,L5,,,3866,AISynphys,Accessed on 2025-07-08 00:00:007,True,50,8,250,2,-0.21894090964297208,-0.5071954040589846,-0.19912348116365428,-70.0,0.0,25.0,50.0,75.0
385,mouse,VISp,11.610577031079744,116.19636766683088,L5,,INH,3867,L5,Rorb,EXC,3865,AISynphys,Accessed on 2025-07-08 00:00:007,True,50,8,250,2,-0.34437315841521,-0.7832501174168918,0.06424735329592834,-55.0,0.0,25.0,100.0,125.0
386,mouse,VISp,30.62445649527425,23.751101567486558,L5,Sst,INH,3874,L5,Sst,INH,3875,AISynphys,Accessed on 2025-07-08 00:00:007,True,50,8,250,2,-0.5107473610415265,-0.31400060667587915,0.17565585391913582,-55.0,25.0,50.0,0.0,25.0
387,mouse,VISp,11.052412592332608,18.55460555384717,L6a,Slc17a8,EXC,4000,L6a,Slc17a8,EXC,4007,AISynphys,Accessed on 2025-07-08 00:00:007,True,50,8,250,2,0.18743491959149566,0.07493118242897323,0.24797490692750968,-70.0,0.0,25.0,0.0,25.0
388,mouse,VISp,64.47479679302626,92.61727164788418,L6a,Slc17a8,EXC,4048,L6a,,,4042,AISynphys,Accessed on 2025-07-08 00:00:007,True,50,8,250,2,-0.07031970278514166,0.06898472781747743,-0.1601457594871702,-70.0,50.0,75.0,75.0,100.0
389,mouse,VISp,66.20407268927205,68.36022976734039,L5,,INH,4105,L5,Rorb,EXC,4103,AISynphys,Accessed on 2025-07-08 00:00:007,True,50,8,250,2,,,-0.015122948188821676,-55.0,50.0,75.0,50.0,75.0
390,mouse,VISp,32.144308203808244,41.4495556255864,L5,,INH,4376,L4,Rorb,EXC,4375,AISynphys,Accessed on 2025-07-08 00:00:007,True,50,8,250,2,0.010744702952238802,-0.13902428309256,0.078566080744971,-55.0,25.0,50.0,25.0,50.0
391,mouse,VISp,29.20366778277968,38.520584211990375,L5,Tlx3,EXC,4432,L5,Sst,INH,4441,AISynphys,Accessed on 2025-07-08 00:00:007,True,50,8,250,2,-0.05763369483784198,-0.08204979150417413,0.13277580651912543,-70.0,25.0,50.0,25.0,50.0
392,mouse,VISp,76.56498387816764,14.300299916642276,L5,Tlx3,EXC,4435,L5,Sst,INH,4441,AISynphys,Accessed on 2025-07-08 00:00:007,True,50,8,250,2,0.10271550362623871,0.0206650768920195,0.14883050462417527,-70.0,75.0,100.0,0.0,25.0
393,mouse,VISp,29.20366778277968,38.520584211990375,L5,Sst,INH,4441,L5,Tlx3,EXC,4432,AISynphys,Accessed on 2025-07-08 00:00:007,True,50,8,250,2,0.4203236463499903,-0.2057803914182928,-0.17747777390802166,-55.0,25.0,50.0,25.0,50.0
394,mouse,VISp,54.94603640970746,103.07383127444677,L5,,INH,4501,L5,Rorb,EXC,4499,AISynphys,Accessed on 2025-07-08 00:00:007,True,50,8,250,2,-0.16637371924305952,-0.15745781462200123,-0.0796261357283358,-55.0,50.0,75.0,100.0,125.0
395,mouse,VISp,39.07586823984224,79.39510734360451,L5,Tlx3,EXC,4593,L5,Sst,INH,4598,AISynphys,Accessed on 2025-07-08 00:00:007,True,50,8,250,2,0.0100523602264334,0.03738469832286635,0.028443312756215002,-70.0,25.0,50.0,75.0,100.0
396,mouse,VISp,27.727504916929462,32.69544092395223,L4,Rorb,EXC,4687,L4,Rorb,EXC,4691,AISynphys,Accessed on 2025-07-08 00:00:007,True,50,8,250,2,-0.4565769852096287,-0.8954584115173869,-0.0688119466277479,-70.0,25.0,50.0,25.0,50.0
397,mouse,VISp,91.51349436089576,18.30385959923136,L4,Rorb,EXC,4688,L4,Rorb,EXC,4692,AISynphys,Accessed on 2025-07-08 00:00:007,True,50,8,250,2,-0.3465869777855694,-0.7689079467470795,-0.12804600209082745,-70.0,75.0,100.0,0.0,25.0
398,mouse,VISp,37.226688774452946,34.531883910091224,L4,Rorb,EXC,4690,L4,Rorb,EXC,4688,AISynphys,Accessed on 2025-07-08 00:00:007,True,50,8,250,2,-0.23052768917009087,-0.23216418906128553,-0.32457929898346943,-70.0,25.0,50.0,25.0,50.0
399,mouse,VISp,82.25270806223527,10.620618865148149,L4,Rorb,EXC,4691,L4,Rorb,EXC,4688,AISynphys,Accessed on 2025-07-08 00:00:007,True,50,8,250,2,-0.31064106900241584,-0.30282305905825346,0.04501260640140255,-70.0,75.0,100.0,0.0,25.0
400,mouse,VISp,91.51349436089576,18.30385959923136,L4,Rorb,EXC,4692,L4,Rorb,EXC,4688,AISynphys,Accessed on 2025-07-08 00:00:007,True,50,8,250,2,-0.09371468673627983,-0.5662564579485239,-0.1852696058742391,-70.0,75.0,100.0,0.0,25.0
401,mouse,VISp,113.70894002149852,9.225989281768268,L5,Rorb,EXC,4796,L5,Rorb,EXC,4791,AISynphys,Accessed on 2025-07-08 00:00:007,True,50,8,250,2,0.21325149683111003,-0.26772103719839585,-0.3361526431604047,-70.0,100.0,125.0,0.0,25.0
402,mouse,VISp,124.99172605642404,180.02397692853555,L5,Pvalb,INH,4906,L5,Pvalb,INH,4903,AISynphys,Accessed on 2025-07-08 00:00:007,True,50,8,250,2,-0.23545717545298836,-0.19391093210925386,-0.08635469421295887,-55.0,100.0,125.0,175.0,200.0
403,mouse,VISp,94.67327557119792,105.06742528448119,L5,Sst,INH,5188,L5,Sst,INH,5186,AISynphys,Accessed on 2025-07-08 00:00:007,True,50,8,250,2,-0.1260068493192286,0.20236637278815975,-0.12029282236638272,-55.0,75.0,100.0,100.0,125.0
404,mouse,VISp,96.68468441989833,25.647158740583905,L4,Tlx3,EXC,5632,L5,Pvalb,INH,5633,AISynphys,Accessed on 2025-07-08 00:00:007,True,50,8,250,2,0.5304410208286309,-0.4137331149063774,-0.0681866561136692,-70.0,75.0,100.0,25.0,50.0
405,mouse,VISp,96.68468441989833,25.647158740583905,L5,Pvalb,INH,5633,L4,Tlx3,EXC,5632,AISynphys,Accessed on 2025-07-08 00:00:007,True,50,8,250,2,-0.2702668906771984,-0.6385995507322515,-0.20175363710976987,-55.0,75.0,100.0,25.0,50.0
406,mouse,VISp,17.262114409096018,54.47396932469009,L5,Pvalb,INH,5757,L5,Pvalb,INH,5755,AISynphys,Accessed on 2025-07-08 00:00:007,True,50,8,250,2,-0.5730330912944597,-0.6275245124826916,-0.09658909383702535,-55.0,0.0,25.0,50.0,75.0
407,mouse,VISp,4.550121940750509,126.05017916724393,L5,Tlx3,EXC,5858,L5,,,5859,AISynphys,Accessed on 2025-07-08 00:00:007,True,50,8,250,2,-0.07025100867546824,0.07804265053926454,0.14868443655310537,-70.0,0.0,25.0,125.0,150.0
408,mouse,VISp,53.546906665489956,74.97861268339986,L1,,EXC,5982,L23,,EXC,5985,AISynphys,Accessed on 2025-07-08 00:00:007,True,50,8,250,2,0.07532532221252748,0.06661405348593276,-0.09884149989253166,-70.0,50.0,75.0,50.0,75.0
409,mouse,VISp,53.546906665489956,74.97861268339986,L23,,EXC,5985,L1,,EXC,5982,AISynphys,Accessed on 2025-07-08 00:00:007,True,50,8,250,2,0.21146906742835186,0.09267515019953043,0.13427327670870354,-70.0,50.0,75.0,50.0,75.0
410,mouse,VISp,0.6034665315128502,9.166039856194052,L5,Tlx3,EXC,6013,L5,Sst,INH,6026,AISynphys,Accessed on 2025-07-08 00:00:007,True,50,8,250,2,-0.017804341931334615,-0.034486916101224646,0.0161174264067403,-70.0,0.0,25.0,0.0,25.0
411,mouse,VISp,0.6034665315128502,9.166039856194052,L5,Sst,INH,6026,L5,Tlx3,EXC,6013,AISynphys,Accessed on 2025-07-08 00:00:007,True,50,8,250,2,-0.19399257163460076,-0.37680546258946473,-0.09086274354402366,-55.0,0.0,25.0,0.0,25.0
412,mouse,VISp,117.4209799241598,30.014567147638452,L23,,EXC,6042,L23,,,6039,AISynphys,Accessed on 2025-07-08 00:00:007,True,50,8,250,2,-0.019618408664685266,0.08944817238545028,0.061136253475567226,-70.0,100.0,125.0,25.0,50.0
413,mouse,VISp,20.60870898904145,4.590159786433372,L4,Rorb,EXC,6139,L4,Rorb,EXC,6138,AISynphys,Accessed on 2025-07-08 00:00:007,True,50,8,250,2,-0.5224872261501504,-0.741327038266969,-0.07968339349572717,-70.0,0.0,25.0,0.0,25.0
414,mouse,VISp,72.00956848328204,21.78539811092543,L23,,EXC,6202,L23,,INH,6207,AISynphys,Accessed on 2025-07-08 00:00:007,True,50,8,250,2,-0.3625771175533086,-0.508851801067719,-0.11711276519166988,-70.0,50.0,75.0,0.0,25.0
415,mouse,VISp,150.5162156928355,5.896957194839259,L4,,EXC,6362,L4,Sim1,EXC,6357,AISynphys,Accessed on 2025-07-08 00:00:007,True,50,8,250,2,-0.4142710658188227,-0.4618683805955526,0.1031692197984457,-70.0,150.0,175.0,0.0,25.0
416,mouse,VISp,81.04378274805237,6.851552817904137,L6a,,EXC,6382,L6a,,,6380,AISynphys,Accessed on 2025-07-08 00:00:007,True,50,8,250,2,-0.10585780797689838,-0.0713022253166893,0.02969690353049437,-70.0,75.0,100.0,0.0,25.0
417,mouse,VISp,7.335183153614262,58.632146854289054,L6a,Sst,INH,6383,L6a,Sst,INH,6381,AISynphys,Accessed on 2025-07-08 00:00:007,True,50,8,250,2,0.06377646913488098,-0.050303369800603154,0.01578129736540795,-55.0,0.0,25.0,50.0,75.0
418,mouse,VISp,20.866001198191167,5.652248932688025,L23,,EXC,6391,L23,,EXC,6394,AISynphys,Accessed on 2025-07-08 00:00:007,True,50,8,250,2,0.004959139021713105,-0.19447971869126915,-0.03205560504961862,-70.0,0.0,25.0,0.0,25.0
419,mouse,VISp,17.395671927357952,24.420626966679873,L23,,EXC,6396,L23,,EXC,6394,AISynphys,Accessed on 2025-07-08 00:00:007,True,50,8,250,2,-0.35197713436667916,-0.19915600372526907,0.1333469012956504,-70.0,0.0,25.0,0.0,25.0
420,mouse,VISp,81.5547400046961,43.889551301266174,L4,,EXC,6417,L5,Tlx3,EXC,6423,AISynphys,Accessed on 2025-07-08 00:00:007,True,50,8,250,2,0.07174873558715456,0.024703477253960476,-0.050846393007508754,-70.0,75.0,100.0,25.0,50.0
421,mouse,VISp,78.58315313482615,93.6394010427686,L4,Pvalb,INH,6418,L5,Tlx3,EXC,6424,AISynphys,Accessed on 2025-07-08 00:00:007,True,50,8,250,2,-0.25240629953505894,-0.6362743155577799,-0.2429174484020618,-55.0,75.0,100.0,75.0,100.0
422,mouse,VISp,13.945085228634769,91.22209218147826,L5,,EXC,6535,L5,,,6538,AISynphys,Accessed on 2025-07-08 00:00:007,True,50,8,250,2,-0.721381811216149,-1.1219318420224516,-0.3456178181276414,-70.0,0.0,25.0,75.0,100.0
423,mouse,VISp,69.39888792976043,8.532181409380371,L5,Sst,INH,6555,L5,Tlx3,EXC,6556,AISynphys,Accessed on 2025-07-08 00:00:007,True,50,8,250,2,-0.31047351900359493,-0.30276000631861,0.0816562953058021,-55.0,50.0,75.0,0.0,25.0
424,mouse,VISp,131.73485088282055,100.96119548153652,L4,,EXC,6577,L4,,,6578,AISynphys,Accessed on 2025-07-08 00:00:007,True,50,8,250,2,-0.16054839612974345,-0.44577330965880874,-0.08387728725430194,-70.0,125.0,150.0,100.0,125.0
425,mouse,VISp,38.62131767826583,71.86323390492852,L4,Pvalb,INH,6607,L5,Tlx3,EXC,6608,AISynphys,Accessed on 2025-07-08 00:00:007,True,50,8,250,2,-0.4983035458295495,-0.8535608223241445,-0.16782953023561495,-55.0,25.0,50.0,50.0,75.0
426,mouse,VISp,67.96056293039307,47.98579519632902,L5,Sim1,EXC,6771,L5,,EXC,6769,AISynphys,Accessed on 2025-07-08 00:00:007,True,50,8,250,2,-0.45013240012099476,-0.31776303877518275,-0.22651333791754497,-70.0,50.0,75.0,25.0,50.0
427,mouse,VISp,8.239709100137203,22.55261513960458,L4,Pvalb,INH,6777,L4,Tlx3,EXC,6778,AISynphys,Accessed on 2025-07-08 00:00:007,True,50,8,250,2,-0.21821873553457424,-0.4077860167342861,-0.21618182596658123,-55.0,0.0,25.0,0.0,25.0
428,mouse,VISp,23.912910410963025,0.11221464806349205,L4,Pvalb,INH,6777,L4,Tlx3,EXC,6779,AISynphys,Accessed on 2025-07-08 00:00:007,True,50,8,250,2,0.10325291399246636,-0.36816764064284757,-0.24959043042487306,-55.0,0.0,25.0,0.0,25.0
429,mouse,VISp,50.62646788481734,7.80598338952187,L4,Pvalb,INH,6777,L4,Pvalb,INH,6782,AISynphys,Accessed on 2025-07-08 00:00:007,True,50,8,250,2,-0.16835258685553028,-0.27239358769443633,-0.14565936501028506,-55.0,50.0,75.0,0.0,25.0
430,mouse,VISp,50.62646788481734,7.80598338952187,L4,Pvalb,INH,6782,L4,Pvalb,INH,6777,AISynphys,Accessed on 2025-07-08 00:00:007,True,50,8,250,2,-0.3061633915948587,-0.19514554703039363,-0.005582114502121427,-55.0,50.0,75.0,0.0,25.0
431,mouse,VISp,55.877549766364986,9.031087050150399,L4,Rorb,EXC,7448,L4,Rorb,EXC,7450,AISynphys,Accessed on 2025-07-08 00:00:007,True,50,8,250,2,-0.41489188203896027,-0.7038173501997189,-0.19346541567637382,-70.0,50.0,75.0,0.0,25.0
432,mouse,VISp,22.686272987336224,16.766205582779836,L5,Tlx3,EXC,7743,L5,Sst,INH,7744,AISynphys,Accessed on 2025-07-08 00:00:007,True,50,8,250,2,-0.25520075554003974,0.08918725125138081,-0.08668397471033013,-70.0,0.0,25.0,0.0,25.0
433,mouse,VISp,48.645821101062616,49.89343579924489,L5,Sst,INH,7744,L5,Tlx3,EXC,7742,AISynphys,Accessed on 2025-07-08 00:00:007,True,50,8,250,2,0.002526887790237675,-0.15998779505481092,0.145510745361071,-55.0,25.0,50.0,25.0,50.0
434,mouse,VISp,81.58449168916358,48.037921626885876,L5,Pvalb,INH,7901,L4,Tlx3,EXC,7907,AISynphys,Accessed on 2025-07-08 00:00:007,True,50,8,250,2,-0.17996273104244462,-0.19389199825773065,-0.0448090701799147,-55.0,75.0,100.0,25.0,50.0
435,mouse,VISp,188.96198129960624,6.6873619108901,L5,Tlx3,EXC,7906,L5,Pvalb,INH,7903,AISynphys,Accessed on 2025-07-08 00:00:007,True,50,8,250,2,,,-0.27059933842662226,-70.0,175.0,200.0,0.0,25.0
436,mouse,VISp,22.83300262795958,30.644493852755815,L4,Tlx3,EXC,7907,L5,Tlx3,EXC,7906,AISynphys,Accessed on 2025-07-08 00:00:007,True,50,8,250,2,-0.07835782513531389,-0.06717941224119305,-0.05296914729862941,-70.0,0.0,25.0,25.0,50.0
437,mouse,VISp,13.668955330391682,64.00446363977878,L4,Rorb,EXC,8051,L5,,INH,8049,AISynphys,Accessed on 2025-07-08 00:00:007,True,50,8,250,2,-0.010692349273889495,-0.38915806039049256,-0.16288736369278906,-70.0,0.0,25.0,50.0,75.0
438,mouse,VISp,83.80411221078266,93.27483903691568,L5,Tlx3,EXC,8086,L4,Pvalb,INH,8082,AISynphys,Accessed on 2025-07-08 00:00:007,True,50,8,250,2,-0.08869888983645859,-0.5623762671171454,-0.27065870534961184,-70.0,75.0,100.0,75.0,100.0
439,mouse,VISp,16.74768303604635,54.92225733392737,L5,Tlx3,EXC,8237,L5,Sst,INH,8238,AISynphys,Accessed on 2025-07-08 00:00:007,True,50,8,250,2,0.07849971888402602,0.12466678007084758,0.013741999648863214,-70.0,0.0,25.0,50.0,75.0
440,mouse,VISp,48.34183879457934,107.82432593046352,L4,Rorb,EXC,8244,L5,,INH,8249,AISynphys,Accessed on 2025-07-08 00:00:007,True,50,8,250,2,-0.6698810129342503,-0.9368678342091403,-0.15730782388547865,-70.0,25.0,50.0,100.0,125.0
441,mouse,VISp,35.51264532120484,1.1460792033265201,L5,Rorb,EXC,10005,L4,Rorb,EXC,10004,AISynphys,Accessed on 2025-07-08 00:00:007,True,50,8,250,2,-0.4797171774582624,-0.756523985820573,-0.050824912926283904,-70.0,25.0,50.0,0.0,25.0
442,mouse,VISp,73.60235853713783,51.4085987922312,L4,Rorb,EXC,10024,L4,Rorb,EXC,10026,AISynphys,Accessed on 2025-07-08 00:00:007,True,50,8,250,2,-0.03658124100558624,-0.5574705144017409,0.06873950503821472,-70.0,50.0,75.0,50.0,75.0
443,mouse,VISp,3.6299931949363526,38.341906495957005,L4,Pvalb,INH,10045,L4,Tlx3,EXC,10050,AISynphys,Accessed on 2025-07-08 00:00:007,True,50,8,250,2,0.07889236917811054,-0.4674581234245124,-0.4921303146376213,-55.0,0.0,25.0,25.0,50.0
444,mouse,VISp,56.309511033760295,9.939165451831455,L6a,,EXC,10850,L6a,,INH,10841,AISynphys,Accessed on 2025-07-08 00:00:007,True,50,8,250,2,0.15748034017525891,0.16990635983181573,0.05005079684542436,-70.0,50.0,75.0,0.0,25.0
445,mouse,VISp,103.64992192500222,60.39202521617314,L6a,,EXC,10897,L6b,Ntsr1,EXC,10892,AISynphys,Accessed on 2025-07-08 00:00:007,True,50,8,250,2,-0.21156847221278907,-0.4446404002414772,-0.04135867762897186,-70.0,100.0,125.0,50.0,75.0
446,mouse,VISp,56.84936223817088,23.353988606728606,L6a,,EXC,11085,L6a,,EXC,11083,AISynphys,Accessed on 2025-07-08 00:00:007,True,50,8,250,2,-0.01854813713793331,0.013997868001065393,-0.055075488859857455,-70.0,50.0,75.0,0.0,25.0
447,mouse,VISp,22.88956527923679,16.558294678122877,L6a,,EXC,11086,L6a,Ntsr1,EXC,11087,AISynphys,Accessed on 2025-07-08 00:00:007,True,50,8,250,2,-0.15900552373808902,-0.14658774048564158,-0.03364261285194507,-70.0,0.0,25.0,0.0,25.0
448,mouse,VISp,53.54702499932228,13.192705190444446,L6a,,EXC,11104,L6a,Ntsr1,EXC,11102,AISynphys,Accessed on 2025-07-08 00:00:007,True,50,8,250,2,-0.0017249771899933708,-0.5076106217864127,-0.5869392241465474,-70.0,50.0,75.0,0.0,25.0
449,mouse,VISp,185.50927320867171,36.92727931476063,L6a,,EXC,11104,L6b,,INH,11105,AISynphys,Accessed on 2025-07-08 00:00:007,True,50,8,250,2,-0.4765973394238756,-0.49152947457698465,0.44051101028927625,-70.0,175.0,200.0,25.0,50.0
450,mouse,VISp,133.3229222186871,44.8938896908019,L6a,,EXC,11108,L6a,Ntsr1,EXC,11102,AISynphys,Accessed on 2025-07-08 00:00:007,True,50,8,250,2,-0.12373051374966917,-0.35873435633036416,0.18043901998659764,-70.0,125.0,150.0,25.0,50.0
451,mouse,VISp,178.3176651577208,56.326446869114456,L4,Sim1,EXC,11329,L4,Sim1,EXC,11334,AISynphys,Accessed on 2025-07-08 00:00:007,True,50,8,250,2,-0.5283930396205816,-1.1168101642799588,-0.32608191020669947,-70.0,175.0,200.0,50.0,75.0
452,mouse,VISp,141.0726609644818,14.53618245520112,L4,Sim1,EXC,11333,L4,Sim1,EXC,11334,AISynphys,Accessed on 2025-07-08 00:00:007,True,50,8,250,2,-0.23187859255807866,-0.5741866762255575,-0.18455559974330457,-70.0,125.0,150.0,0.0,25.0
453,mouse,VISp,97.09955486871132,22.071683546755118,L5,Sim1,EXC,11342,L5,Sim1,EXC,11339,AISynphys,Accessed on 2025-07-08 00:00:007,True,50,8,250,2,-0.13358164837696476,-0.5280071465063317,-0.49874921536198413,-70.0,75.0,100.0,0.0,25.0
