,firing rate (Hz),temporal frequency (Hz),stimulus orientation (degrees),region,spiking class,layer,citation,dataset
0,0.918399618250272,optimal,optimal,grey,FS,,siegle_survey_2019,Siegle2019
1,3.43297671067178,optimal,optimal,grey,FS,,siegle_survey_2019,Siegle2019
2,0.4360937458551031,optimal,optimal,grey,FS,,siegle_survey_2019,Siegle2019
3,3.282654505949497,optimal,optimal,grey,RS,,siegle_survey_2019,Siegle2019
4,1.7666842858880305,optimal,optimal,grey,RS,,siegle_survey_2019,Siegle2019
5,0.090299557607025,optimal,optimal,grey,RS,,siegle_survey_2019,Siegle2019
6,0.1614768559560917,optimal,optimal,grey,RS,,siegle_survey_2019,Siegle2019
7,4.899547760983521,optimal,optimal,grey,RS,,siegle_survey_2019,Siegle2019
8,0.6283786861712387,optimal,optimal,grey,RS,,siegle_survey_2019,Siegle2019
9,0.5279868250669579,optimal,optimal,grey,RS,,siegle_survey_2019,Siegle2019
10,4.4820451005181,optimal,optimal,grey,RS,,siegle_survey_2019,Siegle2019
11,0.501428131653127,optimal,optimal,grey,RS,,siegle_survey_2019,Siegle2019
12,0.8265065390384171,optimal,optimal,VISpm,RS,,siegle_survey_2019,Siegle2019
13,0.5396726501690435,optimal,optimal,VISpm,RS,,siegle_survey_2019,Siegle2019
14,1.235510417611413,optimal,optimal,VISpm,RS,,siegle_survey_2019,Siegle2019
15,0.4881487849462116,optimal,optimal,VISpm,RS,,siegle_survey_2019,Siegle2019
16,0.1455416399077932,optimal,optimal,VISpm,RS,,siegle_survey_2019,Siegle2019
17,0.0642720380614707,optimal,optimal,VISpm,RS,,siegle_survey_2019,Siegle2019
18,0.1752873765312838,optimal,optimal,grey,RS,,siegle_survey_2019,Siegle2019
19,0.1715691594533475,optimal,optimal,VISpm,RS,,siegle_survey_2019,Siegle2019
20,0.0515238652228319,optimal,optimal,VISpm,RS,,siegle_survey_2019,Siegle2019
21,0.8281000606432469,optimal,optimal,grey,FS,,siegle_survey_2019,Siegle2019
22,0.2448711532755207,optimal,optimal,grey,FS,,siegle_survey_2019,Siegle2019
23,9.744384613534551,optimal,optimal,grey,RS,,siegle_survey_2019,Siegle2019
24,1.6126438640878111,optimal,optimal,grey,RS,,siegle_survey_2019,Siegle2019
25,0.5481714320614693,optimal,optimal,grey,RS,,siegle_survey_2019,Siegle2019
26,0.0908307314753016,optimal,optimal,VISp,RS,,siegle_survey_2019,Siegle2019
27,1.407610750933037,optimal,optimal,VISp,RS,,siegle_survey_2019,Siegle2019
28,0.5301115205400644,optimal,optimal,VISp,RS,,siegle_survey_2019,Siegle2019
29,0.1072971213918767,optimal,optimal,VISp,RS,,siegle_survey_2019,Siegle2019
30,0.4031609660219528,optimal,optimal,VISp,RS,,siegle_survey_2019,Siegle2019
31,0.1705068117167942,optimal,optimal,VISp,RS,,siegle_survey_2019,Siegle2019
32,1.0984675595960454,optimal,optimal,VISp,RS,,siegle_survey_2019,Siegle2019
33,0.6124434701229401,optimal,optimal,VISp,RS,,siegle_survey_2019,Siegle2019
34,0.797291976283203,optimal,optimal,VISp,RS,,siegle_survey_2019,Siegle2019
35,0.1975966789989017,optimal,optimal,VISp,RS,,siegle_survey_2019,Siegle2019
36,0.0754266892952797,optimal,optimal,VISp,RS,,siegle_survey_2019,Siegle2019
37,0.5210815647793618,optimal,optimal,VISp,RS,,siegle_survey_2019,Siegle2019
38,0.1614768559560917,optimal,optimal,VISp,RS,,siegle_survey_2019,Siegle2019
39,0.1200452942305155,optimal,optimal,VISp,RS,,siegle_survey_2019,Siegle2019
40,0.074895515427003,optimal,optimal,VISp,RS,,siegle_survey_2019,Siegle2019
41,2.912957493628971,optimal,optimal,grey,RS,,siegle_survey_2019,Siegle2019
42,0.7866684989176708,optimal,optimal,grey,RS,,siegle_survey_2019,Siegle2019
43,1.15583433736992,optimal,optimal,grey,RS,,siegle_survey_2019,Siegle2019
44,1.48250626636004,optimal,optimal,grey,RS,,siegle_survey_2019,Siegle2019
45,0.3017067571811188,optimal,optimal,grey,RS,,siegle_survey_2019,Siegle2019
46,2.8168150234709035,optimal,optimal,grey,RS,,siegle_survey_2019,Siegle2019
47,0.2900209320790332,optimal,optimal,VISl,FS,,siegle_survey_2019,Siegle2019
48,0.8180077571459912,optimal,optimal,VISl,RS,,siegle_survey_2019,Siegle2019
49,0.6719349433699213,optimal,optimal,VISl,RS,,siegle_survey_2019,Siegle2019
50,0.3362330586190989,optimal,optimal,grey,RS,,siegle_survey_2019,Siegle2019
51,0.3266719289901198,optimal,optimal,VISl,RS,,siegle_survey_2019,Siegle2019
52,0.2655869341383088,optimal,optimal,grey,RS,,siegle_survey_2019,Siegle2019
53,15.742399934114117,optimal,optimal,grey,FS,,siegle_survey_2019,Siegle2019
54,32.803704583159075,optimal,optimal,grey,FS,,siegle_survey_2019,Siegle2019
55,1.0017939155697009,optimal,optimal,VISal,RS,,siegle_survey_2019,Siegle2019
56,2.3206986305005426,optimal,optimal,VISal,RS,,siegle_survey_2019,Siegle2019
57,25.195170093964805,optimal,optimal,VISal,FS,,siegle_survey_2019,Siegle2019
58,0.5954459063380884,optimal,optimal,VISal,RS,,siegle_survey_2019,Siegle2019
59,0.0584291255104279,optimal,optimal,VISal,RS,,siegle_survey_2019,Siegle2019
60,0.7107106357541144,optimal,optimal,VISal,RS,,siegle_survey_2019,Siegle2019
61,0.465308308610317,optimal,optimal,VISal,RS,,siegle_survey_2019,Siegle2019
62,4.559065311418209,optimal,optimal,VISal,RS,,siegle_survey_2019,Siegle2019
63,0.2496517180900103,optimal,optimal,VISal,RS,,siegle_survey_2019,Siegle2019
64,0.9842651779165724,optimal,optimal,VISal,RS,,siegle_survey_2019,Siegle2019
65,4.255765032632261,optimal,optimal,VISal,RS,,siegle_survey_2019,Siegle2019
66,2.051393479284297,optimal,optimal,VISal,RS,,siegle_survey_2019,Siegle2019
67,0.1742250287947306,optimal,optimal,VISal,RS,,siegle_survey_2019,Siegle2019
68,0.2188436337299664,optimal,optimal,VISal,RS,,siegle_survey_2019,Siegle2019
69,0.3208290164390771,optimal,optimal,VISal,RS,,siegle_survey_2019,Siegle2019
70,0.2985197139714591,optimal,optimal,VISal,RS,,siegle_survey_2019,Siegle2019
71,1.2764108054687122,optimal,optimal,grey,RS,,siegle_survey_2019,Siegle2019
72,1.1685825102085587,optimal,optimal,grey,RS,,siegle_survey_2019,Siegle2019
73,23.239919084838576,optimal,optimal,grey,FS,,siegle_survey_2019,Siegle2019
74,0.6188175565422596,optimal,optimal,grey,RS,,siegle_survey_2019,Siegle2019
75,0.3781957942129517,optimal,optimal,grey,RS,,siegle_survey_2019,Siegle2019
76,0.3803204896860582,optimal,optimal,VISrl,RS,,siegle_survey_2019,Siegle2019
77,6.954128283477478,optimal,optimal,VISrl,FS,,siegle_survey_2019,Siegle2019
78,1.076689430996704,optimal,optimal,VISrl,RS,,siegle_survey_2019,Siegle2019
79,9.22011600554553,optimal,optimal,VISrl,RS,,siegle_survey_2019,Siegle2019
80,0.8270377129066937,optimal,optimal,VISrl,RS,,siegle_survey_2019,Siegle2019
81,8.150863008704697,optimal,optimal,VISrl,RS,,siegle_survey_2019,Siegle2019
82,1.560057651128426,optimal,optimal,VISrl,RS,,siegle_survey_2019,Siegle2019
83,4.516040228087803,optimal,optimal,VISrl,RS,,siegle_survey_2019,Siegle2019
84,0.523737434120745,optimal,optimal,VISrl,RS,,siegle_survey_2019,Siegle2019
85,0.0956112962897911,optimal,optimal,VISrl,RS,,siegle_survey_2019,Siegle2019
86,0.2868338888693735,optimal,optimal,VISrl,RS,,siegle_survey_2019,Siegle2019
87,0.2581504999824361,optimal,optimal,VISrl,RS,,siegle_survey_2019,Siegle2019
88,0.3346395370142691,optimal,optimal,VISrl,RS,,siegle_survey_2019,Siegle2019
89,0.5301115205400644,optimal,optimal,VISrl,RS,,siegle_survey_2019,Siegle2019
90,0.0366519825221959,optimal,optimal,MB,FS,,siegle_survey_2019,Siegle2019
91,1.3513426599487912,optimal,optimal,MB,FS,,siegle_survey_2019,Siegle2019
92,0.265594076247797,optimal,optimal,SCig,FS,,siegle_survey_2019,Siegle2019
93,0.0584306967745153,optimal,optimal,DG,FS,,siegle_survey_2019,Siegle2019
94,13.8523246407801,optimal,optimal,CA1,FS,,siegle_survey_2019,Siegle2019
95,11.5496239997117,optimal,optimal,CA1,RS,,siegle_survey_2019,Siegle2019
96,14.054176138728426,optimal,optimal,VISam,FS,L5,siegle_survey_2019,Siegle2019
97,0.2454089264529644,optimal,optimal,VISam,RS,L5,siegle_survey_2019,Siegle2019
98,0.0908331740767465,optimal,optimal,VISam,RS,L3,siegle_survey_2019,Siegle2019
99,0.3102138810574269,optimal,optimal,MB,FS,,siegle_survey_2019,Siegle2019
100,2.483835801069397,optimal,optimal,VIS,RS,L5,siegle_survey_2019,Siegle2019
101,0.8791163923802081,optimal,optimal,VIS,RS,L4,siegle_survey_2019,Siegle2019
102,0.065336142756958,optimal,optimal,VIS,RS,L2,siegle_survey_2019,Siegle2019
103,7.224158873940079,optimal,optimal,LP,FS,,siegle_survey_2019,Siegle2019
104,0.3596143792395171,optimal,optimal,DG,RS,,siegle_survey_2019,Siegle2019
105,5.673089468652944,optimal,optimal,DG,RS,,siegle_survey_2019,Siegle2019
106,4.660113661843846,optimal,optimal,DG,FS,,siegle_survey_2019,Siegle2019
107,2.139094690099757,optimal,optimal,DG,FS,,siegle_survey_2019,Siegle2019
108,6.791771717808665,optimal,optimal,DG,RS,,siegle_survey_2019,Siegle2019
109,0.9805733295068664,optimal,optimal,CA1,RS,,siegle_survey_2019,Siegle2019
110,5.801637001556878,optimal,optimal,CA1,RS,,siegle_survey_2019,Siegle2019
111,0.3521777451045788,optimal,optimal,CA1,RS,,siegle_survey_2019,Siegle2019
112,23.087030671916,optimal,optimal,CA1,RS,,siegle_survey_2019,Siegle2019
113,4.9071161527542975,optimal,optimal,VISp,RS,L5,siegle_survey_2019,Siegle2019
114,4.145392342075615,optimal,optimal,CA1,RS,,siegle_survey_2019,Siegle2019
115,2.0190461676357527,optimal,optimal,VISl,RS,L5,siegle_survey_2019,Siegle2019
116,3.0399897967322844,optimal,optimal,APN,FS,,siegle_survey_2019,Siegle2019
117,5.961524635458051,optimal,optimal,CA3,RS,,siegle_survey_2019,Siegle2019
118,3.544087353450603,optimal,optimal,VISal,RS,L5,siegle_survey_2019,Siegle2019
119,0.3803307171868453,optimal,optimal,VISal,RS,L5,siegle_survey_2019,Siegle2019
120,1.4623609838203702,optimal,optimal,VISal,RS,L3,siegle_survey_2019,Siegle2019
121,0.1508574353087487,optimal,optimal,VISal,RS,L3,siegle_survey_2019,Siegle2019
122,7.081267283658613,optimal,optimal,CA1,RS,,siegle_survey_2019,Siegle2019
123,20.524573293322717,optimal,optimal,CA1,FS,,siegle_survey_2019,Siegle2019
124,3.2142186132636907,optimal,optimal,CA1,RS,,siegle_survey_2019,Siegle2019
125,0.6289265969433498,optimal,optimal,CA1,RS,,siegle_survey_2019,Siegle2019
126,2.8370759224789674,optimal,optimal,LP,FS,,siegle_survey_2019,Siegle2019
127,0.1821975363059887,optimal,optimal,LP,RS,,siegle_survey_2019,Siegle2019
128,1.6705867395986431,optimal,optimal,DG,RS,,siegle_survey_2019,Siegle2019
129,3.6598863706946423,optimal,optimal,DG,RS,,siegle_survey_2019,Siegle2019
130,7.206098476755228,optimal,optimal,VISrl,RS,L5,siegle_survey_2019,Siegle2019
131,4.841248821844844,optimal,optimal,VISrl,RS,L5,siegle_survey_2019,Siegle2019
132,0.0950826527473476,optimal,optimal,VISam,RS,L3,siegle_survey_2019,Siegle2019
133,7.69054207183121,optimal,optimal,VISrl,RS,L4,siegle_survey_2019,Siegle2019
134,3.131885347114022,optimal,optimal,VISrl,RS,L3,siegle_survey_2019,Siegle2019
135,0.2964029890925414,optimal,optimal,VISrl,RS,L3,siegle_survey_2019,Siegle2019
136,0.4573529992987064,optimal,optimal,VISrl,RS,L2,siegle_survey_2019,Siegle2019
137,3.907950146716406,optimal,optimal,grey,RS,,siegle_survey_2019,Siegle2019
138,3.042644887915125,optimal,optimal,grey,RS,,siegle_survey_2019,Siegle2019
139,9.38556084577031,optimal,optimal,grey,RS,,siegle_survey_2019,Siegle2019
140,2.79033058593194,optimal,optimal,grey,RS,,siegle_survey_2019,Siegle2019
141,10.613667511423204,optimal,optimal,grey,RS,,siegle_survey_2019,Siegle2019
142,9.995895862567531,optimal,optimal,grey,RS,,siegle_survey_2019,Siegle2019
143,1.52072088158866,optimal,optimal,APN,FS,,siegle_survey_2019,Siegle2019
144,13.881343534724344,optimal,optimal,APN,FS,,siegle_survey_2019,Siegle2019
145,7.003182647044869,optimal,optimal,grey,RS,,siegle_survey_2019,Siegle2019
146,0.1253603689853298,optimal,optimal,grey,FS,,siegle_survey_2019,Siegle2019
147,0.6979810374861163,optimal,optimal,grey,RS,,siegle_survey_2019,Siegle2019
148,0.4748821984550268,optimal,optimal,APN,FS,,siegle_survey_2019,Siegle2019
149,0.9149741237413666,optimal,optimal,CA1,RS,,siegle_survey_2019,Siegle2019
150,9.069503983286111,optimal,optimal,grey,RS,,siegle_survey_2019,Siegle2019
151,0.0640693686184637,optimal,optimal,VISam,RS,L5,siegle_survey_2019,Siegle2019
152,0.0950826527473476,optimal,optimal,VISpm,RS,,siegle_survey_2019,Siegle2019
153,2.2851707939613943,optimal,optimal,VISpm,RS,,siegle_survey_2019,Siegle2019
154,2.4669354412679554,optimal,optimal,VISam,RS,L4,siegle_survey_2019,Siegle2019
155,24.60834666942109,optimal,optimal,VISpm,RS,,siegle_survey_2019,Siegle2019
156,0.0690544405427664,optimal,optimal,VISpm,RS,,siegle_survey_2019,Siegle2019
157,2.2281314309627724,optimal,optimal,VISam,RS,L3,siegle_survey_2019,Siegle2019
158,0.85999337875953,optimal,optimal,VISpm,RS,,siegle_survey_2019,Siegle2019
159,0.9784485565482768,optimal,optimal,VISam,RS,L3,siegle_survey_2019,Siegle2019
160,2.152904980921788,optimal,optimal,VISpm,RS,,siegle_survey_2019,Siegle2019
161,0.1779480273852729,optimal,optimal,VISam,RS,L3,siegle_survey_2019,Siegle2019
162,0.1582940661516756,optimal,optimal,VISam,RS,L3,siegle_survey_2019,Siegle2019
163,0.5163148734880157,optimal,optimal,VISam,FS,L2,siegle_survey_2019,Siegle2019
164,0.1030504728099745,optimal,optimal,VISpm,RS,,siegle_survey_2019,Siegle2019
165,0.1237668369575181,optimal,optimal,VISam,RS,L3,siegle_survey_2019,Siegle2019
166,1.0515851455572276,optimal,optimal,grey,FS,,siegle_survey_2019,Siegle2019
167,17.233336873016146,optimal,optimal,APN,RS,,siegle_survey_2019,Siegle2019
168,4.538471480536632,optimal,optimal,APN,RS,,siegle_survey_2019,Siegle2019
169,8.261035840931568,optimal,optimal,PO,FS,,siegle_survey_2019,Siegle2019
170,0.1408467516204544,optimal,optimal,grey,FS,,siegle_survey_2019,Siegle2019
171,0.1821476787873546,optimal,optimal,grey,FS,,siegle_survey_2019,Siegle2019
172,5.758609153262547,optimal,optimal,PO,RS,,siegle_survey_2019,Siegle2019
173,0.3638638768922745,optimal,optimal,POL,RS,,siegle_survey_2019,Siegle2019
174,3.844207586215391,optimal,optimal,LP,RS,,siegle_survey_2019,Siegle2019
175,6.393910006255998,optimal,optimal,LP,FS,,siegle_survey_2019,Siegle2019
176,16.38270110953707,optimal,optimal,grey,FS,,siegle_survey_2019,Siegle2019
177,5.120653683564272,optimal,optimal,POL,RS,,siegle_survey_2019,Siegle2019
178,10.83198578113918,optimal,optimal,LP,FS,,siegle_survey_2019,Siegle2019
179,0.324053335491734,optimal,optimal,TH,FS,,siegle_survey_2019,Siegle2019
180,0.2188494577201521,optimal,optimal,LP,RS,,siegle_survey_2019,Siegle2019
181,1.1192134140321497,optimal,optimal,LP,RS,,siegle_survey_2019,Siegle2019
182,0.395006189994826,optimal,optimal,LGd,FS,,siegle_survey_2019,Siegle2019
183,0.1191372899045197,optimal,optimal,grey,RS,,siegle_survey_2019,Siegle2019
184,0.0661873832802887,optimal,optimal,grey,RS,,siegle_survey_2019,Siegle2019
185,0.1927376601122008,optimal,optimal,grey,RS,,siegle_survey_2019,Siegle2019
186,8.33274837490381,optimal,optimal,DG,RS,,siegle_survey_2019,Siegle2019
187,0.105899813248462,optimal,optimal,grey,RS,,siegle_survey_2019,Siegle2019
188,3.367613094325863,optimal,optimal,LGd,FS,,siegle_survey_2019,Siegle2019
189,0.3309369164014437,optimal,optimal,grey,RS,,siegle_survey_2019,Siegle2019
190,8.426235310230032,optimal,optimal,LP,FS,,siegle_survey_2019,Siegle2019
191,3.5355873557896427,optimal,optimal,LP,FS,,siegle_survey_2019,Siegle2019
192,2.313323758182676,optimal,optimal,LP,FS,,siegle_survey_2019,Siegle2019
193,1.7051139340499286,optimal,optimal,CA1,RS,,siegle_survey_2019,Siegle2019
194,0.2054456377020162,optimal,optimal,grey,RS,,siegle_survey_2019,Siegle2019
195,4.54521867951151,optimal,optimal,LGd,FS,,siegle_survey_2019,Siegle2019
196,0.2661252588657365,optimal,optimal,CA1,FS,,siegle_survey_2019,Siegle2019
197,7.507765104472706,optimal,optimal,LGd,FS,,siegle_survey_2019,Siegle2019
198,3.6212441140311578,optimal,optimal,grey,RS,,siegle_survey_2019,Siegle2019
199,5.554445204881832,optimal,optimal,VIS,FS,,siegle_survey_2019,Siegle2019
200,0.1757936899924469,optimal,optimal,VIS,RS,,siegle_survey_2019,Siegle2019
201,0.1614972152039045,optimal,optimal,VIS,RS,,siegle_survey_2019,Siegle2019
202,0.2419810732727356,optimal,optimal,VIS,RS,,siegle_survey_2019,Siegle2019
203,0.1673216568878888,optimal,optimal,DG,RS,,siegle_survey_2019,Siegle2019
204,12.423959440340742,optimal,optimal,VISpm,FS,L5,siegle_survey_2019,Siegle2019
205,0.7270022179506916,optimal,optimal,VIS,RS,,siegle_survey_2019,Siegle2019
206,0.1546137273427545,optimal,optimal,VIS,RS,,siegle_survey_2019,Siegle2019
207,0.1927376047695934,optimal,optimal,DG,FS,,siegle_survey_2019,Siegle2019
208,3.130927079677489,optimal,optimal,DG,RS,,siegle_survey_2019,Siegle2019
209,1.199844539582139,optimal,optimal,DG,FS,,siegle_survey_2019,Siegle2019
210,8.680605199430534,optimal,optimal,DG,RS,,siegle_survey_2019,Siegle2019
211,0.1763231384293258,optimal,optimal,DG,FS,,siegle_survey_2019,Siegle2019
212,0.9414493397788272,optimal,optimal,VIS,RS,,siegle_survey_2019,Siegle2019
213,0.4701015051819897,optimal,optimal,VISpm,RS,L4,siegle_survey_2019,Siegle2019
214,0.1003945327890989,optimal,optimal,CA1,RS,,siegle_survey_2019,Siegle2019
215,0.1223142843019736,optimal,optimal,VIS,RS,,siegle_survey_2019,Siegle2019
216,0.4143266432565987,optimal,optimal,CA1,RS,,siegle_survey_2019,Siegle2019
217,0.1030504728099745,optimal,optimal,CA1,RS,,siegle_survey_2019,Siegle2019
218,0.3835177390144413,optimal,optimal,CA1,RS,,siegle_survey_2019,Siegle2019
219,21.533668025942266,optimal,optimal,VIS,FS,,siegle_survey_2019,Siegle2019
220,0.180603921419543,optimal,optimal,CA1,RS,,siegle_survey_2019,Siegle2019
221,0.0550679028892002,optimal,optimal,VIS,RS,,siegle_survey_2019,Siegle2019
222,0.092426712726472,optimal,optimal,CA1,RS,,siegle_survey_2019,Siegle2019
223,0.3096826064340988,optimal,optimal,CA1,RS,,siegle_survey_2019,Siegle2019
224,0.654423621143756,optimal,optimal,CA1,RS,,siegle_survey_2019,Siegle2019
225,0.55703301768691,optimal,optimal,VIS,RS,,siegle_survey_2019,Siegle2019
226,0.4876305878327662,optimal,optimal,CA1,RS,,siegle_survey_2019,Siegle2019
227,1.252794790729305,optimal,optimal,VIS,RS,,siegle_survey_2019,Siegle2019
228,0.1567317236077237,optimal,optimal,VIS,RS,,siegle_survey_2019,Siegle2019
229,0.4209517576626364,optimal,optimal,VIS,RS,,siegle_survey_2019,Siegle2019
230,0.8239005470730343,optimal,optimal,VIS,RS,,siegle_survey_2019,Siegle2019
231,0.2276845984841932,optimal,optimal,VIS,RS,,siegle_survey_2019,Siegle2019
232,0.3891817019386021,optimal,optimal,CA1,RS,,siegle_survey_2019,Siegle2019
233,0.3952039772377405,optimal,optimal,CA1,RS,,siegle_survey_2019,Siegle2019
234,0.0624808898165925,optimal,optimal,VIS,RS,,siegle_survey_2019,Siegle2019
235,0.1959146545096547,optimal,optimal,VIS,RS,,siegle_survey_2019,Siegle2019
236,0.3748853388995554,optimal,optimal,VIS,RS,,siegle_survey_2019,Siegle2019
237,0.0656578842140464,optimal,optimal,VIS,RS,,siegle_survey_2019,Siegle2019
238,0.1329042274647471,optimal,optimal,CA1,RS,,siegle_survey_2019,Siegle2019
239,0.7338857058118416,optimal,optimal,VIS,RS,,siegle_survey_2019,Siegle2019
240,4.332369362052332,optimal,optimal,VISp,RS,L6a,siegle_survey_2019,Siegle2019
241,9.472678126452454,optimal,optimal,APN,RS,,siegle_survey_2019,Siegle2019
242,3.167992003671641,optimal,optimal,VISp,RS,L6a,siegle_survey_2019,Siegle2019
243,17.081412650259544,optimal,optimal,VISp,FS,L5,siegle_survey_2019,Siegle2019
244,1.246440444031931,optimal,optimal,VISp,RS,L5,siegle_survey_2019,Siegle2019
245,9.458336046633342,optimal,optimal,APN,RS,,siegle_survey_2019,Siegle2019
246,8.507988553400624,optimal,optimal,VISp,RS,L5,siegle_survey_2019,Siegle2019
247,1.7725748280138978,optimal,optimal,APN,RS,,siegle_survey_2019,Siegle2019
248,1.1393985634071953,optimal,optimal,APN,RS,,siegle_survey_2019,Siegle2019
249,0.0640693870153195,optimal,optimal,VIS,RS,,siegle_survey_2019,Siegle2019
250,0.0534794056904733,optimal,optimal,VIS,RS,,siegle_survey_2019,Siegle2019
251,0.5104370998575868,optimal,optimal,VIS,RS,,siegle_survey_2019,Siegle2019
252,1.7242367071420772,optimal,optimal,APN,RS,,siegle_survey_2019,Siegle2019
253,0.0826018543338003,optimal,optimal,VIS,RS,,siegle_survey_2019,Siegle2019
254,2.674001104052131,optimal,optimal,APN,RS,,siegle_survey_2019,Siegle2019
255,0.4728425303825465,optimal,optimal,VISp,RS,L4,siegle_survey_2019,Siegle2019
256,0.119666788970762,optimal,optimal,VIS,RS,,siegle_survey_2019,Siegle2019
257,5.459551717808463,optimal,optimal,APN,FS,,siegle_survey_2019,Siegle2019
258,1.9728327573400108,optimal,optimal,APN,FS,,siegle_survey_2019,Siegle2019
259,0.2520415555313395,optimal,optimal,grey,FS,,siegle_survey_2019,Siegle2019
260,0.4100772451983006,optimal,optimal,NOT,RS,,siegle_survey_2019,Siegle2019
261,0.247533609945609,optimal,optimal,VISp,RS,L2,siegle_survey_2019,Siegle2019
262,0.154044561020087,optimal,optimal,SUB,RS,,siegle_survey_2019,Siegle2019
263,0.0557747548521004,optimal,optimal,SUB,RS,,siegle_survey_2019,Siegle2019
264,1.955303548672208,optimal,optimal,SUB,RS,,siegle_survey_2019,Siegle2019
265,0.9356248500501616,optimal,optimal,grey,FS,,siegle_survey_2019,Siegle2019
266,3.2262378106143945,optimal,optimal,grey,RS,,siegle_survey_2019,Siegle2019
267,7.350506037575747,optimal,optimal,grey,RS,,siegle_survey_2019,Siegle2019
268,1.7577015600533377,optimal,optimal,SUB,RS,,siegle_survey_2019,Siegle2019
269,6.350811800510266,optimal,optimal,grey,RS,,siegle_survey_2019,Siegle2019
270,7.123350938157796,optimal,optimal,grey,RS,,siegle_survey_2019,Siegle2019
271,6.8278923701799945,optimal,optimal,SUB,FS,,siegle_survey_2019,Siegle2019
272,1.800826324290096,optimal,optimal,grey,RS,,siegle_survey_2019,Siegle2019
273,0.14713907715651,optimal,optimal,CA1,RS,,siegle_survey_2019,Siegle2019
274,4.317005887073553,optimal,optimal,grey,RS,,siegle_survey_2019,Siegle2019
275,8.186055564106113,optimal,optimal,grey,RS,,siegle_survey_2019,Siegle2019
276,7.39021846754392,optimal,optimal,grey,RS,,siegle_survey_2019,Siegle2019
277,1.7566391837704405,optimal,optimal,VISp,RS,L4,siegle_survey_2019,Siegle2019
278,0.3378355706553805,optimal,optimal,LGd,FS,,siegle_survey_2019,Siegle2019
279,4.289874321718322,optimal,optimal,LGd,FS,,siegle_survey_2019,Siegle2019
280,0.0663985176810719,optimal,optimal,VISp,RS,L3,siegle_survey_2019,Siegle2019
281,1.019349780012068,optimal,optimal,CA3,RS,,siegle_survey_2019,Siegle2019
282,27.995201384041696,optimal,optimal,CA3,FS,,siegle_survey_2019,Siegle2019
283,3.404678018320016,optimal,optimal,VISl,RS,L6a,siegle_survey_2019,Siegle2019
284,0.2541595517963088,optimal,optimal,VISpm,RS,,siegle_survey_2019,Siegle2019
285,0.6338102003000091,optimal,optimal,VISl,RS,L6a,siegle_survey_2019,Siegle2019
286,0.8021908550163023,optimal,optimal,VISl,RS,L5,siegle_survey_2019,Siegle2019
287,33.62424004966682,optimal,optimal,VISl,FS,L5,siegle_survey_2019,Siegle2019
288,0.403171695168921,optimal,optimal,CA1,RS,,siegle_survey_2019,Siegle2019
289,8.24881851683554,optimal,optimal,CA1,FS,,siegle_survey_2019,Siegle2019
290,1.284564365854488,optimal,optimal,ZI,FS,,siegle_survey_2019,Siegle2019
291,5.109497412160542,optimal,optimal,VISl,RS,L5,siegle_survey_2019,Siegle2019
292,5.138786962332154,optimal,optimal,MB,FS,,siegle_survey_2019,Siegle2019
293,1.0358166081414968,optimal,optimal,VISl,RS,L5,siegle_survey_2019,Siegle2019
294,0.1168613609185278,optimal,optimal,VISl,FS,L5,siegle_survey_2019,Siegle2019
295,1.8437535624918644,optimal,optimal,VISl,RS,L5,siegle_survey_2019,Siegle2019
296,0.2783425141877663,optimal,optimal,VISl,RS,L5,siegle_survey_2019,Siegle2019
297,0.1524509571982613,optimal,optimal,VISl,RS,L4,siegle_survey_2019,Siegle2019
298,10.56032937713663,optimal,optimal,grey,FS,,siegle_survey_2019,Siegle2019
299,1.3072536782749864,optimal,optimal,VISl,RS,L3,siegle_survey_2019,Siegle2019
300,0.2964029063297206,optimal,optimal,VISl,RS,L3,siegle_survey_2019,Siegle2019
301,7.092639992315743,optimal,optimal,grey,RS,,siegle_survey_2019,Siegle2019
302,3.880169157423648,optimal,optimal,grey,RS,,siegle_survey_2019,Siegle2019
303,3.3390211117240067,optimal,optimal,grey,RS,,siegle_survey_2019,Siegle2019
304,1.241675310338217,optimal,optimal,grey,RS,,siegle_survey_2019,Siegle2019
305,6.144307164675765,optimal,optimal,grey,RS,,siegle_survey_2019,Siegle2019
306,12.252604874638438,optimal,optimal,CA3,FS,,siegle_survey_2019,Siegle2019
307,2.722683416827608,optimal,optimal,CA3,RS,,siegle_survey_2019,Siegle2019
308,19.24388398839901,optimal,optimal,CA1,FS,,siegle_survey_2019,Siegle2019
309,4.233038299203701,optimal,optimal,CA1,RS,L1,siegle_survey_2019,Siegle2019
310,1.3073331945522633,optimal,optimal,grey,RS,,siegle_survey_2019,Siegle2019
311,12.922954210709817,optimal,optimal,grey,RS,,siegle_survey_2019,Siegle2019
312,3.658292730156342,optimal,optimal,CA1,RS,L1,siegle_survey_2019,Siegle2019
313,5.16685188839246,optimal,optimal,grey,RS,,siegle_survey_2019,Siegle2019
314,4.777670074704363,optimal,optimal,grey,RS,,siegle_survey_2019,Siegle2019
315,7.1290760463813365,optimal,optimal,CA1,RS,,siegle_survey_2019,Siegle2019
316,2.7611159592496977,optimal,optimal,CA1,RS,,siegle_survey_2019,Siegle2019
317,6.295214398554824,optimal,optimal,grey,RS,,siegle_survey_2019,Siegle2019
318,7.3298555739922975,optimal,optimal,grey,RS,,siegle_survey_2019,Siegle2019
319,1.6107356970030309,optimal,optimal,CA3,RS,,siegle_survey_2019,Siegle2019
320,1.242449062848219,optimal,optimal,VISl,RS,L6a,siegle_survey_2019,Siegle2019
321,1.0886500801941894,optimal,optimal,grey,RS,,siegle_survey_2019,Siegle2019
322,8.576825874992936,optimal,optimal,grey,RS,,siegle_survey_2019,Siegle2019
323,2.371755051567891,optimal,optimal,VISl,RS,L6a,siegle_survey_2019,Siegle2019
324,11.851244697673186,optimal,optimal,CA3,FS,,siegle_survey_2019,Siegle2019
325,11.64686146106585,optimal,optimal,grey,RS,,siegle_survey_2019,Siegle2019
326,10.603577679596471,optimal,optimal,VISl,RS,L6a,siegle_survey_2019,Siegle2019
327,3.2057204336421554,optimal,optimal,VISl,RS,L5,siegle_survey_2019,Siegle2019
328,0.7048866637022602,optimal,optimal,VISl,RS,L5,siegle_survey_2019,Siegle2019
329,7.491882288262444,optimal,optimal,grey,RS,,siegle_survey_2019,Siegle2019
330,9.137565386143544,optimal,optimal,grey,RS,,siegle_survey_2019,Siegle2019
331,3.723097683413069,optimal,optimal,VISl,RS,L5,siegle_survey_2019,Siegle2019
332,0.1896341664971416,optimal,optimal,VISl,RS,L5,siegle_survey_2019,Siegle2019
333,2.5672322876209672,optimal,optimal,VISl,RS,L5,siegle_survey_2019,Siegle2019
334,1.2464408019343978,optimal,optimal,grey,RS,,siegle_survey_2019,Siegle2019
335,5.508908285184993,optimal,optimal,grey,RS,,siegle_survey_2019,Siegle2019
336,3.855812200376501,optimal,optimal,grey,RS,,siegle_survey_2019,Siegle2019
337,1.282976237505117,optimal,optimal,grey,RS,,siegle_survey_2019,Siegle2019
338,16.77081910952564,optimal,optimal,CA1,FS,,siegle_survey_2019,Siegle2019
339,1.8114163056149424,optimal,optimal,grey,RS,,siegle_survey_2019,Siegle2019
340,1.0018122333304504,optimal,optimal,grey,RS,,siegle_survey_2019,Siegle2019
341,8.33007931012402,optimal,optimal,grey,RS,,siegle_survey_2019,Siegle2019
342,0.0979573272548273,optimal,optimal,grey,FS,,siegle_survey_2019,Siegle2019
343,0.4426612193785711,optimal,optimal,grey,FS,,siegle_survey_2019,Siegle2019
344,0.1120806978456495,optimal,optimal,CA3,RS,,siegle_survey_2019,Siegle2019
345,6.175060548535846,optimal,optimal,PO,RS,,siegle_survey_2019,Siegle2019
346,7.415102794487325,optimal,optimal,CA1,RS,,siegle_survey_2019,Siegle2019
347,12.375086933267925,optimal,optimal,PO,RS,,siegle_survey_2019,Siegle2019
348,3.881921934511825,optimal,optimal,PO,RS,,siegle_survey_2019,Siegle2019
349,0.7058220526315055,optimal,optimal,CA1,RS,,siegle_survey_2019,Siegle2019
350,17.23254216270994,optimal,optimal,CA1,FS,,siegle_survey_2019,Siegle2019
351,0.3182289388116283,optimal,optimal,VISp,RS,,siegle_survey_2019,Siegle2019
352,1.1304801818216537,optimal,optimal,VIS,RS,L5,siegle_survey_2019,Siegle2019
353,0.951509548821317,optimal,optimal,VIS,RS,L5,siegle_survey_2019,Siegle2019
354,31.826061737036213,optimal,optimal,VIS,FS,L5,siegle_survey_2019,Siegle2019
355,2.940836969478906,optimal,optimal,VIS,RS,L5,siegle_survey_2019,Siegle2019
356,28.81695667358524,optimal,optimal,PO,RS,,siegle_survey_2019,Siegle2019
357,0.5702703305957476,optimal,optimal,VIS,RS,L4,siegle_survey_2019,Siegle2019
358,0.6735465633567942,optimal,optimal,VPM,RS,,siegle_survey_2019,Siegle2019
359,2.878885596517251,optimal,optimal,VIS,RS,L4,siegle_survey_2019,Siegle2019
360,0.0667168631894746,optimal,optimal,VIS,RS,L3,siegle_survey_2019,Siegle2019
361,0.4770785216961639,optimal,optimal,VIS,RS,L3,siegle_survey_2019,Siegle2019
362,2.1890257652056966,optimal,optimal,LGd,FS,,siegle_survey_2019,Siegle2019
363,18.80565377170393,optimal,optimal,VPM,RS,,siegle_survey_2019,Siegle2019
364,11.498098509795874,optimal,optimal,VPM,RS,,siegle_survey_2019,Siegle2019
365,0.1874426694497777,optimal,optimal,VISp,RS,,siegle_survey_2019,Siegle2019
366,19.31771914006036,optimal,optimal,LGd,RS,,siegle_survey_2019,Siegle2019
367,16.00841288182579,optimal,optimal,DG,FS,,siegle_survey_2019,Siegle2019
368,0.2165651180931047,optimal,optimal,grey,FS,,siegle_survey_2019,Siegle2019
369,4.397174298561698,optimal,optimal,CA1,RS,,siegle_survey_2019,Siegle2019
370,1.0108137174565697,optimal,optimal,grey,RS,,siegle_survey_2019,Siegle2019
371,0.3165880504883754,optimal,optimal,VISrl,RS,L5,siegle_survey_2019,Siegle2019
372,23.16564603671384,optimal,optimal,CA3,FS,L3,siegle_survey_2019,Siegle2019
373,2.429653931097029,optimal,optimal,VISrl,RS,L4,siegle_survey_2019,Siegle2019
374,0.0398391003131344,optimal,optimal,VISrl,RS,L3,siegle_survey_2019,Siegle2019
375,18.17981572021764,optimal,optimal,CA1,FS,,siegle_survey_2019,Siegle2019
376,0.1784791694028425,optimal,optimal,VISrl,RS,L3,siegle_survey_2019,Siegle2019
377,0.427075265724655,optimal,optimal,CA1,FS,,siegle_survey_2019,Siegle2019
378,1.868602204769112,optimal,optimal,grey,RS,,siegle_survey_2019,Siegle2019
379,2.6432593386816112,optimal,optimal,grey,RS,,siegle_survey_2019,Siegle2019
380,2.279327725915468,optimal,optimal,DG,FS,,siegle_survey_2019,Siegle2019
381,13.090801655820488,optimal,optimal,VISrl,RS,L5,siegle_survey_2019,Siegle2019
382,4.434357458853957,optimal,optimal,CA1,RS,,siegle_survey_2019,Siegle2019
383,10.40491062578238,optimal,optimal,VISrl,FS,L6b,siegle_survey_2019,Siegle2019
384,1.5723164923583746,optimal,optimal,VISrl,FS,L4,siegle_survey_2019,Siegle2019
385,0.4345117874152535,optimal,optimal,VISrl,RS,L4,siegle_survey_2019,Siegle2019
386,1.6339343008426894,optimal,optimal,VISrl,RS,L4,siegle_survey_2019,Siegle2019
387,0.0630103888828348,optimal,optimal,grey,RS,,siegle_survey_2019,Siegle2019
388,4.4189530067328775,optimal,optimal,VISrl,RS,L4,siegle_survey_2019,Siegle2019
389,0.059833394485381,optimal,optimal,grey,RS,,siegle_survey_2019,Siegle2019
390,0.55703301768691,optimal,optimal,grey,RS,,siegle_survey_2019,Siegle2019
391,3.473969547305328,optimal,optimal,VISrl,RS,L3,siegle_survey_2019,Siegle2019
392,1.373520577832552,optimal,optimal,VISl,RS,,siegle_survey_2019,Siegle2019
393,0.1625435292775887,optimal,optimal,VISrl,RS,L3,siegle_survey_2019,Siegle2019
394,0.2451580676701895,optimal,optimal,VISl,RS,,siegle_survey_2019,Siegle2019
395,3.595828158851527,optimal,optimal,VISl,FS,,siegle_survey_2019,Siegle2019
396,0.6888782851812453,optimal,optimal,VISl,RS,,siegle_survey_2019,Siegle2019
397,2.042807397562832,optimal,optimal,VISl,RS,,siegle_survey_2019,Siegle2019
398,0.3128698153132112,optimal,optimal,VISrl,RS,L4,siegle_survey_2019,Siegle2019
399,0.915503885532954,optimal,optimal,VISl,RS,,siegle_survey_2019,Siegle2019
400,0.8397855190603036,optimal,optimal,VISl,RS,,siegle_survey_2019,Siegle2019
401,1.0018122333304504,optimal,optimal,VISl,RS,,siegle_survey_2019,Siegle2019
402,0.4881981390754098,optimal,optimal,VISl,RS,,siegle_survey_2019,Siegle2019
403,0.1323747665605775,optimal,optimal,VISal,RS,,siegle_survey_2019,Siegle2019
404,1.3708730825013404,optimal,optimal,VISal,RS,,siegle_survey_2019,Siegle2019
405,1.997799976932236,optimal,optimal,VISal,RS,,siegle_survey_2019,Siegle2019
406,1.1738994298592011,optimal,optimal,VISal,RS,,siegle_survey_2019,Siegle2019
407,0.3081684565530244,optimal,optimal,VISal,FS,,siegle_survey_2019,Siegle2019
408,5.287048176429465,optimal,optimal,grey,FS,,siegle_survey_2019,Siegle2019
409,0.5792719784690871,optimal,optimal,grey,FS,,siegle_survey_2019,Siegle2019
410,0.9636883005610042,optimal,optimal,grey,FS,,siegle_survey_2019,Siegle2019
411,3.1113365132398134,optimal,optimal,grey,FS,,siegle_survey_2019,Siegle2019
412,2.308615928816472,optimal,optimal,grey,RS,,siegle_survey_2019,Siegle2019
413,0.4246582511263326,optimal,optimal,grey,FS,,siegle_survey_2019,Siegle2019
414,1.3576356058452828,optimal,optimal,grey,RS,,siegle_survey_2019,Siegle2019
415,0.3420563967925322,optimal,optimal,grey,FS,,siegle_survey_2019,Siegle2019
416,2.3218534054725293,optimal,optimal,grey,RS,,siegle_survey_2019,Siegle2019
417,0.3976537987479748,optimal,optimal,grey,RS,,siegle_survey_2019,Siegle2019
418,2.6337283554892497,optimal,optimal,grey,RS,,siegle_survey_2019,Siegle2019
419,5.83137321652656,optimal,optimal,grey,RS,,siegle_survey_2019,Siegle2019
420,1.4021135274096368,optimal,optimal,grey,RS,,siegle_survey_2019,Siegle2019
421,0.1477302394816045,optimal,optimal,grey,RS,,siegle_survey_2019,Siegle2019
422,0.1832066769198392,optimal,optimal,grey,RS,,siegle_survey_2019,Siegle2019
423,0.2192126134243163,optimal,optimal,VISrl,RS,,siegle_survey_2019,Siegle2019
424,11.203670742621036,optimal,optimal,VISrl,FS,,siegle_survey_2019,Siegle2019
425,2.774045608043462,optimal,optimal,VISrl,RS,,siegle_survey_2019,Siegle2019
426,1.1278330110961203,optimal,optimal,VISrl,RS,,siegle_survey_2019,Siegle2019
427,0.3203469350765975,optimal,optimal,VISrl,RS,,siegle_survey_2019,Siegle2019
428,0.270044523783578,optimal,optimal,VISrl,RS,,siegle_survey_2019,Siegle2019
429,0.8408445171927883,optimal,optimal,VISrl,RS,,siegle_survey_2019,Siegle2019
430,0.9282118631227694,optimal,optimal,VISrl,RS,,siegle_survey_2019,Siegle2019
431,0.4326007371199672,optimal,optimal,VISrl,RS,,siegle_survey_2019,Siegle2019
432,5.739769878066641,optimal,optimal,VISrl,RS,,siegle_survey_2019,Siegle2019
433,5.112313484569503,optimal,optimal,VISrl,FS,,siegle_survey_2019,Siegle2019
434,16.348813169297564,optimal,optimal,VISrl,RS,,siegle_survey_2019,Siegle2019
435,0.5951569504563564,optimal,optimal,VISrl,RS,,siegle_survey_2019,Siegle2019
436,0.8376675227953344,optimal,optimal,VISrl,RS,,siegle_survey_2019,Siegle2019
437,1.3692845853026137,optimal,optimal,VISrl,RS,,siegle_survey_2019,Siegle2019
438,2.9715487597518435,optimal,optimal,VISrl,RS,,siegle_survey_2019,Siegle2019
439,0.5819194738002986,optimal,optimal,VISrl,RS,,siegle_survey_2019,Siegle2019
440,0.3584708678460439,optimal,optimal,VISrl,RS,,siegle_survey_2019,Siegle2019
441,0.1805591815886277,optimal,optimal,VISrl,RS,,siegle_survey_2019,Siegle2019
442,0.2107406283644393,optimal,optimal,VISrl,RS,,siegle_survey_2019,Siegle2019
443,0.0381239327694463,optimal,optimal,VISrl,RS,,siegle_survey_2019,Siegle2019
444,1.1241262483642953,optimal,optimal,APN,FS,,siegle_survey_2019,Siegle2019
445,0.0661873674260654,optimal,optimal,DG,FS,,siegle_survey_2019,Siegle2019
446,1.643035208984648,optimal,optimal,VISam,RS,L5,siegle_survey_2019,Siegle2019
447,1.461946571706933,optimal,optimal,VISam,RS,L5,siegle_survey_2019,Siegle2019
448,2.4314591297639394,optimal,optimal,VISam,RS,L5,siegle_survey_2019,Siegle2019
449,2.466406059764902,optimal,optimal,VISam,RS,L5,siegle_survey_2019,Siegle2019
450,10.021826426185122,optimal,optimal,VISam,RS,L4,siegle_survey_2019,Siegle2019
451,1.221024554276055,optimal,optimal,VISam,RS,L4,siegle_survey_2019,Siegle2019
452,0.2557479877343168,optimal,optimal,VISam,RS,L4,siegle_survey_2019,Siegle2019
453,1.2803284354898097,optimal,optimal,VISam,RS,L3,siegle_survey_2019,Siegle2019
454,0.0931918133359001,optimal,optimal,VISam,RS,L3,siegle_survey_2019,Siegle2019
455,0.1773821447018553,optimal,optimal,VISam,RS,L3,siegle_survey_2019,Siegle2019
456,0.2774574442500662,optimal,optimal,VISam,RS,L2,siegle_survey_2019,Siegle2019
457,5.854140274100635,optimal,optimal,PO,RS,,siegle_survey_2019,Siegle2019
458,0.824429848659071,optimal,optimal,PO,RS,,siegle_survey_2019,Siegle2019
459,6.841126297158122,optimal,optimal,Eth,RS,,siegle_survey_2019,Siegle2019
460,7.958369059310107,optimal,optimal,Eth,RS,,siegle_survey_2019,Siegle2019
461,2.366330760216691,optimal,optimal,LP,RS,,siegle_survey_2019,Siegle2019
462,0.1763231468230383,optimal,optimal,LP,RS,,siegle_survey_2019,Siegle2019
463,0.1186077624275092,optimal,optimal,LP,RS,,siegle_survey_2019,Siegle2019
464,2.687736616437665,optimal,optimal,LP,RS,,siegle_survey_2019,Siegle2019
465,1.8304778335352652,optimal,optimal,LP,RS,,siegle_survey_2019,Siegle2019
466,1.8712492518697217,optimal,optimal,LP,FS,,siegle_survey_2019,Siegle2019
467,1.6335042280752947,optimal,optimal,LP,RS,,siegle_survey_2019,Siegle2019
468,0.521026956377987,optimal,optimal,LP,RS,,siegle_survey_2019,Siegle2019
469,10.964864037271704,optimal,optimal,LP,RS,,siegle_survey_2019,Siegle2019
470,3.676311136313378,optimal,optimal,LP,RS,,siegle_survey_2019,Siegle2019
471,0.5294989394085234,optimal,optimal,LP,RS,,siegle_survey_2019,Siegle2019
472,15.434364584819049,optimal,optimal,VISmma,FS,L5,siegle_survey_2019,Siegle2019
473,1.708693077471305,optimal,optimal,VISmma,RS,L5,siegle_survey_2019,Siegle2019
474,4.931753121650987,optimal,optimal,VISmma,RS,L4,siegle_survey_2019,Siegle2019
475,1.3560467838252284,optimal,optimal,VISmma,RS,L3,siegle_survey_2019,Siegle2019
476,2.390687711429483,optimal,optimal,LP,RS,,siegle_survey_2019,Siegle2019
477,2.3594472740043804,optimal,optimal,LP,RS,,siegle_survey_2019,Siegle2019
478,1.804532385504248,optimal,optimal,LP,RS,,siegle_survey_2019,Siegle2019
479,0.9091496789644348,optimal,optimal,LP,FS,,siegle_survey_2019,Siegle2019
480,4.681829622250164,optimal,optimal,LP,RS,,siegle_survey_2019,Siegle2019
481,1.485244525040908,optimal,optimal,LP,FS,,siegle_survey_2019,Siegle2019
482,2.8412913088661367,optimal,optimal,LP,RS,,siegle_survey_2019,Siegle2019
483,1.834184326111125,optimal,optimal,DG,RS,,siegle_survey_2019,Siegle2019
484,5.354293275298989,optimal,optimal,DG,RS,,siegle_survey_2019,Siegle2019
485,0.916562664116154,optimal,optimal,SUB,RS,,siegle_survey_2019,Siegle2019
486,0.6465182050178071,optimal,optimal,SUB,RS,,siegle_survey_2019,Siegle2019
487,0.5824488333493758,optimal,optimal,SUB,RS,,siegle_survey_2019,Siegle2019
488,1.6779821389856109,optimal,optimal,VISp,RS,L5,siegle_survey_2019,Siegle2019
489,3.209822570694469,optimal,optimal,VISp,FS,L5,siegle_survey_2019,Siegle2019
490,0.0,optimal,optimal,VISp,RS,L4,siegle_survey_2019,Siegle2019
491,0.1509071977314291,optimal,optimal,VISp,RS,L3,siegle_survey_2019,Siegle2019
492,0.2409220174308781,optimal,optimal,VISp,RS,L3,siegle_survey_2019,Siegle2019
493,0.2112700768240008,optimal,optimal,VISp,RS,L3,siegle_survey_2019,Siegle2019
494,0.0942508112147171,optimal,optimal,VISp,RS,L3,siegle_survey_2019,Siegle2019
495,1.2427340107918043,optimal,optimal,LGd,FS,,siegle_survey_2019,Siegle2019
496,0.1339632316703564,optimal,optimal,VISl,RS,L5,siegle_survey_2019,Siegle2019
497,0.418833661072142,optimal,optimal,VISl,RS,L5,siegle_survey_2019,Siegle2019
498,4.118442750719495,optimal,optimal,PIL,RS,,siegle_survey_2019,Siegle2019
499,0.9107381757826604,optimal,optimal,VISrl,RS,L5,siegle_survey_2019,Siegle2019
500,7.3033788712617635,optimal,optimal,VISrl,RS,L4,siegle_survey_2019,Siegle2019
501,6.826300326854684,optimal,optimal,LP,RS,,siegle_survey_2019,Siegle2019
502,7.233485011259838,optimal,optimal,LP,FS,,siegle_survey_2019,Siegle2019
503,4.601874124237,optimal,optimal,VISam,RS,L5,siegle_survey_2019,Siegle2019
504,0.6454590446950758,optimal,optimal,VISam,RS,L5,siegle_survey_2019,Siegle2019
505,0.2922833409939965,optimal,optimal,VISam,RS,L3,siegle_survey_2019,Siegle2019
506,4.424492024177238,optimal,optimal,DG,FS,,siegle_survey_2019,Siegle2019
507,4.420256033728049,optimal,optimal,SUB,RS,,siegle_survey_2019,Siegle2019
508,10.62968853343203,optimal,optimal,VISp,RS,L6a,siegle_survey_2019,Siegle2019
509,9.062901566038487,optimal,optimal,VISp,RS,L6a,siegle_survey_2019,Siegle2019
510,0.7248838656173574,optimal,optimal,VISp,RS,L6a,siegle_survey_2019,Siegle2019
511,0.8281361328163236,optimal,optimal,VISp,RS,L6a,siegle_survey_2019,Siegle2019
512,6.278796843309441,optimal,optimal,VISp,FS,L5,siegle_survey_2019,Siegle2019
513,7.070927057307663,optimal,optimal,VISp,FS,L5,siegle_survey_2019,Siegle2019
514,2.2784333628571867,optimal,optimal,VISp,RS,L5,siegle_survey_2019,Siegle2019
515,1.4360007622748523,optimal,optimal,VISp,FS,L5,siegle_survey_2019,Siegle2019
516,0.4675474458291648,optimal,optimal,VISp,RS,L5,siegle_survey_2019,Siegle2019
517,6.0569368435332,optimal,optimal,VISp,FS,L5,siegle_survey_2019,Siegle2019
518,3.747792549919398,optimal,optimal,VISp,FS,L5,siegle_survey_2019,Siegle2019
519,2.6872064412038634,optimal,optimal,VISp,RS,L5,siegle_survey_2019,Siegle2019
520,2.0629273487547293,optimal,optimal,VISp,RS,L5,siegle_survey_2019,Siegle2019
521,13.377257838536828,optimal,optimal,VISp,FS,L4,siegle_survey_2019,Siegle2019
522,0.6872894503808107,optimal,optimal,VISp,RS,L3,siegle_survey_2019,Siegle2019
523,0.4003010974482996,optimal,optimal,VISp,RS,L3,siegle_survey_2019,Siegle2019
524,0.7105873978513467,optimal,optimal,CA3,RS,,siegle_survey_2019,Siegle2019
525,0.1000752743620749,optimal,optimal,VISl,RS,L6a,siegle_survey_2019,Siegle2019
526,1.3496924568726398,optimal,optimal,LGv,FS,,siegle_survey_2019,Siegle2019
527,14.437843947252365,optimal,optimal,CA3,FS,,siegle_survey_2019,Siegle2019
528,5.103309493659672,optimal,optimal,CA3,RS,,siegle_survey_2019,Siegle2019
529,1.1701923615882832,optimal,optimal,CA3,RS,,siegle_survey_2019,Siegle2019
530,18.98253220042532,optimal,optimal,CA3,FS,,siegle_survey_2019,Siegle2019
531,0.6798764670947312,optimal,optimal,VISal,FS,L6a,siegle_survey_2019,Siegle2019
532,0.3431152263842568,optimal,optimal,VISal,RS,L6a,siegle_survey_2019,Siegle2019
533,0.5247333168932076,optimal,optimal,VISal,RS,L6a,siegle_survey_2019,Siegle2019
534,2.558538231309767,optimal,optimal,VISal,RS,L5,siegle_survey_2019,Siegle2019
535,1.2829756072979233,optimal,optimal,VISal,RS,L4,siegle_survey_2019,Siegle2019
536,3.373966392778525,optimal,optimal,VISal,RS,L4,siegle_survey_2019,Siegle2019
537,0.4664884482168677,optimal,optimal,LGv,FS,,siegle_survey_2019,Siegle2019
538,4.648470019178072,optimal,optimal,DG,RS,,siegle_survey_2019,Siegle2019
539,0.7365328393526254,optimal,optimal,DG,RS,,siegle_survey_2019,Siegle2019
540,7.815402378752516,optimal,optimal,DG,RS,,siegle_survey_2019,Siegle2019
541,5.974335029774028,optimal,optimal,DG,RS,,siegle_survey_2019,Siegle2019
542,2.1905365610365286,optimal,optimal,DG,RS,,siegle_survey_2019,Siegle2019
543,0.5999221473663009,optimal,optimal,VISrl,RS,L6a,siegle_survey_2019,Siegle2019
544,4.403312071931296,optimal,optimal,VISrl,RS,L5,siegle_survey_2019,Siegle2019
545,0.6184546055815,optimal,optimal,VISrl,RS,L5,siegle_survey_2019,Siegle2019
546,2.7740442454122247,optimal,optimal,VISrl,RS,L4,siegle_survey_2019,Siegle2019
547,0.9943987579469664,optimal,optimal,VISrl,FS,L4,siegle_survey_2019,Siegle2019
548,2.2747268712141477,optimal,optimal,VISrl,RS,L4,siegle_survey_2019,Siegle2019
549,0.2928128398001451,optimal,optimal,VISrl,RS,L4,siegle_survey_2019,Siegle2019
550,4.141739661693915,optimal,optimal,VISrl,RS,L4,siegle_survey_2019,Siegle2019
551,0.8964414788094858,optimal,optimal,VISrl,RS,L4,siegle_survey_2019,Siegle2019
552,0.1959145582749614,optimal,optimal,VISrl,RS,L3,siegle_survey_2019,Siegle2019
553,0.7979475009804913,optimal,optimal,VISam,RS,L6a,siegle_survey_2019,Siegle2019
554,2.646411154545784,optimal,optimal,VISam,RS,L6a,siegle_survey_2019,Siegle2019
555,16.635113894030585,optimal,optimal,VISam,RS,L5,siegle_survey_2019,Siegle2019
556,14.047476576650585,optimal,optimal,VISam,RS,L5,siegle_survey_2019,Siegle2019
557,7.458452885740677,optimal,optimal,VISam,RS,L5,siegle_survey_2019,Siegle2019
558,22.30917190365696,optimal,optimal,VISam,FS,L5,siegle_survey_2019,Siegle2019
559,2.93392641203245,optimal,optimal,VISam,RS,L5,siegle_survey_2019,Siegle2019
560,0.5072552793227011,optimal,optimal,VISam,RS,L3,siegle_survey_2019,Siegle2019
561,0.2059731770944997,optimal,optimal,VISam,RS,L3,siegle_survey_2019,Siegle2019
562,5.038620777161428,optimal,optimal,VISam,RS,L6a,siegle_survey_2019,Siegle2019
563,0.7915935726382445,optimal,optimal,VISpm,RS,L5,siegle_survey_2019,Siegle2019
564,0.6062706626560468,optimal,optimal,VISpm,RS,L5,siegle_survey_2019,Siegle2019
565,0.8032424412656969,optimal,optimal,VISpm,RS,L3,siegle_survey_2019,Siegle2019
566,0.0953080853183119,optimal,optimal,VISam,RS,L3,siegle_survey_2019,Siegle2019
567,3.258005953685859,optimal,optimal,APN,FS,,siegle_survey_2019,Siegle2019
568,0.2303299024064457,optimal,optimal,LP,RS,,siegle_survey_2019,Siegle2019
569,0.0301811596256721,optimal,optimal,LP,RS,,siegle_survey_2019,Siegle2019
570,4.489050373797348,optimal,optimal,LP,RS,,siegle_survey_2019,Siegle2019
571,2.550572735383561,optimal,optimal,LP,FS,,siegle_survey_2019,Siegle2019
572,0.8948449081997546,optimal,optimal,LP,FS,,siegle_survey_2019,Siegle2019
573,22.24437762393114,optimal,optimal,LP,RS,,siegle_survey_2019,Siegle2019
574,1.6117798228165994,optimal,optimal,LP,FS,,siegle_survey_2019,Siegle2019
575,0.0381235700534806,optimal,optimal,LP,FS,,siegle_survey_2019,Siegle2019
576,5.890569162034561,optimal,optimal,LP,RS,,siegle_survey_2019,Siegle2019
577,64.77570296411602,optimal,optimal,NOT,FS,,siegle_survey_2019,Siegle2019
578,0.910200235026851,optimal,optimal,LP,FS,,siegle_survey_2019,Siegle2019
579,0.0397120521390423,optimal,optimal,DG,FS,,siegle_survey_2019,Siegle2019
580,4.01776528552973,optimal,optimal,CA1,RS,,siegle_survey_2019,Siegle2019
581,0.3521135289661756,optimal,optimal,SUB,RS,,siegle_survey_2019,Siegle2019
582,3.851539563458589,optimal,optimal,SUB,RS,,siegle_survey_2019,Siegle2019
583,8.478258384671284,optimal,optimal,SUB,RS,,siegle_survey_2019,Siegle2019
584,8.984984169965465,optimal,optimal,SUB,RS,,siegle_survey_2019,Siegle2019
585,11.201876961078936,optimal,optimal,VISmma,RS,L6a,siegle_survey_2019,Siegle2019
586,1.415325066976933,optimal,optimal,VISmma,RS,L5,siegle_survey_2019,Siegle2019
587,0.4664801286968492,optimal,optimal,VISmma,RS,L5,siegle_survey_2019,Siegle2019
588,1.5985424721035852,optimal,optimal,VISp,RS,L6a,siegle_survey_2019,Siegle2019
589,0.2102091293226642,optimal,optimal,VISp,RS,L6a,siegle_survey_2019,Siegle2019
590,0.8217747322639166,optimal,optimal,VISp,RS,L6a,siegle_survey_2019,Siegle2019
591,6.637207647505281,optimal,optimal,VISp,RS,L6a,siegle_survey_2019,Siegle2019
592,0.5167861718360713,optimal,optimal,VISp,RS,L6a,siegle_survey_2019,Siegle2019
593,0.9070152786126024,optimal,optimal,VISmma,RS,L5,siegle_survey_2019,Siegle2019
594,0.0338873192242887,optimal,optimal,VISmma,RS,L4,siegle_survey_2019,Siegle2019
595,18.90982024055493,optimal,optimal,VISp,FS,L5,siegle_survey_2019,Siegle2019
596,5.212868710784961,optimal,optimal,VISp,FS,L5,siegle_survey_2019,Siegle2019
597,3.3209865468809827,optimal,optimal,VISp,RS,L5,siegle_survey_2019,Siegle2019
598,17.31937538422083,optimal,optimal,VISam,FS,L5,siegle_survey_2019,Siegle2019
599,0.1424338936720319,optimal,optimal,VISp,RS,L3,siegle_survey_2019,Siegle2019
600,0.3764669370073323,optimal,optimal,VISmma,RS,L3,siegle_survey_2019,Siegle2019
601,4.215869235047426,optimal,optimal,VISam,RS,L5,siegle_survey_2019,Siegle2019
602,11.072348853815212,optimal,optimal,VISam,RS,L5,siegle_survey_2019,Siegle2019
603,0.0497724386809331,optimal,optimal,VISp,RS,L3,siegle_survey_2019,Siegle2019
604,0.5485607294033074,optimal,optimal,VISam,RS,L5,siegle_survey_2019,Siegle2019
605,2.4838564877899696,optimal,optimal,VISp,RS,L3,siegle_survey_2019,Siegle2019
606,0.4029485666755954,optimal,optimal,VISam,RS,L4,siegle_survey_2019,Siegle2019
607,14.27846392769265,optimal,optimal,VISam,FS,L4,siegle_survey_2019,Siegle2019
608,0.4378954857302463,optimal,optimal,VISam,RS,L4,siegle_survey_2019,Siegle2019
609,0.2885768315876472,optimal,optimal,VISam,RS,L4,siegle_survey_2019,Siegle2019
610,0.353705180734951,optimal,optimal,VISam,RS,L3,siegle_survey_2019,Siegle2019
611,1.9946218799828752,optimal,optimal,VISam,RS,L3,siegle_survey_2019,Siegle2019
612,10.118192063868532,optimal,optimal,VISam,FS,L3,siegle_survey_2019,Siegle2019
613,0.5517377220446392,optimal,optimal,VISam,RS,L3,siegle_survey_2019,Siegle2019
614,0.4098320507318145,optimal,optimal,VISam,RS,L3,siegle_survey_2019,Siegle2019
615,1.162779306727474,optimal,optimal,VISam,RS,L3,siegle_survey_2019,Siegle2019
616,17.111129025670575,optimal,optimal,CA3,RS,,siegle_survey_2019,Siegle2019
617,15.913802801343705,optimal,optimal,ProS,FS,,siegle_survey_2019,Siegle2019
618,0.8974844700807713,optimal,optimal,VISp,RS,L6a,siegle_survey_2019,Siegle2019
619,0.5167908029899884,optimal,optimal,LP,RS,,siegle_survey_2019,Siegle2019
620,4.124795445995911,optimal,optimal,LP,RS,,siegle_survey_2019,Siegle2019
621,4.439768307744701,optimal,optimal,VISp,RS,L5,siegle_survey_2019,Siegle2019
622,2.332950689661609,optimal,optimal,VISl,RS,L4,siegle_survey_2019,Siegle2019
623,10.224969086566238,optimal,optimal,VISp,FS,L4,siegle_survey_2019,Siegle2019
624,10.945604109445252,optimal,optimal,VISp,FS,L4,siegle_survey_2019,Siegle2019
625,2.2741568135675,optimal,optimal,VISp,RS,L4,siegle_survey_2019,Siegle2019
626,5.224564398670302,optimal,optimal,DG,RS,,siegle_survey_2019,Siegle2019
627,0.8064266321247462,optimal,optimal,DG,RS,,siegle_survey_2019,Siegle2019
628,0.1350221872566055,optimal,optimal,DG,RS,,siegle_survey_2019,Siegle2019
629,1.8092973092385145,optimal,optimal,DG,RS,,siegle_survey_2019,Siegle2019
630,2.908007264365795,optimal,optimal,DG,FS,,siegle_survey_2019,Siegle2019
631,0.5369069449198528,optimal,optimal,VISl,RS,L3,siegle_survey_2019,Siegle2019
632,0.2350953486631307,optimal,optimal,VISl,RS,L3,siegle_survey_2019,Siegle2019
633,0.1270785668449355,optimal,optimal,VISl,RS,L3,siegle_survey_2019,Siegle2019
634,0.0603623192513443,optimal,optimal,VISl,RS,L3,siegle_survey_2019,Siegle2019
635,0.3267007432836299,optimal,optimal,DG,RS,,siegle_survey_2019,Siegle2019
636,0.061950801336906,optimal,optimal,VISl,RS,L3,siegle_survey_2019,Siegle2019
637,0.434181277561199,optimal,optimal,VISp,RS,L3,siegle_survey_2019,Siegle2019
638,0.2086188089745273,optimal,optimal,VISp,RS,L3,siegle_survey_2019,Siegle2019
639,0.2922781283094901,optimal,optimal,VISp,RS,L3,siegle_survey_2019,Siegle2019
640,0.5617882140151612,optimal,optimal,VISp,RS,L3,siegle_survey_2019,Siegle2019
641,1.0727549017826643,optimal,optimal,VISl,RS,L5,siegle_survey_2019,Siegle2019
642,0.453772383987741,optimal,optimal,VISp,RS,L2,siegle_survey_2019,Siegle2019
643,3.9240802453659054,optimal,optimal,ZI,FS,,siegle_survey_2019,Siegle2019
644,2.151334237879055,optimal,optimal,IntG,FS,,siegle_survey_2019,Siegle2019
645,0.4119427243202596,optimal,optimal,VISp,RS,L3,siegle_survey_2019,Siegle2019
646,0.6491539588902806,optimal,optimal,VISp,RS,L3,siegle_survey_2019,Siegle2019
647,0.2573364039478835,optimal,optimal,CA1,RS,,siegle_survey_2019,Siegle2019
648,0.1297271995210524,optimal,optimal,CA1,RS,,siegle_survey_2019,Siegle2019
649,6.449766761409,optimal,optimal,IntG,FS,,siegle_survey_2019,Siegle2019
650,0.694696165418981,optimal,optimal,IntG,FS,,siegle_survey_2019,Siegle2019
651,14.524550696347614,optimal,optimal,IGL,FS,,siegle_survey_2019,Siegle2019
652,4.39960530947112,optimal,optimal,VISam,RS,L6a,siegle_survey_2019,Siegle2019
653,0.7831216681819154,optimal,optimal,IGL,FS,,siegle_survey_2019,Siegle2019
654,0.5967397701426765,optimal,optimal,IGL,FS,,siegle_survey_2019,Siegle2019
655,0.2853947665920565,optimal,optimal,CA2,RS,,siegle_survey_2019,Siegle2019
656,1.1553663238976994,optimal,optimal,VISam,RS,L5,siegle_survey_2019,Siegle2019
657,0.2912243254554237,optimal,optimal,VISam,RS,L5,siegle_survey_2019,Siegle2019
658,12.858348217017292,optimal,optimal,VISam,RS,L5,siegle_survey_2019,Siegle2019
659,14.997523262180769,optimal,optimal,VISam,RS,L5,siegle_survey_2019,Siegle2019
660,0.6105120859092793,optimal,optimal,VISam,RS,L5,siegle_survey_2019,Siegle2019
661,0.4553689452575717,optimal,optimal,VISam,RS,L5,siegle_survey_2019,Siegle2019
662,0.3319957310191831,optimal,optimal,VISam,RS,L5,siegle_survey_2019,Siegle2019
663,0.4278350090326953,optimal,optimal,VISam,RS,L5,siegle_survey_2019,Siegle2019
664,0.1540841431045969,optimal,optimal,VISam,RS,L4,siegle_survey_2019,Siegle2019
665,4.283115579288951,optimal,optimal,VISam,RS,L4,siegle_survey_2019,Siegle2019
666,3.649272844563733,optimal,optimal,CA1,FS,,siegle_survey_2019,Siegle2019
667,6.778053059091751,optimal,optimal,CA1,FS,,siegle_survey_2019,Siegle2019
668,0.4505994182710007,optimal,optimal,VISal,RS,L6a,siegle_survey_2019,Siegle2019
669,0.1201962215970567,optimal,optimal,VISam,RS,L5,siegle_survey_2019,Siegle2019
670,0.4188260860376933,optimal,optimal,VISl,RS,L6a,siegle_survey_2019,Siegle2019
671,3.884368193226864,optimal,optimal,VISal,RS,L4,siegle_survey_2019,Siegle2019
672,1.7743188550092417,optimal,optimal,VISl,RS,L5,siegle_survey_2019,Siegle2019
673,1.244840461051848,optimal,optimal,VISal,RS,L3,siegle_survey_2019,Siegle2019
674,0.1678511112170351,optimal,optimal,DG,RS,,siegle_survey_2019,Siegle2019
675,0.0624808552795272,optimal,optimal,DG,RS,,siegle_survey_2019,Siegle2019
676,0.6973374909123161,optimal,optimal,VISl,RS,L4,siegle_survey_2019,Siegle2019
677,0.6248085527952728,optimal,optimal,ProS,RS,,siegle_survey_2019,Siegle2019
678,1.6202662470792668,optimal,optimal,SUB,RS,,siegle_survey_2019,Siegle2019
679,0.8339530949198897,optimal,optimal,APN,FS,,siegle_survey_2019,Siegle2019
680,0.1313156958417183,optimal,optimal,SUB,FS,,siegle_survey_2019,Siegle2019
681,0.4214735328520908,optimal,optimal,VISl,RS,L4,siegle_survey_2019,Siegle2019
682,5.270630791969615,optimal,optimal,SUB,RS,,siegle_survey_2019,Siegle2019
683,0.0375937447644452,optimal,optimal,VISl,RS,L3,siegle_survey_2019,Siegle2019
684,0.2557433622708038,optimal,optimal,LGd,FS,,siegle_survey_2019,Siegle2019
685,3.831385029796142,optimal,optimal,LGd,FS,,siegle_survey_2019,Siegle2019
686,6.0982373750365735,optimal,optimal,SUB,RS,,siegle_survey_2019,Siegle2019
687,0.3860011467914918,optimal,optimal,DG,RS,,siegle_survey_2019,Siegle2019
688,0.0820723099010739,optimal,optimal,SUB,RS,,siegle_survey_2019,Siegle2019
689,0.2382723128342541,optimal,optimal,DG,RS,,siegle_survey_2019,Siegle2019
690,1.9120200713082456,optimal,optimal,VISp,RS,L6a,siegle_survey_2019,Siegle2019
691,10.34357470385125,optimal,optimal,CA3,FS,,siegle_survey_2019,Siegle2019
692,0.5056713287453267,optimal,optimal,VISp,RS,L5,siegle_survey_2019,Siegle2019
693,0.1736755977261436,optimal,optimal,VISp,RS,L5,siegle_survey_2019,Siegle2019
694,1.734637982167215,optimal,optimal,VISp,RS,L5,siegle_survey_2019,Siegle2019
695,6.628795146139,optimal,optimal,VISp,RS,L5,siegle_survey_2019,Siegle2019
696,8.23635342265294,optimal,optimal,VISp,RS,L5,siegle_survey_2019,Siegle2019
697,8.106626223131887,optimal,optimal,VISp,RS,L5,siegle_survey_2019,Siegle2019
698,4.778726431336726,optimal,optimal,VISp,RS,L5,siegle_survey_2019,Siegle2019
699,7.335016143969867,optimal,optimal,CA1,RS,,siegle_survey_2019,Siegle2019
700,1.712928532451447,optimal,optimal,VISp,RS,L5,siegle_survey_2019,Siegle2019
701,19.148793646854447,optimal,optimal,VISp,FS,L5,siegle_survey_2019,Siegle2019
702,3.6360680780043535,optimal,optimal,VISp,RS,L5,siegle_survey_2019,Siegle2019
703,3.1468112112392426,optimal,optimal,VISp,RS,L4,siegle_survey_2019,Siegle2019
704,1.5689048660444012,optimal,optimal,VISp,RS,L4,siegle_survey_2019,Siegle2019
705,12.816290028498566,optimal,optimal,VISal,FS,L6a,siegle_survey_2019,Siegle2019
706,1.0118721562642088,optimal,optimal,VISp,RS,L4,siegle_survey_2019,Siegle2019
707,1.4190314925170897,optimal,optimal,VISal,RS,L6a,siegle_survey_2019,Siegle2019
708,0.2509779580048882,optimal,optimal,VISal,RS,L5,siegle_survey_2019,Siegle2019
709,0.3108157800769704,optimal,optimal,VISp,RS,L4,siegle_survey_2019,Siegle2019
710,0.3473450220489593,optimal,optimal,VISal,RS,L5,siegle_survey_2019,Siegle2019
711,1.077510853459805,optimal,optimal,VISal,RS,L5,siegle_survey_2019,Siegle2019
712,0.2144470032899029,optimal,optimal,VISp,RS,L3,siegle_survey_2019,Siegle2019
713,1.630827237668894,optimal,optimal,VISal,RS,L5,siegle_survey_2019,Siegle2019
714,0.1466711602748225,optimal,optimal,VISp,RS,L3,siegle_survey_2019,Siegle2019
715,0.1228437154648333,optimal,optimal,VISp,RS,L3,siegle_survey_2019,Siegle2019
716,0.1445505960661065,optimal,optimal,VISal,RS,L4,siegle_survey_2019,Siegle2019
717,0.2027944259828527,optimal,optimal,VISal,RS,L3,siegle_survey_2019,Siegle2019
718,0.3505219582262363,optimal,optimal,VISal,RS,L3,siegle_survey_2019,Siegle2019
719,0.11913510664789,optimal,optimal,VISal,RS,L3,siegle_survey_2019,Siegle2019
720,0.1217847179177226,optimal,optimal,VISp,RS,L3,siegle_survey_2019,Siegle2019
721,0.3658836525267233,optimal,optimal,VISp,RS,L3,siegle_survey_2019,Siegle2019
722,0.167848128032805,optimal,optimal,VISal,RS,L3,siegle_survey_2019,Siegle2019
723,2.1619434924263548,optimal,optimal,VISp,RS,L5,siegle_survey_2019,Siegle2019
724,0.5432560863143784,optimal,optimal,POL,FS,,siegle_survey_2019,Siegle2019
725,0.4807763414945961,optimal,optimal,LP,FS,,siegle_survey_2019,Siegle2019
726,37.00230514610888,optimal,optimal,LP,FS,,siegle_survey_2019,Siegle2019
727,1.4778048117967153,optimal,optimal,DG,RS,,siegle_survey_2019,Siegle2019
728,0.9901451085846856,optimal,optimal,DG,RS,,siegle_survey_2019,Siegle2019
729,0.7058093207183883,optimal,optimal,DG,RS,,siegle_survey_2019,Siegle2019
730,5.162521288075233,optimal,optimal,DG,RS,,siegle_survey_2019,Siegle2019
731,2.888364474507733,optimal,optimal,CA1,FS,,siegle_survey_2019,Siegle2019
732,2.32816472858121,optimal,optimal,CA1,RS,,siegle_survey_2019,Siegle2019
733,0.167848128032805,optimal,optimal,VISrl,RS,L6a,siegle_survey_2019,Siegle2019
734,7.458916654883672,optimal,optimal,VISrl,FS,L5,siegle_survey_2019,Siegle2019
735,0.980084810689975,optimal,optimal,VISrl,RS,L5,siegle_survey_2019,Siegle2019
736,6.219382056382737,optimal,optimal,VISrl,RS,L4,siegle_survey_2019,Siegle2019
737,0.2875178340405365,optimal,optimal,VISl,RS,L6a,siegle_survey_2019,Siegle2019
738,0.5808601545901816,optimal,optimal,VISl,RS,L6a,siegle_survey_2019,Siegle2019
739,1.8500687148022736,optimal,optimal,VISl,RS,L6a,siegle_survey_2019,Siegle2019
740,0.1477301578219331,optimal,optimal,VISl,RS,L5,siegle_survey_2019,Siegle2019
741,0.3764736279978296,optimal,optimal,VISl,RS,L5,siegle_survey_2019,Siegle2019
742,8.717138309041166,optimal,optimal,VISl,RS,L5,siegle_survey_2019,Siegle2019
743,1.9766189216819945,optimal,optimal,VISl,RS,L5,siegle_survey_2019,Siegle2019
744,1.5186024825566462,optimal,optimal,VISl,RS,L5,siegle_survey_2019,Siegle2019
745,1.442884157938236,optimal,optimal,VISl,RS,L5,siegle_survey_2019,Siegle2019
746,0.1646741185757032,optimal,optimal,VISl,RS,L5,siegle_survey_2019,Siegle2019
747,0.5231447882726521,optimal,optimal,VISl,RS,L5,siegle_survey_2019,Siegle2019
748,0.1567316369723735,optimal,optimal,VISl,RS,L5,siegle_survey_2019,Siegle2019
749,2.150824018181693,optimal,optimal,VISl,RS,L5,siegle_survey_2019,Siegle2019
750,8.13892564831876,optimal,optimal,VISl,RS,L5,siegle_survey_2019,Siegle2019
751,3.5338748147081787,optimal,optimal,VISl,RS,L5,siegle_survey_2019,Siegle2019
752,0.5236742870462074,optimal,optimal,VISl,RS,L5,siegle_survey_2019,Siegle2019
753,2.9392476920055586,optimal,optimal,VISl,FS,L5,siegle_survey_2019,Siegle2019
754,2.42139789146846,optimal,optimal,VISl,RS,L5,siegle_survey_2019,Siegle2019
755,0.0958392780135121,optimal,optimal,VISl,RS,L5,siegle_survey_2019,Siegle2019
756,1.2162586828565607,optimal,optimal,LGv,FS,,siegle_survey_2019,Siegle2019
757,8.139984645865871,optimal,optimal,CA3,FS,,siegle_survey_2019,Siegle2019
758,17.274367988468626,optimal,optimal,CA3,FS,,siegle_survey_2019,Siegle2019
759,0.2192124922519008,optimal,optimal,CA1,RS,,siegle_survey_2019,Siegle2019
760,0.3272302420571852,optimal,optimal,VISal,RS,L5,siegle_survey_2019,Siegle2019
761,0.9562747850409006,optimal,optimal,VISal,RS,L5,siegle_survey_2019,Siegle2019
762,0.2425104382883346,optimal,optimal,VISal,RS,L5,siegle_survey_2019,Siegle2019
763,0.2822228463049834,optimal,optimal,VISal,RS,L5,siegle_survey_2019,Siegle2019
764,1.1018869477686124,optimal,optimal,VISal,RS,L5,siegle_survey_2019,Siegle2019
765,0.3076387874356385,optimal,optimal,VISal,RS,L5,siegle_survey_2019,Siegle2019
766,0.1879720646121371,optimal,optimal,VISal,RS,L4,siegle_survey_2019,Siegle2019
767,0.3807096181862721,optimal,optimal,VISal,RS,L4,siegle_survey_2019,Siegle2019
768,0.3780621243184955,optimal,optimal,VISal,RS,L4,siegle_survey_2019,Siegle2019
769,0.304991293567862,optimal,optimal,VISal,RS,L3,siegle_survey_2019,Siegle2019
770,0.1329041921623843,optimal,optimal,VISal,RS,L3,siegle_survey_2019,Siegle2019
771,0.1217847179177226,optimal,optimal,VISal,RS,L3,siegle_survey_2019,Siegle2019
772,0.0391829092430933,optimal,optimal,VISal,RS,L2,siegle_survey_2019,Siegle2019
773,0.10060476697551,optimal,optimal,VISal,RS,L3,siegle_survey_2019,Siegle2019
774,0.1498481529161544,optimal,optimal,VISal,RS,L3,siegle_survey_2019,Siegle2019
775,5.656105899117885,optimal,optimal,LP,RS,,siegle_survey_2019,Siegle2019
776,6.351337788796014,optimal,optimal,LP,RS,,siegle_survey_2019,Siegle2019
777,0.2520414162123304,optimal,optimal,LP,FS,,siegle_survey_2019,Siegle2019
778,0.20120953395102,optimal,optimal,VISrl,RS,L5,siegle_survey_2019,Siegle2019
779,16.82641202604083,optimal,optimal,VISrl,RS,L4,siegle_survey_2019,Siegle2019
780,11.62885206482185,optimal,optimal,VISrl,RS,L4,siegle_survey_2019,Siegle2019
781,3.707550412434322,optimal,optimal,VISrl,FS,L4,siegle_survey_2019,Siegle2019
782,22.912470929285632,optimal,optimal,VISrl,RS,L4,siegle_survey_2019,Siegle2019
783,9.954047444066385,optimal,optimal,VISrl,RS,L4,siegle_survey_2019,Siegle2019
784,3.4210915759408964,optimal,optimal,VISrl,RS,L4,siegle_survey_2019,Siegle2019
785,2.5415941130655164,optimal,optimal,VISrl,RS,L4,siegle_survey_2019,Siegle2019
786,2.709974723056107,optimal,optimal,VISrl,RS,L4,siegle_survey_2019,Siegle2019
787,0.5422067441206435,optimal,optimal,VISrl,RS,L4,siegle_survey_2019,Siegle2019
788,0.1673216124434798,optimal,optimal,VISrl,RS,L2,siegle_survey_2019,Siegle2019
789,0.1964440449890222,optimal,optimal,VISrl,RS,L3,siegle_survey_2019,Siegle2019
790,0.171028103858367,optimal,optimal,VISrl,RS,L3,siegle_survey_2019,Siegle2019
791,0.2478054260238878,optimal,optimal,VISrl,RS,L3,siegle_survey_2019,Siegle2019
792,5.905979013014914,optimal,optimal,APN,RS,,siegle_survey_2019,Siegle2019
793,3.8589541910393295,optimal,optimal,APN,RS,,siegle_survey_2019,Siegle2019
794,0.9282034435911012,optimal,optimal,APN,RS,,siegle_survey_2019,Siegle2019
795,3.4888377009821827,optimal,optimal,VISp,FS,L5,siegle_survey_2019,Siegle2019
796,12.098943916746528,optimal,optimal,CA1,RS,,siegle_survey_2019,Siegle2019
797,4.019390952823759,optimal,optimal,CA1,RS,,siegle_survey_2019,Siegle2019
798,1.4317524880036154,optimal,optimal,CA1,RS,,siegle_survey_2019,Siegle2019
799,0.2435673611248754,optimal,optimal,VISam,RS,L5,siegle_survey_2019,Siegle2019
800,5.891153173642096,optimal,optimal,VISam,RS,L5,siegle_survey_2019,Siegle2019
801,5.123961990801088,optimal,optimal,LP,RS,,siegle_survey_2019,Siegle2019
802,10.450722105243472,optimal,optimal,LGd,RS,,siegle_survey_2019,Siegle2019
803,13.305780806741812,optimal,optimal,LGd,RS,,siegle_survey_2019,Siegle2019
804,3.993481588779767,optimal,optimal,LGd,FS,,siegle_survey_2019,Siegle2019
805,9.219634836388035,optimal,optimal,SGN,FS,,siegle_survey_2019,Siegle2019
806,2.882592650400033,optimal,optimal,LGd,FS,,siegle_survey_2019,Siegle2019
807,8.87228355838031,optimal,optimal,SGN,FS,,siegle_survey_2019,Siegle2019
808,5.105428388034313,optimal,optimal,SGN,FS,,siegle_survey_2019,Siegle2019
809,0.35582326039816,optimal,optimal,SGN,FS,,siegle_survey_2019,Siegle2019
810,0.2541572463911743,optimal,optimal,MGv,FS,,siegle_survey_2019,Siegle2019
811,6.759582949766235,optimal,optimal,LP,FS,,siegle_survey_2019,Siegle2019
812,9.456850343320143,optimal,optimal,LP,FS,,siegle_survey_2019,Siegle2019
813,9.928017437155248,optimal,optimal,MGv,RS,,siegle_survey_2019,Siegle2019
814,0.2779869841036035,optimal,optimal,CA1,RS,,siegle_survey_2019,Siegle2019
815,3.9918930917277455,optimal,optimal,CA1,RS,,siegle_survey_2019,Siegle2019
816,5.442720399239886,optimal,optimal,CA1,RS,,siegle_survey_2019,Siegle2019
817,5.638584410040866,optimal,optimal,TH,FS,,siegle_survey_2019,Siegle2019
818,8.310487077154393,optimal,optimal,VISp,RS,L4,siegle_survey_2019,Siegle2019
819,3.475631549821054,optimal,optimal,VISp,FS,L4,siegle_survey_2019,Siegle2019
820,9.00352045340735,optimal,optimal,LGd,FS,,siegle_survey_2019,Siegle2019
821,3.080597623966359,optimal,optimal,LGd,FS,,siegle_survey_2019,Siegle2019
822,13.418561108646086,optimal,optimal,VISp,FS,L6a,siegle_survey_2019,Siegle2019
823,2.921774926900367,optimal,optimal,VISp,FS,L5,siegle_survey_2019,Siegle2019
824,8.966006860621558,optimal,optimal,PO,RS,,siegle_survey_2019,Siegle2019
825,3.079036100022768,optimal,optimal,VISp,RS,L4,siegle_survey_2019,Siegle2019
826,2.2789637706322083,optimal,optimal,PO,RS,,siegle_survey_2019,Siegle2019
827,4.5621635334031385,optimal,optimal,PO,RS,,siegle_survey_2019,Siegle2019
828,4.549454543662188,optimal,optimal,VISp,RS,L4,siegle_survey_2019,Siegle2019
829,4.910044387795648,optimal,optimal,PO,RS,,siegle_survey_2019,Siegle2019
830,0.1614972002887601,optimal,optimal,LP,RS,,siegle_survey_2019,Siegle2019
831,6.858600771607573,optimal,optimal,LP,RS,,siegle_survey_2019,Siegle2019
832,10.215624541544424,optimal,optimal,LP,RS,,siegle_survey_2019,Siegle2019
833,8.704963845072841,optimal,optimal,LP,RS,,siegle_survey_2019,Siegle2019
834,3.9601231506873344,optimal,optimal,LP,RS,,siegle_survey_2019,Siegle2019
835,6.379933659932036,optimal,optimal,LP,RS,,siegle_survey_2019,Siegle2019
836,0.2652790076874388,optimal,optimal,LP,RS,,siegle_survey_2019,Siegle2019
837,1.7325207847371251,optimal,optimal,LP,RS,,siegle_survey_2019,Siegle2019
838,0.7375921311548946,optimal,optimal,LP,RS,,siegle_survey_2019,Siegle2019
839,0.0990163162426168,optimal,optimal,LP,RS,,siegle_survey_2019,Siegle2019
840,7.03704194045122,optimal,optimal,LP,RS,,siegle_survey_2019,Siegle2019
841,24.14864486700477,optimal,optimal,DG,FS,,siegle_survey_2019,Siegle2019
842,6.387876145192139,optimal,optimal,LP,RS,,siegle_survey_2019,Siegle2019
843,0.7714731416498771,optimal,optimal,DG,FS,,siegle_survey_2019,Siegle2019
844,0.3447007654180302,optimal,optimal,DG,RS,,siegle_survey_2019,Siegle2019
845,4.903160900570225,optimal,optimal,LP,RS,,siegle_survey_2019,Siegle2019
846,1.877074016470999,optimal,optimal,LP,RS,,siegle_survey_2019,Siegle2019
847,7.983255780284256,optimal,optimal,grey,FS,,siegle_survey_2019,Siegle2019
848,10.944212751740428,optimal,optimal,Eth,RS,,siegle_survey_2019,Siegle2019
849,6.292036823053563,optimal,optimal,LP,RS,,siegle_survey_2019,Siegle2019
850,0.2425105224759693,optimal,optimal,grey,FS,,siegle_survey_2019,Siegle2019
851,1.686983869245868,optimal,optimal,DG,RS,,siegle_survey_2019,Siegle2019
852,12.29178745071858,optimal,optimal,Eth,RS,,siegle_survey_2019,Siegle2019
853,3.860046976640753,optimal,optimal,Eth,RS,,siegle_survey_2019,Siegle2019
854,0.1016637886851885,optimal,optimal,LP,RS,,siegle_survey_2019,Siegle2019
855,0.5517379760684854,optimal,optimal,CA1,RS,,siegle_survey_2019,Siegle2019
856,0.5300284563284832,optimal,optimal,grey,FS,,siegle_survey_2019,Siegle2019
857,0.8503754218483566,optimal,optimal,CA1,RS,,siegle_survey_2019,Siegle2019
858,12.03392416709066,optimal,optimal,CA1,RS,,siegle_survey_2019,Siegle2019
859,0.2944014536411496,optimal,optimal,CA1,RS,,siegle_survey_2019,Siegle2019
860,4.556339044212397,optimal,optimal,CA1,RS,,siegle_survey_2019,Siegle2019
861,0.7608900017422879,optimal,optimal,grey,RS,,siegle_survey_2019,Siegle2019
862,0.1911491026841305,optimal,optimal,CA1,RS,,siegle_survey_2019,Siegle2019
863,4.096203934222922,optimal,optimal,grey,RS,,siegle_survey_2019,Siegle2019
864,1.9877388683551973,optimal,optimal,CA1,RS,,siegle_survey_2019,Siegle2019
865,0.3267008209310487,optimal,optimal,CA1,RS,,siegle_survey_2019,Siegle2019
866,1.5498432785497236,optimal,optimal,CA1,RS,,siegle_survey_2019,Siegle2019
867,0.4749605127636153,optimal,optimal,CA1,RS,,siegle_survey_2019,Siegle2019
868,0.1630856610158233,optimal,optimal,CA1,RS,,siegle_survey_2019,Siegle2019
869,0.511495936822355,optimal,optimal,CA1,RS,,siegle_survey_2019,Siegle2019
870,0.5236698264184821,optimal,optimal,VISal,RS,L5,siegle_survey_2019,Siegle2019
871,0.2393335558377691,optimal,optimal,VISp,RS,L6a,siegle_survey_2019,Siegle2019
872,0.6830537323688544,optimal,optimal,VISp,RS,L6a,siegle_survey_2019,Siegle2019
873,3.615948379887324,optimal,optimal,grey,RS,,siegle_survey_2019,Siegle2019
874,0.3118721210925035,optimal,optimal,VISal,RS,L5,siegle_survey_2019,Siegle2019
875,18.456217748409912,optimal,optimal,VISp,FS,L5,siegle_survey_2019,Siegle2019
876,2.5876611213776903,optimal,optimal,CA1,RS,,siegle_survey_2019,Siegle2019
877,0.4738973656668771,optimal,optimal,VISal,RS,L5,siegle_survey_2019,Siegle2019
878,3.226766292955933,optimal,optimal,CA1,RS,,siegle_survey_2019,Siegle2019
879,1.294625097396782,optimal,optimal,VISp,RS,L5,siegle_survey_2019,Siegle2019
880,1.6292684763557863,optimal,optimal,VISp,RS,L5,siegle_survey_2019,Siegle2019
881,3.7414392231747,optimal,optimal,CA1,RS,,siegle_survey_2019,Siegle2019
882,0.2340385656643671,optimal,optimal,VISp,RS,L4,siegle_survey_2019,Siegle2019
883,2.193714428840437,optimal,optimal,VISp,RS,L4,siegle_survey_2019,Siegle2019
884,2.137058033985036,optimal,optimal,VISp,RS,L4,siegle_survey_2019,Siegle2019
885,2.133351540863654,optimal,optimal,VISp,RS,L4,siegle_survey_2019,Siegle2019
886,2.114818604211683,optimal,optimal,CA1,RS,,siegle_survey_2019,Siegle2019
887,0.9303297734667264,optimal,optimal,VISp,RS,L4,siegle_survey_2019,Siegle2019
888,1.3719317985485513,optimal,optimal,grey,RS,,siegle_survey_2019,Siegle2019
889,0.0503024066473187,optimal,optimal,VISp,RS,L3,siegle_survey_2019,Siegle2019
890,1.2655023695708367,optimal,optimal,VIS,RS,L6a,siegle_survey_2019,Siegle2019
891,0.1360812171463201,optimal,optimal,VIS,RS,L6a,siegle_survey_2019,Siegle2019
892,0.2599839596063936,optimal,optimal,VIS,RS,L5,siegle_survey_2019,Siegle2019
893,0.8080153204874883,optimal,optimal,VIS,RS,L5,siegle_survey_2019,Siegle2019
894,4.760724604523595,optimal,optimal,VIS,RS,L5,siegle_survey_2019,Siegle2019
895,0.0720118503186752,optimal,optimal,VIS,RS,L5,siegle_survey_2019,Siegle2019
896,16.071880093549627,optimal,optimal,VIS,RS,L5,siegle_survey_2019,Siegle2019
897,0.1159602589690432,optimal,optimal,VIS,RS,L5,siegle_survey_2019,Siegle2019
898,2.095227144933808,optimal,optimal,VIS,RS,L5,siegle_survey_2019,Siegle2019
899,0.0714823592451001,optimal,optimal,VISrl,RS,,siegle_survey_2019,Siegle2019
900,2.2286611115750103,optimal,optimal,VISrl,RS,,siegle_survey_2019,Siegle2019
901,5.056185543936748,optimal,optimal,VISrl,RS,,siegle_survey_2019,Siegle2019
902,0.0354764262599355,optimal,optimal,VIS,RS,L5,siegle_survey_2019,Siegle2019
903,3.7970366076119126,optimal,optimal,VIS,RS,L5,siegle_survey_2019,Siegle2019
904,17.353796929001927,optimal,optimal,VIS,FS,L5,siegle_survey_2019,Siegle2019
905,0.8286657775641671,optimal,optimal,VIS,RS,L4,siegle_survey_2019,Siegle2019
906,0.3251123242328426,optimal,optimal,VIS,RS,L4,siegle_survey_2019,Siegle2019
907,0.2742804298902483,optimal,optimal,VIS,RS,L3,siegle_survey_2019,Siegle2019
908,0.2811639463640605,optimal,optimal,VISrl,RS,,siegle_survey_2019,Siegle2019
909,0.4167156794510651,optimal,optimal,VISrl,RS,,siegle_survey_2019,Siegle2019
910,0.0762478498614401,optimal,optimal,VISrl,RS,,siegle_survey_2019,Siegle2019
911,0.5527968509757129,optimal,optimal,VIS,RS,L3,siegle_survey_2019,Siegle2019
912,1.1760171843212397,optimal,optimal,VISrl,RS,,siegle_survey_2019,Siegle2019
913,0.6147482895078611,optimal,optimal,VISrl,RS,,siegle_survey_2019,Siegle2019
914,0.3510578087370473,optimal,optimal,VISrl,RS,,siegle_survey_2019,Siegle2019
915,0.8122513116827045,optimal,optimal,VIS,RS,L3,siegle_survey_2019,Siegle2019
916,0.2388040297743715,optimal,optimal,VISrl,RS,,siegle_survey_2019,Siegle2019
917,1.1055939482063315,optimal,optimal,APN,FS,,siegle_survey_2019,Siegle2019
918,1.2925071013274212,optimal,optimal,APN,FS,,siegle_survey_2019,Siegle2019
919,0.2531004739141673,optimal,optimal,CA1,RS,,siegle_survey_2019,Siegle2019
920,0.3521167681023458,optimal,optimal,VIS,RS,L6a,siegle_survey_2019,Siegle2019
921,1.7547439886257328,optimal,optimal,APN,RS,,siegle_survey_2019,Siegle2019
922,28.90985728273277,optimal,optimal,APN,FS,,siegle_survey_2019,Siegle2019
923,0.3436448622537879,optimal,optimal,APN,FS,,siegle_survey_2019,Siegle2019
924,0.7503000225948657,optimal,optimal,VISrl,RS,,siegle_survey_2019,Siegle2019
925,0.1768526717916258,optimal,optimal,APN,FS,,siegle_survey_2019,Siegle2019
926,15.077484518762114,optimal,optimal,APN,FS,,siegle_survey_2019,Siegle2019
927,0.2933423902687211,optimal,optimal,Eth,RS,,siegle_survey_2019,Siegle2019
928,4.373131410161315,optimal,optimal,Eth,RS,,siegle_survey_2019,Siegle2019
929,6.94384856675814,optimal,optimal,Eth,RS,,siegle_survey_2019,Siegle2019
930,0.2012096265892749,optimal,optimal,POL,FS,,siegle_survey_2019,Siegle2019
931,0.2313910705776661,optimal,optimal,LP,FS,,siegle_survey_2019,Siegle2019
932,0.4701950741455474,optimal,optimal,grey,RS,,siegle_survey_2019,Siegle2019
933,7.567068771354322,optimal,optimal,LP,RS,,siegle_survey_2019,Siegle2019
934,8.423724235077485,optimal,optimal,CA1,FS,,siegle_survey_2019,Siegle2019
935,0.8080154089483169,optimal,optimal,grey,RS,,siegle_survey_2019,Siegle2019
936,0.1969736121420536,optimal,optimal,grey,RS,,siegle_survey_2019,Siegle2019
937,5.302885047099189,optimal,optimal,VISpm,RS,L6a,siegle_survey_2019,Siegle2019
938,13.96394497503017,optimal,optimal,LP,RS,,siegle_survey_2019,Siegle2019
939,0.2075636147973572,optimal,optimal,VISam,RS,L6a,siegle_survey_2019,Siegle2019
940,6.425470575423292,optimal,optimal,VISam,RS,L5,siegle_survey_2019,Siegle2019
941,1.0558209209979974,optimal,optimal,grey,RS,,siegle_survey_2019,Siegle2019
942,0.6057468758371856,optimal,optimal,VISam,RS,L5,siegle_survey_2019,Siegle2019
943,1.1648977062164465,optimal,optimal,grey,RS,,siegle_survey_2019,Siegle2019
944,0.5257924646695142,optimal,optimal,grey,RS,,siegle_survey_2019,Siegle2019
945,0.9816911781487256,optimal,optimal,VISam,RS,L5,siegle_survey_2019,Siegle2019
946,1.4831134315451653,optimal,optimal,VISpm,RS,L5,siegle_survey_2019,Siegle2019
947,0.319817406473479,optimal,optimal,VISam,RS,L4,siegle_survey_2019,Siegle2019
948,2.962547002018403,optimal,optimal,VISam,FS,L4,siegle_survey_2019,Siegle2019
949,0.4447791745657656,optimal,optimal,VISam,RS,L4,siegle_survey_2019,Siegle2019
950,2.022156747222213,optimal,optimal,VISam,FS,L3,siegle_survey_2019,Siegle2019
951,1.4206331084740016,optimal,optimal,VISpm,RS,L5,siegle_survey_2019,Siegle2019
952,11.54784276130658,optimal,optimal,VISal,RS,,siegle_survey_2019,Siegle2019
953,7.705268827664422,optimal,optimal,VISal,RS,,siegle_survey_2019,Siegle2019
954,8.333784090063933,optimal,optimal,VISal,RS,,siegle_survey_2019,Siegle2019
955,23.44091884281913,optimal,optimal,VISal,FS,,siegle_survey_2019,Siegle2019
956,0.3399383691324065,optimal,optimal,APN,FS,,siegle_survey_2019,Siegle2019
957,0.148258393728185,optimal,optimal,VISpm,RS,L5,siegle_survey_2019,Siegle2019
958,0.3738262639040051,optimal,optimal,VISal,RS,,siegle_survey_2019,Siegle2019
959,1.196138144701342,optimal,optimal,VISal,RS,,siegle_survey_2019,Siegle2019
960,0.1535533363613345,optimal,optimal,VISpm,RS,L5,siegle_survey_2019,Siegle2019
961,1.3735201450488497,optimal,optimal,DG,RS,,siegle_survey_2019,Siegle2019
962,0.973748582605475,optimal,optimal,VISal,FS,,siegle_survey_2019,Siegle2019
963,13.895642712058793,optimal,optimal,VPM,FS,,siegle_survey_2019,Siegle2019
964,6.839009307965986,optimal,optimal,VPM,FS,,siegle_survey_2019,Siegle2019
965,10.344821130159415,optimal,optimal,VISal,RS,,siegle_survey_2019,Siegle2019
966,7.9790206922994305,optimal,optimal,VPM,RS,,siegle_survey_2019,Siegle2019
967,6.667980370174414,optimal,optimal,VISal,FS,,siegle_survey_2019,Siegle2019
968,1.2125526123798465,optimal,optimal,VISal,RS,,siegle_survey_2019,Siegle2019
969,5.9420379725916925,optimal,optimal,VPM,FS,,siegle_survey_2019,Siegle2019
970,8.034088590102812,optimal,optimal,VPM,FS,,siegle_survey_2019,Siegle2019
971,3.7837995493739673,optimal,optimal,VISal,RS,,siegle_survey_2019,Siegle2019
972,8.111394527968065,optimal,optimal,VISal,RS,,siegle_survey_2019,Siegle2019
973,4.807850532929697,optimal,optimal,VISal,RS,,siegle_survey_2019,Siegle2019
974,1.0690583949322752,optimal,optimal,VISal,RS,,siegle_survey_2019,Siegle2019
975,1.5985571772947098,optimal,optimal,VISrl,RS,L5,siegle_survey_2019,Siegle2019
976,8.389911929755424,optimal,optimal,VPM,FS,,siegle_survey_2019,Siegle2019
977,0.1652036746997869,optimal,optimal,VISal,RS,,siegle_survey_2019,Siegle2019
978,26.929784524687527,optimal,optimal,VISrl,RS,L5,siegle_survey_2019,Siegle2019
979,0.269514969301896,optimal,optimal,VISal,RS,,siegle_survey_2019,Siegle2019
980,1.5937916872000917,optimal,optimal,VISrl,RS,L4,siegle_survey_2019,Siegle2019
981,1.8993125521550596,optimal,optimal,VISrl,RS,L4,siegle_survey_2019,Siegle2019
982,5.443249898257227,optimal,optimal,LGd,RS,,siegle_survey_2019,Siegle2019
983,9.743840917094309,optimal,optimal,LGd,FS,,siegle_survey_2019,Siegle2019
984,8.13628190044947,optimal,optimal,LGd,RS,,siegle_survey_2019,Siegle2019
985,8.506401713570266,optimal,optimal,LGd,RS,,siegle_survey_2019,Siegle2019
986,11.904726406859652,optimal,optimal,LGd,RS,,siegle_survey_2019,Siegle2019
987,5.313522639008879,optimal,optimal,LGd,RS,,siegle_survey_2019,Siegle2019
988,0.046066404247976,optimal,optimal,CA1,RS,,siegle_survey_2019,Siegle2019
989,5.977514406753485,optimal,optimal,CA3,RS,,siegle_survey_2019,Siegle2019
990,0.4177746773658073,optimal,optimal,grey,RS,,siegle_survey_2019,Siegle2019
991,14.534748025988412,optimal,optimal,CA3,RS,,siegle_survey_2019,Siegle2019
992,0.1736756580177247,optimal,optimal,grey,FS,,siegle_survey_2019,Siegle2019
993,11.25556061160057,optimal,optimal,CA1,FS,,siegle_survey_2019,Siegle2019
994,0.5686818802165743,optimal,optimal,grey,FS,,siegle_survey_2019,Siegle2019
995,0.552796911495441,optimal,optimal,grey,FS,,siegle_survey_2019,Siegle2019
996,0.1429647346818532,optimal,optimal,VISrl,RS,L6a,siegle_survey_2019,Siegle2019
997,10.089073133749167,optimal,optimal,grey,FS,,siegle_survey_2019,Siegle2019
998,0.8085448193868903,optimal,optimal,CA1,RS,,siegle_survey_2019,Siegle2019
999,1.9130799496501325,optimal,optimal,VISrl,RS,L4,siegle_survey_2019,Siegle2019
1000,0.2721624342926402,optimal,optimal,CA1,RS,,siegle_survey_2019,Siegle2019
1001,4.668062297128242,optimal,optimal,CA1,FS,,siegle_survey_2019,Siegle2019
1002,2.0936391145631394,optimal,optimal,VISrl,RS,L4,siegle_survey_2019,Siegle2019
1003,0.0545383987860403,optimal,optimal,LGd,FS,,siegle_survey_2019,Siegle2019
1004,0.5263219060056116,optimal,optimal,VIS,RS,L5,siegle_survey_2019,Siegle2019
1005,1.2829758332511036,optimal,optimal,VIS,RS,L5,siegle_survey_2019,Siegle2019
1006,6.957616299856412,optimal,optimal,grey,RS,,siegle_survey_2019,Siegle2019
1007,4.283117066174925,optimal,optimal,grey,FS,,siegle_survey_2019,Siegle2019
1008,5.408831257391673,optimal,optimal,VIS,RS,L4,siegle_survey_2019,Siegle2019
1009,7.189536056080678,optimal,optimal,VIS,RS,L4,siegle_survey_2019,Siegle2019
1010,0.6444001605722629,optimal,optimal,VIS,RS,L3,siegle_survey_2019,Siegle2019
1011,0.5157319280175712,optimal,optimal,VIS,RS,L3,siegle_survey_2019,Siegle2019
1012,0.3642952427885924,optimal,optimal,VIS,RS,L3,siegle_survey_2019,Siegle2019
1013,0.1111947688744249,optimal,optimal,VIS,RS,L3,siegle_survey_2019,Siegle2019
1014,0.7232954965831645,optimal,optimal,VIS,RS,L3,siegle_survey_2019,Siegle2019
1015,0.0577153800348205,optimal,optimal,VIS,RS,L3,siegle_survey_2019,Siegle2019
1016,0.1111947688744249,optimal,optimal,VIS,RS,L3,siegle_survey_2019,Siegle2019
1017,0.3600592515933761,optimal,optimal,VIS,RS,L3,siegle_survey_2019,Siegle2019
1018,0.624279202394986,optimal,optimal,VIS,RS,L3,siegle_survey_2019,Siegle2019
1019,6.681748099815947,optimal,optimal,Eth,RS,,siegle_survey_2019,Siegle2019
1020,5.889617569875012,optimal,optimal,Eth,RS,,siegle_survey_2019,Siegle2019
1021,0.5422068729876723,optimal,optimal,CA1,RS,,siegle_survey_2019,Siegle2019
1022,2.905890607163002,optimal,optimal,LP,RS,,siegle_survey_2019,Siegle2019
1023,10.6381647573819,optimal,optimal,LP,RS,,siegle_survey_2019,Siegle2019
1024,0.7635374129377183,optimal,optimal,IGL,FS,,siegle_survey_2019,Siegle2019
1025,0.6597557756058856,optimal,optimal,LP,RS,,siegle_survey_2019,Siegle2019
1026,4.472148700455305,optimal,optimal,LP,RS,,siegle_survey_2019,Siegle2019
1027,0.9610407164724578,optimal,optimal,LP,RS,,siegle_survey_2019,Siegle2019
1028,6.149072088371709,optimal,optimal,LP,RS,,siegle_survey_2019,Siegle2019
1029,1.8331255980317624,optimal,optimal,LP,RS,,siegle_survey_2019,Siegle2019
1030,4.042195498375065,optimal,optimal,LP,RS,,siegle_survey_2019,Siegle2019
1031,0.2345680381154026,optimal,optimal,grey,RS,,siegle_survey_2019,Siegle2019
1032,13.572115789472672,optimal,optimal,CA1,FS,,siegle_survey_2019,Siegle2019
1033,2.1714754701121484,optimal,optimal,DG,FS,,siegle_survey_2019,Siegle2019
1034,0.0878968269236045,optimal,optimal,grey,RS,,siegle_survey_2019,Siegle2019
1035,0.2700444682592671,optimal,optimal,grey,RS,,siegle_survey_2019,Siegle2019
1036,2.4213987320580954,optimal,optimal,grey,RS,,siegle_survey_2019,Siegle2019
1037,0.05242039677974,optimal,optimal,grey,RS,,siegle_survey_2019,Siegle2019
1038,1.3258653892572645,optimal,optimal,grey,RS,,siegle_survey_2019,Siegle2019
1039,16.560079891781527,optimal,optimal,grey,FS,,siegle_survey_2019,Siegle2019
1040,0.1975030894769548,optimal,optimal,VISal,RS,L5,siegle_survey_2019,Siegle2019
1041,1.7198126135413718,optimal,optimal,grey,RS,,siegle_survey_2019,Siegle2019
1042,0.3420562890137073,optimal,optimal,VISal,RS,L4,siegle_survey_2019,Siegle2019
1043,9.088319109336336,optimal,optimal,VISal,RS,L2,siegle_survey_2019,Siegle2019
1044,11.106240630859077,optimal,optimal,grey,FS,,siegle_survey_2019,Siegle2019
1045,1.701280150033383,optimal,optimal,grey,RS,,siegle_survey_2019,Siegle2019
1046,11.645800068420238,optimal,optimal,grey,FS,,siegle_survey_2019,Siegle2019
1047,1.512778521209267,optimal,optimal,grey,RS,,siegle_survey_2019,Siegle2019
1048,7.479172772866957,optimal,optimal,grey,FS,,siegle_survey_2019,Siegle2019
1049,1.994093073459608,optimal,optimal,VISal,FS,,siegle_survey_2019,Siegle2019
1050,0.1249617539395824,optimal,optimal,VISal,FS,,siegle_survey_2019,Siegle2019
1051,0.0561268894813378,optimal,optimal,VISal,RS,,siegle_survey_2019,Siegle2019
1052,0.3600592910123562,optimal,optimal,VISal,RS,,siegle_survey_2019,Siegle2019
1053,1.20458849042995,optimal,optimal,CA1,FS,,siegle_survey_2019,Siegle2019
1054,0.1959146142273114,optimal,optimal,grey,FS,,siegle_survey_2019,Siegle2019
1055,0.0693643634156156,optimal,optimal,VISal,FS,,siegle_survey_2019,Siegle2019
1056,0.8895422698559631,optimal,optimal,VISal,RS,L6a,siegle_survey_2019,Siegle2019
1057,0.1180761465344522,optimal,optimal,VISal,RS,L6a,siegle_survey_2019,Siegle2019
1058,0.3266949883935293,optimal,optimal,VISal,RS,L6a,siegle_survey_2019,Siegle2019
1059,0.7767610177849392,optimal,optimal,VISal,RS,L6a,siegle_survey_2019,Siegle2019
1060,2.464243883279555,optimal,optimal,VISal,RS,L5,siegle_survey_2019,Siegle2019
1061,1.667891755979931,optimal,optimal,VISal,RS,L5,siegle_survey_2019,Siegle2019
1062,1.64724166757256,optimal,optimal,VISal,RS,L5,siegle_survey_2019,Siegle2019
1063,1.8860414078731789,optimal,optimal,VISal,FS,L5,siegle_survey_2019,Siegle2019
1064,6.48995214382413,optimal,optimal,VISal,RS,L5,siegle_survey_2019,Siegle2019
1065,2.228131612617639,optimal,optimal,grey,RS,,siegle_survey_2019,Siegle2019
1066,1.410559885057313,optimal,optimal,VISal,RS,L5,siegle_survey_2019,Siegle2019
1067,1.8304450160071808,optimal,optimal,VISal,RS,L4,siegle_survey_2019,Siegle2019
1068,2.0898948447151704,optimal,optimal,VISal,RS,L4,siegle_survey_2019,Siegle2019
1069,0.5151932312915786,optimal,optimal,VISal,RS,L3,siegle_survey_2019,Siegle2019
1070,2.357816504564645,optimal,optimal,VISal,RS,L3,siegle_survey_2019,Siegle2019
1071,0.3325193723033005,optimal,optimal,VISal,RS,L2,siegle_survey_2019,Siegle2019
1072,7.977431981181991,optimal,optimal,VISrl,FS,L6a,siegle_survey_2019,Siegle2019
1073,12.65184808742535,optimal,optimal,grey,FS,,siegle_survey_2019,Siegle2019
1074,7.207410343618672,optimal,optimal,VISam,RS,L5,siegle_survey_2019,Siegle2019
1075,0.3738262639040051,optimal,optimal,grey,RS,,siegle_survey_2019,Siegle2019
1076,1.8479181677364944,optimal,optimal,VISam,RS,L3,siegle_survey_2019,Siegle2019
1077,0.7598310694939703,optimal,optimal,VISrl,RS,L4,siegle_survey_2019,Siegle2019
1078,3.074271212182573,optimal,optimal,VISrl,RS,L4,siegle_survey_2019,Siegle2019
1079,2.2847469609693336,optimal,optimal,MGv,FS,,siegle_survey_2019,Siegle2019
1080,1.5768480313261628,optimal,optimal,VISrl,RS,L4,siegle_survey_2019,Siegle2019
1081,0.2552185195094729,optimal,optimal,VISrl,RS,L4,siegle_survey_2019,Siegle2019
1082,9.59911417274926,optimal,optimal,MGv,FS,,siegle_survey_2019,Siegle2019
1083,0.2642152337250747,optimal,optimal,MGd,FS,,siegle_survey_2019,Siegle2019
1084,0.1948521162541633,optimal,optimal,MGd,FS,,siegle_survey_2019,Siegle2019
1085,0.2091483313054198,optimal,optimal,MGd,RS,,siegle_survey_2019,Siegle2019
1086,0.1482570449759938,optimal,optimal,MGd,FS,,siegle_survey_2019,Siegle2019
1087,0.1074863576075955,optimal,optimal,MGd,FS,,siegle_survey_2019,Siegle2019
1088,0.0831313363072645,optimal,optimal,VISpm,RS,,siegle_survey_2019,Siegle2019
1089,0.0534784340806263,optimal,optimal,MGd,FS,,siegle_survey_2019,Siegle2019
1090,0.5713191126039191,optimal,optimal,MGd,FS,,siegle_survey_2019,Siegle2019
1091,1.20937561863562,optimal,optimal,VISpm,RS,,siegle_survey_2019,Siegle2019
1092,8.865401043264528,optimal,optimal,VISpm,RS,,siegle_survey_2019,Siegle2019
1093,0.6825242150367441,optimal,optimal,VISrl,RS,L5,siegle_survey_2019,Siegle2019
1094,10.800525726501151,optimal,optimal,CA3,RS,,siegle_survey_2019,Siegle2019
1095,0.6470361034309445,optimal,optimal,DG,FS,,siegle_survey_2019,Siegle2019
1096,0.6385757425895611,optimal,optimal,VISpm,FS,,siegle_survey_2019,Siegle2019
1097,2.1450002763103746,optimal,optimal,VISpm,RS,,siegle_survey_2019,Siegle2019
1098,0.6624031956712612,optimal,optimal,VISpm,RS,,siegle_survey_2019,Siegle2019
1099,0.4516544977304383,optimal,optimal,DG,FS,,siegle_survey_2019,Siegle2019
1100,1.803473448806008,optimal,optimal,VISpm,RS,,siegle_survey_2019,Siegle2019
1101,1.7531395568411272,optimal,optimal,DG,FS,,siegle_survey_2019,Siegle2019
1102,11.012519315404388,optimal,optimal,VISpm,FS,,siegle_survey_2019,Siegle2019
1103,1.7473465593246698,optimal,optimal,VISpm,RS,,siegle_survey_2019,Siegle2019
1104,0.3261654989471864,optimal,optimal,CA1,RS,,siegle_survey_2019,Siegle2019
1105,0.9467441357795484,optimal,optimal,VISpm,RS,,siegle_survey_2019,Siegle2019
1106,4.441437254428887,optimal,optimal,VISpm,RS,,siegle_survey_2019,Siegle2019
1107,0.591450386498094,optimal,optimal,DG,RS,,siegle_survey_2019,Siegle2019
1108,0.3542348330950983,optimal,optimal,DG,RS,,siegle_survey_2019,Siegle2019
1109,11.777433755003685,optimal,optimal,VISal,FS,L5,siegle_survey_2019,Siegle2019
1110,0.3446976295691857,optimal,optimal,VISal,RS,L5,siegle_survey_2019,Siegle2019
1111,1.2093538954470355,optimal,optimal,VISal,RS,L5,siegle_survey_2019,Siegle2019
1112,5.322957404084522,optimal,optimal,VISal,RS,L5,siegle_survey_2019,Siegle2019
1113,12.25631236626913,optimal,optimal,grey,FS,,siegle_survey_2019,Siegle2019
1114,4.390526489074789,optimal,optimal,VISal,RS,L5,siegle_survey_2019,Siegle2019
1115,9.420676229331724,optimal,optimal,VISal,RS,L5,siegle_survey_2019,Siegle2019
1116,4.168140921610799,optimal,optimal,VISal,RS,L3,siegle_survey_2019,Siegle2019
1117,0.4956021217768937,optimal,optimal,VISal,RS,L3,siegle_survey_2019,Siegle2019
1118,1.3157812741619457,optimal,optimal,VISal,RS,L3,siegle_survey_2019,Siegle2019
1119,8.787564696530975,optimal,optimal,grey,RS,,siegle_survey_2019,Siegle2019
1120,5.445367277604516,optimal,optimal,grey,FS,,siegle_survey_2019,Siegle2019
1121,0.4188336752805496,optimal,optimal,grey,FS,,siegle_survey_2019,Siegle2019
1122,7.159884901572177,optimal,optimal,grey,RS,,siegle_survey_2019,Siegle2019
1123,0.9308592475055052,optimal,optimal,VISpm,RS,L3,siegle_survey_2019,Siegle2019
1124,0.1212552717171562,optimal,optimal,VISpm,RS,L3,siegle_survey_2019,Siegle2019
1125,0.2896307271495308,optimal,optimal,ProS,RS,,siegle_survey_2019,Siegle2019
1126,1.2215321527129208,optimal,optimal,ProS,RS,,siegle_survey_2019,Siegle2019
1127,4.015647961064062,optimal,optimal,CA1,FS,,siegle_survey_2019,Siegle2019
1128,2.023708663922316,optimal,optimal,VISrl,RS,L5,siegle_survey_2019,Siegle2019
1129,2.1095238461665105,optimal,optimal,grey,RS,,siegle_survey_2019,Siegle2019
1130,2.4488886893356128,optimal,optimal,VISrl,RS,L4,siegle_survey_2019,Siegle2019
1131,1.1807614653445224,optimal,optimal,VISrl,RS,L3,siegle_survey_2019,Siegle2019
1132,0.9901452646611018,optimal,optimal,VISrl,RS,L3,siegle_survey_2019,Siegle2019
1133,0.175264154889838,optimal,optimal,VISp,RS,,siegle_survey_2019,Siegle2019
1134,3.5089593343375287,optimal,optimal,grey,RS,,siegle_survey_2019,Siegle2019
1135,0.5030196721926441,optimal,optimal,grey,FS,,siegle_survey_2019,Siegle2019
1136,21.870954434213782,optimal,optimal,VISp,FS,,siegle_survey_2019,Siegle2019
1137,6.424410849783702,optimal,optimal,VISp,RS,,siegle_survey_2019,Siegle2019
1138,4.36621075463215,optimal,optimal,grey,RS,,siegle_survey_2019,Siegle2019
1139,2.496036562859078,optimal,optimal,grey,RS,,siegle_survey_2019,Siegle2019
1140,1.8309916067812244,optimal,optimal,grey,FS,,siegle_survey_2019,Siegle2019
1141,3.5089593343375287,optimal,optimal,grey,RS,,siegle_survey_2019,Siegle2019
1142,2.7687261746266696,optimal,optimal,grey,RS,,siegle_survey_2019,Siegle2019
1143,0.8726142817475926,optimal,optimal,VISp,RS,,siegle_survey_2019,Siegle2019
1144,0.4686065772734341,optimal,optimal,VISp,RS,,siegle_survey_2019,Siegle2019
1145,1.1548372260263953,optimal,optimal,VISp,RS,,siegle_survey_2019,Siegle2019
1146,0.184265637165147,optimal,optimal,VISp,RS,,siegle_survey_2019,Siegle2019
1147,0.2626314828560716,optimal,optimal,VISp,RS,,siegle_survey_2019,Siegle2019
1148,0.2689854703445249,optimal,optimal,VISp,RS,,siegle_survey_2019,Siegle2019
1149,0.600451817658841,optimal,optimal,VISp,RS,,siegle_survey_2019,Siegle2019
1150,0.1636151778276736,optimal,optimal,VISp,RS,,siegle_survey_2019,Siegle2019
1151,0.1085472862610779,optimal,optimal,VISp,RS,,siegle_survey_2019,Siegle2019
1152,0.3844162430514273,optimal,optimal,VISp,RS,,siegle_survey_2019,Siegle2019
1153,0.1805591444635492,optimal,optimal,VISp,RS,,siegle_survey_2019,Siegle2019
1154,3.831950913324385,optimal,optimal,grey,RS,,siegle_survey_2019,Siegle2019
1155,0.4214811700674051,optimal,optimal,VISp,RS,,siegle_survey_2019,Siegle2019
1156,0.236686033944887,optimal,optimal,VISp,RS,,siegle_survey_2019,Siegle2019
1157,3.407325790683106,optimal,optimal,VISp,RS,,siegle_survey_2019,Siegle2019
1158,0.1297272557672632,optimal,optimal,VISl,FS,L6a,siegle_survey_2019,Siegle2019
1159,0.9419705229796989,optimal,optimal,VIS,FS,,siegle_survey_2019,Siegle2019
1160,0.6290393374366959,optimal,optimal,VIS,RS,,siegle_survey_2019,Siegle2019
1161,0.9202612529166478,optimal,optimal,VIS,RS,,siegle_survey_2019,Siegle2019
1162,2.3393062228916857,optimal,optimal,VIS,RS,,siegle_survey_2019,Siegle2019
1163,4.232814665224669,optimal,optimal,grey,FS,,siegle_survey_2019,Siegle2019
1164,0.1286671372029605,optimal,optimal,VIS,RS,,siegle_survey_2019,Siegle2019
1165,0.1556713511838288,optimal,optimal,VIS,RS,,siegle_survey_2019,Siegle2019
1166,0.4453047834884354,optimal,optimal,VIS,RS,,siegle_survey_2019,Siegle2019
1167,0.4024192423800818,optimal,optimal,DG,RS,,siegle_survey_2019,Siegle2019
1168,0.6068058051472943,optimal,optimal,grey,RS,,siegle_survey_2019,Siegle2019
1169,9.139682293056044,optimal,optimal,DG,RS,,siegle_survey_2019,Siegle2019
1170,0.1784396100304432,optimal,optimal,grey,RS,,siegle_survey_2019,Siegle2019
1171,0.7693620515503407,optimal,optimal,DG,RS,,siegle_survey_2019,Siegle2019
1172,0.7349446163467811,optimal,optimal,DG,RS,,siegle_survey_2019,Siegle2019
1173,0.8281363693284192,optimal,optimal,grey,RS,,siegle_survey_2019,Siegle2019
1174,1.0420540381631591,optimal,optimal,DG,FS,,siegle_survey_2019,Siegle2019
1175,3.212470451999943,optimal,optimal,CA1,RS,,siegle_survey_2019,Siegle2019
1176,3.979185008534625,optimal,optimal,CA1,RS,,siegle_survey_2019,Siegle2019
1177,1.1172331666594515,optimal,optimal,grey,RS,,siegle_survey_2019,Siegle2019
1178,10.289223739635448,optimal,optimal,VISam,RS,,siegle_survey_2019,Siegle2019
1179,0.5734474203916167,optimal,optimal,CA1,RS,,siegle_survey_2019,Siegle2019
1180,2.7327443551626347,optimal,optimal,CA1,RS,,siegle_survey_2019,Siegle2019
1181,1.532370115063101,optimal,optimal,CA1,RS,,siegle_survey_2019,Siegle2019
1182,3.0287342979132474,optimal,optimal,CA1,RS,,siegle_survey_2019,Siegle2019
1183,7.3033797501953535,optimal,optimal,CA1,FS,,siegle_survey_2019,Siegle2019
1184,0.1959146142273114,optimal,optimal,VISam,RS,,siegle_survey_2019,Siegle2019
1185,0.1879721298667447,optimal,optimal,VISam,RS,,siegle_survey_2019,Siegle2019
1186,17.68367820758894,optimal,optimal,CA1,RS,,siegle_survey_2019,Siegle2019
1187,0.8302543651579036,optimal,optimal,VISam,RS,,siegle_survey_2019,Siegle2019
1188,1.351810838168449,optimal,optimal,VISam,RS,,siegle_survey_2019,Siegle2019
1189,0.170498664273498,optimal,optimal,VISam,RS,,siegle_survey_2019,Siegle2019
1190,0.0751888519466979,optimal,optimal,VISam,RS,,siegle_survey_2019,Siegle2019
1191,0.926623175399446,optimal,optimal,VISam,RS,,siegle_survey_2019,Siegle2019
1192,0.0555973905239667,optimal,optimal,VISam,RS,,siegle_survey_2019,Siegle2019
1193,0.1180782674937579,optimal,optimal,VISam,RS,,siegle_survey_2019,Siegle2019
1194,9.266762053807648,optimal,optimal,CA1,RS,,siegle_survey_2019,Siegle2019
1195,0.1096062936482591,optimal,optimal,VISp,RS,L6a,siegle_survey_2019,Siegle2019
1196,0.1810886434209203,optimal,optimal,VISam,RS,,siegle_survey_2019,Siegle2019
1197,4.177217635705876,optimal,optimal,VISp,RS,L5,siegle_survey_2019,Siegle2019
1198,0.5099075400158143,optimal,optimal,VISp,RS,L5,siegle_survey_2019,Siegle2019
1199,1.5911306473041005,optimal,optimal,VISrl,RS,,siegle_survey_2019,Siegle2019
1200,3.7472644451629455,optimal,optimal,VISp,RS,L5,siegle_survey_2019,Siegle2019
1201,0.4220107054959542,optimal,optimal,VISp,RS,L5,siegle_survey_2019,Siegle2019
1202,6.086061541995607,optimal,optimal,VISp,RS,L5,siegle_survey_2019,Siegle2019
1203,0.7132351572183819,optimal,optimal,VISp,RS,L5,siegle_survey_2019,Siegle2019
1204,3.2108539917644143,optimal,optimal,VISrl,RS,,siegle_survey_2019,Siegle2019
1205,1.611780928583588,optimal,optimal,VISrl,RS,,siegle_survey_2019,Siegle2019
1206,1.192421370292457,optimal,optimal,VISrl,RS,,siegle_survey_2019,Siegle2019
1207,1.8241240657886604,optimal,optimal,VISp,RS,L5,siegle_survey_2019,Siegle2019
1208,0.1339632477923167,optimal,optimal,VISp,RS,L5,siegle_survey_2019,Siegle2019
1209,0.3791212862422876,optimal,optimal,VISp,RS,L4,siegle_survey_2019,Siegle2019
1210,4.36621075463215,optimal,optimal,VISrl,RS,,siegle_survey_2019,Siegle2019
1211,0.4807850948435714,optimal,optimal,VISp,RS,L4,siegle_survey_2019,Siegle2019
1212,0.6020403665607277,optimal,optimal,VISp,RS,L4,siegle_survey_2019,Siegle2019
1213,0.3245800621622008,optimal,optimal,VISrl,RS,,siegle_survey_2019,Siegle2019
1214,0.1307862537735266,optimal,optimal,VISp,RS,L3,siegle_survey_2019,Siegle2019
1215,0.0778363534603579,optimal,optimal,VISp,RS,L3,siegle_survey_2019,Siegle2019
1216,0.0974278165762303,optimal,optimal,VISp,RS,L3,siegle_survey_2019,Siegle2019
1217,0.644924169190148,optimal,optimal,VISrl,RS,,siegle_survey_2019,Siegle2019
1218,0.3367584331731806,optimal,optimal,VISrl,RS,,siegle_survey_2019,Siegle2019
1219,0.2075636092276211,optimal,optimal,VISp,RS,L3,siegle_survey_2019,Siegle2019
1220,0.7238188335656257,optimal,optimal,VISrl,RS,,siegle_survey_2019,Siegle2019
1221,0.1350210699043413,optimal,optimal,VISrl,RS,,siegle_survey_2019,Siegle2019
1222,0.081013347479148,optimal,optimal,VISp,RS,L3,siegle_survey_2019,Siegle2019
1223,0.265279000568975,optimal,optimal,VISp,RS,L3,siegle_survey_2019,Siegle2019
1224,0.3102864158351683,optimal,optimal,VISp,RS,L3,siegle_survey_2019,Siegle2019
1225,0.3605856808033585,optimal,optimal,VISrl,RS,,siegle_survey_2019,Siegle2019
1226,0.1810870819893518,optimal,optimal,VISrl,RS,,siegle_survey_2019,Siegle2019
1227,0.1546136606802529,optimal,optimal,MGm,RS,,siegle_survey_2019,Siegle2019
1228,0.1000752803718075,optimal,optimal,MGm,FS,,siegle_survey_2019,Siegle2019
1229,0.5024945539719706,optimal,optimal,VISp,RS,L4,siegle_survey_2019,Siegle2019
1230,0.0794248504697529,optimal,optimal,VISp,RS,L3,siegle_survey_2019,Siegle2019
1231,10.351702281845704,optimal,optimal,SGN,RS,,siegle_survey_2019,Siegle2019
1232,0.4686064715822736,optimal,optimal,SGN,FS,,siegle_survey_2019,Siegle2019
1233,19.365361000201684,optimal,optimal,SGN,FS,,siegle_survey_2019,Siegle2019
1234,0.8207231988164113,optimal,optimal,SGN,FS,,siegle_survey_2019,Siegle2019
1235,13.271358874280343,optimal,optimal,SGN,FS,,siegle_survey_2019,Siegle2019
1236,0.3150518085779127,optimal,optimal,SGN,RS,,siegle_survey_2019,Siegle2019
1237,0.096368788506185,optimal,optimal,SGN,RS,,siegle_survey_2019,Siegle2019
1238,43.921030303902775,optimal,optimal,grey,FS,,siegle_survey_2019,Siegle2019
1239,9.538921565598484,optimal,optimal,LP,FS,,siegle_survey_2019,Siegle2019
1240,6.989384660888148,optimal,optimal,LP,FS,,siegle_survey_2019,Siegle2019
1241,4.2942355757426425,optimal,optimal,LP,FS,,siegle_survey_2019,Siegle2019
1242,7.868882230716574,optimal,optimal,LP,RS,,siegle_survey_2019,Siegle2019
1243,0.8291951802235485,optimal,optimal,LP,FS,,siegle_survey_2019,Siegle2019
1244,0.4924337973531709,optimal,optimal,DG,FS,,siegle_survey_2019,Siegle2019
1245,1.0436419511646235,optimal,optimal,DG,RS,,siegle_survey_2019,Siegle2019
1246,32.48527516281117,optimal,optimal,DG,FS,,siegle_survey_2019,Siegle2019
1247,0.6915254823575698,optimal,optimal,ProS,FS,,siegle_survey_2019,Siegle2019
1248,1.4725359036980306,optimal,optimal,CA1,RS,,siegle_survey_2019,Siegle2019
1249,0.2981078457636384,optimal,optimal,SUB,RS,,siegle_survey_2019,Siegle2019
1250,7.275316303029374,optimal,optimal,VISal,RS,L6a,siegle_survey_2019,Siegle2019
1251,0.155143159518199,optimal,optimal,SUB,RS,,siegle_survey_2019,Siegle2019
1252,1.4402372885181876,optimal,optimal,VISal,RS,L5,siegle_survey_2019,Siegle2019
1253,0.1376697408142385,optimal,optimal,VISal,RS,L5,siegle_survey_2019,Siegle2019
1254,0.7169412490496704,optimal,optimal,CA1,FS,,siegle_survey_2019,Siegle2019
1255,13.232180088260847,optimal,optimal,VISal,RS,L5,siegle_survey_2019,Siegle2019
1256,5.524263099672886,optimal,optimal,VISal,RS,L5,siegle_survey_2019,Siegle2019
1257,1.003929796745752,optimal,optimal,SUB,FS,,siegle_survey_2019,Siegle2019
1258,0.3590002121274367,optimal,optimal,VISp,RS,L6b,siegle_survey_2019,Siegle2019
1259,2.437812649903715,optimal,optimal,VISp,RS,L6a,siegle_survey_2019,Siegle2019
1260,1.8712494770673809,optimal,optimal,VISal,RS,L4,siegle_survey_2019,Siegle2019
1261,0.6698158641416787,optimal,optimal,CA1,RS,,siegle_survey_2019,Siegle2019
1262,1.3925823782363358,optimal,optimal,VISal,RS,L4,siegle_survey_2019,Siegle2019
1263,2.589778816394237,optimal,optimal,VISp,RS,L6a,siegle_survey_2019,Siegle2019
1264,4.946047420511795,optimal,optimal,CA1,RS,,siegle_survey_2019,Siegle2019
1265,0.6274559675951694,optimal,optimal,CA1,RS,,siegle_survey_2019,Siegle2019
1266,0.2965194417537445,optimal,optimal,LGd,FS,,siegle_survey_2019,Siegle2019
1267,4.138562917386498,optimal,optimal,VISp,RS,L5,siegle_survey_2019,Siegle2019
1268,5.462308659672377,optimal,optimal,CA1,RS,,siegle_survey_2019,Siegle2019
1269,0.2324499898583255,optimal,optimal,VISp,RS,L5,siegle_survey_2019,Siegle2019
1270,0.9435669292199,optimal,optimal,VISp,RS,L5,siegle_survey_2019,Siegle2019
1271,0.2769278922457955,optimal,optimal,VISp,RS,L5,siegle_survey_2019,Siegle2019
1272,14.701535235572685,optimal,optimal,VISp,RS,L5,siegle_survey_2019,Siegle2019
1273,1.9946221225428529,optimal,optimal,VISp,RS,L5,siegle_survey_2019,Siegle2019
1274,7.753980982882276,optimal,optimal,VISp,RS,L5,siegle_survey_2019,Siegle2019
1275,1.3629300088731888,optimal,optimal,VISp,RS,L5,siegle_survey_2019,Siegle2019
1276,18.466271973369256,optimal,optimal,VISp,FS,L4,siegle_survey_2019,Siegle2019
1277,0.3012848387913149,optimal,optimal,VISp,RS,L4,siegle_survey_2019,Siegle2019
1278,0.8646716023659353,optimal,optimal,VISp,RS,L4,siegle_survey_2019,Siegle2019
1279,1.191901589077406,optimal,optimal,VISl,RS,L5,siegle_survey_2019,Siegle2019
1280,0.2107405375025366,optimal,optimal,VISp,RS,L3,siegle_survey_2019,Siegle2019
1281,6.828415323297303,optimal,optimal,VISl,RS,L4,siegle_survey_2019,Siegle2019
1282,0.0338879256285485,optimal,optimal,VISp,RS,L4,siegle_survey_2019,Siegle2019
1283,0.0645988582294207,optimal,optimal,VISp,RS,L3,siegle_survey_2019,Siegle2019
1284,3.8579297368174688,optimal,optimal,CA1,RS,,siegle_survey_2019,Siegle2019
1285,0.1599086094630727,optimal,optimal,CA3,FS,,siegle_survey_2019,Siegle2019
1286,0.0783658086110422,optimal,optimal,CA3,RS,,siegle_survey_2019,Siegle2019
1287,0.4844873684802835,optimal,optimal,VISl,RS,,siegle_survey_2019,Siegle2019
1288,4.385309375869367,optimal,optimal,DG,RS,,siegle_survey_2019,Siegle2019
1289,1.2660321164878627,optimal,optimal,VISam,RS,L6a,siegle_survey_2019,Siegle2019
1290,0.0391829262317448,optimal,optimal,VISam,RS,L6a,siegle_survey_2019,Siegle2019
1291,1.0330525551099206,optimal,optimal,VISam,RS,L5,siegle_survey_2019,Siegle2019
1292,0.1037817465389478,optimal,optimal,VPM,FS,,siegle_survey_2019,Siegle2019
1293,2.573365155219997,optimal,optimal,VISam,RS,L4,siegle_survey_2019,Siegle2019
1294,21.801579755074687,optimal,optimal,VPM,RS,,siegle_survey_2019,Siegle2019
1295,4.401725213033712,optimal,optimal,VISam,RS,L4,siegle_survey_2019,Siegle2019
1296,0.2642200025627116,optimal,optimal,VISam,RS,L4,siegle_survey_2019,Siegle2019
1297,8.568352868676953,optimal,optimal,VISam,RS,L4,siegle_survey_2019,Siegle2019
1298,0.2059750479610219,optimal,optimal,VISrl,FS,L4,siegle_survey_2019,Siegle2019
1299,0.9186804838364346,optimal,optimal,VISrl,RS,L4,siegle_survey_2019,Siegle2019
1300,1.737815186139008,optimal,optimal,VISrl,RS,L4,siegle_survey_2019,Siegle2019
1301,0.3457628490449914,optimal,optimal,VISam,RS,L3,siegle_survey_2019,Siegle2019
1302,0.6698160300017809,optimal,optimal,VISrl,RS,L4,siegle_survey_2019,Siegle2019
1303,0.6687570323258888,optimal,optimal,VISrl,RS,L3,siegle_survey_2019,Siegle2019
1304,0.231391064368547,optimal,optimal,VISam,RS,L3,siegle_survey_2019,Siegle2019
1305,0.2663379154868741,optimal,optimal,VISrl,RS,L3,siegle_survey_2019,Siegle2019
1306,0.4394840354952396,optimal,optimal,VISrl,RS,L3,siegle_survey_2019,Siegle2019
1307,10.95003325727266,optimal,optimal,TH,RS,,siegle_survey_2019,Siegle2019
1308,0.9255637395412288,optimal,optimal,TH,FS,,siegle_survey_2019,Siegle2019
1309,9.510326273398174,optimal,optimal,TH,RS,,siegle_survey_2019,Siegle2019
1310,0.4077140042601522,optimal,optimal,TH,RS,,siegle_survey_2019,Siegle2019
1311,0.0762478564509628,optimal,optimal,VISam,RS,L3,siegle_survey_2019,Siegle2019
1312,0.0481844092849834,optimal,optimal,VISam,RS,L3,siegle_survey_2019,Siegle2019
1313,0.3568823281107568,optimal,optimal,VISam,RS,L3,siegle_survey_2019,Siegle2019
1314,5.5623839152635055,optimal,optimal,LGd,FS,,siegle_survey_2019,Siegle2019
1315,8.47992388970634,optimal,optimal,Eth,RS,,siegle_survey_2019,Siegle2019
1316,5.972217393193744,optimal,optimal,Eth,RS,,siegle_survey_2019,Siegle2019
1317,11.508657242757872,optimal,optimal,Eth,RS,,siegle_survey_2019,Siegle2019
1318,2.896888142402959,optimal,optimal,Eth,RS,,siegle_survey_2019,Siegle2019
1319,0.736532883582986,optimal,optimal,TH,RS,,siegle_survey_2019,Siegle2019
1320,0.0995457568842969,optimal,optimal,LGd,FS,,siegle_survey_2019,Siegle2019
1321,0.1037817465389478,optimal,optimal,LGd,FS,,siegle_survey_2019,Siegle2019
1322,3.1372806148304755,optimal,optimal,TH,RS,,siegle_survey_2019,Siegle2019
1323,1.91043239128903,optimal,optimal,grey,FS,,siegle_survey_2019,Siegle2019
1324,8.386734657878865,optimal,optimal,grey,RS,,siegle_survey_2019,Siegle2019
1325,8.967595060662697,optimal,optimal,grey,RS,,siegle_survey_2019,Siegle2019
1326,5.227214126054685,optimal,optimal,grey,FS,,siegle_survey_2019,Siegle2019
1327,0.7730685397123015,optimal,optimal,grey,RS,,siegle_survey_2019,Siegle2019
1328,3.1664030509175096,optimal,optimal,APN,RS,,siegle_survey_2019,Siegle2019
1329,1.0743531421925798,optimal,optimal,APN,FS,,siegle_survey_2019,Siegle2019
1330,0.5072597611444492,optimal,optimal,LGd,RS,,siegle_survey_2019,Siegle2019
1331,1.2316146735416529,optimal,optimal,grey,RS,,siegle_survey_2019,Siegle2019
1332,1.7960449769236302,optimal,optimal,grey,RS,,siegle_survey_2019,Siegle2019
1333,9.030073182332307,optimal,optimal,CA1,FS,,siegle_survey_2019,Siegle2019
1334,20.483127975064583,optimal,optimal,CA3,FS,,siegle_survey_2019,Siegle2019
1335,4.983115087145527,optimal,optimal,grey,RS,,siegle_survey_2019,Siegle2019
1336,0.4188300638993489,optimal,optimal,grey,RS,,siegle_survey_2019,Siegle2019
1337,0.3161081518936932,optimal,optimal,grey,RS,,siegle_survey_2019,Siegle2019
1338,4.729485066239916,optimal,optimal,grey,RS,,siegle_survey_2019,Siegle2019
1339,26.137129628273037,optimal,optimal,grey,RS,,siegle_survey_2019,Siegle2019
1340,12.124468097487863,optimal,optimal,grey,RS,,siegle_survey_2019,Siegle2019
1341,0.2959899408898469,optimal,optimal,grey,RS,,siegle_survey_2019,Siegle2019
1342,0.4675435479432681,optimal,optimal,grey,RS,,siegle_survey_2019,Siegle2019
1343,1.1993152345536733,optimal,optimal,grey,FS,,siegle_survey_2019,Siegle2019
1344,1.186606895837147,optimal,optimal,VIS,RS,L5,siegle_survey_2019,Siegle2019
1345,0.6751112247487564,optimal,optimal,VISpm,RS,,siegle_survey_2019,Siegle2019
1346,1.2210243203036415,optimal,optimal,VIS,RS,L5,siegle_survey_2019,Siegle2019
1347,2.128585328543209,optimal,optimal,VIS,RS,L5,siegle_survey_2019,Siegle2019
1348,0.3627067039930592,optimal,optimal,VIS,RS,L5,siegle_survey_2019,Siegle2019
1349,6.700278295369593,optimal,optimal,VIS,RS,L5,siegle_survey_2019,Siegle2019
1350,2.383803768433216,optimal,optimal,VIS,RS,L5,siegle_survey_2019,Siegle2019
1351,2.7751034096753626,optimal,optimal,VIS,RS,L5,siegle_survey_2019,Siegle2019
1352,0.2631609224591977,optimal,optimal,VIS,RS,L5,siegle_survey_2019,Siegle2019
1353,0.4394839266700343,optimal,optimal,VISal,FS,L6a,siegle_survey_2019,Siegle2019
1354,0.2335090589130992,optimal,optimal,VISpm,RS,,siegle_survey_2019,Siegle2019
1355,10.293454860801766,optimal,optimal,VISal,FS,L5,siegle_survey_2019,Siegle2019
1356,0.3658836970207356,optimal,optimal,VIS,RS,L5,siegle_survey_2019,Siegle2019
1357,17.41877700644359,optimal,optimal,VIS,FS,,siegle_survey_2019,Siegle2019
1358,0.155143159518199,optimal,optimal,VIS,RS,L5,siegle_survey_2019,Siegle2019
1359,0.287517797809432,optimal,optimal,VISal,RS,L5,siegle_survey_2019,Siegle2019
1360,1.9231393032115236,optimal,optimal,VISal,RS,L4,siegle_survey_2019,Siegle2019
1361,0.2403924724275166,optimal,optimal,CA1,RS,,siegle_survey_2019,Siegle2019
1362,0.5903912043098701,optimal,optimal,VIS,RS,L5,siegle_survey_2019,Siegle2019
1363,0.6433412847605797,optimal,optimal,VISpm,RS,,siegle_survey_2019,Siegle2019
1364,0.1630856420873901,optimal,optimal,VIS,RS,L3,siegle_survey_2019,Siegle2019
1365,0.2536278136634489,optimal,optimal,grey,RS,,siegle_survey_2019,Siegle2019
1366,0.1286681857600221,optimal,optimal,VPM,FS,,siegle_survey_2019,Siegle2019
1367,16.727397789554356,optimal,optimal,CA3,FS,,siegle_survey_2019,Siegle2019
1368,0.1096062594548368,optimal,optimal,CA3,RS,,siegle_survey_2019,Siegle2019
1369,0.1704971941537172,optimal,optimal,grey,FS,,siegle_survey_2019,Siegle2019
1370,0.5279102107108725,optimal,optimal,POL,FS,,siegle_survey_2019,Siegle2019
1371,0.1334337071624101,optimal,optimal,DG,RS,,siegle_survey_2019,Siegle2019
1372,0.1900900828226397,optimal,optimal,DG,FS,,siegle_survey_2019,Siegle2019
1373,22.66890425014723,optimal,optimal,DG,FS,,siegle_survey_2019,Siegle2019
1374,3.035086587557393,optimal,optimal,MB,FS,,siegle_survey_2019,Siegle2019
1375,0.2811638133274556,optimal,optimal,SCig,FS,,siegle_survey_2019,Siegle2019
1376,0.361118207479221,optimal,optimal,CA1,RS,,siegle_survey_2019,Siegle2019
1377,3.9331173682634217,optimal,optimal,CA1,RS,,siegle_survey_2019,Siegle2019
1378,0.1265502609529041,optimal,optimal,CA1,RS,,siegle_survey_2019,Siegle2019
1379,2.169868017521532,optimal,optimal,grey,RS,,siegle_survey_2019,Siegle2019
1380,17.965901063313964,optimal,optimal,CA1,FS,,siegle_survey_2019,Siegle2019
1381,1.0330522328327862,optimal,optimal,CA1,RS,,siegle_survey_2019,Siegle2019
1382,2.8820630559274365,optimal,optimal,VISl,RS,L6a,siegle_survey_2019,Siegle2019
1383,0.6904664846816777,optimal,optimal,CA1,RS,,siegle_survey_2019,Siegle2019
1384,4.33235949207476,optimal,optimal,CA1,RS,,siegle_survey_2019,Siegle2019
1385,8.263356818810307,optimal,optimal,VISp,RS,L5,siegle_survey_2019,Siegle2019
1386,0.4776079518273568,optimal,optimal,VISl,RS,L6a,siegle_survey_2019,Siegle2019
1387,13.210463236735764,optimal,optimal,VISp,RS,L5,siegle_survey_2019,Siegle2019
1388,1.47730220945022,optimal,optimal,VISl,RS,L5,siegle_survey_2019,Siegle2019
1389,0.6147429888585892,optimal,optimal,VISam,FS,,siegle_survey_2019,Siegle2019
1390,0.2891064538924086,optimal,optimal,VISl,RS,L4,siegle_survey_2019,Siegle2019
1391,13.60124080793828,optimal,optimal,VISl,RS,L4,siegle_survey_2019,Siegle2019
1392,0.6883486997438301,optimal,optimal,VISl,RS,L4,siegle_survey_2019,Siegle2019
1393,0.2192125189096737,optimal,optimal,VISl,RS,L5,siegle_survey_2019,Siegle2019
1394,1.3083806420926565,optimal,optimal,VISam,RS,,siegle_survey_2019,Siegle2019
1395,9.049135140498368,optimal,optimal,VISl,RS,L5,siegle_survey_2019,Siegle2019
1396,1.1844889004853627,optimal,optimal,VISl,RS,L5,siegle_survey_2019,Siegle2019
1397,3.156316069410896,optimal,optimal,VISam,RS,,siegle_survey_2019,Siegle2019
1398,7.265251756433181,optimal,optimal,VISp,FS,L4,siegle_survey_2019,Siegle2019
1399,5.65610658693994,optimal,optimal,VISl,RS,L5,siegle_survey_2019,Siegle2019
1400,3.3723780988785315,optimal,optimal,VISl,RS,L5,siegle_survey_2019,Siegle2019
1401,4.127938278330372,optimal,optimal,VISam,RS,,siegle_survey_2019,Siegle2019
1402,1.1082410678211283,optimal,optimal,VISl,RS,L5,siegle_survey_2019,Siegle2019
1403,2.257253546164104,optimal,optimal,VISl,RS,L5,siegle_survey_2019,Siegle2019
1404,0.3044618318189913,optimal,optimal,VISl,RS,L5,siegle_survey_2019,Siegle2019
1405,0.2128584801462093,optimal,optimal,VISp,RS,L3,siegle_survey_2019,Siegle2019
1406,2.9217500538515897,optimal,optimal,VISam,RS,,siegle_survey_2019,Siegle2019
1407,0.0746593589722154,optimal,optimal,DG,RS,,siegle_survey_2019,Siegle2019
1408,0.7741208007848902,optimal,optimal,VISam,RS,,siegle_survey_2019,Siegle2019
1409,0.4029486156769606,optimal,optimal,VISl,RS,L4,siegle_survey_2019,Siegle2019
1410,0.6549845626340007,optimal,optimal,VISam,RS,,siegle_survey_2019,Siegle2019
1411,0.2938719448906352,optimal,optimal,CA1,RS,,siegle_survey_2019,Siegle2019
1412,0.4235955134253845,optimal,optimal,VISam,RS,,siegle_survey_2019,Siegle2019
1413,0.1837345539482605,optimal,optimal,VISam,RS,,siegle_survey_2019,Siegle2019
1414,0.2149747230633826,optimal,optimal,VISam,RS,,siegle_survey_2019,Siegle2019
1415,0.3097542191923124,optimal,optimal,VISam,RS,,siegle_survey_2019,Siegle2019
1416,0.0603628525787757,optimal,optimal,VISp,RS,L4,siegle_survey_2019,Siegle2019
1417,0.106958738779936,optimal,optimal,VISp,RS,L3,siegle_survey_2019,Siegle2019
1418,0.4421314202041911,optimal,optimal,SCig,FS,,siegle_survey_2019,Siegle2019
1419,12.431577517373572,optimal,optimal,grey,RS,,siegle_survey_2019,Siegle2019
1420,0.5845667170924633,optimal,optimal,VISl,RS,L5,siegle_survey_2019,Siegle2019
1421,7.110642068353765,optimal,optimal,grey,FS,,siegle_survey_2019,Siegle2019
1422,0.3764705125568104,optimal,optimal,VISam,RS,,siegle_survey_2019,Siegle2019
1423,16.123235623015113,optimal,optimal,DG,RS,,siegle_survey_2019,Siegle2019
1424,1.1998443667857988,optimal,optimal,MB,FS,,siegle_survey_2019,Siegle2019
1425,4.2375781507714265,optimal,optimal,DG,RS,,siegle_survey_2019,Siegle2019
1426,2.194772683286468,optimal,optimal,APN,FS,,siegle_survey_2019,Siegle2019
1427,7.388099544250509,optimal,optimal,grey,FS,,siegle_survey_2019,Siegle2019
1428,2.8931816505373367,optimal,optimal,APN,FS,,siegle_survey_2019,Siegle2019
1429,5.698468235879307,optimal,optimal,grey,RS,,siegle_survey_2019,Siegle2019
1430,7.185768390869867,optimal,optimal,grey,FS,,siegle_survey_2019,Siegle2019
1431,0.0582443830959903,optimal,optimal,grey,RS,,siegle_survey_2019,Siegle2019
1432,2.043336015633891,optimal,optimal,CA1,FS,,siegle_survey_2019,Siegle2019
1433,1.0611159956051042,optimal,optimal,grey,RS,,siegle_survey_2019,Siegle2019
1434,0.899618525670376,optimal,optimal,CA1,RS,,siegle_survey_2019,Siegle2019
1435,1.0192855746206717,optimal,optimal,VISp,RS,,siegle_survey_2019,Siegle2019
1436,24.89544686371046,optimal,optimal,VISam,FS,L6a,siegle_survey_2019,Siegle2019
1437,0.0937212943164547,optimal,optimal,VISam,RS,L5,siegle_survey_2019,Siegle2019
1438,0.0873673349674861,optimal,optimal,VISp,RS,,siegle_survey_2019,Siegle2019
1439,8.093389738005708,optimal,optimal,VISam,RS,L5,siegle_survey_2019,Siegle2019
1440,0.4701951118250163,optimal,optimal,VISp,RS,,siegle_survey_2019,Siegle2019
1441,0.3028734278872852,optimal,optimal,VISp,RS,,siegle_survey_2019,Siegle2019
1442,0.4982585588145724,optimal,optimal,VISp,RS,,siegle_survey_2019,Siegle2019
1443,0.9038547926636292,optimal,optimal,VISp,RS,,siegle_survey_2019,Siegle2019
1444,4.431338564821304,optimal,optimal,grey,RS,,siegle_survey_2019,Siegle2019
1445,1.349163039086591,optimal,optimal,VISam,RS,L5,siegle_survey_2019,Siegle2019
1446,1.1325980143666476,optimal,optimal,VISam,RS,L5,siegle_survey_2019,Siegle2019
1447,0.2848703748149866,optimal,optimal,VISam,RS,L5,siegle_survey_2019,Siegle2019
1448,9.075080583557725,optimal,optimal,VISam,FS,L4,siegle_survey_2019,Siegle2019
1449,8.17546455695749,optimal,optimal,VISp,RS,,siegle_survey_2019,Siegle2019
1450,0.6205726380727962,optimal,optimal,VISam,RS,L4,siegle_survey_2019,Siegle2019
1451,0.2144470293681591,optimal,optimal,VISam,RS,L3,siegle_survey_2019,Siegle2019
1452,2.883122053927042,optimal,optimal,VISp,RS,,siegle_survey_2019,Siegle2019
1453,0.7688325477138779,optimal,optimal,VISp,RS,,siegle_survey_2019,Siegle2019
1454,0.0582448577514503,optimal,optimal,APN,FS,,siegle_survey_2019,Siegle2019
1455,0.4442495250367543,optimal,optimal,VISam,RS,L5,siegle_survey_2019,Siegle2019
1456,4.78821778488219,optimal,optimal,VISp,RS,,siegle_survey_2019,Siegle2019
1457,0.3494693398699445,optimal,optimal,VISp,RS,,siegle_survey_2019,Siegle2019
1458,1.0605864966053014,optimal,optimal,VISp,FS,,siegle_survey_2019,Siegle2019
1459,0.5252584366474767,optimal,optimal,VISp,RS,,siegle_survey_2019,Siegle2019
1460,3.06526877286981,optimal,optimal,PO,RS,,siegle_survey_2019,Siegle2019
1461,8.50692833044159,optimal,optimal,PO,FS,,siegle_survey_2019,Siegle2019
1462,0.4416019214973597,optimal,optimal,CA1,RS,,siegle_survey_2019,Siegle2019
1463,4.069198569615562,optimal,optimal,PO,RS,,siegle_survey_2019,Siegle2019
1464,0.1170192789564511,optimal,optimal,VISp,RS,,siegle_survey_2019,Siegle2019
1465,19.312406334260437,optimal,optimal,VISam,FS,L6a,siegle_survey_2019,Siegle2019
1466,6.065938687510199,optimal,optimal,PO,RS,,siegle_survey_2019,Siegle2019
1467,9.33718250834103,optimal,optimal,PO,RS,,siegle_survey_2019,Siegle2019
1468,12.830812663937676,optimal,optimal,VISam,FS,L5,siegle_survey_2019,Siegle2019
1469,2.94083581774141,optimal,optimal,VISam,RS,L4,siegle_survey_2019,Siegle2019
1470,3.5963552167986417,optimal,optimal,VISam,RS,L4,siegle_survey_2019,Siegle2019
1471,1.2580896235318002,optimal,optimal,grey,FS,,siegle_survey_2019,Siegle2019
1472,7.012153110919829,optimal,optimal,LP,RS,,siegle_survey_2019,Siegle2019
1473,3.5354628655130345,optimal,optimal,VISam,RS,L3,siegle_survey_2019,Siegle2019
1474,0.698938679739889,optimal,optimal,grey,FS,,siegle_survey_2019,Siegle2019
1475,18.98677513493405,optimal,optimal,grey,FS,,siegle_survey_2019,Siegle2019
1476,0.234038428419464,optimal,optimal,VISam,RS,L3,siegle_survey_2019,Siegle2019
1477,0.4474264072725047,optimal,optimal,VISam,RS,L3,siegle_survey_2019,Siegle2019
1478,0.09689826335014,optimal,optimal,VISam,RS,L3,siegle_survey_2019,Siegle2019
1479,0.1122537258482497,optimal,optimal,VISam,RS,L3,siegle_survey_2019,Siegle2019
1480,2.0766944424244937,optimal,optimal,LP,RS,,siegle_survey_2019,Siegle2019
1481,11.159188009713464,optimal,optimal,LP,RS,,siegle_survey_2019,Siegle2019
1482,0.1196667077438888,optimal,optimal,VISam,RS,L3,siegle_survey_2019,Siegle2019
1483,0.0714823254222344,optimal,optimal,VISam,RS,L3,siegle_survey_2019,Siegle2019
1484,0.2218599581623426,optimal,optimal,VISam,RS,L2,siegle_survey_2019,Siegle2019
1485,15.900850103520538,optimal,optimal,LP,FS,,siegle_survey_2019,Siegle2019
1486,0.430482448653901,optimal,optimal,VISam,RS,L3,siegle_survey_2019,Siegle2019
1487,0.3590003218663975,optimal,optimal,grey,RS,,siegle_survey_2019,Siegle2019
1488,0.2621020049024584,optimal,optimal,grey,RS,,siegle_survey_2019,Siegle2019
1489,0.4580166348295484,optimal,optimal,grey,RS,,siegle_survey_2019,Siegle2019
1490,9.946638711298345,optimal,optimal,grey,FS,,siegle_survey_2019,Siegle2019
1491,0.2949309428902411,optimal,optimal,grey,RS,,siegle_survey_2019,Siegle2019
1492,0.0788953509706389,optimal,optimal,grey,RS,,siegle_survey_2019,Siegle2019
1493,2.5574801690482305,optimal,optimal,grey,RS,,siegle_survey_2019,Siegle2019
1494,1.017167267694404,optimal,optimal,CA3,FS,,siegle_survey_2019,Siegle2019
1495,0.4299531878399923,optimal,optimal,grey,RS,,siegle_survey_2019,Siegle2019
1496,0.8355494216890491,optimal,optimal,grey,RS,,siegle_survey_2019,Siegle2019
1497,2.0242746762466632,optimal,optimal,grey,RS,,siegle_survey_2019,Siegle2019
1498,0.5835077194165712,optimal,optimal,VISal,FS,L5,siegle_survey_2019,Siegle2019
1499,1.7976491043310026,optimal,optimal,grey,RS,,siegle_survey_2019,Siegle2019
1500,0.7042334544682756,optimal,optimal,VISal,RS,L5,siegle_survey_2019,Siegle2019
1501,3.9458265465315554,optimal,optimal,grey,RS,,siegle_survey_2019,Siegle2019
1502,1.0383472212122469,optimal,optimal,VISal,RS,L5,siegle_survey_2019,Siegle2019
1503,0.3251122864988881,optimal,optimal,VISal,RS,L5,siegle_survey_2019,Siegle2019
1504,3.6895490306269294,optimal,optimal,VISam,RS,,siegle_survey_2019,Siegle2019
1505,0.2758688945699034,optimal,optimal,VISal,FS,L4,siegle_survey_2019,Siegle2019
1506,0.4950814134795772,optimal,optimal,VISal,RS,L4,siegle_survey_2019,Siegle2019
1507,4.5738123602978495,optimal,optimal,VISam,RS,,siegle_survey_2019,Siegle2019
1508,11.560551662697724,optimal,optimal,VISam,RS,,siegle_survey_2019,Siegle2019
1509,0.2319204910203794,optimal,optimal,VISal,RS,L3,siegle_survey_2019,Siegle2019
1510,4.11208923246968,optimal,optimal,VISam,RS,,siegle_survey_2019,Siegle2019
1511,3.4878099117020067,optimal,optimal,VISam,RS,,siegle_survey_2019,Siegle2019
1512,0.4008307428508303,optimal,optimal,VISam,RS,,siegle_survey_2019,Siegle2019
1513,0.3182287228056513,optimal,optimal,CA1,RS,,siegle_survey_2019,Siegle2019
1514,1.63509200669526,optimal,optimal,VISpm,RS,L6a,siegle_survey_2019,Siegle2019
1515,0.1704986779365487,optimal,optimal,grey,FS,,siegle_survey_2019,Siegle2019
1516,0.0624808474061012,optimal,optimal,VISpm,RS,L5,siegle_survey_2019,Siegle2019
1517,2.7946941746559526,optimal,optimal,VISpm,FS,L5,siegle_survey_2019,Siegle2019
1518,7.268428748674169,optimal,optimal,VISpm,RS,L5,siegle_survey_2019,Siegle2019
1519,1.0261684938391884,optimal,optimal,VISpm,FS,L5,siegle_survey_2019,Siegle2019
1520,5.483488607945632,optimal,optimal,VISpm,RS,L5,siegle_survey_2019,Siegle2019
1521,0.2430399064355972,optimal,optimal,VISpm,RS,L5,siegle_survey_2019,Siegle2019
1522,0.6343398017639296,optimal,optimal,VISam,RS,,siegle_survey_2019,Siegle2019
1523,1.8580109622712653,optimal,optimal,VISpm,RS,L5,siegle_survey_2019,Siegle2019
1524,9.242929426448336,optimal,optimal,VISpm,RS,L5,siegle_survey_2019,Siegle2019
1525,2.498174898830388,optimal,optimal,VISpm,RS,L5,siegle_survey_2019,Siegle2019
1526,0.7688321223191442,optimal,optimal,VISpm,RS,L5,siegle_survey_2019,Siegle2019
1527,1.6245020325586326,optimal,optimal,VISpm,RS,L5,siegle_survey_2019,Siegle2019
1528,1.2242010101941194,optimal,optimal,VISpm,RS,L5,siegle_survey_2019,Siegle2019
1529,0.1599086094630727,optimal,optimal,VISpm,RS,L4,siegle_survey_2019,Siegle2019
1530,0.4251874615855873,optimal,optimal,VISpm,RS,L4,siegle_survey_2019,Siegle2019
1531,0.3976535288303563,optimal,optimal,VISpm,RS,L4,siegle_survey_2019,Siegle2019
1532,0.2133879788530407,optimal,optimal,VISpm,RS,L3,siegle_survey_2019,Siegle2019
1533,0.0857787905066813,optimal,optimal,VISpm,RS,L3,siegle_survey_2019,Siegle2019
1534,0.4717836088244251,optimal,optimal,grey,RS,,siegle_survey_2019,Siegle2019
1535,0.7365331087258982,optimal,optimal,grey,FS,,siegle_survey_2019,Siegle2019
1536,0.4712541098246221,optimal,optimal,grey,RS,,siegle_survey_2019,Siegle2019
1537,0.3711787988618653,optimal,optimal,VISrl,RS,,siegle_survey_2019,Siegle2019
1538,0.3770032878596977,optimal,optimal,VISrl,RS,,siegle_survey_2019,Siegle2019
1539,0.2271550709154639,optimal,optimal,VISrl,RS,,siegle_survey_2019,Siegle2019
1540,11.786647735613585,optimal,optimal,grey,FS,,siegle_survey_2019,Siegle2019
1541,0.3600593198660034,optimal,optimal,grey,RS,,siegle_survey_2019,Siegle2019
1542,7.401866518245385,optimal,optimal,grey,RS,,siegle_survey_2019,Siegle2019
1543,1.0309345526163365,optimal,optimal,grey,RS,,siegle_survey_2019,Siegle2019
1544,0.3028734278872852,optimal,optimal,grey,RS,,siegle_survey_2019,Siegle2019
1545,2.1132305082135585,optimal,optimal,grey,RS,,siegle_survey_2019,Siegle2019
1546,0.4876685788185135,optimal,optimal,grey,FS,,siegle_survey_2019,Siegle2019
1547,0.3531758328685651,optimal,optimal,grey,RS,,siegle_survey_2019,Siegle2019
1548,11.650036993664424,optimal,optimal,grey,RS,,siegle_survey_2019,Siegle2019
1549,0.2769279768969409,optimal,optimal,grey,RS,,siegle_survey_2019,Siegle2019
1550,1.1257148735810636,optimal,optimal,VISal,RS,,siegle_survey_2019,Siegle2019
1551,1.2437931505371207,optimal,optimal,VISal,RS,,siegle_survey_2019,Siegle2019
1552,0.5003765548137842,optimal,optimal,VISal,RS,,siegle_survey_2019,Siegle2019
1553,9.20904660457284,optimal,optimal,VISal,RS,,siegle_survey_2019,Siegle2019
1554,0.4903160738175282,optimal,optimal,VISal,RS,,siegle_survey_2019,Siegle2019
1555,4.2365214974233725,optimal,optimal,VISal,RS,,siegle_survey_2019,Siegle2019
1556,0.4246581978419629,optimal,optimal,VISal,RS,,siegle_survey_2019,Siegle2019
1557,1.4889511874458847,optimal,optimal,VISal,RS,,siegle_survey_2019,Siegle2019
1558,0.2308615639140845,optimal,optimal,VISal,RS,,siegle_survey_2019,Siegle2019
1559,0.285929459893591,optimal,optimal,VISal,RS,,siegle_survey_2019,Siegle2019
1560,0.5575624467925023,optimal,optimal,VISal,RS,,siegle_survey_2019,Siegle2019
1561,0.8101334696985077,optimal,optimal,VISal,RS,,siegle_survey_2019,Siegle2019
1562,0.1429647299467955,optimal,optimal,VISal,RS,,siegle_survey_2019,Siegle2019
1563,0.1466712229454161,optimal,optimal,VISal,RS,,siegle_survey_2019,Siegle2019
1564,0.1726166739357604,optimal,optimal,VISal,RS,,siegle_survey_2019,Siegle2019
1565,12.936187796199455,optimal,optimal,MGd,RS,,siegle_survey_2019,Siegle2019
1566,2.208539940974497,optimal,optimal,MGd,FS,,siegle_survey_2019,Siegle2019
1567,3.705962849887437,optimal,optimal,MGd,FS,,siegle_survey_2019,Siegle2019
1568,5.291812076264473,optimal,optimal,MGd,FS,,siegle_survey_2019,Siegle2019
1569,12.66243686129564,optimal,optimal,MGd,FS,,siegle_survey_2019,Siegle2019
1570,8.592708262319379,optimal,optimal,SGN,FS,,siegle_survey_2019,Siegle2019
1571,6.824711411944446,optimal,optimal,SGN,FS,,siegle_survey_2019,Siegle2019
1572,4.9042188763619725,optimal,optimal,SGN,RS,,siegle_survey_2019,Siegle2019
1573,4.080848076022644,optimal,optimal,LP,FS,,siegle_survey_2019,Siegle2019
1574,0.1795001294630434,optimal,optimal,ProS,RS,,siegle_survey_2019,Siegle2019
1575,8.60065074592394,optimal,optimal,ProS,RS,,siegle_survey_2019,Siegle2019
1576,22.254309561068595,optimal,optimal,ProS,FS,,siegle_survey_2019,Siegle2019
1577,0.802190844060504,optimal,optimal,ProS,RS,,siegle_survey_2019,Siegle2019
1578,4.206339316974683,optimal,optimal,VISp,RS,L6a,siegle_survey_2019,Siegle2019
1579,1.817769747630172,optimal,optimal,VISp,RS,L6a,siegle_survey_2019,Siegle2019
1580,1.8839571110015003,optimal,optimal,VISp,FS,L5,siegle_survey_2019,Siegle2019
1581,0.8683782074318328,optimal,optimal,VISp,RS,L4,siegle_survey_2019,Siegle2019
1582,8.638774667225825,optimal,optimal,VISp,RS,L4,siegle_survey_2019,Siegle2019
1583,8.928410569338759,optimal,optimal,VISp,FS,L4,siegle_survey_2019,Siegle2019
1584,0.4357776004368283,optimal,optimal,VISp,RS,L4,siegle_survey_2019,Siegle2019
1585,0.1906196065094267,optimal,optimal,VISp,RS,L4,siegle_survey_2019,Siegle2019
1586,0.3791212173909709,optimal,optimal,VISp,RS,L4,siegle_survey_2019,Siegle2019
1587,0.2446284950204309,optimal,optimal,VISp,FS,L4,siegle_survey_2019,Siegle2019
1588,1.1294211685683533,optimal,optimal,VISp,RS,L4,siegle_survey_2019,Siegle2019
1589,0.0407714158367384,optimal,optimal,VISp,RS,L3,siegle_survey_2019,Siegle2019
1590,0.8588472271063614,optimal,optimal,VISp,RS,L3,siegle_survey_2019,Siegle2019
1591,5.648694339562678,optimal,optimal,VPM,RS,,siegle_survey_2019,Siegle2019
1592,6.814121433805034,optimal,optimal,VPM,RS,,siegle_survey_2019,Siegle2019
1593,0.9615700150586636,optimal,optimal,VPM,RS,,siegle_survey_2019,Siegle2019
1594,4.304826113671219,optimal,optimal,VPM,FS,,siegle_survey_2019,Siegle2019
1595,5.702173729166711,optimal,optimal,LP,RS,,siegle_survey_2019,Siegle2019
1596,6.200432200626074,optimal,optimal,LGd,RS,,siegle_survey_2019,Siegle2019
1597,2.3477981535077723,optimal,optimal,CA1,RS,,siegle_survey_2019,Siegle2019
1598,0.4686065326690073,optimal,optimal,VISal,RS,L5,siegle_survey_2019,Siegle2019
1599,1.8971945836757664,optimal,optimal,VISal,RS,L5,siegle_survey_2019,Siegle2019
1600,0.6179252244347249,optimal,optimal,VISal,RS,L5,siegle_survey_2019,Siegle2019
1601,5.267455126543824,optimal,optimal,VISal,RS,L5,siegle_survey_2019,Siegle2019
1602,9.421903550635385,optimal,optimal,VISal,RS,L5,siegle_survey_2019,Siegle2019
1603,0.4077141583673849,optimal,optimal,VISal,RS,L4,siegle_survey_2019,Siegle2019
1604,0.1164897595335385,optimal,optimal,VISal,RS,L4,siegle_survey_2019,Siegle2019
1605,0.3780622195770296,optimal,optimal,VISal,RS,L4,siegle_survey_2019,Siegle2019
1606,9.050724816848971,optimal,optimal,VISal,FS,L4,siegle_survey_2019,Siegle2019
1607,0.281693418508375,optimal,optimal,VISal,RS,L4,siegle_survey_2019,Siegle2019
1608,0.0608923743016224,optimal,optimal,VISal,RS,L3,siegle_survey_2019,Siegle2019
1609,0.5713293206213095,optimal,optimal,DG,RS,,siegle_survey_2019,Siegle2019
1610,8.813509306526132,optimal,optimal,CA1,FS,,siegle_survey_2019,Siegle2019
1611,3.7975661607933566,optimal,optimal,CA1,RS,,siegle_survey_2019,Siegle2019
1612,0.7698914107352957,optimal,optimal,CA1,RS,,siegle_survey_2019,Siegle2019
1613,0.5231449200869822,optimal,optimal,VISli,RS,L6a,siegle_survey_2019,Siegle2019
1614,0.0439484092785622,optimal,optimal,VISli,RS,L6a,siegle_survey_2019,Siegle2019
1615,0.1879721119745735,optimal,optimal,VISli,RS,L6a,siegle_survey_2019,Siegle2019
1616,1.1357751554520008,optimal,optimal,VISli,RS,L6a,siegle_survey_2019,Siegle2019
1617,0.3711787337864114,optimal,optimal,VISli,RS,L5,siegle_survey_2019,Siegle2019
1618,3.973889296814576,optimal,optimal,VISli,FS,L5,siegle_survey_2019,Siegle2019
1619,0.5257924146218353,optimal,optimal,VISli,RS,L5,siegle_survey_2019,Siegle2019
1620,0.7349444828752341,optimal,optimal,VISli,RS,L5,siegle_survey_2019,Siegle2019
1621,0.6068057473883417,optimal,optimal,VISli,RS,L5,siegle_survey_2019,Siegle2019
1622,0.3791212173909709,optimal,optimal,VISli,RS,L5,siegle_survey_2019,Siegle2019
1623,1.0759417789643195,optimal,optimal,VISli,RS,L4,siegle_survey_2019,Siegle2019
1624,0.4040076660185905,optimal,optimal,VISli,RS,L3,siegle_survey_2019,Siegle2019
1625,0.3219353354381429,optimal,optimal,VISli,RS,L4,siegle_survey_2019,Siegle2019
1626,3.4073254663560024,optimal,optimal,DG,RS,,siegle_survey_2019,Siegle2019
1627,17.671496521237795,optimal,optimal,CA1,FS,,siegle_survey_2019,Siegle2019
1628,1.5604332788424458,optimal,optimal,VISrl,RS,L6a,siegle_survey_2019,Siegle2019
1629,0.6216317167835193,optimal,optimal,VISrl,RS,L4,siegle_survey_2019,Siegle2019
1630,1.106652715568616,optimal,optimal,VISrl,RS,L4,siegle_survey_2019,Siegle2019
1631,0.8959121505943055,optimal,optimal,VISrl,FS,L3,siegle_survey_2019,Siegle2019
1632,0.802190844060504,optimal,optimal,VISrl,RS,L4,siegle_survey_2019,Siegle2019
1633,0.2658084512992561,optimal,optimal,VISrl,RS,L4,siegle_survey_2019,Siegle2019
1634,38.26741550567438,optimal,optimal,MRN,FS,,siegle_survey_2019,Siegle2019
1635,2.20271545299782,optimal,optimal,MB,FS,,siegle_survey_2019,Siegle2019
1636,0.2149765562300756,optimal,optimal,MB,FS,,siegle_survey_2019,Siegle2019
1637,1.414291580518552,optimal,optimal,MB,FS,,siegle_survey_2019,Siegle2019
1638,1.6282091389346864,optimal,optimal,MB,FS,,siegle_survey_2019,Siegle2019
1639,0.2462169917413428,optimal,optimal,MB,FS,,siegle_survey_2019,Siegle2019
1640,0.481844005343273,optimal,optimal,MB,FS,,siegle_survey_2019,Siegle2019
1641,8.154812666254669,optimal,optimal,OP,FS,,siegle_survey_2019,Siegle2019
1642,12.639138909388931,optimal,optimal,NOT,FS,,siegle_survey_2019,Siegle2019
1643,0.2647494534853148,optimal,optimal,CA1,RS,,siegle_survey_2019,Siegle2019
1644,1.4990114056338528,optimal,optimal,CA1,RS,,siegle_survey_2019,Siegle2019
1645,1.1564256128238553,optimal,optimal,CA1,RS,,siegle_survey_2019,Siegle2019
1646,6.3820503257170005,optimal,optimal,VISam,RS,L6a,siegle_survey_2019,Siegle2019
1647,2.3117922278337693,optimal,optimal,VISam,FS,L6a,siegle_survey_2019,Siegle2019
1648,0.3584707600191163,optimal,optimal,VISam,RS,L5,siegle_survey_2019,Siegle2019
1649,0.6062762484813711,optimal,optimal,VISam,RS,L5,siegle_survey_2019,Siegle2019
1650,3.3183696499849367,optimal,optimal,VISam,RS,L5,siegle_survey_2019,Siegle2019
1651,3.9278228919081313,optimal,optimal,VISam,RS,L5,siegle_survey_2019,Siegle2019
1652,0.5273808977421752,optimal,optimal,LP,RS,,siegle_survey_2019,Siegle2019
1653,1.332748748845075,optimal,optimal,VISam,RS,L4,siegle_survey_2019,Siegle2019
1654,0.0407714158367384,optimal,optimal,VISam,RS,L3,siegle_survey_2019,Siegle2019
1655,0.2366860053120003,optimal,optimal,DG,RS,,siegle_survey_2019,Siegle2019
1656,0.0889558163710658,optimal,optimal,VISam,RS,L3,siegle_survey_2019,Siegle2019
1657,3.5841781012841927,optimal,optimal,VISam,FS,L3,siegle_survey_2019,Siegle2019
1658,0.138199211155329,optimal,optimal,DG,RS,,siegle_survey_2019,Siegle2019
1659,1.12730273552499,optimal,optimal,CA3,RS,,siegle_survey_2019,Siegle2019
1660,0.3521167640547656,optimal,optimal,DG,RS,,siegle_survey_2019,Siegle2019
1661,0.2197420407259063,optimal,optimal,DG,RS,,siegle_survey_2019,Siegle2019
1662,0.2562774643646715,optimal,optimal,DG,RS,,siegle_survey_2019,Siegle2019
1663,0.2276845299973708,optimal,optimal,VISam,RS,L3,siegle_survey_2019,Siegle2019
1664,0.2239780318724298,optimal,optimal,VISpm,RS,L6a,siegle_survey_2019,Siegle2019
1665,8.044147187248118,optimal,optimal,VISpm,RS,L6a,siegle_survey_2019,Siegle2019
1666,11.525072911903802,optimal,optimal,VISpm,RS,L5,siegle_survey_2019,Siegle2019
1667,1.3931115883129148,optimal,optimal,VISpm,RS,L5,siegle_survey_2019,Siegle2019
1668,0.5596803302344169,optimal,optimal,VISpm,RS,L4,siegle_survey_2019,Siegle2019
1669,0.3134633448427387,optimal,optimal,VISpm,RS,L3,siegle_survey_2019,Siegle2019
1670,0.2255665285523761,optimal,optimal,VISpm,RS,L3,siegle_survey_2019,Siegle2019
1671,0.4617228677208977,optimal,optimal,VISl,RS,L5,siegle_survey_2019,Siegle2019
1672,1.842125982569958,optimal,optimal,VISl,RS,L5,siegle_survey_2019,Siegle2019
1673,1.2909178342930605,optimal,optimal,VISl,RS,L5,siegle_survey_2019,Siegle2019
1674,1.87760307569654,optimal,optimal,TH,FS,,siegle_survey_2019,Siegle2019
1675,1.7102814254088614,optimal,optimal,PP,FS,,siegle_survey_2019,Siegle2019
1676,8.200878859669489,optimal,optimal,CA3,FS,,siegle_survey_2019,Siegle2019
1677,1.3872865979687523,optimal,optimal,LP,RS,,siegle_survey_2019,Siegle2019
1678,3.263829996137172,optimal,optimal,LP,RS,,siegle_survey_2019,Siegle2019
1679,0.2949308835766984,optimal,optimal,CA3,RS,,siegle_survey_2019,Siegle2019
1680,6.0516428517021295,optimal,optimal,CA3,RS,,siegle_survey_2019,Siegle2019
1681,5.718588528750346,optimal,optimal,SUB,FS,,siegle_survey_2019,Siegle2019
1682,5.41306764161248,optimal,optimal,VISp,RS,L6a,siegle_survey_2019,Siegle2019
1683,14.318180778327603,optimal,optimal,VISp,FS,L6a,siegle_survey_2019,Siegle2019
1684,0.5083189375828195,optimal,optimal,CA1,RS,,siegle_survey_2019,Siegle2019
1685,0.8058973156260951,optimal,optimal,CA1,RS,,siegle_survey_2019,Siegle2019
1686,0.1826771335573027,optimal,optimal,VISp,RS,L5,siegle_survey_2019,Siegle2019
1687,0.8890283198433341,optimal,optimal,ProS,RS,,siegle_survey_2019,Siegle2019
1688,0.9207982419342216,optimal,optimal,ProS,RS,,siegle_survey_2019,Siegle2019
1689,18.7119546128312,optimal,optimal,ProS,RS,,siegle_survey_2019,Siegle2019
1690,4.269879434800258,optimal,optimal,VISp,FS,L5,siegle_survey_2019,Siegle2019
1691,8.13998717152584,optimal,optimal,VISp,RS,L5,siegle_survey_2019,Siegle2019
1692,0.5776833411913544,optimal,optimal,VISp,RS,L5,siegle_survey_2019,Siegle2019
1693,0.1959146070034841,optimal,optimal,VISp,RS,L4,siegle_survey_2019,Siegle2019
1694,6.602321700750184,optimal,optimal,VISal,RS,L6a,siegle_survey_2019,Siegle2019
1695,1.252794381584324,optimal,optimal,VISal,RS,L6a,siegle_survey_2019,Siegle2019
1696,0.919739244531192,optimal,optimal,VISp,RS,L6a,siegle_survey_2019,Siegle2019
1697,0.281163810504354,optimal,optimal,VISp,FS,L6a,siegle_survey_2019,Siegle2019
1698,0.2504528858164961,optimal,optimal,VISp,RS,L6a,siegle_survey_2019,Siegle2019
1699,0.914444257516044,optimal,optimal,VISp,RS,L5,siegle_survey_2019,Siegle2019
1700,0.8074855198100563,optimal,optimal,VISp,RS,L5,siegle_survey_2019,Siegle2019
1701,4.013601611331012,optimal,optimal,VISal,RS,L5,siegle_survey_2019,Siegle2019
1702,1.1564255830009145,optimal,optimal,VISal,RS,L4,siegle_survey_2019,Siegle2019
1703,0.2631609499777722,optimal,optimal,VISal,RS,L5,siegle_survey_2019,Siegle2019
1704,21.02639343715235,optimal,optimal,VISp,FS,L5,siegle_survey_2019,Siegle2019
1705,6.888778106707432,optimal,optimal,VISp,RS,L5,siegle_survey_2019,Siegle2019
1706,4.482736007024221,optimal,optimal,VISp,RS,L5,siegle_survey_2019,Siegle2019
1707,2.7205643283829963,optimal,optimal,VISp,RS,L5,siegle_survey_2019,Siegle2019
1708,6.076527098583742,optimal,optimal,VISp,FS,L5,siegle_survey_2019,Siegle2019
1709,4.706713957764977,optimal,optimal,VISp,FS,L5,siegle_survey_2019,Siegle2019
1710,1.6006745746792133,optimal,optimal,VISp,RS,L4,siegle_survey_2019,Siegle2019
1711,1.667392015050311,optimal,optimal,TH,FS,,siegle_survey_2019,Siegle2019
1712,0.3134632312967563,optimal,optimal,VISp,RS,L3,siegle_survey_2019,Siegle2019
1713,0.4834323144830042,optimal,optimal,VISp,RS,L3,siegle_survey_2019,Siegle2019
1714,0.4336594365406138,optimal,optimal,VISp,RS,L3,siegle_survey_2019,Siegle2019
1715,41.8192966122383,optimal,optimal,CA1,FS,,siegle_survey_2019,Siegle2019
1716,1.55831467855803,optimal,optimal,APN,RS,,siegle_survey_2019,Siegle2019
1717,7.056099696386105,optimal,optimal,APN,RS,,siegle_survey_2019,Siegle2019
1718,5.049301446656007,optimal,optimal,CA2,FS,,siegle_survey_2019,Siegle2019
1719,1.43123499019448,optimal,optimal,APN,FS,,siegle_survey_2019,Siegle2019
1720,18.54728723505313,optimal,optimal,CA1,FS,,siegle_survey_2019,Siegle2019
1721,0.8191344912433817,optimal,optimal,APN,FS,,siegle_survey_2019,Siegle2019
1722,2.490763003633484,optimal,optimal,VIS,RS,L5,siegle_survey_2019,Siegle2019
1723,1.2872118096498273,optimal,optimal,VISl,RS,L6a,siegle_survey_2019,Siegle2019
1724,9.425081093681126,optimal,optimal,VIS,RS,L5,siegle_survey_2019,Siegle2019
1725,16.036403482951325,optimal,optimal,VISl,FS,L6a,siegle_survey_2019,Siegle2019
1726,0.916033085435706,optimal,optimal,VISl,RS,L5,siegle_survey_2019,Siegle2019
1727,0.6682273613116663,optimal,optimal,CA1,RS,,siegle_survey_2019,Siegle2019
1728,2.147118192970616,optimal,optimal,VIS,RS,L5,siegle_survey_2019,Siegle2019
1729,13.895104925151148,optimal,optimal,CA1,FS,,siegle_survey_2019,Siegle2019
1730,1.398406070700563,optimal,optimal,CA1,RS,,siegle_survey_2019,Siegle2019
1731,1.7600536838351657,optimal,optimal,VISpm,FS,L6b,siegle_survey_2019,Siegle2019
1732,2.812168622398286,optimal,optimal,VISl,RS,L5,siegle_survey_2019,Siegle2019
1733,1.9474969296141773,optimal,optimal,VISl,RS,L5,siegle_survey_2019,Siegle2019
1734,8.701252161992562,optimal,optimal,VISpm,FS,L5,siegle_survey_2019,Siegle2019
1735,1.976618652754715,optimal,optimal,VISpm,RS,L5,siegle_survey_2019,Siegle2019
1736,0.1122537748236179,optimal,optimal,VIS,RS,L5,siegle_survey_2019,Siegle2019
1737,0.3796505689861051,optimal,optimal,DG,FS,,siegle_survey_2019,Siegle2019
1738,13.074916172638083,optimal,optimal,LGd,FS,,siegle_survey_2019,Siegle2019
1739,18.95500138290601,optimal,optimal,LGd,FS,,siegle_survey_2019,Siegle2019
1740,8.205644349709328,optimal,optimal,LGd,FS,,siegle_survey_2019,Siegle2019
1741,8.273420208053702,optimal,optimal,LGd,FS,,siegle_survey_2019,Siegle2019
1742,1.3946995797899595,optimal,optimal,CA1,RS,,siegle_survey_2019,Siegle2019
1743,2.3181453152317557,optimal,optimal,CA1,RS,,siegle_survey_2019,Siegle2019
1744,4.064963345853371,optimal,optimal,VISmmp,RS,L5,siegle_survey_2019,Siegle2019
1745,4.464205169542449,optimal,optimal,DG,RS,,siegle_survey_2019,Siegle2019
1746,5.514201474986961,optimal,optimal,DG,FS,,siegle_survey_2019,Siegle2019
1747,1.04205382204478,optimal,optimal,CA1,RS,,siegle_survey_2019,Siegle2019
1748,4.473734529098469,optimal,optimal,VISam,RS,L5,siegle_survey_2019,Siegle2019
1749,3.6953727764484343,optimal,optimal,CA1,FS,,siegle_survey_2019,Siegle2019
1750,1.304155774235921,optimal,optimal,CA1,RS,,siegle_survey_2019,Siegle2019
1751,6.200961539617083,optimal,optimal,CA1,RS,,siegle_survey_2019,Siegle2019
1752,5.714879485449139,optimal,optimal,VISam,RS,L5,siegle_survey_2019,Siegle2019
1753,0.3102862390876675,optimal,optimal,VISam,RS,L5,siegle_survey_2019,Siegle2019
1754,3.4925734351915616,optimal,optimal,VISam,RS,L4,siegle_survey_2019,Siegle2019
1755,3.514812380655183,optimal,optimal,VISam,RS,L4,siegle_survey_2019,Siegle2019
1756,2.58501266079521,optimal,optimal,VISam,RS,L3,siegle_survey_2019,Siegle2019
1757,2.120642299566738,optimal,optimal,VISam,RS,L3,siegle_survey_2019,Siegle2019
1758,4.470029657368919,optimal,optimal,VISp,FS,L6b,siegle_survey_2019,Siegle2019
1759,0.8111923045592495,optimal,optimal,VISp,RS,L6a,siegle_survey_2019,Siegle2019
1760,1.613912042217083,optimal,optimal,VISam,FS,L3,siegle_survey_2019,Siegle2019
1761,2.9376587960040608,optimal,optimal,VISam,FS,L3,siegle_survey_2019,Siegle2019
1762,1.5980270811716393,optimal,optimal,VISam,RS,L3,siegle_survey_2019,Siegle2019
1763,1.30521429923396,optimal,optimal,VISam,FS,L1,siegle_survey_2019,Siegle2019
1764,4.92592820451351,optimal,optimal,VISp,RS,L4,siegle_survey_2019,Siegle2019
1765,0.2038570000831945,optimal,optimal,VISam,RS,L2,siegle_survey_2019,Siegle2019
1766,1.1161832627931796,optimal,optimal,grey,RS,,siegle_survey_2019,Siegle2019
1767,15.532320536515028,optimal,optimal,VISp,FS,L3,siegle_survey_2019,Siegle2019
1768,0.5739768003539337,optimal,optimal,VISp,RS,L3,siegle_survey_2019,Siegle2019
1769,0.1424352023018525,optimal,optimal,VISp,RS,L3,siegle_survey_2019,Siegle2019
1770,0.3653542363876515,optimal,optimal,VISp,RS,L3,siegle_survey_2019,Siegle2019
1771,0.4130091715208583,optimal,optimal,VIS,RS,L6a,siegle_survey_2019,Siegle2019
1772,0.1906196176250115,optimal,optimal,VIS,RS,L5,siegle_survey_2019,Siegle2019
1773,0.1678511632975796,optimal,optimal,VIS,RS,L5,siegle_survey_2019,Siegle2019
1774,4.616171740152363,optimal,optimal,VIS,RS,L5,siegle_survey_2019,Siegle2019
1775,5.787952889608336,optimal,optimal,VIS,FS,L5,siegle_survey_2019,Siegle2019
1776,0.2366860252177226,optimal,optimal,VIS,RS,L5,siegle_survey_2019,Siegle2019
1777,0.0873673247447969,optimal,optimal,VIS,RS,L5,siegle_survey_2019,Siegle2019
1778,0.5707998549993402,optimal,optimal,VIS,RS,L5,siegle_survey_2019,Siegle2019
1779,3.5042239706731286,optimal,optimal,VIS,RS,L5,siegle_survey_2019,Siegle2019
1780,0.227155044336472,optimal,optimal,VIS,RS,L5,siegle_survey_2019,Siegle2019
1781,16.610381680268368,optimal,optimal,VIS,RS,L5,siegle_survey_2019,Siegle2019
1782,26.333558922435103,optimal,optimal,VISrl,FS,,siegle_survey_2019,Siegle2019
1783,11.00668950838796,optimal,optimal,VISrl,RS,,siegle_survey_2019,Siegle2019
1784,3.0991572832199794,optimal,optimal,VIS,RS,L4,siegle_survey_2019,Siegle2019
1785,0.8397853154257453,optimal,optimal,VIS,RS,L4,siegle_survey_2019,Siegle2019
1786,3.6546016994609305,optimal,optimal,CA1,RS,,siegle_survey_2019,Siegle2019
1787,6.050581662209517,optimal,optimal,VISrl,RS,,siegle_survey_2019,Siegle2019
1788,2.5881896530042985,optimal,optimal,VISrl,RS,,siegle_survey_2019,Siegle2019
1789,0.9001477925751448,optimal,optimal,VISrl,RS,,siegle_survey_2019,Siegle2019
1790,0.8069560211085415,optimal,optimal,VISrl,RS,,siegle_survey_2019,Siegle2019
1791,3.8431033229045832,optimal,optimal,CA1,RS,,siegle_survey_2019,Siegle2019
1792,0.4500740971701661,optimal,optimal,VIS,RS,L3,siegle_survey_2019,Siegle2019
1793,0.8503749146327544,optimal,optimal,VISrl,RS,,siegle_survey_2019,Siegle2019
1794,1.0187555017144578,optimal,optimal,VISrl,RS,,siegle_survey_2019,Siegle2019
1795,0.2970489041323096,optimal,optimal,VIS,RS,L3,siegle_survey_2019,Siegle2019
1796,5.487726530321189,optimal,optimal,CA1,RS,,siegle_survey_2019,Siegle2019
1797,1.031993438459773,optimal,optimal,VISam,RS,L6a,siegle_survey_2019,Siegle2019
1798,0.4728423404527084,optimal,optimal,VISrl,RS,,siegle_survey_2019,Siegle2019
1799,0.3648247712153841,optimal,optimal,VISam,RS,L5,siegle_survey_2019,Siegle2019
1800,2.103169604248916,optimal,optimal,VISam,FS,L6a,siegle_survey_2019,Siegle2019
1801,1.1331277364309464,optimal,optimal,VISam,RS,L5,siegle_survey_2019,Siegle2019
1802,0.1477301912350069,optimal,optimal,VISam,RS,L5,siegle_survey_2019,Siegle2019
1803,0.3176993359892622,optimal,optimal,VISam,RS,L5,siegle_survey_2019,Siegle2019
1804,5.9933985274120944,optimal,optimal,VISam,FS,L5,siegle_survey_2019,Siegle2019
1805,0.491375018414915,optimal,optimal,VISam,RS,L5,siegle_survey_2019,Siegle2019
1806,4.108911791917824,optimal,optimal,VISam,RS,L4,siegle_survey_2019,Siegle2019
1807,14.176798234357015,optimal,optimal,MGv,FS,,siegle_survey_2019,Siegle2019
1808,6.540899829125593,optimal,optimal,VISam,RS,L5,siegle_survey_2019,Siegle2019
1809,0.4331301347665954,optimal,optimal,VISam,RS,L4,siegle_survey_2019,Siegle2019
1810,1.190313622194751,optimal,optimal,VISam,RS,L3,siegle_survey_2019,Siegle2019
1811,0.037594421425396,optimal,optimal,VISam,RS,L4,siegle_survey_2019,Siegle2019
1812,3.540228318327893,optimal,optimal,MGv,RS,,siegle_survey_2019,Siegle2019
1813,4.706675944122668,optimal,optimal,grey,RS,,siegle_survey_2019,Siegle2019
1814,1.4561219566174517,optimal,optimal,VISam,RS,L4,siegle_survey_2019,Siegle2019
1815,3.265947990943231,optimal,optimal,MGv,RS,,siegle_survey_2019,Siegle2019
1816,0.1122537748236179,optimal,optimal,CA1,RS,,siegle_survey_2019,Siegle2019
1817,0.1869131093403492,optimal,optimal,VISam,RS,L3,siegle_survey_2019,Siegle2019
1818,3.655660666897444,optimal,optimal,VISrl,FS,L6a,siegle_survey_2019,Siegle2019
1819,0.9928105167327216,optimal,optimal,VISam,RS,L3,siegle_survey_2019,Siegle2019
1820,5.246230763231791,optimal,optimal,grey,FS,,siegle_survey_2019,Siegle2019
1821,0.1254912482697992,optimal,optimal,VISrl,RS,L5,siegle_survey_2019,Siegle2019
1822,4.761252324021001,optimal,optimal,TH,FS,,siegle_survey_2019,Siegle2019
1823,0.6729931500038602,optimal,optimal,VISrl,RS,L5,siegle_survey_2019,Siegle2019
1824,33.896400365369644,optimal,optimal,grey,FS,,siegle_survey_2019,Siegle2019
1825,2.4844079075073995,optimal,optimal,LGd,RS,,siegle_survey_2019,Siegle2019
1826,3.486221006786322,optimal,optimal,VISrl,RS,L5,siegle_survey_2019,Siegle2019
1827,0.5162612339769213,optimal,optimal,LGd,FS,,siegle_survey_2019,Siegle2019
1828,4.000893974373853,optimal,optimal,VISrl,RS,L4,siegle_survey_2019,Siegle2019
1829,0.2260960464607775,optimal,optimal,VISrl,RS,L4,siegle_survey_2019,Siegle2019
1830,16.374754652926338,optimal,optimal,VISrl,FS,L4,siegle_survey_2019,Siegle2019
1831,0.6295742371003853,optimal,optimal,VISrl,RS,L4,siegle_survey_2019,Siegle2019
1832,0.7026450905233064,optimal,optimal,VISrl,RS,L3,siegle_survey_2019,Siegle2019
1833,5.732355501134375,optimal,optimal,VISrl,FS,L3,siegle_survey_2019,Siegle2019
1834,1.0092249755368667,optimal,optimal,VISrl,RS,L3,siegle_survey_2019,Siegle2019
1835,5.767829355600619,optimal,optimal,LGd,FS,,siegle_survey_2019,Siegle2019
1836,0.8143692789605491,optimal,optimal,grey,FS,,siegle_survey_2019,Siegle2019
1837,0.4034747518755172,optimal,optimal,grey,RS,,siegle_survey_2019,Siegle2019
1838,0.8720847578980228,optimal,optimal,DG,RS,,siegle_survey_2019,Siegle2019
1839,0.1323736062583718,optimal,optimal,grey,RS,,siegle_survey_2019,Siegle2019
1840,6.215788083160224,optimal,optimal,DG,RS,,siegle_survey_2019,Siegle2019
1841,17.728002844546186,optimal,optimal,grey,RS,,siegle_survey_2019,Siegle2019
1842,0.2981053612938533,optimal,optimal,grey,FS,,siegle_survey_2019,Siegle2019
1843,0.2112699819044016,optimal,optimal,LGd,FS,,siegle_survey_2019,Siegle2019
1844,4.903118375810092,optimal,optimal,grey,RS,,siegle_survey_2019,Siegle2019
1845,9.95669358328413,optimal,optimal,LGd,FS,,siegle_survey_2019,Siegle2019
1846,0.245685413215538,optimal,optimal,grey,FS,,siegle_survey_2019,Siegle2019
1847,5.922924638424588,optimal,optimal,grey,RS,,siegle_survey_2019,Siegle2019
1848,3.8970789682464657,optimal,optimal,grey,FS,,siegle_survey_2019,Siegle2019
1849,0.2229171529390981,optimal,optimal,grey,FS,,siegle_survey_2019,Siegle2019
1850,0.3965913243500819,optimal,optimal,grey,RS,,siegle_survey_2019,Siegle2019
1851,0.681459325018098,optimal,optimal,VISrl,RS,,siegle_survey_2019,Siegle2019
1852,5.453307126900833,optimal,optimal,VISal,RS,L6a,siegle_survey_2019,Siegle2019
1853,0.9181507484266476,optimal,optimal,VISal,RS,L6a,siegle_survey_2019,Siegle2019
1854,1.0584593556419408,optimal,optimal,VISrl,RS,,siegle_survey_2019,Siegle2019
1855,0.038123919431183,optimal,optimal,grey,RS,,siegle_survey_2019,Siegle2019
1856,6.996739332392499,optimal,optimal,VISrl,RS,,siegle_survey_2019,Siegle2019
1857,2.36419260777452,optimal,optimal,VISrl,RS,,siegle_survey_2019,Siegle2019
1858,0.565504804895882,optimal,optimal,VISam,RS,,siegle_survey_2019,Siegle2019
1859,21.99220652298273,optimal,optimal,VISam,FS,,siegle_survey_2019,Siegle2019
1860,2.415573895070237,optimal,optimal,VISam,RS,,siegle_survey_2019,Siegle2019
1861,5.858373633559648,optimal,optimal,VISal,RS,L5,siegle_survey_2019,Siegle2019
1862,0.0471250038279803,optimal,optimal,VISrl,RS,,siegle_survey_2019,Siegle2019
1863,14.111674677228605,optimal,optimal,VISam,FS,,siegle_survey_2019,Siegle2019
1864,0.6782880665464651,optimal,optimal,VISam,RS,,siegle_survey_2019,Siegle2019
1865,0.4945520079493355,optimal,optimal,APN,FS,,siegle_survey_2019,Siegle2019
1866,0.1694396615223845,optimal,optimal,VISrl,RS,L3,siegle_survey_2019,Siegle2019
1867,6.278268906054894,optimal,optimal,CA1,FS,,siegle_survey_2019,Siegle2019
1868,0.2631609721100854,optimal,optimal,CA1,RS,,siegle_survey_2019,Siegle2019
1869,0.3277570490957285,optimal,optimal,grey,FS,,siegle_survey_2019,Siegle2019
1870,6.772820914004229,optimal,optimal,CA1,RS,,siegle_survey_2019,Siegle2019
1871,9.429317085183904,optimal,optimal,CA1,RS,,siegle_survey_2019,Siegle2019
1872,0.2276845451707041,optimal,optimal,CA3,RS,,siegle_survey_2019,Siegle2019
1873,0.4341891290347485,optimal,optimal,CA1,RS,,siegle_survey_2019,Siegle2019
1874,1.6959851120506173,optimal,optimal,DG,RS,,siegle_survey_2019,Siegle2019
1875,9.822121584371189,optimal,optimal,grey,RS,,siegle_survey_2019,Siegle2019
1876,0.4458381056673881,optimal,optimal,VISam,RS,L5,siegle_survey_2019,Siegle2019
1877,14.76613687974638,optimal,optimal,VISam,RS,L5,siegle_survey_2019,Siegle2019
1878,1.9829735222379672,optimal,optimal,VISam,RS,L5,siegle_survey_2019,Siegle2019
1879,0.8239003472903277,optimal,optimal,VISam,RS,L5,siegle_survey_2019,Siegle2019
1880,18.94954648309844,optimal,optimal,grey,RS,,siegle_survey_2019,Siegle2019
1881,13.48369045228033,optimal,optimal,VISam,RS,L4,siegle_survey_2019,Siegle2019
1882,2.648024210229515,optimal,optimal,CA1,RS,,siegle_survey_2019,Siegle2019
1883,3.3040733721668665,optimal,optimal,VISam,RS,L4,siegle_survey_2019,Siegle2019
1884,3.2749509305852675,optimal,optimal,VISam,RS,L4,siegle_survey_2019,Siegle2019
1885,0.2716329551156414,optimal,optimal,VISam,RS,L3,siegle_survey_2019,Siegle2019
1886,0.804308893289069,optimal,optimal,VISl,RS,L4,siegle_survey_2019,Siegle2019
1887,0.168910162580127,optimal,optimal,DG,RS,,siegle_survey_2019,Siegle2019
1888,0.5559738250380861,optimal,optimal,grey,RS,,siegle_survey_2019,Siegle2019
1889,0.979572929829009,optimal,optimal,grey,RS,,siegle_survey_2019,Siegle2019
1890,1.9993709489264475,optimal,optimal,VISpm,RS,,siegle_survey_2019,Siegle2019
1891,0.2207991752389641,optimal,optimal,VISpm,RS,,siegle_survey_2019,Siegle2019
1892,0.0894845578306593,optimal,optimal,VISpm,RS,,siegle_survey_2019,Siegle2019
1893,0.1355505728085727,optimal,optimal,VISpm,RS,,siegle_survey_2019,Siegle2019
1894,0.371708257464731,optimal,optimal,VPM,FS,,siegle_survey_2019,Siegle2019
1895,1.3258651979955884,optimal,optimal,VIS,RS,,siegle_survey_2019,Siegle2019
1896,4.950772874063105,optimal,optimal,grey,FS,,siegle_survey_2019,Siegle2019
1897,8.407841975106743,optimal,optimal,grey,FS,,siegle_survey_2019,Siegle2019
1898,6.8405384770076205,optimal,optimal,grey,FS,,siegle_survey_2019,Siegle2019
1899,1.3936293266881383,optimal,optimal,grey,FS,,siegle_survey_2019,Siegle2019
1900,1.28985927408836,optimal,optimal,VIS,RS,,siegle_survey_2019,Siegle2019
1901,2.550045150961274,optimal,optimal,grey,FS,,siegle_survey_2019,Siegle2019
1902,1.7515675580107757,optimal,optimal,grey,FS,,siegle_survey_2019,Siegle2019
1903,1.9750142053749071,optimal,optimal,grey,FS,,siegle_survey_2019,Siegle2019
1904,8.566160808191755,optimal,optimal,grey,FS,,siegle_survey_2019,Siegle2019
1905,1.3878165670712608,optimal,optimal,VIS,FS,,siegle_survey_2019,Siegle2019
1906,0.0487138970509561,optimal,optimal,VIS,RS,,siegle_survey_2019,Siegle2019
1907,0.5798012746825756,optimal,optimal,VIS,RS,,siegle_survey_2019,Siegle2019
1908,0.578207912136568,optimal,optimal,grey,RS,,siegle_survey_2019,Siegle2019
1909,0.246744402065605,optimal,optimal,grey,RS,,siegle_survey_2019,Siegle2019
1910,2.13864639802763,optimal,optimal,CA3,RS,,siegle_survey_2019,Siegle2019
1911,0.1286682280802428,optimal,optimal,VIS,RS,,siegle_survey_2019,Siegle2019
1912,26.21549471808565,optimal,optimal,CA3,FS,,siegle_survey_2019,Siegle2019
1913,0.9827416528621522,optimal,optimal,grey,RS,,siegle_survey_2019,Siegle2019
1914,6.03575844279269,optimal,optimal,CA3,FS,,siegle_survey_2019,Siegle2019
1915,0.1143707958072332,optimal,optimal,grey,RS,,siegle_survey_2019,Siegle2019
1916,0.1408467485001709,optimal,optimal,VPM,RS,,siegle_survey_2019,Siegle2019
1917,0.3987093020502158,optimal,optimal,grey,RS,,siegle_survey_2019,Siegle2019
1918,3.7753274582956298,optimal,optimal,VISal,RS,L6a,siegle_survey_2019,Siegle2019
1919,6.329631697635504,optimal,optimal,LGd,FS,,siegle_survey_2019,Siegle2019
1920,1.5530203976411054,optimal,optimal,VISal,RS,L5,siegle_survey_2019,Siegle2019
1921,3.863753781652624,optimal,optimal,VISal,RS,L5,siegle_survey_2019,Siegle2019
1922,0.2298025592334715,optimal,optimal,CA1,RS,,siegle_survey_2019,Siegle2019
1923,14.399726787451693,optimal,optimal,LGd,FS,,siegle_survey_2019,Siegle2019
1924,1.1235966254579228,optimal,optimal,grey,RS,,siegle_survey_2019,Siegle2019
1925,1.3364551756153615,optimal,optimal,grey,RS,,siegle_survey_2019,Siegle2019
1926,3.3141334961079822,optimal,optimal,grey,RS,,siegle_survey_2019,Siegle2019
1927,5.403008352239642,optimal,optimal,LGd,FS,,siegle_survey_2019,Siegle2019
1928,5.072069780990312,optimal,optimal,grey,RS,,siegle_survey_2019,Siegle2019
1929,11.211081104417024,optimal,optimal,VISal,RS,L4,siegle_survey_2019,Siegle2019
1930,1.9464378865142904,optimal,optimal,grey,RS,,siegle_survey_2019,Siegle2019
1931,6.616089283506858,optimal,optimal,VISal,RS,L4,siegle_survey_2019,Siegle2019
1932,4.991586926022894,optimal,optimal,VISl,RS,L5,siegle_survey_2019,Siegle2019
1933,13.153815512185142,optimal,optimal,CA3,FS,,siegle_survey_2019,Siegle2019
1934,15.790715628843625,optimal,optimal,grey,FS,,siegle_survey_2019,Siegle2019
1935,0.1366095616586397,optimal,optimal,VISp,RS,,siegle_survey_2019,Siegle2019
1936,0.3245828140460446,optimal,optimal,grey,RS,,siegle_survey_2019,Siegle2019
1937,1.8495395912933668,optimal,optimal,grey,RS,,siegle_survey_2019,Siegle2019
1938,0.5220858966548123,optimal,optimal,grey,RS,,siegle_survey_2019,Siegle2019
1939,1.1834299990096406,optimal,optimal,grey,RS,,siegle_survey_2019,Siegle2019
1940,3.010201138420495,optimal,optimal,grey,RS,,siegle_survey_2019,Siegle2019
1941,14.755020653029192,optimal,optimal,VISal,RS,L5,siegle_survey_2019,Siegle2019
1942,0.7974254070397221,optimal,optimal,PO,RS,,siegle_survey_2019,Siegle2019
1943,3.671016166670912,optimal,optimal,PO,RS,,siegle_survey_2019,Siegle2019
1944,1.4735953857914228,optimal,optimal,grey,RS,,siegle_survey_2019,Siegle2019
1945,12.86311631585736,optimal,optimal,grey,RS,,siegle_survey_2019,Siegle2019
1946,0.0492434016299429,optimal,optimal,LP,RS,,siegle_survey_2019,Siegle2019
1947,2.012095980578316,optimal,optimal,LP,RS,,siegle_survey_2019,Siegle2019
1948,0.7296494580023645,optimal,optimal,grey,RS,,siegle_survey_2019,Siegle2019
1949,0.3124017107697574,optimal,optimal,VISp,RS,,siegle_survey_2019,Siegle2019
1950,0.5633868745619285,optimal,optimal,LP,RS,,siegle_survey_2019,Siegle2019
1951,2.817463545740625,optimal,optimal,grey,RS,,siegle_survey_2019,Siegle2019
1952,0.2070323201880934,optimal,optimal,VISp,RS,,siegle_survey_2019,Siegle2019
1953,6.65368293850342,optimal,optimal,grey,RS,,siegle_survey_2019,Siegle2019
1954,1.300449251708133,optimal,optimal,grey,RS,,siegle_survey_2019,Siegle2019
1955,0.5099031313072482,optimal,optimal,VISp,RS,,siegle_survey_2019,Siegle2019
1956,5.30504928862532,optimal,optimal,grey,FS,,siegle_survey_2019,Siegle2019
1957,4.599758286545058,optimal,optimal,CA3,RS,,siegle_survey_2019,Siegle2019
1958,2.3165583634896545,optimal,optimal,grey,RS,,siegle_survey_2019,Siegle2019
1959,0.1191372872651822,optimal,optimal,grey,RS,,siegle_survey_2019,Siegle2019
1960,0.1773821251311989,optimal,optimal,VISp,RS,,siegle_survey_2019,Siegle2019
1961,2.9588407166126145,optimal,optimal,grey,FS,,siegle_survey_2019,Siegle2019
1962,1.5471957302488455,optimal,optimal,VISp,RS,,siegle_survey_2019,Siegle2019
1963,0.8932570950314929,optimal,optimal,grey,RS,,siegle_survey_2019,Siegle2019
1964,14.256757370619496,optimal,optimal,VISp,FS,,siegle_survey_2019,Siegle2019
1965,2.272609197203301,optimal,optimal,VISp,RS,,siegle_survey_2019,Siegle2019
1966,4.519802971109606,optimal,optimal,CA1,RS,,siegle_survey_2019,Siegle2019
1967,9.49709192941249,optimal,optimal,VISp,FS,,siegle_survey_2019,Siegle2019
1968,5.433719297401334,optimal,optimal,grey,FS,,siegle_survey_2019,Siegle2019
1969,1.5890264522111706,optimal,optimal,LP,FS,,siegle_survey_2019,Siegle2019
1970,1.086531703788717,optimal,optimal,VISp,RS,,siegle_survey_2019,Siegle2019
1971,2.7729861813495167,optimal,optimal,LP,FS,,siegle_survey_2019,Siegle2019
1972,1.155366558317242,optimal,optimal,VISp,RS,,siegle_survey_2019,Siegle2019
1973,0.6634621746485868,optimal,optimal,CA1,RS,,siegle_survey_2019,Siegle2019
1974,8.856399308198135,optimal,optimal,CA1,FS,,siegle_survey_2019,Siegle2019
1975,0.3939472965568692,optimal,optimal,VISrl,RS,,siegle_survey_2019,Siegle2019
1976,0.2488645556206029,optimal,optimal,VISrl,RS,,siegle_survey_2019,Siegle2019
1977,8.679546661484146,optimal,optimal,CA1,RS,L6b,siegle_survey_2019,Siegle2019
1978,0.4617231144045787,optimal,optimal,DG,RS,,siegle_survey_2019,Siegle2019
1979,2.6808537129938563,optimal,optimal,VISrl,FS,,siegle_survey_2019,Siegle2019
1980,26.42517115461974,optimal,optimal,VISp,FS,,siegle_survey_2019,Siegle2019
1981,3.432212416938623,optimal,optimal,DG,RS,,siegle_survey_2019,Siegle2019
1982,11.606617738243536,optimal,optimal,DG,FS,,siegle_survey_2019,Siegle2019
1983,0.1080177717216853,optimal,optimal,VISp,RS,,siegle_survey_2019,Siegle2019
1984,0.213917547919416,optimal,optimal,VISp,RS,,siegle_survey_2019,Siegle2019
1985,7.2414275343129075,optimal,optimal,VISpm,RS,L5,siegle_survey_2019,Siegle2019
1986,0.2155060445623819,optimal,optimal,VISp,RS,,siegle_survey_2019,Siegle2019
1987,2.232897039499673,optimal,optimal,VISpm,FS,L5,siegle_survey_2019,Siegle2019
1988,1.0023414976933558,optimal,optimal,VISpm,RS,L5,siegle_survey_2019,Siegle2019
1989,2.3589177877569467,optimal,optimal,VISpm,FS,L4,siegle_survey_2019,Siegle2019
1990,0.3145223717009262,optimal,optimal,VISpm,RS,L4,siegle_survey_2019,Siegle2019
1991,0.0757183647952047,optimal,optimal,grey,FS,,siegle_survey_2019,Siegle2019
1992,0.918151165874421,optimal,optimal,VISpm,RS,L3,siegle_survey_2019,Siegle2019
1993,3.842541042468016,optimal,optimal,grey,FS,,siegle_survey_2019,Siegle2019
1994,2.876767982293665,optimal,optimal,CA1,RS,,siegle_survey_2019,Siegle2019
1995,25.490610608429844,optimal,optimal,CA1,FS,,siegle_survey_2019,Siegle2019
1996,7.307616451319022,optimal,optimal,grey,RS,,siegle_survey_2019,Siegle2019
1997,0.3404677804757042,optimal,optimal,grey,RS,,siegle_survey_2019,Siegle2019
1998,1.16595691803525,optimal,optimal,grey,RS,,siegle_survey_2019,Siegle2019
1999,4.428728797756247,optimal,optimal,CA1,FS,,siegle_survey_2019,Siegle2019
2000,0.643341140401214,optimal,optimal,VISp,RS,,siegle_survey_2019,Siegle2019
2001,0.139787731883955,optimal,optimal,VISrl,RS,L6a,siegle_survey_2019,Siegle2019
2002,0.3044619563443546,optimal,optimal,grey,RS,,siegle_survey_2019,Siegle2019
2003,14.477029418872974,optimal,optimal,VISal,FS,L6b,siegle_survey_2019,Siegle2019
2004,7.235075080850889,optimal,optimal,grey,RS,,siegle_survey_2019,Siegle2019
2005,4.804673402044116,optimal,optimal,LP,FS,,siegle_survey_2019,Siegle2019
2006,0.4029486484323653,optimal,optimal,grey,RS,,siegle_survey_2019,Siegle2019
2007,1.5530202179397208,optimal,optimal,VISp,RS,,siegle_survey_2019,Siegle2019
2008,3.285541198257352,optimal,optimal,VISrl,RS,L5,siegle_survey_2019,Siegle2019
2009,0.2102110800762082,optimal,optimal,LP,RS,,siegle_survey_2019,Siegle2019
2010,2.333501568516996,optimal,optimal,VISp,RS,,siegle_survey_2019,Siegle2019
2011,5.854671045738311,optimal,optimal,grey,RS,,siegle_survey_2019,Siegle2019
2012,12.705328130892047,optimal,optimal,VISrl,RS,L5,siegle_survey_2019,Siegle2019
2013,3.0763890994158283,optimal,optimal,VISrl,RS,L5,siegle_survey_2019,Siegle2019
2014,7.473876970388502,optimal,optimal,VISal,RS,L6a,siegle_survey_2019,Siegle2019
2015,1.1299506521295828,optimal,optimal,VISal,RS,L5,siegle_survey_2019,Siegle2019
2016,1.88130959091678,optimal,optimal,VISal,RS,L5,siegle_survey_2019,Siegle2019
2017,5.6211603200598175,optimal,optimal,VISal,RS,L5,siegle_survey_2019,Siegle2019
2018,3.346433315067094,optimal,optimal,LP,RS,,siegle_survey_2019,Siegle2019
2019,0.3727672254448108,optimal,optimal,VISal,RS,L5,siegle_survey_2019,Siegle2019
2020,0.0916025355307932,optimal,optimal,VISmma,RS,,siegle_survey_2019,Siegle2019
2021,0.2478054850968344,optimal,optimal,VISal,RS,L5,siegle_survey_2019,Siegle2019
2022,0.2335090335355361,optimal,optimal,LP,RS,,siegle_survey_2019,Siegle2019
2023,1.200903504700044,optimal,optimal,VISal,RS,L5,siegle_survey_2019,Siegle2019
2024,0.286458950565226,optimal,optimal,VISrl,RS,L4,siegle_survey_2019,Siegle2019
2025,6.958675099147428,optimal,optimal,LP,RS,,siegle_survey_2019,Siegle2019
2026,0.8567293567736334,optimal,optimal,VISrl,RS,L4,siegle_survey_2019,Siegle2019
2027,3.1055115435583187,optimal,optimal,VISrl,RS,L4,siegle_survey_2019,Siegle2019
2028,3.5772948538913427,optimal,optimal,LP,RS,,siegle_survey_2019,Siegle2019
2029,8.436508435538437,optimal,optimal,grey,FS,,siegle_survey_2019,Siegle2019
2030,0.9742781313124138,optimal,optimal,VISrl,RS,L4,siegle_survey_2019,Siegle2019
2031,1.8267712042394848,optimal,optimal,VISal,RS,L5,siegle_survey_2019,Siegle2019
2032,0.4204221936206829,optimal,optimal,VISrl,RS,L3,siegle_survey_2019,Siegle2019
2033,8.40526553510075,optimal,optimal,VISal,FS,L5,siegle_survey_2019,Siegle2019
2034,2.9085376898201813,optimal,optimal,LP,RS,,siegle_survey_2019,Siegle2019
2035,19.52898412850867,optimal,optimal,grey,FS,,siegle_survey_2019,Siegle2019
2036,0.326700821163989,optimal,optimal,VISal,RS,L5,siegle_survey_2019,Siegle2019
2037,0.2610429993135978,optimal,optimal,VISrl,RS,L3,siegle_survey_2019,Siegle2019
2038,2.708363984046287,optimal,optimal,grey,FS,,siegle_survey_2019,Siegle2019
2039,2.089402658530147,optimal,optimal,VISal,FS,L5,siegle_survey_2019,Siegle2019
2040,0.5861503285120703,optimal,optimal,grey,FS,,siegle_survey_2019,Siegle2019
2041,0.0354764262852305,optimal,optimal,VISal,RS,L5,siegle_survey_2019,Siegle2019
2042,0.2843409091816242,optimal,optimal,VISal,RS,L5,siegle_survey_2019,Siegle2019
2043,0.0916033243027432,optimal,optimal,VISrl,RS,L3,siegle_survey_2019,Siegle2019
2044,6.61926574614429,optimal,optimal,VISal,RS,L4,siegle_survey_2019,Siegle2019
2045,5.885380271049819,optimal,optimal,VISal,RS,L4,siegle_survey_2019,Siegle2019
2046,7.542182328460065,optimal,optimal,VISal,RS,L4,siegle_survey_2019,Siegle2019
2047,0.5427363722740499,optimal,optimal,VISal,RS,L4,siegle_survey_2019,Siegle2019
2048,2.8518810742127148,optimal,optimal,VISal,FS,L4,siegle_survey_2019,Siegle2019
2049,0.3436418818467331,optimal,optimal,grey,FS,,siegle_survey_2019,Siegle2019
2050,2.573894151828445,optimal,optimal,VISal,FS,L4,siegle_survey_2019,Siegle2019
2051,0.7360036857715703,optimal,optimal,VISpm,RS,,siegle_survey_2019,Siegle2019
2052,21.71739911668937,optimal,optimal,CA1,FS,,siegle_survey_2019,Siegle2019
2053,1.3608121724334714,optimal,optimal,VISal,RS,L4,siegle_survey_2019,Siegle2019
2054,0.25998400134478,optimal,optimal,VISrl,RS,L3,siegle_survey_2019,Siegle2019
2055,4.122148934783882,optimal,optimal,VISal,RS,L3,siegle_survey_2019,Siegle2019
2056,0.491904477895212,optimal,optimal,VISal,RS,L3,siegle_survey_2019,Siegle2019
2057,0.6025697479491402,optimal,optimal,VISal,RS,L3,siegle_survey_2019,Siegle2019
2058,0.5819194609086012,optimal,optimal,VISpm,RS,,siegle_survey_2019,Siegle2019
2059,0.1795001270252711,optimal,optimal,VISal,RS,L3,siegle_survey_2019,Siegle2019
2060,0.0720118503700202,optimal,optimal,VISal,RS,L3,siegle_survey_2019,Siegle2019
2061,1.2612664804572495,optimal,optimal,VISp,RS,L5,siegle_survey_2019,Siegle2019
2062,8.832496503983599,optimal,optimal,grey,RS,,siegle_survey_2019,Siegle2019
2063,2.634787295251319,optimal,optimal,VISpm,FS,,siegle_survey_2019,Siegle2019
2064,1.2490880047853283,optimal,optimal,VISp,RS,L5,siegle_survey_2019,Siegle2019
2065,0.1159592790823337,optimal,optimal,grey,RS,,siegle_survey_2019,Siegle2019
2066,1.7134587135472668,optimal,optimal,PO,FS,,siegle_survey_2019,Siegle2019
2067,2.6464359240757847,optimal,optimal,PO,RS,,siegle_survey_2019,Siegle2019
2068,0.3547642502623978,optimal,optimal,VISl,RS,,siegle_survey_2019,Siegle2019
2069,3.2410632835670024,optimal,optimal,PO,RS,,siegle_survey_2019,Siegle2019
2070,4.757018115619575,optimal,optimal,LP,RS,,siegle_survey_2019,Siegle2019
2071,0.3494692738545101,optimal,optimal,LP,RS,,siegle_survey_2019,Siegle2019
2072,1.4698890637066857,optimal,optimal,VISp,RS,L3,siegle_survey_2019,Siegle2019
2073,6.493774506896534,optimal,optimal,LP,FS,,siegle_survey_2019,Siegle2019
2074,2.1614145089001675,optimal,optimal,LP,RS,,siegle_survey_2019,Siegle2019
2075,35.585513457528165,optimal,optimal,grey,FS,,siegle_survey_2019,Siegle2019
2076,0.3235239223067837,optimal,optimal,grey,FS,,siegle_survey_2019,Siegle2019
2077,0.1689101983893028,optimal,optimal,grey,FS,,siegle_survey_2019,Siegle2019
2078,6.238557860259453,optimal,optimal,grey,FS,,siegle_survey_2019,Siegle2019
2079,4.720483446005527,optimal,optimal,PO,RS,,siegle_survey_2019,Siegle2019
2080,4.7919648729473145,optimal,optimal,VISl,RS,,siegle_survey_2019,Siegle2019
2081,7.548008022749162,optimal,optimal,PO,RS,,siegle_survey_2019,Siegle2019
2082,0.4114206305281838,optimal,optimal,VISl,RS,,siegle_survey_2019,Siegle2019
2083,10.34482165839708,optimal,optimal,PO,RS,,siegle_survey_2019,Siegle2019
2084,0.4273056121221056,optimal,optimal,LP,RS,,siegle_survey_2019,Siegle2019
2085,35.33663732165878,optimal,optimal,VISl,FS,,siegle_survey_2019,Siegle2019
2086,2.9726076920299245,optimal,optimal,grey,FS,,siegle_survey_2019,Siegle2019
2087,17.41204460330294,optimal,optimal,LP,RS,,siegle_survey_2019,Siegle2019
2088,0.3155813442686183,optimal,optimal,LP,FS,,siegle_survey_2019,Siegle2019
2089,0.0815428305660523,optimal,optimal,LP,FS,,siegle_survey_2019,Siegle2019
2090,0.1572611732345295,optimal,optimal,LP,RS,,siegle_survey_2019,Siegle2019
2091,13.69019624189264,optimal,optimal,LP,RS,,siegle_survey_2019,Siegle2019
2092,9.831737142504837,optimal,optimal,LGd,RS,,siegle_survey_2019,Siegle2019
2093,3.5672339612205586,optimal,optimal,VISl,RS,,siegle_survey_2019,Siegle2019
2094,1.7176949328366715,optimal,optimal,grey,RS,,siegle_survey_2019,Siegle2019
2095,2.151883452337888,optimal,optimal,VISl,RS,,siegle_survey_2019,Siegle2019
2096,0.9012070954426884,optimal,optimal,VISl,RS,,siegle_survey_2019,Siegle2019
2097,21.197962341826724,optimal,optimal,LGd,FS,,siegle_survey_2019,Siegle2019
2098,17.781632052397214,optimal,optimal,CA1,FS,,siegle_survey_2019,Siegle2019
2099,0.4580165320551853,optimal,optimal,VISl,RS,,siegle_survey_2019,Siegle2019
2100,0.1678511780576278,optimal,optimal,LGd,RS,,siegle_survey_2019,Siegle2019
2101,1.9962114355099423,optimal,optimal,grey,RS,,siegle_survey_2019,Siegle2019
2102,19.714835686497334,optimal,optimal,LGd,RS,,siegle_survey_2019,Siegle2019
2103,1.9321251569471949,optimal,optimal,VISl,RS,,siegle_survey_2019,Siegle2019
2104,0.2531005480566982,optimal,optimal,VISpm,RS,,siegle_survey_2019,Siegle2019
2105,2.286905748147923,optimal,optimal,CA1,RS,,siegle_survey_2019,Siegle2019
2106,1.9501444478881227,optimal,optimal,CA1,RS,,siegle_survey_2019,Siegle2019
2107,4.758078503844122,optimal,optimal,VISpm,RS,,siegle_survey_2019,Siegle2019
2108,1.0378178435679393,optimal,optimal,CA1,RS,,siegle_survey_2019,Siegle2019
2109,24.589399406863027,optimal,optimal,CA1,FS,,siegle_survey_2019,Siegle2019
2110,2.789930518223312,optimal,optimal,VISpm,RS,,siegle_survey_2019,Siegle2019
2111,0.2838114556431814,optimal,optimal,DG,RS,,siegle_survey_2019,Siegle2019
2112,7.695209759221748,optimal,optimal,VISpm,RS,,siegle_survey_2019,Siegle2019
2113,2.661791747031427,optimal,optimal,VISpm,RS,,siegle_survey_2019,Siegle2019
2114,30.034245370025182,optimal,optimal,VISpm,FS,,siegle_survey_2019,Siegle2019
2115,0.1906196596242915,optimal,optimal,VISpm,RS,,siegle_survey_2019,Siegle2019
2116,0.381768818303095,optimal,optimal,VISpm,RS,,siegle_survey_2019,Siegle2019
2117,0.5512085157469098,optimal,optimal,VISpm,RS,,siegle_survey_2019,Siegle2019
2118,0.1652037050077193,optimal,optimal,VISpm,RS,,siegle_survey_2019,Siegle2019
2119,0.4029486627322458,optimal,optimal,VISpm,FS,L5,siegle_survey_2019,Siegle2019
2120,0.2356270020399508,optimal,optimal,VISl,RS,,siegle_survey_2019,Siegle2019
2121,0.2509824695886217,optimal,optimal,VISl,RS,,siegle_survey_2019,Siegle2019
2122,0.2329795839852452,optimal,optimal,VISpm,RS,,siegle_survey_2019,Siegle2019
2123,0.6232203871605311,optimal,optimal,VISpm,RS,,siegle_survey_2019,Siegle2019
2124,12.35585638787023,optimal,optimal,grey,RS,,siegle_survey_2019,Siegle2019
2125,6.684394110817176,optimal,optimal,VISpm,RS,L5,siegle_survey_2019,Siegle2019
2126,11.822121515833668,optimal,optimal,grey,RS,,siegle_survey_2019,Siegle2019
2127,16.451000733436477,optimal,optimal,grey,RS,,siegle_survey_2019,Siegle2019
2128,0.0942508317031219,optimal,optimal,VISpm,RS,,siegle_survey_2019,Siegle2019
2129,2.1428823899029013,optimal,optimal,VISrl,RS,L5,siegle_survey_2019,Siegle2019
2130,0.0778363507081113,optimal,optimal,VISrl,RS,L5,siegle_survey_2019,Siegle2019
2131,1.3735203655567398,optimal,optimal,VISrl,RS,L4,siegle_survey_2019,Siegle2019
2132,0.3939472965568692,optimal,optimal,grey,FS,,siegle_survey_2019,Siegle2019
2133,0.2313910561866982,optimal,optimal,VISrl,RS,L3,siegle_survey_2019,Siegle2019
2134,9.96834593349239,optimal,optimal,grey,FS,,siegle_survey_2019,Siegle2019
2135,2.096815568715068,optimal,optimal,grey,FS,,siegle_survey_2019,Siegle2019
2136,6.205726885187019,optimal,optimal,grey,FS,,siegle_survey_2019,Siegle2019
2137,8.579470368659152,optimal,optimal,grey,FS,,siegle_survey_2019,Siegle2019
2138,0.3754147066209553,optimal,optimal,grey,FS,,siegle_survey_2019,Siegle2019
2139,20.61922268174872,optimal,optimal,VISl,RS,,siegle_survey_2019,Siegle2019
2140,1.648859515398667,optimal,optimal,grey,RS,,siegle_survey_2019,Siegle2019
2141,11.562137565268236,optimal,optimal,grey,RS,,siegle_survey_2019,Siegle2019
2142,0.2176241114043995,optimal,optimal,grey,RS,,siegle_survey_2019,Siegle2019
2143,5.407772071537118,optimal,optimal,grey,RS,,siegle_survey_2019,Siegle2019
2144,0.6131599051248046,optimal,optimal,grey,FS,,siegle_survey_2019,Siegle2019
2145,4.242346424749512,optimal,optimal,grey,FS,,siegle_survey_2019,Siegle2019
2146,0.2038571359870896,optimal,optimal,grey,RS,,siegle_survey_2019,Siegle2019
2147,14.453730954347275,optimal,optimal,grey,FS,,siegle_survey_2019,Siegle2019
2148,0.2425104960990388,optimal,optimal,VISrl,RS,L5,siegle_survey_2019,Siegle2019
2149,1.662626545307821,optimal,optimal,VISrl,FS,L5,siegle_survey_2019,Siegle2019
2150,2.593486368999389,optimal,optimal,grey,RS,,siegle_survey_2019,Siegle2019
2151,11.24338292350613,optimal,optimal,grey,FS,,siegle_survey_2019,Siegle2019
2152,6.434999900655106,optimal,optimal,VISal,RS,,siegle_survey_2019,Siegle2019
2153,3.4692778051621067,optimal,optimal,grey,RS,,siegle_survey_2019,Siegle2019
2154,1.5720826928458935,optimal,optimal,grey,RS,,siegle_survey_2019,Siegle2019
2155,14.786261097245395,optimal,optimal,grey,FS,,siegle_survey_2019,Siegle2019
2156,5.100662901576509,optimal,optimal,VISrl,RS,L4,siegle_survey_2019,Siegle2019
2157,0.7953073192449576,optimal,optimal,VISal,RS,,siegle_survey_2019,Siegle2019
2158,0.5676228004198366,optimal,optimal,VISal,RS,,siegle_survey_2019,Siegle2019
2159,4.910574231543555,optimal,optimal,grey,RS,,siegle_survey_2019,Siegle2019
2160,2.2614904618204146,optimal,optimal,grey,RS,,siegle_survey_2019,Siegle2019
2161,0.0873673153631278,optimal,optimal,VISal,RS,,siegle_survey_2019,Siegle2019
2162,5.49355089025728,optimal,optimal,VISal,RS,,siegle_survey_2019,Siegle2019
2163,4.180395035371617,optimal,optimal,grey,RS,,siegle_survey_2019,Siegle2019
2164,0.1699691407973577,optimal,optimal,VISal,RS,,siegle_survey_2019,Siegle2019
2165,0.0333584295022851,optimal,optimal,VISal,RS,,siegle_survey_2019,Siegle2019
2166,1.018756180880936,optimal,optimal,grey,RS,,siegle_survey_2019,Siegle2019
2167,2.335619646927643,optimal,optimal,VISrl,RS,L4,siegle_survey_2019,Siegle2019
2168,0.723825207517796,optimal,optimal,grey,FS,,siegle_survey_2019,Siegle2019
2169,2.1259380826149368,optimal,optimal,VISrl,RS,L3,siegle_survey_2019,Siegle2019
2170,0.483432495498739,optimal,optimal,VISrl,RS,L3,siegle_survey_2019,Siegle2019
2171,15.415833432081312,optimal,optimal,VISam,FS,L5,siegle_survey_2019,Siegle2019
2172,0.0852493228645093,optimal,optimal,VISrl,RS,L3,siegle_survey_2019,Siegle2019
2173,0.1800296259250506,optimal,optimal,VISrl,RS,L3,siegle_survey_2019,Siegle2019
2174,4.470559052187202,optimal,optimal,VISal,RS,,siegle_survey_2019,Siegle2019
2175,0.293342380067714,optimal,optimal,VISal,RS,,siegle_survey_2019,Siegle2019
2176,0.1472006889148456,optimal,optimal,VISal,RS,,siegle_survey_2019,Siegle2019
2177,3.40944329468594,optimal,optimal,VISal,RS,,siegle_survey_2019,Siegle2019
2178,0.1985621454419703,optimal,optimal,grey,RS,,siegle_survey_2019,Siegle2019
2179,0.1360812172433471,optimal,optimal,VISrl,RS,L3,siegle_survey_2019,Siegle2019
2180,6.316392151313647,optimal,optimal,VISal,RS,,siegle_survey_2019,Siegle2019
2181,2.990610263941583,optimal,optimal,VISam,RS,L5,siegle_survey_2019,Siegle2019
2182,5.397183862640011,optimal,optimal,grey,FS,,siegle_survey_2019,Siegle2019
2183,9.392252985445433,optimal,optimal,VISam,RS,L5,siegle_survey_2019,Siegle2019
2184,5.231448944167896,optimal,optimal,VISal,RS,,siegle_survey_2019,Siegle2019
2185,1.8966653621527532,optimal,optimal,VISam,RS,L5,siegle_survey_2019,Siegle2019
2186,1.1167131400050705,optimal,optimal,VISal,RS,,siegle_survey_2019,Siegle2019
2187,2.3186755998493136,optimal,optimal,VISal,RS,,siegle_survey_2019,Siegle2019
2188,0.7270019635974213,optimal,optimal,VISal,RS,,siegle_survey_2019,Siegle2019
2189,2.1089947341209814,optimal,optimal,grey,RS,,siegle_survey_2019,Siegle2019
2190,0.2102110632124856,optimal,optimal,VISrl,RS,L3,siegle_survey_2019,Siegle2019
2191,0.2022685797157922,optimal,optimal,VISrl,RS,L3,siegle_survey_2019,Siegle2019
2192,3.053090547780576,optimal,optimal,VISal,RS,,siegle_survey_2019,Siegle2019
2193,0.1360812172433471,optimal,optimal,VISrl,RS,L2,siegle_survey_2019,Siegle2019
2194,2.2000682802190648,optimal,optimal,VISam,FS,L3,siegle_survey_2019,Siegle2019
2195,0.0979572964592187,optimal,optimal,VISrl,RS,L3,siegle_survey_2019,Siegle2019
2196,3.498399106692033,optimal,optimal,VISal,RS,,siegle_survey_2019,Siegle2019
2197,0.0550678943785277,optimal,optimal,VISam,RS,L3,siegle_survey_2019,Siegle2019
2198,0.1646741519874712,optimal,optimal,VISal,RS,,siegle_survey_2019,Siegle2019
2199,0.4971995463599764,optimal,optimal,VISam,RS,L3,siegle_survey_2019,Siegle2019
2200,0.3351728571308467,optimal,optimal,VISam,RS,L3,siegle_survey_2019,Siegle2019
2201,4.818969486893783,optimal,optimal,DG,RS,,siegle_survey_2019,Siegle2019
2202,9.91221940387338,optimal,optimal,DG,RS,,siegle_survey_2019,Siegle2019
2203,0.2853998968528842,optimal,optimal,VISal,RS,,siegle_survey_2019,Siegle2019
2204,0.5665638227641301,optimal,optimal,DG,RS,,siegle_survey_2019,Siegle2019
2205,0.1281387711918848,optimal,optimal,VISp,RS,,siegle_survey_2019,Siegle2019
2206,0.1562022210810167,optimal,optimal,grey,FS,,siegle_survey_2019,Siegle2019
2207,0.0857788354742451,optimal,optimal,VISam,RS,L6a,siegle_survey_2019,Siegle2019
2208,0.0698938522905022,optimal,optimal,VISal,RS,,siegle_survey_2019,Siegle2019
2209,3.2368267743524552,optimal,optimal,VISrl,RS,L6a,siegle_survey_2019,Siegle2019
2210,9.510860757953033,optimal,optimal,SGN,RS,,siegle_survey_2019,Siegle2019
2211,1.4031720844158362,optimal,optimal,VISrl,RS,L5,siegle_survey_2019,Siegle2019
2212,10.554503256223011,optimal,optimal,SGN,FS,,siegle_survey_2019,Siegle2019
2213,4.2947662625407546,optimal,optimal,SGN,FS,,siegle_survey_2019,Siegle2019
2214,9.599816587333727,optimal,optimal,SGN,FS,,siegle_survey_2019,Siegle2019
2215,3.653013493437143,optimal,optimal,SGN,FS,,siegle_survey_2019,Siegle2019
2216,3.859517480493219,optimal,optimal,VISrl,RS,L4,siegle_survey_2019,Siegle2019
2217,0.4310121044205625,optimal,optimal,VISrl,RS,L4,siegle_survey_2019,Siegle2019
2218,5.32940642628128,optimal,optimal,VISrl,RS,L4,siegle_survey_2019,Siegle2019
2219,1.5238980771288733,optimal,optimal,LP,FS,,siegle_survey_2019,Siegle2019
2220,2.743334238222617,optimal,optimal,LP,RS,,siegle_survey_2019,Siegle2019
2221,0.1636151600318843,optimal,optimal,VISrl,RS,L3,siegle_survey_2019,Siegle2019
2222,11.984680013111507,optimal,optimal,LP,RS,,siegle_survey_2019,Siegle2019
2223,0.1244322414481968,optimal,optimal,VISrl,RS,L3,siegle_survey_2019,Siegle2019
2224,1.2136114782947534,optimal,optimal,VISrl,RS,L5,siegle_survey_2019,Siegle2019
2225,2.3573291018186047,optimal,optimal,ZI,FS,,siegle_survey_2019,Siegle2019
2226,12.935660189109928,optimal,optimal,DG,FS,,siegle_survey_2019,Siegle2019
2227,1.8415971734333123,optimal,optimal,ZI,FS,,siegle_survey_2019,Siegle2019
2228,4.534628577712159,optimal,optimal,ZI,FS,,siegle_survey_2019,Siegle2019
2229,16.704633960132625,optimal,optimal,DG,FS,,siegle_survey_2019,Siegle2019
2230,0.3775327155428268,optimal,optimal,ZI,FS,,siegle_survey_2019,Siegle2019
2231,1.88130959091678,optimal,optimal,CA3,FS,,siegle_survey_2019,Siegle2019
2232,15.098663540420368,optimal,optimal,SUB,RS,,siegle_survey_2019,Siegle2019
2233,0.2822229586899546,optimal,optimal,VISp,RS,L6a,siegle_survey_2019,Siegle2019
2234,2.2551361745975926,optimal,optimal,VISp,RS,L6a,siegle_survey_2019,Siegle2019
2235,6.600733284652005,optimal,optimal,VISal,FS,L6a,siegle_survey_2019,Siegle2019
2236,0.2986373794756723,optimal,optimal,VISal,RS,L6a,siegle_survey_2019,Siegle2019
2237,3.719729770951415,optimal,optimal,VISal,FS,L6a,siegle_survey_2019,Siegle2019
2238,0.0810133446145648,optimal,optimal,VISp,RS,L6a,siegle_survey_2019,Siegle2019
2239,1.0081659051802838,optimal,optimal,VISal,RS,L6a,siegle_survey_2019,Siegle2019
2240,0.6618736247244511,optimal,optimal,VISal,RS,L5,siegle_survey_2019,Siegle2019
2241,1.1119476895370777,optimal,optimal,VISal,RS,L5,siegle_survey_2019,Siegle2019
2242,12.87106131301204,optimal,optimal,VISp,RS,L5,siegle_survey_2019,Siegle2019
2243,2.695678898777744,optimal,optimal,VISal,FS,L5,siegle_survey_2019,Siegle2019
2244,2.6024875083698444,optimal,optimal,VISp,RS,L5,siegle_survey_2019,Siegle2019
2245,5.353234732374187,optimal,optimal,VISp,RS,L5,siegle_survey_2019,Siegle2019
2246,0.6115712292453928,optimal,optimal,VISal,RS,L5,siegle_survey_2019,Siegle2019
2247,6.204138608717114,optimal,optimal,VISal,RS,L5,siegle_survey_2019,Siegle2019
2248,0.2319205181034476,optimal,optimal,VISal,RS,L5,siegle_survey_2019,Siegle2019
2249,1.425411038206578,optimal,optimal,VISal,RS,L4,siegle_survey_2019,Siegle2019
2250,0.1588496953226761,optimal,optimal,VISp,RS,L3,siegle_survey_2019,Siegle2019
2251,0.1720871699328991,optimal,optimal,VISp,RS,L3,siegle_survey_2019,Siegle2019
2252,0.5067304470890397,optimal,optimal,VISal,RS,L3,siegle_survey_2019,Siegle2019
2253,0.1318452471178212,optimal,optimal,VISp,RS,L3,siegle_survey_2019,Siegle2019
2254,0.106429295866193,optimal,optimal,VISp,RS,L5,siegle_survey_2019,Siegle2019
2255,3.7986251070185695,optimal,optimal,LGd,FS,,siegle_survey_2019,Siegle2019
2256,11.974617618514769,optimal,optimal,LGd,FS,,siegle_survey_2019,Siegle2019
2257,13.104570365136372,optimal,optimal,Eth,RS,,siegle_survey_2019,Siegle2019
2258,17.623841380262903,optimal,optimal,LGd,FS,,siegle_survey_2019,Siegle2019
2259,14.105323445669232,optimal,optimal,Eth,RS,,siegle_survey_2019,Siegle2019
2260,1.2279081448442868,optimal,optimal,Eth,RS,,siegle_survey_2019,Siegle2019
2261,10.878027135696865,optimal,optimal,Eth,RS,,siegle_survey_2019,Siegle2019
2262,5.704291647325209,optimal,optimal,DG,RS,,siegle_survey_2019,Siegle2019
2263,11.407526120105784,optimal,optimal,LP,FS,,siegle_survey_2019,Siegle2019
2264,0.4781375065009434,optimal,optimal,DG,RS,,siegle_survey_2019,Siegle2019
2265,1.1161836807353145,optimal,optimal,DG,RS,,siegle_survey_2019,Siegle2019
2266,2.862471052208306,optimal,optimal,DG,RS,,siegle_survey_2019,Siegle2019
2267,0.5988632556506833,optimal,optimal,DG,RS,,siegle_survey_2019,Siegle2019
2268,8.050501272248443,optimal,optimal,CA1,FS,,siegle_survey_2019,Siegle2019
2269,16.11847858439195,optimal,optimal,LP,RS,,siegle_survey_2019,Siegle2019
2270,10.948979999607658,optimal,optimal,LP,RS,,siegle_survey_2019,Siegle2019
2271,1.333278442741662,optimal,optimal,LP,RS,,siegle_survey_2019,Siegle2019
2272,6.5266044818243545,optimal,optimal,LP,RS,,siegle_survey_2019,Siegle2019
2273,1.7272254110809275,optimal,optimal,CA1,RS,,siegle_survey_2019,Siegle2019
2274,2.7422748019583456,optimal,optimal,CA1,RS,,siegle_survey_2019,Siegle2019
2275,0.5686818183632484,optimal,optimal,CA1,RS,,siegle_survey_2019,Siegle2019
2276,0.1673216523303412,optimal,optimal,CA1,RS,,siegle_survey_2019,Siegle2019
2277,28.57864411780224,optimal,optimal,CA1,FS,,siegle_survey_2019,Siegle2019
2278,2.0952271464277223,optimal,optimal,CA1,RS,,siegle_survey_2019,Siegle2019
2279,0.731767479495353,optimal,optimal,VISp,RS,L6a,siegle_survey_2019,Siegle2019
2280,1.976089893977321,optimal,optimal,VISp,RS,L6a,siegle_survey_2019,Siegle2019
2281,4.413373329662639,optimal,optimal,VISp,FS,L5,siegle_survey_2019,Siegle2019
2282,2.4182214752932545,optimal,optimal,VISp,FS,L5,siegle_survey_2019,Siegle2019
2283,1.1818415443079795,optimal,optimal,VISp,RS,L5,siegle_survey_2019,Siegle2019
2284,0.2647494498897804,optimal,optimal,VISp,RS,L5,siegle_survey_2019,Siegle2019
2285,3.5301697290542733,optimal,optimal,VISpm,RS,L6a,siegle_survey_2019,Siegle2019
2286,1.1378933174947703,optimal,optimal,VISpm,RS,L6a,siegle_survey_2019,Siegle2019
2287,0.09319182125597,optimal,optimal,VISpm,RS,L5,siegle_survey_2019,Siegle2019
2288,0.1503777115721334,optimal,optimal,VISpm,RS,L4,siegle_survey_2019,Siegle2019
2289,0.1482597156344977,optimal,optimal,VISpm,RS,L4,siegle_survey_2019,Siegle2019
2290,11.2608519994412,optimal,optimal,MGd,FS,,siegle_survey_2019,Siegle2019
2291,5.982277984186141,optimal,optimal,MGd,RS,,siegle_survey_2019,Siegle2019
2292,6.838477621328024,optimal,optimal,MGd,FS,,siegle_survey_2019,Siegle2019
2293,8.793387367974796,optimal,optimal,MGd,FS,,siegle_survey_2019,Siegle2019
2294,1.0658811809317317,optimal,optimal,DG,RS,,siegle_survey_2019,Siegle2019
2295,9.388544073075275,optimal,optimal,DG,RS,,siegle_survey_2019,Siegle2019
2296,1.1950788998325474,optimal,optimal,DG,RS,,siegle_survey_2019,Siegle2019
2297,6.039993358613145,optimal,optimal,DG,RS,,siegle_survey_2019,Siegle2019
2298,30.184611326475054,optimal,optimal,DG,FS,,siegle_survey_2019,Siegle2019
2299,6.124183675437857,optimal,optimal,DG,FS,,siegle_survey_2019,Siegle2019
2300,12.132407103173753,optimal,optimal,CA1,RS,,siegle_survey_2019,Siegle2019
2301,0.5776832431179926,optimal,optimal,CA1,RS,,siegle_survey_2019,Siegle2019
2302,22.6175432903621,optimal,optimal,VISal,RS,L6a,siegle_survey_2019,Siegle2019
2303,1.0552912039726483,optimal,optimal,VISal,RS,L6a,siegle_survey_2019,Siegle2019
2304,2.4441666821564194,optimal,optimal,VISal,RS,L6a,siegle_survey_2019,Siegle2019
2305,1.746816699400786,optimal,optimal,VISal,RS,L5,siegle_survey_2019,Siegle2019
2306,3.367083174140527,optimal,optimal,VISal,RS,L5,siegle_survey_2019,Siegle2019
2307,13.254415161988623,optimal,optimal,VISal,RS,L5,siegle_survey_2019,Siegle2019
2308,2.766631480560505,optimal,optimal,VISal,RS,L4,siegle_survey_2019,Siegle2019
2309,2.358387868787845,optimal,optimal,VISal,RS,L4,siegle_survey_2019,Siegle2019
2310,3.0493838653680285,optimal,optimal,VISal,RS,L4,siegle_survey_2019,Siegle2019
2311,4.1459759794811015,optimal,optimal,VISal,RS,L4,siegle_survey_2019,Siegle2019
2312,4.103616071644768,optimal,optimal,VISal,RS,L4,siegle_survey_2019,Siegle2019
2313,0.9493914343818156,optimal,optimal,VISal,RS,L3,siegle_survey_2019,Siegle2019
2314,1.9787371948047097,optimal,optimal,VISal,FS,L3,siegle_survey_2019,Siegle2019
2315,0.2673969182168526,optimal,optimal,APN,RS,,siegle_survey_2019,Siegle2019
2316,12.692087385461305,optimal,optimal,APN,FS,,siegle_survey_2019,Siegle2019
2317,1.827830023137773,optimal,optimal,APN,FS,,siegle_survey_2019,Siegle2019
2318,7.285374649001338,optimal,optimal,APN,RS,,siegle_survey_2019,Siegle2019
2319,6.241732419683681,optimal,optimal,APN,FS,,siegle_survey_2019,Siegle2019
2320,0.6772290265333754,optimal,optimal,APN,FS,,siegle_survey_2019,Siegle2019
2321,7.553830564914099,optimal,optimal,APN,FS,,siegle_survey_2019,Siegle2019
2322,0.1027227765031077,optimal,optimal,APN,FS,,siegle_survey_2019,Siegle2019
2323,0.1519661693628449,optimal,optimal,CA1,RS,,siegle_survey_2019,Siegle2019
2324,7.914419280370884,optimal,optimal,VISpm,RS,L5,siegle_survey_2019,Siegle2019
2325,0.1932670795032697,optimal,optimal,VISpm,RS,L4,siegle_survey_2019,Siegle2019
2326,0.1191372407896868,optimal,optimal,APN,RS,,siegle_survey_2019,Siegle2019
2327,0.0529498847954163,optimal,optimal,APN,FS,,siegle_survey_2019,Siegle2019
2328,0.226625506924382,optimal,optimal,SGN,RS,,siegle_survey_2019,Siegle2019
2329,2.932894118818113,optimal,optimal,LP,FS,,siegle_survey_2019,Siegle2019
2330,0.4712539746792056,optimal,optimal,SUB,RS,,siegle_survey_2019,Siegle2019
2331,27.2591301915283,optimal,optimal,SUB,FS,,siegle_survey_2019,Siegle2019
2332,26.005806418420796,optimal,optimal,VISp,FS,L6a,siegle_survey_2019,Siegle2019
2333,8.055265973926693,optimal,optimal,VISp,RS,L5,siegle_survey_2019,Siegle2019
2334,2.1365278514950505,optimal,optimal,VISp,RS,L4,siegle_survey_2019,Siegle2019
2335,1.77276214295054,optimal,optimal,MB,FS,,siegle_survey_2019,Siegle2019
2336,3.522755835439051,optimal,optimal,MB,FS,,siegle_survey_2019,Siegle2019
2337,0.1376697004680825,optimal,optimal,PPT,FS,,siegle_survey_2019,Siegle2019
2338,1.4767722869441624,optimal,optimal,APN,FS,,siegle_survey_2019,Siegle2019
2339,1.0012823214813236,optimal,optimal,NOT,FS,,siegle_survey_2019,Siegle2019
2340,5.734472523343593,optimal,optimal,CA1,RS,,siegle_survey_2019,Siegle2019
2341,1.4905392569909708,optimal,optimal,CA1,RS,,siegle_survey_2019,Siegle2019
2342,8.890815155998363,optimal,optimal,CA1,FS,,siegle_survey_2019,Siegle2019
2343,3.3273707605439644,optimal,optimal,CA1,RS,,siegle_survey_2019,Siegle2019
2344,2.2170116763840837,optimal,optimal,CA1,RS,,siegle_survey_2019,Siegle2019
2345,1.688571826125828,optimal,optimal,CA1,RS,,siegle_survey_2019,Siegle2019
2346,18.714077783244008,optimal,optimal,CA1,RS,,siegle_survey_2019,Siegle2019
2347,7.660259833352886,optimal,optimal,VISam,FS,L5,siegle_survey_2019,Siegle2019
2348,0.7640668375978582,optimal,optimal,VISam,RS,L5,siegle_survey_2019,Siegle2019
2349,5.379178796366348,optimal,optimal,VISam,FS,L5,siegle_survey_2019,Siegle2019
