,region,Presynaptic synapse class,Presynaptic gene expression,Presynaptic layer,Postsynaptic synapse class,Postsynaptic gene expression,Postsynaptic layer,minimal Horizontal interesomatic distance (um),maximal Horizontal interesomatic distance (um),minimal Vertical interesomatic distance (um),maximal Vertical interesomatic distance (um),dataset,notes,connection probability,sample size
0,,EXC,Tlx3,L4,EXC,Tlx3,L4,0.0,25.0,25.0,50.0,AISynphys,Accessed on 2025-07-08 00:00:007,0.0,2
1,,EXC,Tlx3,L4,EXC,Tlx3,L4,50.0,75.0,0.0,25.0,AISynphys,Accessed on 2025-07-08 00:00:007,0.0,2
2,,EXC,Tlx3,L4,EXC,Tlx3,L4,50.0,75.0,25.0,50.0,AISynphys,Accessed on 2025-07-08 00:00:007,0.0,2
3,,EXC,Tlx3,L4,INH,Pvalb,L4,0.0,25.0,0.0,25.0,AISynphys,Accessed on 2025-07-08 00:00:007,0.0,1
4,,EXC,Tlx3,L4,INH,Pvalb,L4,0.0,25.0,25.0,50.0,AISynphys,Accessed on 2025-07-08 00:00:007,0.0,1
5,,EXC,Tlx3,L4,INH,Pvalb,L4,0.0,25.0,50.0,75.0,AISynphys,Accessed on 2025-07-08 00:00:007,0.0,1
6,,EXC,Tlx3,L4,INH,Pvalb,L4,50.0,75.0,0.0,25.0,AISynphys,Accessed on 2025-07-08 00:00:007,0.0,1
7,,EXC,Tlx3,L4,INH,Pvalb,L4,50.0,75.0,25.0,50.0,AISynphys,Accessed on 2025-07-08 00:00:007,0.0,1
8,,EXC,Tlx3,L4,INH,Pvalb,L4,75.0,100.0,50.0,75.0,AISynphys,Accessed on 2025-07-08 00:00:007,0.0,1
9,,INH,Pvalb,L4,EXC,Tlx3,L4,0.0,25.0,0.0,25.0,AISynphys,Accessed on 2025-07-08 00:00:007,0.0,1
10,,INH,Pvalb,L4,EXC,Tlx3,L4,0.0,25.0,25.0,50.0,AISynphys,Accessed on 2025-07-08 00:00:007,0.0,1
11,,INH,Pvalb,L4,EXC,Tlx3,L4,0.0,25.0,50.0,75.0,AISynphys,Accessed on 2025-07-08 00:00:007,0.0,1
12,,INH,Pvalb,L4,EXC,Tlx3,L4,50.0,75.0,0.0,25.0,AISynphys,Accessed on 2025-07-08 00:00:007,0.0,1
13,,INH,Pvalb,L4,EXC,Tlx3,L4,50.0,75.0,25.0,50.0,AISynphys,Accessed on 2025-07-08 00:00:007,0.0,1
14,,INH,Pvalb,L4,EXC,Tlx3,L4,75.0,100.0,50.0,75.0,AISynphys,Accessed on 2025-07-08 00:00:007,0.0,1
15,,INH,Pvalb,L4,INH,Pvalb,L4,50.0,75.0,50.0,75.0,AISynphys,Accessed on 2025-07-08 00:00:007,0.0,2
16,ALM,EXC,Tlx3,L5,EXC,Tlx3,L5,0.0,25.0,0.0,25.0,AISynphys,Accessed on 2025-07-08 00:00:007,0.0,2
17,ALM,EXC,Tlx3,L5,EXC,Tlx3,L5,0.0,25.0,25.0,50.0,AISynphys,Accessed on 2025-07-08 00:00:007,0.0,2
18,ALM,EXC,Tlx3,L5,EXC,Tlx3,L5,0.0,25.0,75.0,100.0,AISynphys,Accessed on 2025-07-08 00:00:007,0.0,2
19,ALM,EXC,Tlx3,L5,EXC,Tlx3,L5,0.0,25.0,100.0,125.0,AISynphys,Accessed on 2025-07-08 00:00:007,0.0,4
20,ALM,EXC,Tlx3,L5,EXC,Tlx3,L5,0.0,25.0,125.0,150.0,AISynphys,Accessed on 2025-07-08 00:00:007,0.0,2
21,ALM,EXC,Tlx3,L5,EXC,Tlx3,L5,25.0,50.0,100.0,125.0,AISynphys,Accessed on 2025-07-08 00:00:007,0.0,2
22,ALM,EXC,Tlx3,L5,EXC,Tlx3,L5,50.0,75.0,0.0,25.0,AISynphys,Accessed on 2025-07-08 00:00:007,0.0,4
23,ALM,EXC,Tlx3,L5,EXC,Tlx3,L5,50.0,75.0,25.0,50.0,AISynphys,Accessed on 2025-07-08 00:00:007,0.0,8
24,ALM,EXC,Tlx3,L5,EXC,Tlx3,L5,50.0,75.0,50.0,75.0,AISynphys,Accessed on 2025-07-08 00:00:007,0.0,2
25,ALM,EXC,Tlx3,L5,EXC,Tlx3,L5,50.0,75.0,75.0,100.0,AISynphys,Accessed on 2025-07-08 00:00:007,0.0,4
26,ALM,EXC,Tlx3,L5,EXC,Tlx3,L5,75.0,100.0,50.0,75.0,AISynphys,Accessed on 2025-07-08 00:00:007,0.0,2
27,ALM,EXC,Tlx3,L5,EXC,Tlx3,L5,75.0,100.0,125.0,150.0,AISynphys,Accessed on 2025-07-08 00:00:007,0.0,2
28,ALM,EXC,Tlx3,L5,EXC,Tlx3,L5,100.0,125.0,0.0,25.0,AISynphys,Accessed on 2025-07-08 00:00:007,0.0,2
29,ALM,EXC,Tlx3,L5,EXC,Tlx3,L5,125.0,150.0,0.0,25.0,AISynphys,Accessed on 2025-07-08 00:00:007,0.0,2
30,ALM,EXC,Tlx3,L5,EXC,Tlx3,L5,125.0,150.0,100.0,125.0,AISynphys,Accessed on 2025-07-08 00:00:007,0.0,2
31,ALM,INH,Sst,L23,INH,Vip,L23,0.0,25.0,125.0,150.0,AISynphys,Accessed on 2025-07-08 00:00:007,0.0,1
32,ALM,INH,Sst,L23,INH,Vip,L23,25.0,50.0,150.0,175.0,AISynphys,Accessed on 2025-07-08 00:00:007,0.0,1
33,ALM,INH,Sst,L23,INH,Vip,L23,75.0,100.0,0.0,25.0,AISynphys,Accessed on 2025-07-08 00:00:007,0.0,1
34,ALM,INH,Sst,L23,INH,Vip,L23,225.0,250.0,150.0,175.0,AISynphys,Accessed on 2025-07-08 00:00:007,0.0,1
35,ALM,INH,Vip,L23,INH,Sst,L23,0.0,25.0,125.0,150.0,AISynphys,Accessed on 2025-07-08 00:00:007,0.0,1
36,ALM,INH,Vip,L23,INH,Sst,L23,25.0,50.0,150.0,175.0,AISynphys,Accessed on 2025-07-08 00:00:007,0.0,1
37,ALM,INH,Vip,L23,INH,Sst,L23,75.0,100.0,0.0,25.0,AISynphys,Accessed on 2025-07-08 00:00:007,0.0,1
38,ALM,INH,Vip,L23,INH,Sst,L23,225.0,250.0,150.0,175.0,AISynphys,Accessed on 2025-07-08 00:00:007,0.0,1
39,ALM,INH,Vip,L23,INH,Vip,L23,0.0,25.0,0.0,25.0,AISynphys,Accessed on 2025-07-08 00:00:007,0.0,2
40,ALM,INH,Vip,L23,INH,Vip,L23,200.0,225.0,0.0,25.0,AISynphys,Accessed on 2025-07-08 00:00:007,0.0,4
41,VISp,EXC,Cux2,L1,EXC,Cux2,L23,0.0,25.0,0.0,25.0,AISynphys,Accessed on 2025-07-08 00:00:007,0.0,1
42,VISp,EXC,Cux2,L1,EXC,Cux2,L23,0.0,25.0,100.0,125.0,AISynphys,Accessed on 2025-07-08 00:00:007,0.0,1
43,VISp,EXC,Cux2,L1,EXC,Cux2,L23,25.0,50.0,0.0,25.0,AISynphys,Accessed on 2025-07-08 00:00:007,0.0,1
44,VISp,EXC,Cux2,L1,EXC,Cux2,L23,25.0,50.0,25.0,50.0,AISynphys,Accessed on 2025-07-08 00:00:007,0.0,1
45,VISp,EXC,Cux2,L1,EXC,Cux2,L23,25.0,50.0,75.0,100.0,AISynphys,Accessed on 2025-07-08 00:00:007,0.0,1
46,VISp,EXC,Cux2,L1,EXC,Cux2,L23,100.0,125.0,0.0,25.0,AISynphys,Accessed on 2025-07-08 00:00:007,0.0,1
47,VISp,EXC,Cux2,L1,EXC,Cux2,L23,100.0,125.0,50.0,75.0,AISynphys,Accessed on 2025-07-08 00:00:007,0.0,1
48,VISp,EXC,Cux2,L1,EXC,Cux2,L4,0.0,25.0,150.0,175.0,AISynphys,Accessed on 2025-07-08 00:00:007,0.0,1
49,VISp,EXC,Cux2,L1,EXC,Cux2,L4,75.0,100.0,125.0,150.0,AISynphys,Accessed on 2025-07-08 00:00:007,0.0,1
50,VISp,EXC,Cux2,L1,EXC,Cux2,L4,75.0,100.0,150.0,175.0,AISynphys,Accessed on 2025-07-08 00:00:007,0.0,1
51,VISp,EXC,Cux2,L1,EXC,Cux2,L4,100.0,125.0,100.0,125.0,AISynphys,Accessed on 2025-07-08 00:00:007,0.0,1
52,VISp,EXC,Cux2,L23,EXC,Cux2,L1,0.0,25.0,0.0,25.0,AISynphys,Accessed on 2025-07-08 00:00:007,0.0,1
53,VISp,EXC,Cux2,L23,EXC,Cux2,L1,0.0,25.0,100.0,125.0,AISynphys,Accessed on 2025-07-08 00:00:007,0.0,1
54,VISp,EXC,Cux2,L23,EXC,Cux2,L1,25.0,50.0,0.0,25.0,AISynphys,Accessed on 2025-07-08 00:00:007,0.0,1
55,VISp,EXC,Cux2,L23,EXC,Cux2,L1,25.0,50.0,25.0,50.0,AISynphys,Accessed on 2025-07-08 00:00:007,0.0,1
56,VISp,EXC,Cux2,L23,EXC,Cux2,L1,25.0,50.0,75.0,100.0,AISynphys,Accessed on 2025-07-08 00:00:007,0.0,1
57,VISp,EXC,Cux2,L23,EXC,Cux2,L1,100.0,125.0,0.0,25.0,AISynphys,Accessed on 2025-07-08 00:00:007,1.0,1
58,VISp,EXC,Cux2,L23,EXC,Cux2,L1,100.0,125.0,50.0,75.0,AISynphys,Accessed on 2025-07-08 00:00:007,0.0,1
59,VISp,EXC,Cux2,L23,EXC,Cux2,L23,0.0,25.0,0.0,25.0,AISynphys,Accessed on 2025-07-08 00:00:007,0.0,2
60,VISp,EXC,Cux2,L23,EXC,Cux2,L23,0.0,25.0,25.0,50.0,AISynphys,Accessed on 2025-07-08 00:00:007,0.0,4
61,VISp,EXC,Cux2,L23,EXC,Cux2,L23,25.0,50.0,0.0,25.0,AISynphys,Accessed on 2025-07-08 00:00:007,0.0,2
62,VISp,EXC,Cux2,L23,EXC,Cux2,L23,25.0,50.0,50.0,75.0,AISynphys,Accessed on 2025-07-08 00:00:007,0.0,4
63,VISp,EXC,Cux2,L23,EXC,Cux2,L23,50.0,75.0,0.0,25.0,AISynphys,Accessed on 2025-07-08 00:00:007,0.0,4
64,VISp,EXC,Cux2,L23,EXC,Cux2,L23,50.0,75.0,25.0,50.0,AISynphys,Accessed on 2025-07-08 00:00:007,0.0,4
65,VISp,EXC,Cux2,L23,EXC,Cux2,L23,75.0,100.0,50.0,75.0,AISynphys,Accessed on 2025-07-08 00:00:007,0.0,2
66,VISp,EXC,Cux2,L23,EXC,Cux2,L23,125.0,150.0,0.0,25.0,AISynphys,Accessed on 2025-07-08 00:00:007,0.0,2
67,VISp,EXC,Cux2,L23,EXC,Cux2,L23,125.0,150.0,25.0,50.0,AISynphys,Accessed on 2025-07-08 00:00:007,0.0,2
68,VISp,EXC,Cux2,L23,EXC,Cux2,L4,0.0,25.0,100.0,125.0,AISynphys,Accessed on 2025-07-08 00:00:007,0.0,1
69,VISp,EXC,Cux2,L23,EXC,Cux2,L4,0.0,25.0,125.0,150.0,AISynphys,Accessed on 2025-07-08 00:00:007,0.0,2
70,VISp,EXC,Cux2,L23,EXC,Cux2,L4,50.0,75.0,75.0,100.0,AISynphys,Accessed on 2025-07-08 00:00:007,0.0,1
71,VISp,EXC,Cux2,L23,EXC,Cux2,L4,50.0,75.0,125.0,150.0,AISynphys,Accessed on 2025-07-08 00:00:007,0.0,2
72,VISp,EXC,Cux2,L23,EXC,Cux2,L4,75.0,100.0,0.0,25.0,AISynphys,Accessed on 2025-07-08 00:00:007,0.0,1
73,VISp,EXC,Cux2,L23,EXC,Cux2,L4,100.0,125.0,75.0,100.0,AISynphys,Accessed on 2025-07-08 00:00:007,0.0,1
74,VISp,EXC,Cux2,L23,EXC,Cux2,L4,100.0,125.0,125.0,150.0,AISynphys,Accessed on 2025-07-08 00:00:007,0.0,1
75,VISp,EXC,Cux2,L23,EXC,Cux2,L4,125.0,150.0,100.0,125.0,AISynphys,Accessed on 2025-07-08 00:00:007,0.0,1
76,VISp,EXC,Cux2,L23,EXC,Cux2,L4,175.0,200.0,100.0,125.0,AISynphys,Accessed on 2025-07-08 00:00:007,0.0,1
77,VISp,EXC,Cux2,L23,EXC,Cux2,L4,175.0,200.0,125.0,150.0,AISynphys,Accessed on 2025-07-08 00:00:007,0.0,1
78,VISp,EXC,Cux2,L4,EXC,Cux2,L1,0.0,25.0,150.0,175.0,AISynphys,Accessed on 2025-07-08 00:00:007,0.0,1
79,VISp,EXC,Cux2,L4,EXC,Cux2,L1,75.0,100.0,125.0,150.0,AISynphys,Accessed on 2025-07-08 00:00:007,0.0,1
80,VISp,EXC,Cux2,L4,EXC,Cux2,L1,75.0,100.0,150.0,175.0,AISynphys,Accessed on 2025-07-08 00:00:007,0.0,1
81,VISp,EXC,Cux2,L4,EXC,Cux2,L1,100.0,125.0,100.0,125.0,AISynphys,Accessed on 2025-07-08 00:00:007,0.0,1
82,VISp,EXC,Cux2,L4,EXC,Cux2,L23,0.0,25.0,100.0,125.0,AISynphys,Accessed on 2025-07-08 00:00:007,0.0,1
83,VISp,EXC,Cux2,L4,EXC,Cux2,L23,0.0,25.0,125.0,150.0,AISynphys,Accessed on 2025-07-08 00:00:007,0.0,2
84,VISp,EXC,Cux2,L4,EXC,Cux2,L23,50.0,75.0,75.0,100.0,AISynphys,Accessed on 2025-07-08 00:00:007,0.0,1
85,VISp,EXC,Cux2,L4,EXC,Cux2,L23,50.0,75.0,125.0,150.0,AISynphys,Accessed on 2025-07-08 00:00:007,0.0,2
86,VISp,EXC,Cux2,L4,EXC,Cux2,L23,75.0,100.0,0.0,25.0,AISynphys,Accessed on 2025-07-08 00:00:007,0.0,1
87,VISp,EXC,Cux2,L4,EXC,Cux2,L23,100.0,125.0,75.0,100.0,AISynphys,Accessed on 2025-07-08 00:00:007,0.0,1
88,VISp,EXC,Cux2,L4,EXC,Cux2,L23,100.0,125.0,125.0,150.0,AISynphys,Accessed on 2025-07-08 00:00:007,0.0,1
89,VISp,EXC,Cux2,L4,EXC,Cux2,L23,125.0,150.0,100.0,125.0,AISynphys,Accessed on 2025-07-08 00:00:007,0.0,1
90,VISp,EXC,Cux2,L4,EXC,Cux2,L23,175.0,200.0,100.0,125.0,AISynphys,Accessed on 2025-07-08 00:00:007,0.0,1
91,VISp,EXC,Cux2,L4,EXC,Cux2,L23,175.0,200.0,125.0,150.0,AISynphys,Accessed on 2025-07-08 00:00:007,0.0,1
92,VISp,EXC,Cux2,L4,EXC,Cux2,L4,0.0,25.0,0.0,25.0,AISynphys,Accessed on 2025-07-08 00:00:007,0.0,16
93,VISp,EXC,Cux2,L4,EXC,Cux2,L4,0.0,25.0,25.0,50.0,AISynphys,Accessed on 2025-07-08 00:00:007,0.0,6
94,VISp,EXC,Cux2,L4,EXC,Cux2,L4,0.0,25.0,50.0,75.0,AISynphys,Accessed on 2025-07-08 00:00:007,0.0,2
95,VISp,EXC,Cux2,L4,EXC,Cux2,L4,25.0,50.0,0.0,25.0,AISynphys,Accessed on 2025-07-08 00:00:007,0.1,10
96,VISp,EXC,Cux2,L4,EXC,Cux2,L4,25.0,50.0,25.0,50.0,AISynphys,Accessed on 2025-07-08 00:00:007,0.0,4
97,VISp,EXC,Cux2,L4,EXC,Cux2,L4,50.0,75.0,0.0,25.0,AISynphys,Accessed on 2025-07-08 00:00:007,0.0,8
98,VISp,EXC,Cux2,L4,EXC,Cux2,L5,25.0,50.0,25.0,50.0,AISynphys,Accessed on 2025-07-08 00:00:007,1.0,1
99,VISp,EXC,Cux2,L4,EXC,Cux2,L5,25.0,50.0,50.0,75.0,AISynphys,Accessed on 2025-07-08 00:00:007,0.0,1
100,VISp,EXC,Cux2,L5,EXC,Cux2,L4,25.0,50.0,25.0,50.0,AISynphys,Accessed on 2025-07-08 00:00:007,0.0,1
101,VISp,EXC,Cux2,L5,EXC,Cux2,L4,25.0,50.0,50.0,75.0,AISynphys,Accessed on 2025-07-08 00:00:007,0.0,1
102,VISp,EXC,Fam84b,L4,EXC,Fam84b,L4,50.0,75.0,0.0,25.0,AISynphys,Accessed on 2025-07-08 00:00:007,0.0,2
103,VISp,EXC,Fam84b,L4,EXC,Fam84b,L4,100.0,125.0,0.0,25.0,AISynphys,Accessed on 2025-07-08 00:00:007,0.0,2
104,VISp,EXC,Fam84b,L4,EXC,Fam84b,L4,150.0,175.0,0.0,25.0,AISynphys,Accessed on 2025-07-08 00:00:007,0.0,2
105,VISp,EXC,Fam84b,L4,EXC,Fam84b,L5,0.0,25.0,100.0,125.0,AISynphys,Accessed on 2025-07-08 00:00:007,0.0,1
106,VISp,EXC,Fam84b,L4,EXC,Fam84b,L5,25.0,50.0,50.0,75.0,AISynphys,Accessed on 2025-07-08 00:00:007,0.0,2
107,VISp,EXC,Fam84b,L4,EXC,Fam84b,L5,50.0,75.0,25.0,50.0,AISynphys,Accessed on 2025-07-08 00:00:007,0.0,1
108,VISp,EXC,Fam84b,L4,EXC,Fam84b,L5,50.0,75.0,50.0,75.0,AISynphys,Accessed on 2025-07-08 00:00:007,0.0,1
109,VISp,EXC,Fam84b,L4,EXC,Fam84b,L5,75.0,100.0,50.0,75.0,AISynphys,Accessed on 2025-07-08 00:00:007,0.0,1
110,VISp,EXC,Fam84b,L4,EXC,Fam84b,L5,100.0,125.0,25.0,50.0,AISynphys,Accessed on 2025-07-08 00:00:007,0.0,1
111,VISp,EXC,Fam84b,L4,EXC,Tlx3,L23,50.0,75.0,25.0,50.0,AISynphys,Accessed on 2025-07-08 00:00:007,0.0,1
112,VISp,EXC,Fam84b,L4,EXC,Tlx3,L23,75.0,100.0,25.0,50.0,AISynphys,Accessed on 2025-07-08 00:00:007,0.0,1
113,VISp,EXC,Fam84b,L4,EXC,Tlx3,L4,0.0,25.0,25.0,50.0,AISynphys,Accessed on 2025-07-08 00:00:007,0.0,1
114,VISp,EXC,Fam84b,L4,EXC,Tlx3,L4,25.0,50.0,50.0,75.0,AISynphys,Accessed on 2025-07-08 00:00:007,0.0,1
115,VISp,EXC,Fam84b,L4,EXC,Tlx3,L4,50.0,75.0,0.0,25.0,AISynphys,Accessed on 2025-07-08 00:00:007,0.0,1
116,VISp,EXC,Fam84b,L4,EXC,Tlx3,L4,50.0,75.0,50.0,75.0,AISynphys,Accessed on 2025-07-08 00:00:007,0.0,2
117,VISp,EXC,Fam84b,L4,EXC,Tlx3,L4,75.0,100.0,50.0,75.0,AISynphys,Accessed on 2025-07-08 00:00:007,0.0,1
118,VISp,EXC,Fam84b,L4,EXC,Tlx3,L4,125.0,150.0,50.0,75.0,AISynphys,Accessed on 2025-07-08 00:00:007,0.0,1
119,VISp,EXC,Fam84b,L4,EXC,Tlx3,L5,0.0,25.0,50.0,75.0,AISynphys,Accessed on 2025-07-08 00:00:007,0.0,1
120,VISp,EXC,Fam84b,L5,EXC,Fam84b,L4,0.0,25.0,100.0,125.0,AISynphys,Accessed on 2025-07-08 00:00:007,0.0,1
121,VISp,EXC,Fam84b,L5,EXC,Fam84b,L4,25.0,50.0,50.0,75.0,AISynphys,Accessed on 2025-07-08 00:00:007,0.0,2
122,VISp,EXC,Fam84b,L5,EXC,Fam84b,L4,50.0,75.0,25.0,50.0,AISynphys,Accessed on 2025-07-08 00:00:007,0.0,1
123,VISp,EXC,Fam84b,L5,EXC,Fam84b,L4,50.0,75.0,50.0,75.0,AISynphys,Accessed on 2025-07-08 00:00:007,0.0,1
124,VISp,EXC,Fam84b,L5,EXC,Fam84b,L4,75.0,100.0,50.0,75.0,AISynphys,Accessed on 2025-07-08 00:00:007,0.0,1
125,VISp,EXC,Fam84b,L5,EXC,Fam84b,L4,100.0,125.0,25.0,50.0,AISynphys,Accessed on 2025-07-08 00:00:007,0.0,1
126,VISp,EXC,Fam84b,L5,EXC,Fam84b,L5,0.0,25.0,0.0,25.0,AISynphys,Accessed on 2025-07-08 00:00:007,0.0,12
127,VISp,EXC,Fam84b,L5,EXC,Fam84b,L5,0.0,25.0,25.0,50.0,AISynphys,Accessed on 2025-07-08 00:00:007,0.0,10
128,VISp,EXC,Fam84b,L5,EXC,Fam84b,L5,0.0,25.0,50.0,75.0,AISynphys,Accessed on 2025-07-08 00:00:007,0.0,2
129,VISp,EXC,Fam84b,L5,EXC,Fam84b,L5,25.0,50.0,0.0,25.0,AISynphys,Accessed on 2025-07-08 00:00:007,0.0,14
130,VISp,EXC,Fam84b,L5,EXC,Fam84b,L5,25.0,50.0,25.0,50.0,AISynphys,Accessed on 2025-07-08 00:00:007,0.0,12
131,VISp,EXC,Fam84b,L5,EXC,Fam84b,L5,25.0,50.0,50.0,75.0,AISynphys,Accessed on 2025-07-08 00:00:007,0.0,2
132,VISp,EXC,Fam84b,L5,EXC,Fam84b,L5,25.0,50.0,75.0,100.0,AISynphys,Accessed on 2025-07-08 00:00:007,0.0,4
133,VISp,EXC,Fam84b,L5,EXC,Fam84b,L5,50.0,75.0,0.0,25.0,AISynphys,Accessed on 2025-07-08 00:00:007,0.0,8
134,VISp,EXC,Fam84b,L5,EXC,Fam84b,L5,50.0,75.0,25.0,50.0,AISynphys,Accessed on 2025-07-08 00:00:007,0.0,6
135,VISp,EXC,Fam84b,L5,EXC,Fam84b,L5,50.0,75.0,50.0,75.0,AISynphys,Accessed on 2025-07-08 00:00:007,0.0,4
136,VISp,EXC,Fam84b,L5,EXC,Fam84b,L5,75.0,100.0,0.0,25.0,AISynphys,Accessed on 2025-07-08 00:00:007,0.0,4
137,VISp,EXC,Fam84b,L5,EXC,Fam84b,L5,75.0,100.0,25.0,50.0,AISynphys,Accessed on 2025-07-08 00:00:007,0.0,4
138,VISp,EXC,Fam84b,L5,EXC,Fam84b,L5,75.0,100.0,75.0,100.0,AISynphys,Accessed on 2025-07-08 00:00:007,0.0,2
139,VISp,EXC,Fam84b,L5,EXC,Fam84b,L5,100.0,125.0,25.0,50.0,AISynphys,Accessed on 2025-07-08 00:00:007,0.0,6
140,VISp,EXC,Fam84b,L5,EXC,Fam84b,L5,100.0,125.0,50.0,75.0,AISynphys,Accessed on 2025-07-08 00:00:007,0.0,4
141,VISp,EXC,Fam84b,L5,EXC,Fam84b,L5,100.0,125.0,75.0,100.0,AISynphys,Accessed on 2025-07-08 00:00:007,0.0,2
142,VISp,EXC,Fam84b,L5,EXC,Fam84b,L5,125.0,150.0,75.0,100.0,AISynphys,Accessed on 2025-07-08 00:00:007,0.0,2
143,VISp,EXC,Fam84b,L5,EXC,Fam84b,L5,150.0,175.0,0.0,25.0,AISynphys,Accessed on 2025-07-08 00:00:007,0.0,2
144,VISp,EXC,Fam84b,L5,EXC,Fam84b,L5,175.0,200.0,25.0,50.0,AISynphys,Accessed on 2025-07-08 00:00:007,0.0,2
145,VISp,EXC,Fam84b,L5,EXC,Fam84b,L5,250.0,275.0,0.0,25.0,AISynphys,Accessed on 2025-07-08 00:00:007,0.0,2
146,VISp,EXC,Fam84b,L5,EXC,Fam84b,L5,325.0,350.0,50.0,75.0,AISynphys,Accessed on 2025-07-08 00:00:007,0.0,2
147,VISp,EXC,Fam84b,L5,EXC,Tlx3,L23,0.0,25.0,75.0,100.0,AISynphys,Accessed on 2025-07-08 00:00:007,0.0,4
148,VISp,EXC,Fam84b,L5,EXC,Tlx3,L23,25.0,50.0,75.0,100.0,AISynphys,Accessed on 2025-07-08 00:00:007,0.0,2
149,VISp,EXC,Fam84b,L5,EXC,Tlx3,L4,0.0,25.0,0.0,25.0,AISynphys,Accessed on 2025-07-08 00:00:007,0.0,1
150,VISp,EXC,Fam84b,L5,EXC,Tlx3,L4,0.0,25.0,50.0,75.0,AISynphys,Accessed on 2025-07-08 00:00:007,0.0,4
151,VISp,EXC,Fam84b,L5,EXC,Tlx3,L4,0.0,25.0,75.0,100.0,AISynphys,Accessed on 2025-07-08 00:00:007,0.0,2
152,VISp,EXC,Fam84b,L5,EXC,Tlx3,L4,0.0,25.0,100.0,125.0,AISynphys,Accessed on 2025-07-08 00:00:007,0.0,4
153,VISp,EXC,Fam84b,L5,EXC,Tlx3,L4,0.0,25.0,125.0,150.0,AISynphys,Accessed on 2025-07-08 00:00:007,0.0,1
154,VISp,EXC,Fam84b,L5,EXC,Tlx3,L4,25.0,50.0,25.0,50.0,AISynphys,Accessed on 2025-07-08 00:00:007,0.0,1
155,VISp,EXC,Fam84b,L5,EXC,Tlx3,L4,25.0,50.0,50.0,75.0,AISynphys,Accessed on 2025-07-08 00:00:007,0.0,4
156,VISp,EXC,Fam84b,L5,EXC,Tlx3,L4,25.0,50.0,100.0,125.0,AISynphys,Accessed on 2025-07-08 00:00:007,0.0,1
157,VISp,EXC,Fam84b,L5,EXC,Tlx3,L4,25.0,50.0,125.0,150.0,AISynphys,Accessed on 2025-07-08 00:00:007,0.0,2
158,VISp,EXC,Fam84b,L5,EXC,Tlx3,L4,50.0,75.0,75.0,100.0,AISynphys,Accessed on 2025-07-08 00:00:007,0.0,2
159,VISp,EXC,Fam84b,L5,EXC,Tlx3,L4,50.0,75.0,100.0,125.0,AISynphys,Accessed on 2025-07-08 00:00:007,0.0,2
160,VISp,EXC,Fam84b,L5,EXC,Tlx3,L4,75.0,100.0,50.0,75.0,AISynphys,Accessed on 2025-07-08 00:00:007,0.0,1
161,VISp,EXC,Fam84b,L5,EXC,Tlx3,L4,75.0,100.0,100.0,125.0,AISynphys,Accessed on 2025-07-08 00:00:007,0.0,1
162,VISp,EXC,Fam84b,L5,EXC,Tlx3,L4,75.0,100.0,125.0,150.0,AISynphys,Accessed on 2025-07-08 00:00:007,0.0,1
163,VISp,EXC,Fam84b,L5,EXC,Tlx3,L4,125.0,150.0,75.0,100.0,AISynphys,Accessed on 2025-07-08 00:00:007,0.0,1
164,VISp,EXC,Fam84b,L5,EXC,Tlx3,L4,125.0,150.0,100.0,125.0,AISynphys,Accessed on 2025-07-08 00:00:007,0.0,1
165,VISp,EXC,Fam84b,L5,EXC,Tlx3,L5,0.0,25.0,0.0,25.0,AISynphys,Accessed on 2025-07-08 00:00:007,0.0,6
166,VISp,EXC,Fam84b,L5,EXC,Tlx3,L5,0.0,25.0,25.0,50.0,AISynphys,Accessed on 2025-07-08 00:00:007,0.0,6
167,VISp,EXC,Fam84b,L5,EXC,Tlx3,L5,0.0,25.0,50.0,75.0,AISynphys,Accessed on 2025-07-08 00:00:007,0.0,10
168,VISp,EXC,Fam84b,L5,EXC,Tlx3,L5,0.0,25.0,75.0,100.0,AISynphys,Accessed on 2025-07-08 00:00:007,0.0,4
169,VISp,EXC,Fam84b,L5,EXC,Tlx3,L5,0.0,25.0,100.0,125.0,AISynphys,Accessed on 2025-07-08 00:00:007,0.0,2
170,VISp,EXC,Fam84b,L5,EXC,Tlx3,L5,0.0,25.0,125.0,150.0,AISynphys,Accessed on 2025-07-08 00:00:007,0.0,3
171,VISp,EXC,Fam84b,L5,EXC,Tlx3,L5,0.0,25.0,150.0,175.0,AISynphys,Accessed on 2025-07-08 00:00:007,0.0,2
172,VISp,EXC,Fam84b,L5,EXC,Tlx3,L5,25.0,50.0,0.0,25.0,AISynphys,Accessed on 2025-07-08 00:00:007,0.0,8
173,VISp,EXC,Fam84b,L5,EXC,Tlx3,L5,25.0,50.0,25.0,50.0,AISynphys,Accessed on 2025-07-08 00:00:007,0.0,8
174,VISp,EXC,Fam84b,L5,EXC,Tlx3,L5,25.0,50.0,50.0,75.0,AISynphys,Accessed on 2025-07-08 00:00:007,0.0,9
175,VISp,EXC,Fam84b,L5,EXC,Tlx3,L5,25.0,50.0,75.0,100.0,AISynphys,Accessed on 2025-07-08 00:00:007,0.0,4
176,VISp,EXC,Fam84b,L5,EXC,Tlx3,L5,25.0,50.0,100.0,125.0,AISynphys,Accessed on 2025-07-08 00:00:007,0.0,4
177,VISp,EXC,Fam84b,L5,EXC,Tlx3,L5,25.0,50.0,125.0,150.0,AISynphys,Accessed on 2025-07-08 00:00:007,0.0,3
178,VISp,EXC,Fam84b,L5,EXC,Tlx3,L5,25.0,50.0,150.0,175.0,AISynphys,Accessed on 2025-07-08 00:00:007,0.0,1
179,VISp,EXC,Fam84b,L5,EXC,Tlx3,L5,50.0,75.0,0.0,25.0,AISynphys,Accessed on 2025-07-08 00:00:007,0.0,12
180,VISp,EXC,Fam84b,L5,EXC,Tlx3,L5,50.0,75.0,25.0,50.0,AISynphys,Accessed on 2025-07-08 00:00:007,0.0,5
181,VISp,EXC,Fam84b,L5,EXC,Tlx3,L5,50.0,75.0,50.0,75.0,AISynphys,Accessed on 2025-07-08 00:00:007,0.0,1
182,VISp,EXC,Fam84b,L5,EXC,Tlx3,L5,50.0,75.0,75.0,100.0,AISynphys,Accessed on 2025-07-08 00:00:007,0.0,3
183,VISp,EXC,Fam84b,L5,EXC,Tlx3,L5,75.0,100.0,0.0,25.0,AISynphys,Accessed on 2025-07-08 00:00:007,0.0,4
184,VISp,EXC,Fam84b,L5,EXC,Tlx3,L5,75.0,100.0,25.0,50.0,AISynphys,Accessed on 2025-07-08 00:00:007,0.0,4
185,VISp,EXC,Fam84b,L5,EXC,Tlx3,L5,75.0,100.0,50.0,75.0,AISynphys,Accessed on 2025-07-08 00:00:007,0.0,2
186,VISp,EXC,Fam84b,L5,EXC,Tlx3,L5,75.0,100.0,75.0,100.0,AISynphys,Accessed on 2025-07-08 00:00:007,0.0,4
187,VISp,EXC,Fam84b,L5,EXC,Tlx3,L5,75.0,100.0,100.0,125.0,AISynphys,Accessed on 2025-07-08 00:00:007,0.0,1
188,VISp,EXC,Fam84b,L5,EXC,Tlx3,L5,100.0,125.0,0.0,25.0,AISynphys,Accessed on 2025-07-08 00:00:007,0.0,4
189,VISp,EXC,Fam84b,L5,EXC,Tlx3,L5,100.0,125.0,25.0,50.0,AISynphys,Accessed on 2025-07-08 00:00:007,0.0,3
190,VISp,EXC,Fam84b,L5,EXC,Tlx3,L5,100.0,125.0,50.0,75.0,AISynphys,Accessed on 2025-07-08 00:00:007,0.0,2
191,VISp,EXC,Fam84b,L5,EXC,Tlx3,L5,100.0,125.0,100.0,125.0,AISynphys,Accessed on 2025-07-08 00:00:007,0.0,2
192,VISp,EXC,Fam84b,L5,EXC,Tlx3,L5,100.0,125.0,125.0,150.0,AISynphys,Accessed on 2025-07-08 00:00:007,0.0,1
193,VISp,EXC,Fam84b,L5,EXC,Tlx3,L5,125.0,150.0,0.0,25.0,AISynphys,Accessed on 2025-07-08 00:00:007,0.0,2
194,VISp,EXC,Fam84b,L5,EXC,Tlx3,L5,125.0,150.0,25.0,50.0,AISynphys,Accessed on 2025-07-08 00:00:007,0.0,3
195,VISp,EXC,Fam84b,L5,EXC,Tlx3,L5,125.0,150.0,50.0,75.0,AISynphys,Accessed on 2025-07-08 00:00:007,0.0,1
196,VISp,EXC,Fam84b,L5,EXC,Tlx3,L5,125.0,150.0,100.0,125.0,AISynphys,Accessed on 2025-07-08 00:00:007,0.0,1
197,VISp,EXC,Fam84b,L5,EXC,Tlx3,L5,150.0,175.0,0.0,25.0,AISynphys,Accessed on 2025-07-08 00:00:007,0.0,3
198,VISp,EXC,Fam84b,L5,EXC,Tlx3,L5,150.0,175.0,25.0,50.0,AISynphys,Accessed on 2025-07-08 00:00:007,0.0,2
199,VISp,EXC,Fam84b,L5,EXC,Tlx3,L5,175.0,200.0,0.0,25.0,AISynphys,Accessed on 2025-07-08 00:00:007,0.0,1
200,VISp,EXC,Fam84b,L5,EXC,Tlx3,L5,200.0,225.0,25.0,50.0,AISynphys,Accessed on 2025-07-08 00:00:007,0.0,1
201,VISp,EXC,Fam84b,L5,EXC,Tlx3,L5,275.0,300.0,25.0,50.0,AISynphys,Accessed on 2025-07-08 00:00:007,0.0,1
202,VISp,EXC,Fam84b,L5,EXC,Tlx3,L5,275.0,300.0,50.0,75.0,AISynphys,Accessed on 2025-07-08 00:00:007,0.0,1
203,VISp,EXC,Fam84b,L5,EXC,Tlx3,L5,300.0,325.0,0.0,25.0,AISynphys,Accessed on 2025-07-08 00:00:007,0.0,1
204,VISp,EXC,Fam84b,L5,EXC,Tlx3,L5,325.0,350.0,0.0,25.0,AISynphys,Accessed on 2025-07-08 00:00:007,0.0,1
205,VISp,EXC,Fam84b,L6a,EXC,Fam84b,L6a,0.0,25.0,25.0,50.0,AISynphys,Accessed on 2025-07-08 00:00:007,0.0,2
206,VISp,EXC,Fam84b,L6a,EXC,Tlx3,L6a,0.0,25.0,50.0,75.0,AISynphys,Accessed on 2025-07-08 00:00:007,0.0,1
207,VISp,EXC,Fam84b,L6a,EXC,Tlx3,L6a,25.0,50.0,100.0,125.0,AISynphys,Accessed on 2025-07-08 00:00:007,0.0,1
208,VISp,EXC,Fam84b,L6a,EXC,Tlx3,L6a,150.0,175.0,75.0,100.0,AISynphys,Accessed on 2025-07-08 00:00:007,0.0,2
209,VISp,EXC,Fam84b,L6a,EXC,Tlx3,L6a,150.0,175.0,125.0,150.0,AISynphys,Accessed on 2025-07-08 00:00:007,0.0,1
210,VISp,EXC,Fam84b,L6a,EXC,Tlx3,L6a,175.0,200.0,125.0,150.0,AISynphys,Accessed on 2025-07-08 00:00:007,0.0,1
211,VISp,EXC,Nr5a1,L23,EXC,Nr5a1,L23,0.0,25.0,0.0,25.0,AISynphys,Accessed on 2025-07-08 00:00:007,0.0,2
212,VISp,EXC,Nr5a1,L23,EXC,Nr5a1,L23,0.0,25.0,25.0,50.0,AISynphys,Accessed on 2025-07-08 00:00:007,0.0,2
213,VISp,EXC,Nr5a1,L23,EXC,Nr5a1,L23,25.0,50.0,0.0,25.0,AISynphys,Accessed on 2025-07-08 00:00:007,0.0,4
214,VISp,EXC,Nr5a1,L23,EXC,Nr5a1,L23,25.0,50.0,25.0,50.0,AISynphys,Accessed on 2025-07-08 00:00:007,0.0,2
215,VISp,EXC,Nr5a1,L23,EXC,Nr5a1,L23,25.0,50.0,75.0,100.0,AISynphys,Accessed on 2025-07-08 00:00:007,0.0,2
216,VISp,EXC,Nr5a1,L23,EXC,Nr5a1,L23,50.0,75.0,0.0,25.0,AISynphys,Accessed on 2025-07-08 00:00:007,0.25,4
217,VISp,EXC,Nr5a1,L23,EXC,Nr5a1,L23,50.0,75.0,25.0,50.0,AISynphys,Accessed on 2025-07-08 00:00:007,0.0,4
218,VISp,EXC,Nr5a1,L23,EXC,Nr5a1,L23,75.0,100.0,0.0,25.0,AISynphys,Accessed on 2025-07-08 00:00:007,0.5,2
219,VISp,EXC,Nr5a1,L23,EXC,Nr5a1,L23,75.0,100.0,50.0,75.0,AISynphys,Accessed on 2025-07-08 00:00:007,0.0,2
220,VISp,EXC,Nr5a1,L23,EXC,Nr5a1,L23,75.0,100.0,75.0,100.0,AISynphys,Accessed on 2025-07-08 00:00:007,0.0,2
221,VISp,EXC,Nr5a1,L23,EXC,Nr5a1,L23,100.0,125.0,0.0,25.0,AISynphys,Accessed on 2025-07-08 00:00:007,0.0,6
222,VISp,EXC,Nr5a1,L23,EXC,Nr5a1,L23,100.0,125.0,50.0,75.0,AISynphys,Accessed on 2025-07-08 00:00:007,0.0,2
223,VISp,EXC,Nr5a1,L23,EXC,Nr5a1,L4,0.0,25.0,0.0,25.0,AISynphys,Accessed on 2025-07-08 00:00:007,0.0,1
224,VISp,EXC,Nr5a1,L23,EXC,Nr5a1,L4,0.0,25.0,25.0,50.0,AISynphys,Accessed on 2025-07-08 00:00:007,0.25,8
225,VISp,EXC,Nr5a1,L23,EXC,Nr5a1,L4,0.0,25.0,50.0,75.0,AISynphys,Accessed on 2025-07-08 00:00:007,0.0,5
226,VISp,EXC,Nr5a1,L23,EXC,Nr5a1,L4,0.0,25.0,75.0,100.0,AISynphys,Accessed on 2025-07-08 00:00:007,0.0,3
227,VISp,EXC,Nr5a1,L23,EXC,Nr5a1,L4,25.0,50.0,0.0,25.0,AISynphys,Accessed on 2025-07-08 00:00:007,0.5,2
228,VISp,EXC,Nr5a1,L23,EXC,Nr5a1,L4,25.0,50.0,25.0,50.0,AISynphys,Accessed on 2025-07-08 00:00:007,0.0,3
229,VISp,EXC,Nr5a1,L23,EXC,Nr5a1,L4,25.0,50.0,50.0,75.0,AISynphys,Accessed on 2025-07-08 00:00:007,0.0,12
230,VISp,EXC,Nr5a1,L23,EXC,Nr5a1,L4,25.0,50.0,75.0,100.0,AISynphys,Accessed on 2025-07-08 00:00:007,0.0,4
231,VISp,EXC,Nr5a1,L23,EXC,Nr5a1,L4,25.0,50.0,125.0,150.0,AISynphys,Accessed on 2025-07-08 00:00:007,0.0,1
232,VISp,EXC,Nr5a1,L23,EXC,Nr5a1,L4,50.0,75.0,0.0,25.0,AISynphys,Accessed on 2025-07-08 00:00:007,0.0,2
233,VISp,EXC,Nr5a1,L23,EXC,Nr5a1,L4,50.0,75.0,25.0,50.0,AISynphys,Accessed on 2025-07-08 00:00:007,0.0,2
234,VISp,EXC,Nr5a1,L23,EXC,Nr5a1,L4,50.0,75.0,50.0,75.0,AISynphys,Accessed on 2025-07-08 00:00:007,0.0,5
235,VISp,EXC,Nr5a1,L23,EXC,Nr5a1,L4,50.0,75.0,100.0,125.0,AISynphys,Accessed on 2025-07-08 00:00:007,0.0,2
236,VISp,EXC,Nr5a1,L23,EXC,Nr5a1,L4,50.0,75.0,125.0,150.0,AISynphys,Accessed on 2025-07-08 00:00:007,0.0,1
237,VISp,EXC,Nr5a1,L23,EXC,Nr5a1,L4,75.0,100.0,25.0,50.0,AISynphys,Accessed on 2025-07-08 00:00:007,0.0,3
238,VISp,EXC,Nr5a1,L23,EXC,Nr5a1,L4,75.0,100.0,50.0,75.0,AISynphys,Accessed on 2025-07-08 00:00:007,0.0,3
239,VISp,EXC,Nr5a1,L23,EXC,Nr5a1,L4,75.0,100.0,75.0,100.0,AISynphys,Accessed on 2025-07-08 00:00:007,0.0,2
240,VISp,EXC,Nr5a1,L23,EXC,Nr5a1,L4,100.0,125.0,25.0,50.0,AISynphys,Accessed on 2025-07-08 00:00:007,0.0,2
241,VISp,EXC,Nr5a1,L23,EXC,Nr5a1,L4,100.0,125.0,50.0,75.0,AISynphys,Accessed on 2025-07-08 00:00:007,0.0,1
242,VISp,EXC,Nr5a1,L23,EXC,Nr5a1,L4,100.0,125.0,75.0,100.0,AISynphys,Accessed on 2025-07-08 00:00:007,0.0,2
243,VISp,EXC,Nr5a1,L23,EXC,Nr5a1,L4,125.0,150.0,25.0,50.0,AISynphys,Accessed on 2025-07-08 00:00:007,0.0,1
244,VISp,EXC,Nr5a1,L23,EXC,Nr5a1,L4,125.0,150.0,150.0,175.0,AISynphys,Accessed on 2025-07-08 00:00:007,0.0,1
245,VISp,EXC,Nr5a1,L23,EXC,Nr5a1,L4,150.0,175.0,25.0,50.0,AISynphys,Accessed on 2025-07-08 00:00:007,0.0,1
246,VISp,EXC,Nr5a1,L23,EXC,Nr5a1,L4,150.0,175.0,100.0,125.0,AISynphys,Accessed on 2025-07-08 00:00:007,0.0,1
247,VISp,EXC,Nr5a1,L23,EXC,Nr5a1,L4,175.0,200.0,150.0,175.0,AISynphys,Accessed on 2025-07-08 00:00:007,0.0,1
248,VISp,EXC,Nr5a1,L23,EXC,Nr5a1,L4,200.0,225.0,125.0,150.0,AISynphys,Accessed on 2025-07-08 00:00:007,0.0,1
249,VISp,EXC,Nr5a1,L23,EXC,Nr5a1,L4,225.0,250.0,100.0,125.0,AISynphys,Accessed on 2025-07-08 00:00:007,0.0,1
250,VISp,EXC,Nr5a1,L23,EXC,Nr5a1,L5,0.0,25.0,150.0,175.0,AISynphys,Accessed on 2025-07-08 00:00:007,0.0,1
251,VISp,EXC,Nr5a1,L23,INH,Pvalb,L23,0.0,25.0,0.0,25.0,AISynphys,Accessed on 2025-07-08 00:00:007,1.0,1
252,VISp,EXC,Nr5a1,L23,INH,Pvalb,L23,0.0,25.0,125.0,150.0,AISynphys,Accessed on 2025-07-08 00:00:007,0.0,1
253,VISp,EXC,Nr5a1,L23,INH,Pvalb,L23,25.0,50.0,100.0,125.0,AISynphys,Accessed on 2025-07-08 00:00:007,0.0,2
254,VISp,EXC,Nr5a1,L23,INH,Pvalb,L23,50.0,75.0,0.0,25.0,AISynphys,Accessed on 2025-07-08 00:00:007,0.0,1
255,VISp,EXC,Nr5a1,L23,INH,Pvalb,L23,50.0,75.0,50.0,75.0,AISynphys,Accessed on 2025-07-08 00:00:007,0.0,1
256,VISp,EXC,Nr5a1,L23,INH,Pvalb,L4,0.0,25.0,0.0,25.0,AISynphys,Accessed on 2025-07-08 00:00:007,0.0,1
257,VISp,EXC,Nr5a1,L23,INH,Pvalb,L4,0.0,25.0,50.0,75.0,AISynphys,Accessed on 2025-07-08 00:00:007,1.0,1
258,VISp,EXC,Nr5a1,L23,INH,Pvalb,L4,0.0,25.0,100.0,125.0,AISynphys,Accessed on 2025-07-08 00:00:007,0.0,3
259,VISp,EXC,Nr5a1,L23,INH,Pvalb,L4,0.0,25.0,125.0,150.0,AISynphys,Accessed on 2025-07-08 00:00:007,0.0,2
260,VISp,EXC,Nr5a1,L23,INH,Pvalb,L4,0.0,25.0,150.0,175.0,AISynphys,Accessed on 2025-07-08 00:00:007,0.0,1
261,VISp,EXC,Nr5a1,L23,INH,Pvalb,L4,25.0,50.0,50.0,75.0,AISynphys,Accessed on 2025-07-08 00:00:007,1.0,1
262,VISp,EXC,Nr5a1,L23,INH,Pvalb,L4,25.0,50.0,125.0,150.0,AISynphys,Accessed on 2025-07-08 00:00:007,0.0,1
263,VISp,EXC,Nr5a1,L23,INH,Pvalb,L4,50.0,75.0,25.0,50.0,AISynphys,Accessed on 2025-07-08 00:00:007,0.0,1
264,VISp,EXC,Nr5a1,L23,INH,Pvalb,L4,50.0,75.0,75.0,100.0,AISynphys,Accessed on 2025-07-08 00:00:007,0.5,2
265,VISp,EXC,Nr5a1,L23,INH,Pvalb,L4,50.0,75.0,100.0,125.0,AISynphys,Accessed on 2025-07-08 00:00:007,0.0,2
266,VISp,EXC,Nr5a1,L23,INH,Pvalb,L4,50.0,75.0,175.0,200.0,AISynphys,Accessed on 2025-07-08 00:00:007,0.0,1
267,VISp,EXC,Nr5a1,L23,INH,Pvalb,L4,75.0,100.0,0.0,25.0,AISynphys,Accessed on 2025-07-08 00:00:007,0.0,1
268,VISp,EXC,Nr5a1,L23,INH,Pvalb,L4,75.0,100.0,25.0,50.0,AISynphys,Accessed on 2025-07-08 00:00:007,0.0,1
269,VISp,EXC,Nr5a1,L23,INH,Pvalb,L4,75.0,100.0,50.0,75.0,AISynphys,Accessed on 2025-07-08 00:00:007,0.0,1
270,VISp,EXC,Nr5a1,L23,INH,Pvalb,L4,100.0,125.0,75.0,100.0,AISynphys,Accessed on 2025-07-08 00:00:007,0.0,1
271,VISp,EXC,Nr5a1,L23,INH,Pvalb,L4,100.0,125.0,100.0,125.0,AISynphys,Accessed on 2025-07-08 00:00:007,0.0,1
272,VISp,EXC,Nr5a1,L23,INH,Pvalb,L4,125.0,150.0,75.0,100.0,AISynphys,Accessed on 2025-07-08 00:00:007,0.0,1
273,VISp,EXC,Nr5a1,L23,INH,Pvalb,L4,150.0,175.0,125.0,150.0,AISynphys,Accessed on 2025-07-08 00:00:007,0.0,1
274,VISp,EXC,Nr5a1,L23,INH,Pvalb,L4,175.0,200.0,100.0,125.0,AISynphys,Accessed on 2025-07-08 00:00:007,0.0,1
275,VISp,EXC,Nr5a1,L23,INH,Pvalb,L5,0.0,25.0,100.0,125.0,AISynphys,Accessed on 2025-07-08 00:00:007,0.0,1
276,VISp,EXC,Nr5a1,L23,INH,Pvalb,L5,0.0,25.0,125.0,150.0,AISynphys,Accessed on 2025-07-08 00:00:007,0.0,2
277,VISp,EXC,Nr5a1,L23,INH,Pvalb,L5,0.0,25.0,200.0,225.0,AISynphys,Accessed on 2025-07-08 00:00:007,0.0,1
278,VISp,EXC,Nr5a1,L23,INH,Pvalb,L5,25.0,50.0,100.0,125.0,AISynphys,Accessed on 2025-07-08 00:00:007,0.0,2
279,VISp,EXC,Nr5a1,L23,INH,Pvalb,L5,25.0,50.0,125.0,150.0,AISynphys,Accessed on 2025-07-08 00:00:007,0.0,2
280,VISp,EXC,Nr5a1,L23,INH,Pvalb,L5,25.0,50.0,150.0,175.0,AISynphys,Accessed on 2025-07-08 00:00:007,0.0,1
281,VISp,EXC,Nr5a1,L23,INH,Pvalb,L5,50.0,75.0,75.0,100.0,AISynphys,Accessed on 2025-07-08 00:00:007,0.0,1
282,VISp,EXC,Nr5a1,L23,INH,Pvalb,L5,50.0,75.0,100.0,125.0,AISynphys,Accessed on 2025-07-08 00:00:007,0.0,1
283,VISp,EXC,Nr5a1,L23,INH,Pvalb,L5,50.0,75.0,125.0,150.0,AISynphys,Accessed on 2025-07-08 00:00:007,0.0,1
284,VISp,EXC,Nr5a1,L23,INH,Pvalb,L5,50.0,75.0,200.0,225.0,AISynphys,Accessed on 2025-07-08 00:00:007,0.0,1
285,VISp,EXC,Nr5a1,L23,INH,Pvalb,L5,75.0,100.0,125.0,150.0,AISynphys,Accessed on 2025-07-08 00:00:007,0.0,1
286,VISp,EXC,Nr5a1,L23,INH,Pvalb,L5,75.0,100.0,150.0,175.0,AISynphys,Accessed on 2025-07-08 00:00:007,0.0,1
287,VISp,EXC,Nr5a1,L23,INH,Pvalb,L5,100.0,125.0,175.0,200.0,AISynphys,Accessed on 2025-07-08 00:00:007,0.0,2
288,VISp,EXC,Nr5a1,L23,INH,Pvalb,L5,125.0,150.0,150.0,175.0,AISynphys,Accessed on 2025-07-08 00:00:007,0.0,1
289,VISp,EXC,Nr5a1,L23,INH,Sst,L23,0.0,25.0,0.0,25.0,AISynphys,Accessed on 2025-07-08 00:00:007,0.5,2
290,VISp,EXC,Nr5a1,L23,INH,Sst,L23,0.0,25.0,25.0,50.0,AISynphys,Accessed on 2025-07-08 00:00:007,0.0,1
291,VISp,EXC,Nr5a1,L23,INH,Sst,L23,0.0,25.0,50.0,75.0,AISynphys,Accessed on 2025-07-08 00:00:007,0.0,1
292,VISp,EXC,Nr5a1,L23,INH,Sst,L23,25.0,50.0,25.0,50.0,AISynphys,Accessed on 2025-07-08 00:00:007,0.0,3
293,VISp,EXC,Nr5a1,L23,INH,Sst,L23,50.0,75.0,0.0,25.0,AISynphys,Accessed on 2025-07-08 00:00:007,0.0,1
294,VISp,EXC,Nr5a1,L23,INH,Sst,L23,75.0,100.0,25.0,50.0,AISynphys,Accessed on 2025-07-08 00:00:007,0.0,2
295,VISp,EXC,Nr5a1,L23,INH,Sst,L23,100.0,125.0,0.0,25.0,AISynphys,Accessed on 2025-07-08 00:00:007,0.0,1
296,VISp,EXC,Nr5a1,L23,INH,Sst,L23,100.0,125.0,100.0,125.0,AISynphys,Accessed on 2025-07-08 00:00:007,0.0,1
297,VISp,EXC,Nr5a1,L23,INH,Sst,L4,0.0,25.0,50.0,75.0,AISynphys,Accessed on 2025-07-08 00:00:007,0.0,1
298,VISp,EXC,Nr5a1,L23,INH,Sst,L4,25.0,50.0,25.0,50.0,AISynphys,Accessed on 2025-07-08 00:00:007,1.0,1
299,VISp,EXC,Nr5a1,L23,INH,Sst,L4,25.0,50.0,50.0,75.0,AISynphys,Accessed on 2025-07-08 00:00:007,0.0,1
300,VISp,EXC,Nr5a1,L23,INH,Sst,L4,25.0,50.0,75.0,100.0,AISynphys,Accessed on 2025-07-08 00:00:007,0.0,1
301,VISp,EXC,Nr5a1,L23,INH,Sst,L4,25.0,50.0,200.0,225.0,AISynphys,Accessed on 2025-07-08 00:00:007,0.0,1
302,VISp,EXC,Nr5a1,L23,INH,Sst,L4,50.0,75.0,75.0,100.0,AISynphys,Accessed on 2025-07-08 00:00:007,0.0,1
303,VISp,EXC,Nr5a1,L23,INH,Sst,L4,50.0,75.0,125.0,150.0,AISynphys,Accessed on 2025-07-08 00:00:007,0.0,1
304,VISp,EXC,Nr5a1,L23,INH,Sst,L4,75.0,100.0,150.0,175.0,AISynphys,Accessed on 2025-07-08 00:00:007,0.0,1
305,VISp,EXC,Nr5a1,L23,INH,Sst,L4,100.0,125.0,50.0,75.0,AISynphys,Accessed on 2025-07-08 00:00:007,0.0,1
306,VISp,EXC,Nr5a1,L23,INH,Sst,L4,125.0,150.0,50.0,75.0,AISynphys,Accessed on 2025-07-08 00:00:007,0.0,1
307,VISp,EXC,Nr5a1,L23,INH,Sst,L4,125.0,150.0,75.0,100.0,AISynphys,Accessed on 2025-07-08 00:00:007,0.0,1
308,VISp,EXC,Nr5a1,L23,INH,Sst,L5,0.0,25.0,175.0,200.0,AISynphys,Accessed on 2025-07-08 00:00:007,0.0,1
309,VISp,EXC,Nr5a1,L23,INH,Sst,L5,25.0,50.0,100.0,125.0,AISynphys,Accessed on 2025-07-08 00:00:007,0.0,1
310,VISp,EXC,Nr5a1,L23,INH,Sst,L5,25.0,50.0,125.0,150.0,AISynphys,Accessed on 2025-07-08 00:00:007,0.0,1
311,VISp,EXC,Nr5a1,L23,INH,Sst,L5,25.0,50.0,150.0,175.0,AISynphys,Accessed on 2025-07-08 00:00:007,0.0,1
312,VISp,EXC,Nr5a1,L23,INH,Sst,L5,25.0,50.0,250.0,275.0,AISynphys,Accessed on 2025-07-08 00:00:007,0.0,1
313,VISp,EXC,Nr5a1,L23,INH,Sst,L5,50.0,75.0,175.0,200.0,AISynphys,Accessed on 2025-07-08 00:00:007,0.0,1
314,VISp,EXC,Nr5a1,L23,INH,Sst,L5,50.0,75.0,225.0,250.0,AISynphys,Accessed on 2025-07-08 00:00:007,0.0,1
315,VISp,EXC,Nr5a1,L23,INH,Sst,L5,75.0,100.0,100.0,125.0,AISynphys,Accessed on 2025-07-08 00:00:007,0.0,1
316,VISp,EXC,Nr5a1,L23,INH,Vip,L23,0.0,25.0,25.0,50.0,AISynphys,Accessed on 2025-07-08 00:00:007,0.0,1
317,VISp,EXC,Nr5a1,L23,INH,Vip,L23,0.0,25.0,50.0,75.0,AISynphys,Accessed on 2025-07-08 00:00:007,0.0,1
318,VISp,EXC,Nr5a1,L23,INH,Vip,L23,25.0,50.0,0.0,25.0,AISynphys,Accessed on 2025-07-08 00:00:007,0.0,1
319,VISp,EXC,Nr5a1,L23,INH,Vip,L23,25.0,50.0,100.0,125.0,AISynphys,Accessed on 2025-07-08 00:00:007,0.0,1
320,VISp,EXC,Nr5a1,L23,INH,Vip,L23,50.0,75.0,50.0,75.0,AISynphys,Accessed on 2025-07-08 00:00:007,0.0,1
321,VISp,EXC,Nr5a1,L23,INH,Vip,L23,50.0,75.0,75.0,100.0,AISynphys,Accessed on 2025-07-08 00:00:007,0.0,1
322,VISp,EXC,Nr5a1,L23,INH,Vip,L23,100.0,125.0,0.0,25.0,AISynphys,Accessed on 2025-07-08 00:00:007,0.0,1
323,VISp,EXC,Nr5a1,L4,EXC,Nr5a1,L23,0.0,25.0,0.0,25.0,AISynphys,Accessed on 2025-07-08 00:00:007,0.0,1
324,VISp,EXC,Nr5a1,L4,EXC,Nr5a1,L23,0.0,25.0,25.0,50.0,AISynphys,Accessed on 2025-07-08 00:00:007,0.25,8
325,VISp,EXC,Nr5a1,L4,EXC,Nr5a1,L23,0.0,25.0,50.0,75.0,AISynphys,Accessed on 2025-07-08 00:00:007,0.0,5
326,VISp,EXC,Nr5a1,L4,EXC,Nr5a1,L23,0.0,25.0,75.0,100.0,AISynphys,Accessed on 2025-07-08 00:00:007,0.0,3
327,VISp,EXC,Nr5a1,L4,EXC,Nr5a1,L23,25.0,50.0,0.0,25.0,AISynphys,Accessed on 2025-07-08 00:00:007,0.0,2
328,VISp,EXC,Nr5a1,L4,EXC,Nr5a1,L23,25.0,50.0,25.0,50.0,AISynphys,Accessed on 2025-07-08 00:00:007,0.0,3
329,VISp,EXC,Nr5a1,L4,EXC,Nr5a1,L23,25.0,50.0,50.0,75.0,AISynphys,Accessed on 2025-07-08 00:00:007,0.08333333333333333,12
330,VISp,EXC,Nr5a1,L4,EXC,Nr5a1,L23,25.0,50.0,75.0,100.0,AISynphys,Accessed on 2025-07-08 00:00:007,0.0,4
331,VISp,EXC,Nr5a1,L4,EXC,Nr5a1,L23,25.0,50.0,125.0,150.0,AISynphys,Accessed on 2025-07-08 00:00:007,0.0,1
332,VISp,EXC,Nr5a1,L4,EXC,Nr5a1,L23,50.0,75.0,0.0,25.0,AISynphys,Accessed on 2025-07-08 00:00:007,0.0,2
333,VISp,EXC,Nr5a1,L4,EXC,Nr5a1,L23,50.0,75.0,25.0,50.0,AISynphys,Accessed on 2025-07-08 00:00:007,0.0,2
334,VISp,EXC,Nr5a1,L4,EXC,Nr5a1,L23,50.0,75.0,50.0,75.0,AISynphys,Accessed on 2025-07-08 00:00:007,0.0,5
335,VISp,EXC,Nr5a1,L4,EXC,Nr5a1,L23,50.0,75.0,100.0,125.0,AISynphys,Accessed on 2025-07-08 00:00:007,0.0,2
336,VISp,EXC,Nr5a1,L4,EXC,Nr5a1,L23,50.0,75.0,125.0,150.0,AISynphys,Accessed on 2025-07-08 00:00:007,0.0,1
337,VISp,EXC,Nr5a1,L4,EXC,Nr5a1,L23,75.0,100.0,25.0,50.0,AISynphys,Accessed on 2025-07-08 00:00:007,0.0,3
338,VISp,EXC,Nr5a1,L4,EXC,Nr5a1,L23,75.0,100.0,50.0,75.0,AISynphys,Accessed on 2025-07-08 00:00:007,0.0,3
339,VISp,EXC,Nr5a1,L4,EXC,Nr5a1,L23,75.0,100.0,75.0,100.0,AISynphys,Accessed on 2025-07-08 00:00:007,0.0,2
340,VISp,EXC,Nr5a1,L4,EXC,Nr5a1,L23,100.0,125.0,25.0,50.0,AISynphys,Accessed on 2025-07-08 00:00:007,0.0,2
341,VISp,EXC,Nr5a1,L4,EXC,Nr5a1,L23,100.0,125.0,50.0,75.0,AISynphys,Accessed on 2025-07-08 00:00:007,0.0,1
342,VISp,EXC,Nr5a1,L4,EXC,Nr5a1,L23,100.0,125.0,75.0,100.0,AISynphys,Accessed on 2025-07-08 00:00:007,0.5,2
343,VISp,EXC,Nr5a1,L4,EXC,Nr5a1,L23,125.0,150.0,25.0,50.0,AISynphys,Accessed on 2025-07-08 00:00:007,0.0,1
344,VISp,EXC,Nr5a1,L4,EXC,Nr5a1,L23,125.0,150.0,150.0,175.0,AISynphys,Accessed on 2025-07-08 00:00:007,0.0,1
345,VISp,EXC,Nr5a1,L4,EXC,Nr5a1,L23,150.0,175.0,25.0,50.0,AISynphys,Accessed on 2025-07-08 00:00:007,0.0,1
346,VISp,EXC,Nr5a1,L4,EXC,Nr5a1,L23,150.0,175.0,100.0,125.0,AISynphys,Accessed on 2025-07-08 00:00:007,0.0,1
347,VISp,EXC,Nr5a1,L4,EXC,Nr5a1,L23,175.0,200.0,150.0,175.0,AISynphys,Accessed on 2025-07-08 00:00:007,0.0,1
348,VISp,EXC,Nr5a1,L4,EXC,Nr5a1,L23,200.0,225.0,125.0,150.0,AISynphys,Accessed on 2025-07-08 00:00:007,0.0,1
349,VISp,EXC,Nr5a1,L4,EXC,Nr5a1,L23,225.0,250.0,100.0,125.0,AISynphys,Accessed on 2025-07-08 00:00:007,0.0,1
350,VISp,EXC,Nr5a1,L4,EXC,Nr5a1,L4,0.0,25.0,0.0,25.0,AISynphys,Accessed on 2025-07-08 00:00:007,0.037037037037037035,54
351,VISp,EXC,Nr5a1,L4,EXC,Nr5a1,L4,0.0,25.0,25.0,50.0,AISynphys,Accessed on 2025-07-08 00:00:007,0.043478260869565216,46
352,VISp,EXC,Nr5a1,L4,EXC,Nr5a1,L4,0.0,25.0,50.0,75.0,AISynphys,Accessed on 2025-07-08 00:00:007,0.0,26
353,VISp,EXC,Nr5a1,L4,EXC,Nr5a1,L4,0.0,25.0,75.0,100.0,AISynphys,Accessed on 2025-07-08 00:00:007,0.0,4
354,VISp,EXC,Nr5a1,L4,EXC,Nr5a1,L4,25.0,50.0,0.0,25.0,AISynphys,Accessed on 2025-07-08 00:00:007,0.030303030303030304,66
355,VISp,EXC,Nr5a1,L4,EXC,Nr5a1,L4,25.0,50.0,25.0,50.0,AISynphys,Accessed on 2025-07-08 00:00:007,0.09375,32
356,VISp,EXC,Nr5a1,L4,EXC,Nr5a1,L4,25.0,50.0,50.0,75.0,AISynphys,Accessed on 2025-07-08 00:00:007,0.0,18
357,VISp,EXC,Nr5a1,L4,EXC,Nr5a1,L4,25.0,50.0,75.0,100.0,AISynphys,Accessed on 2025-07-08 00:00:007,0.0,2
358,VISp,EXC,Nr5a1,L4,EXC,Nr5a1,L4,50.0,75.0,0.0,25.0,AISynphys,Accessed on 2025-07-08 00:00:007,0.037037037037037035,54
359,VISp,EXC,Nr5a1,L4,EXC,Nr5a1,L4,50.0,75.0,25.0,50.0,AISynphys,Accessed on 2025-07-08 00:00:007,0.0625,32
360,VISp,EXC,Nr5a1,L4,EXC,Nr5a1,L4,50.0,75.0,50.0,75.0,AISynphys,Accessed on 2025-07-08 00:00:007,0.0,16
361,VISp,EXC,Nr5a1,L4,EXC,Nr5a1,L4,75.0,100.0,0.0,25.0,AISynphys,Accessed on 2025-07-08 00:00:007,0.025,40
362,VISp,EXC,Nr5a1,L4,EXC,Nr5a1,L4,75.0,100.0,25.0,50.0,AISynphys,Accessed on 2025-07-08 00:00:007,0.0,16
363,VISp,EXC,Nr5a1,L4,EXC,Nr5a1,L4,75.0,100.0,50.0,75.0,AISynphys,Accessed on 2025-07-08 00:00:007,0.1,10
364,VISp,EXC,Nr5a1,L4,EXC,Nr5a1,L4,75.0,100.0,75.0,100.0,AISynphys,Accessed on 2025-07-08 00:00:007,0.0,4
365,VISp,EXC,Nr5a1,L4,EXC,Nr5a1,L4,100.0,125.0,0.0,25.0,AISynphys,Accessed on 2025-07-08 00:00:007,0.09090909090909091,22
366,VISp,EXC,Nr5a1,L4,EXC,Nr5a1,L4,100.0,125.0,25.0,50.0,AISynphys,Accessed on 2025-07-08 00:00:007,0.0,14
367,VISp,EXC,Nr5a1,L4,EXC,Nr5a1,L4,100.0,125.0,50.0,75.0,AISynphys,Accessed on 2025-07-08 00:00:007,0.0,6
368,VISp,EXC,Nr5a1,L4,EXC,Nr5a1,L4,100.0,125.0,75.0,100.0,AISynphys,Accessed on 2025-07-08 00:00:007,0.0,2
369,VISp,EXC,Nr5a1,L4,EXC,Nr5a1,L4,125.0,150.0,0.0,25.0,AISynphys,Accessed on 2025-07-08 00:00:007,0.0,14
370,VISp,EXC,Nr5a1,L4,EXC,Nr5a1,L4,125.0,150.0,25.0,50.0,AISynphys,Accessed on 2025-07-08 00:00:007,0.0,6
371,VISp,EXC,Nr5a1,L4,EXC,Nr5a1,L4,150.0,175.0,0.0,25.0,AISynphys,Accessed on 2025-07-08 00:00:007,0.0,2
372,VISp,EXC,Nr5a1,L4,EXC,Nr5a1,L4,150.0,175.0,25.0,50.0,AISynphys,Accessed on 2025-07-08 00:00:007,0.5,2
373,VISp,EXC,Nr5a1,L4,EXC,Nr5a1,L4,150.0,175.0,50.0,75.0,AISynphys,Accessed on 2025-07-08 00:00:007,0.0,4
374,VISp,EXC,Nr5a1,L4,EXC,Nr5a1,L4,175.0,200.0,0.0,25.0,AISynphys,Accessed on 2025-07-08 00:00:007,0.0,6
375,VISp,EXC,Nr5a1,L4,EXC,Nr5a1,L4,200.0,225.0,0.0,25.0,AISynphys,Accessed on 2025-07-08 00:00:007,0.0,2
376,VISp,EXC,Nr5a1,L4,EXC,Nr5a1,L4,225.0,250.0,50.0,75.0,AISynphys,Accessed on 2025-07-08 00:00:007,0.0,4
377,VISp,EXC,Nr5a1,L4,EXC,Nr5a1,L4,250.0,275.0,0.0,25.0,AISynphys,Accessed on 2025-07-08 00:00:007,0.0,2
378,VISp,EXC,Nr5a1,L4,EXC,Nr5a1,L5,0.0,25.0,25.0,50.0,AISynphys,Accessed on 2025-07-08 00:00:007,0.3333333333333333,3
379,VISp,EXC,Nr5a1,L4,EXC,Nr5a1,L5,0.0,25.0,100.0,125.0,AISynphys,Accessed on 2025-07-08 00:00:007,0.0,1
380,VISp,EXC,Nr5a1,L4,EXC,Nr5a1,L5,25.0,50.0,0.0,25.0,AISynphys,Accessed on 2025-07-08 00:00:007,0.0,1
381,VISp,EXC,Nr5a1,L4,EXC,Nr5a1,L5,25.0,50.0,25.0,50.0,AISynphys,Accessed on 2025-07-08 00:00:007,0.0,4
382,VISp,EXC,Nr5a1,L4,EXC,Nr5a1,L5,25.0,50.0,50.0,75.0,AISynphys,Accessed on 2025-07-08 00:00:007,0.0,1
383,VISp,EXC,Nr5a1,L4,EXC,Nr5a1,L5,25.0,50.0,75.0,100.0,AISynphys,Accessed on 2025-07-08 00:00:007,1.0,1
384,VISp,EXC,Nr5a1,L4,EXC,Nr5a1,L5,25.0,50.0,100.0,125.0,AISynphys,Accessed on 2025-07-08 00:00:007,0.0,1
385,VISp,EXC,Nr5a1,L4,EXC,Nr5a1,L5,50.0,75.0,25.0,50.0,AISynphys,Accessed on 2025-07-08 00:00:007,0.0,1
386,VISp,EXC,Nr5a1,L4,EXC,Nr5a1,L5,75.0,100.0,25.0,50.0,AISynphys,Accessed on 2025-07-08 00:00:007,0.0,2
387,VISp,EXC,Nr5a1,L4,EXC,Nr5a1,L5,100.0,125.0,50.0,75.0,AISynphys,Accessed on 2025-07-08 00:00:007,0.0,1
388,VISp,EXC,Nr5a1,L4,EXC,Nr5a1,L5,125.0,150.0,75.0,100.0,AISynphys,Accessed on 2025-07-08 00:00:007,0.0,1
389,VISp,EXC,Nr5a1,L4,EXC,Nr5a1,L5,150.0,175.0,25.0,50.0,AISynphys,Accessed on 2025-07-08 00:00:007,0.0,1
390,VISp,EXC,Nr5a1,L4,EXC,Nr5a1,L5,275.0,300.0,25.0,50.0,AISynphys,Accessed on 2025-07-08 00:00:007,0.0,1
391,VISp,EXC,Nr5a1,L4,EXC,Nr5a1,L5,300.0,325.0,25.0,50.0,AISynphys,Accessed on 2025-07-08 00:00:007,0.0,1
392,VISp,EXC,Nr5a1,L4,INH,Pvalb,L23,0.0,25.0,0.0,25.0,AISynphys,Accessed on 2025-07-08 00:00:007,1.0,1
393,VISp,EXC,Nr5a1,L4,INH,Pvalb,L23,0.0,25.0,25.0,50.0,AISynphys,Accessed on 2025-07-08 00:00:007,1.0,1
394,VISp,EXC,Nr5a1,L4,INH,Pvalb,L23,0.0,25.0,125.0,150.0,AISynphys,Accessed on 2025-07-08 00:00:007,0.0,1
395,VISp,EXC,Nr5a1,L4,INH,Pvalb,L23,0.0,25.0,150.0,175.0,AISynphys,Accessed on 2025-07-08 00:00:007,0.0,1
396,VISp,EXC,Nr5a1,L4,INH,Pvalb,L23,0.0,25.0,175.0,200.0,AISynphys,Accessed on 2025-07-08 00:00:007,0.0,1
397,VISp,EXC,Nr5a1,L4,INH,Pvalb,L23,0.0,25.0,200.0,225.0,AISynphys,Accessed on 2025-07-08 00:00:007,0.0,2
398,VISp,EXC,Nr5a1,L4,INH,Pvalb,L23,25.0,50.0,25.0,50.0,AISynphys,Accessed on 2025-07-08 00:00:007,0.0,1
399,VISp,EXC,Nr5a1,L4,INH,Pvalb,L23,25.0,50.0,75.0,100.0,AISynphys,Accessed on 2025-07-08 00:00:007,1.0,1
400,VISp,EXC,Nr5a1,L4,INH,Pvalb,L23,25.0,50.0,100.0,125.0,AISynphys,Accessed on 2025-07-08 00:00:007,0.0,1
401,VISp,EXC,Nr5a1,L4,INH,Pvalb,L23,25.0,50.0,125.0,150.0,AISynphys,Accessed on 2025-07-08 00:00:007,0.0,1
402,VISp,EXC,Nr5a1,L4,INH,Pvalb,L23,25.0,50.0,200.0,225.0,AISynphys,Accessed on 2025-07-08 00:00:007,0.0,1
403,VISp,EXC,Nr5a1,L4,INH,Pvalb,L23,25.0,50.0,250.0,275.0,AISynphys,Accessed on 2025-07-08 00:00:007,0.0,1
404,VISp,EXC,Nr5a1,L4,INH,Pvalb,L23,50.0,75.0,25.0,50.0,AISynphys,Accessed on 2025-07-08 00:00:007,1.0,1
405,VISp,EXC,Nr5a1,L4,INH,Pvalb,L23,50.0,75.0,75.0,100.0,AISynphys,Accessed on 2025-07-08 00:00:007,0.0,1
406,VISp,EXC,Nr5a1,L4,INH,Pvalb,L23,50.0,75.0,125.0,150.0,AISynphys,Accessed on 2025-07-08 00:00:007,0.0,1
407,VISp,EXC,Nr5a1,L4,INH,Pvalb,L23,50.0,75.0,200.0,225.0,AISynphys,Accessed on 2025-07-08 00:00:007,0.0,1
408,VISp,EXC,Nr5a1,L4,INH,Pvalb,L23,50.0,75.0,250.0,275.0,AISynphys,Accessed on 2025-07-08 00:00:007,0.0,1
409,VISp,EXC,Nr5a1,L4,INH,Pvalb,L23,75.0,100.0,50.0,75.0,AISynphys,Accessed on 2025-07-08 00:00:007,0.0,2
410,VISp,EXC,Nr5a1,L4,INH,Pvalb,L23,100.0,125.0,25.0,50.0,AISynphys,Accessed on 2025-07-08 00:00:007,0.0,1
411,VISp,EXC,Nr5a1,L4,INH,Pvalb,L23,100.0,125.0,75.0,100.0,AISynphys,Accessed on 2025-07-08 00:00:007,0.0,1
412,VISp,EXC,Nr5a1,L4,INH,Pvalb,L23,100.0,125.0,275.0,300.0,AISynphys,Accessed on 2025-07-08 00:00:007,0.0,1
413,VISp,EXC,Nr5a1,L4,INH,Pvalb,L23,125.0,150.0,225.0,250.0,AISynphys,Accessed on 2025-07-08 00:00:007,0.0,1
414,VISp,EXC,Nr5a1,L4,INH,Pvalb,L23,150.0,175.0,125.0,150.0,AISynphys,Accessed on 2025-07-08 00:00:007,0.0,1
415,VISp,EXC,Nr5a1,L4,INH,Pvalb,L4,0.0,25.0,0.0,25.0,AISynphys,Accessed on 2025-07-08 00:00:007,0.0,2
416,VISp,EXC,Nr5a1,L4,INH,Pvalb,L4,0.0,25.0,25.0,50.0,AISynphys,Accessed on 2025-07-08 00:00:007,1.0,1
417,VISp,EXC,Nr5a1,L4,INH,Pvalb,L4,0.0,25.0,50.0,75.0,AISynphys,Accessed on 2025-07-08 00:00:007,0.0,5
418,VISp,EXC,Nr5a1,L4,INH,Pvalb,L4,0.0,25.0,75.0,100.0,AISynphys,Accessed on 2025-07-08 00:00:007,0.0,1
419,VISp,EXC,Nr5a1,L4,INH,Pvalb,L4,25.0,50.0,0.0,25.0,AISynphys,Accessed on 2025-07-08 00:00:007,1.0,1
420,VISp,EXC,Nr5a1,L4,INH,Pvalb,L4,25.0,50.0,50.0,75.0,AISynphys,Accessed on 2025-07-08 00:00:007,0.0,4
421,VISp,EXC,Nr5a1,L4,INH,Pvalb,L4,25.0,50.0,75.0,100.0,AISynphys,Accessed on 2025-07-08 00:00:007,0.0,2
422,VISp,EXC,Nr5a1,L4,INH,Pvalb,L4,25.0,50.0,100.0,125.0,AISynphys,Accessed on 2025-07-08 00:00:007,0.0,1
423,VISp,EXC,Nr5a1,L4,INH,Pvalb,L4,50.0,75.0,0.0,25.0,AISynphys,Accessed on 2025-07-08 00:00:007,0.0,4
424,VISp,EXC,Nr5a1,L4,INH,Pvalb,L4,50.0,75.0,25.0,50.0,AISynphys,Accessed on 2025-07-08 00:00:007,0.0,1
425,VISp,EXC,Nr5a1,L4,INH,Pvalb,L4,50.0,75.0,50.0,75.0,AISynphys,Accessed on 2025-07-08 00:00:007,0.0,3
426,VISp,EXC,Nr5a1,L4,INH,Pvalb,L4,50.0,75.0,75.0,100.0,AISynphys,Accessed on 2025-07-08 00:00:007,0.0,2
427,VISp,EXC,Nr5a1,L4,INH,Pvalb,L4,75.0,100.0,0.0,25.0,AISynphys,Accessed on 2025-07-08 00:00:007,0.0,1
428,VISp,EXC,Nr5a1,L4,INH,Pvalb,L4,75.0,100.0,25.0,50.0,AISynphys,Accessed on 2025-07-08 00:00:007,0.3333333333333333,3
429,VISp,EXC,Nr5a1,L4,INH,Pvalb,L4,75.0,100.0,75.0,100.0,AISynphys,Accessed on 2025-07-08 00:00:007,0.0,2
430,VISp,EXC,Nr5a1,L4,INH,Pvalb,L4,75.0,100.0,100.0,125.0,AISynphys,Accessed on 2025-07-08 00:00:007,0.0,1
431,VISp,EXC,Nr5a1,L4,INH,Pvalb,L4,100.0,125.0,0.0,25.0,AISynphys,Accessed on 2025-07-08 00:00:007,0.0,3
432,VISp,EXC,Nr5a1,L4,INH,Pvalb,L4,100.0,125.0,25.0,50.0,AISynphys,Accessed on 2025-07-08 00:00:007,0.0,1
433,VISp,EXC,Nr5a1,L4,INH,Pvalb,L4,100.0,125.0,50.0,75.0,AISynphys,Accessed on 2025-07-08 00:00:007,0.0,4
434,VISp,EXC,Nr5a1,L4,INH,Pvalb,L4,100.0,125.0,75.0,100.0,AISynphys,Accessed on 2025-07-08 00:00:007,0.0,1
435,VISp,EXC,Nr5a1,L4,INH,Pvalb,L4,125.0,150.0,0.0,25.0,AISynphys,Accessed on 2025-07-08 00:00:007,0.3333333333333333,3
436,VISp,EXC,Nr5a1,L4,INH,Pvalb,L4,125.0,150.0,25.0,50.0,AISynphys,Accessed on 2025-07-08 00:00:007,0.0,5
437,VISp,EXC,Nr5a1,L4,INH,Pvalb,L4,125.0,150.0,50.0,75.0,AISynphys,Accessed on 2025-07-08 00:00:007,0.0,1
438,VISp,EXC,Nr5a1,L4,INH,Pvalb,L4,125.0,150.0,100.0,125.0,AISynphys,Accessed on 2025-07-08 00:00:007,0.0,1
439,VISp,EXC,Nr5a1,L4,INH,Pvalb,L4,150.0,175.0,0.0,25.0,AISynphys,Accessed on 2025-07-08 00:00:007,0.0,2
440,VISp,EXC,Nr5a1,L4,INH,Pvalb,L4,150.0,175.0,25.0,50.0,AISynphys,Accessed on 2025-07-08 00:00:007,0.0,2
441,VISp,EXC,Nr5a1,L4,INH,Pvalb,L4,150.0,175.0,50.0,75.0,AISynphys,Accessed on 2025-07-08 00:00:007,0.0,1
442,VISp,EXC,Nr5a1,L4,INH,Pvalb,L4,175.0,200.0,0.0,25.0,AISynphys,Accessed on 2025-07-08 00:00:007,0.0,2
443,VISp,EXC,Nr5a1,L4,INH,Pvalb,L4,175.0,200.0,25.0,50.0,AISynphys,Accessed on 2025-07-08 00:00:007,0.0,1
444,VISp,EXC,Nr5a1,L4,INH,Pvalb,L4,175.0,200.0,75.0,100.0,AISynphys,Accessed on 2025-07-08 00:00:007,0.0,1
445,VISp,EXC,Nr5a1,L4,INH,Pvalb,L4,225.0,250.0,0.0,25.0,AISynphys,Accessed on 2025-07-08 00:00:007,0.0,1
446,VISp,EXC,Nr5a1,L4,INH,Pvalb,L5,0.0,25.0,75.0,100.0,AISynphys,Accessed on 2025-07-08 00:00:007,0.5,4
447,VISp,EXC,Nr5a1,L4,INH,Pvalb,L5,0.0,25.0,100.0,125.0,AISynphys,Accessed on 2025-07-08 00:00:007,0.0,2
448,VISp,EXC,Nr5a1,L4,INH,Pvalb,L5,0.0,25.0,125.0,150.0,AISynphys,Accessed on 2025-07-08 00:00:007,0.0,1
449,VISp,EXC,Nr5a1,L4,INH,Pvalb,L5,25.0,50.0,50.0,75.0,AISynphys,Accessed on 2025-07-08 00:00:007,0.0,2
450,VISp,EXC,Nr5a1,L4,INH,Pvalb,L5,25.0,50.0,75.0,100.0,AISynphys,Accessed on 2025-07-08 00:00:007,1.0,1
451,VISp,EXC,Nr5a1,L4,INH,Pvalb,L5,25.0,50.0,100.0,125.0,AISynphys,Accessed on 2025-07-08 00:00:007,0.5,2
452,VISp,EXC,Nr5a1,L4,INH,Pvalb,L5,25.0,50.0,125.0,150.0,AISynphys,Accessed on 2025-07-08 00:00:007,0.0,4
453,VISp,EXC,Nr5a1,L4,INH,Pvalb,L5,25.0,50.0,150.0,175.0,AISynphys,Accessed on 2025-07-08 00:00:007,0.0,2
454,VISp,EXC,Nr5a1,L4,INH,Pvalb,L5,50.0,75.0,25.0,50.0,AISynphys,Accessed on 2025-07-08 00:00:007,0.0,1
455,VISp,EXC,Nr5a1,L4,INH,Pvalb,L5,50.0,75.0,50.0,75.0,AISynphys,Accessed on 2025-07-08 00:00:007,1.0,1
456,VISp,EXC,Nr5a1,L4,INH,Pvalb,L5,50.0,75.0,75.0,100.0,AISynphys,Accessed on 2025-07-08 00:00:007,0.0,3
457,VISp,EXC,Nr5a1,L4,INH,Pvalb,L5,50.0,75.0,100.0,125.0,AISynphys,Accessed on 2025-07-08 00:00:007,0.0,1
458,VISp,EXC,Nr5a1,L4,INH,Pvalb,L5,50.0,75.0,150.0,175.0,AISynphys,Accessed on 2025-07-08 00:00:007,0.0,1
459,VISp,EXC,Nr5a1,L4,INH,Pvalb,L5,50.0,75.0,175.0,200.0,AISynphys,Accessed on 2025-07-08 00:00:007,0.0,2
460,VISp,EXC,Nr5a1,L4,INH,Pvalb,L5,75.0,100.0,50.0,75.0,AISynphys,Accessed on 2025-07-08 00:00:007,0.5,2
461,VISp,EXC,Nr5a1,L4,INH,Pvalb,L5,100.0,125.0,100.0,125.0,AISynphys,Accessed on 2025-07-08 00:00:007,0.0,1
462,VISp,EXC,Nr5a1,L4,INH,Pvalb,L5,100.0,125.0,150.0,175.0,AISynphys,Accessed on 2025-07-08 00:00:007,0.0,2
463,VISp,EXC,Nr5a1,L4,INH,Pvalb,L5,125.0,150.0,125.0,150.0,AISynphys,Accessed on 2025-07-08 00:00:007,0.0,1
464,VISp,EXC,Nr5a1,L4,INH,Pvalb,L5,125.0,150.0,150.0,175.0,AISynphys,Accessed on 2025-07-08 00:00:007,0.0,1
465,VISp,EXC,Nr5a1,L4,INH,Pvalb,L5,150.0,175.0,75.0,100.0,AISynphys,Accessed on 2025-07-08 00:00:007,0.0,1
466,VISp,EXC,Nr5a1,L4,INH,Pvalb,L5,175.0,200.0,75.0,100.0,AISynphys,Accessed on 2025-07-08 00:00:007,0.0,1
467,VISp,EXC,Nr5a1,L4,INH,Sst,L23,0.0,25.0,25.0,50.0,AISynphys,Accessed on 2025-07-08 00:00:007,0.0,2
468,VISp,EXC,Nr5a1,L4,INH,Sst,L23,0.0,25.0,50.0,75.0,AISynphys,Accessed on 2025-07-08 00:00:007,0.0,1
469,VISp,EXC,Nr5a1,L4,INH,Sst,L23,0.0,25.0,75.0,100.0,AISynphys,Accessed on 2025-07-08 00:00:007,0.0,1
470,VISp,EXC,Nr5a1,L4,INH,Sst,L23,0.0,25.0,125.0,150.0,AISynphys,Accessed on 2025-07-08 00:00:007,0.0,1
471,VISp,EXC,Nr5a1,L4,INH,Sst,L23,25.0,50.0,0.0,25.0,AISynphys,Accessed on 2025-07-08 00:00:007,0.0,1
472,VISp,EXC,Nr5a1,L4,INH,Sst,L23,25.0,50.0,25.0,50.0,AISynphys,Accessed on 2025-07-08 00:00:007,0.3333333333333333,3
473,VISp,EXC,Nr5a1,L4,INH,Sst,L23,25.0,50.0,50.0,75.0,AISynphys,Accessed on 2025-07-08 00:00:007,0.0,5
474,VISp,EXC,Nr5a1,L4,INH,Sst,L23,25.0,50.0,75.0,100.0,AISynphys,Accessed on 2025-07-08 00:00:007,0.0,3
475,VISp,EXC,Nr5a1,L4,INH,Sst,L23,25.0,50.0,125.0,150.0,AISynphys,Accessed on 2025-07-08 00:00:007,0.0,2
476,VISp,EXC,Nr5a1,L4,INH,Sst,L23,50.0,75.0,0.0,25.0,AISynphys,Accessed on 2025-07-08 00:00:007,0.0,1
477,VISp,EXC,Nr5a1,L4,INH,Sst,L23,50.0,75.0,25.0,50.0,AISynphys,Accessed on 2025-07-08 00:00:007,0.0,2
478,VISp,EXC,Nr5a1,L4,INH,Sst,L23,50.0,75.0,50.0,75.0,AISynphys,Accessed on 2025-07-08 00:00:007,0.0,3
479,VISp,EXC,Nr5a1,L4,INH,Sst,L23,50.0,75.0,100.0,125.0,AISynphys,Accessed on 2025-07-08 00:00:007,0.0,2
480,VISp,EXC,Nr5a1,L4,INH,Sst,L23,50.0,75.0,150.0,175.0,AISynphys,Accessed on 2025-07-08 00:00:007,0.0,2
481,VISp,EXC,Nr5a1,L4,INH,Sst,L23,50.0,75.0,175.0,200.0,AISynphys,Accessed on 2025-07-08 00:00:007,0.0,2
482,VISp,EXC,Nr5a1,L4,INH,Sst,L23,75.0,100.0,0.0,25.0,AISynphys,Accessed on 2025-07-08 00:00:007,0.0,1
483,VISp,EXC,Nr5a1,L4,INH,Sst,L23,75.0,100.0,50.0,75.0,AISynphys,Accessed on 2025-07-08 00:00:007,0.0,4
484,VISp,EXC,Nr5a1,L4,INH,Sst,L23,75.0,100.0,75.0,100.0,AISynphys,Accessed on 2025-07-08 00:00:007,0.0,2
485,VISp,EXC,Nr5a1,L4,INH,Sst,L23,100.0,125.0,25.0,50.0,AISynphys,Accessed on 2025-07-08 00:00:007,0.0,3
486,VISp,EXC,Nr5a1,L4,INH,Sst,L23,100.0,125.0,50.0,75.0,AISynphys,Accessed on 2025-07-08 00:00:007,0.0,2
487,VISp,EXC,Nr5a1,L4,INH,Sst,L23,100.0,125.0,100.0,125.0,AISynphys,Accessed on 2025-07-08 00:00:007,0.0,1
488,VISp,EXC,Nr5a1,L4,INH,Sst,L23,100.0,125.0,175.0,200.0,AISynphys,Accessed on 2025-07-08 00:00:007,0.0,1
489,VISp,EXC,Nr5a1,L4,INH,Sst,L23,125.0,150.0,75.0,100.0,AISynphys,Accessed on 2025-07-08 00:00:007,0.0,1
490,VISp,EXC,Nr5a1,L4,INH,Sst,L23,125.0,150.0,150.0,175.0,AISynphys,Accessed on 2025-07-08 00:00:007,0.0,1
491,VISp,EXC,Nr5a1,L4,INH,Sst,L4,0.0,25.0,0.0,25.0,AISynphys,Accessed on 2025-07-08 00:00:007,0.0,7
492,VISp,EXC,Nr5a1,L4,INH,Sst,L4,0.0,25.0,25.0,50.0,AISynphys,Accessed on 2025-07-08 00:00:007,0.0,8
493,VISp,EXC,Nr5a1,L4,INH,Sst,L4,0.0,25.0,50.0,75.0,AISynphys,Accessed on 2025-07-08 00:00:007,0.0,5
494,VISp,EXC,Nr5a1,L4,INH,Sst,L4,0.0,25.0,75.0,100.0,AISynphys,Accessed on 2025-07-08 00:00:007,0.0,2
495,VISp,EXC,Nr5a1,L4,INH,Sst,L4,0.0,25.0,100.0,125.0,AISynphys,Accessed on 2025-07-08 00:00:007,0.0,1
496,VISp,EXC,Nr5a1,L4,INH,Sst,L4,25.0,50.0,0.0,25.0,AISynphys,Accessed on 2025-07-08 00:00:007,0.0,2
497,VISp,EXC,Nr5a1,L4,INH,Sst,L4,25.0,50.0,25.0,50.0,AISynphys,Accessed on 2025-07-08 00:00:007,0.0,3
498,VISp,EXC,Nr5a1,L4,INH,Sst,L4,25.0,50.0,50.0,75.0,AISynphys,Accessed on 2025-07-08 00:00:007,0.25,4
499,VISp,EXC,Nr5a1,L4,INH,Sst,L4,50.0,75.0,0.0,25.0,AISynphys,Accessed on 2025-07-08 00:00:007,0.0,5
500,VISp,EXC,Nr5a1,L4,INH,Sst,L4,50.0,75.0,25.0,50.0,AISynphys,Accessed on 2025-07-08 00:00:007,0.0,2
501,VISp,EXC,Nr5a1,L4,INH,Sst,L4,50.0,75.0,50.0,75.0,AISynphys,Accessed on 2025-07-08 00:00:007,0.0,2
502,VISp,EXC,Nr5a1,L4,INH,Sst,L4,50.0,75.0,100.0,125.0,AISynphys,Accessed on 2025-07-08 00:00:007,0.0,1
503,VISp,EXC,Nr5a1,L4,INH,Sst,L4,75.0,100.0,0.0,25.0,AISynphys,Accessed on 2025-07-08 00:00:007,0.0,5
504,VISp,EXC,Nr5a1,L4,INH,Sst,L4,75.0,100.0,25.0,50.0,AISynphys,Accessed on 2025-07-08 00:00:007,0.0,3
505,VISp,EXC,Nr5a1,L4,INH,Sst,L4,75.0,100.0,50.0,75.0,AISynphys,Accessed on 2025-07-08 00:00:007,0.0,1
506,VISp,EXC,Nr5a1,L4,INH,Sst,L4,100.0,125.0,0.0,25.0,AISynphys,Accessed on 2025-07-08 00:00:007,0.0,3
507,VISp,EXC,Nr5a1,L4,INH,Sst,L4,100.0,125.0,25.0,50.0,AISynphys,Accessed on 2025-07-08 00:00:007,0.0,1
508,VISp,EXC,Nr5a1,L4,INH,Sst,L4,100.0,125.0,75.0,100.0,AISynphys,Accessed on 2025-07-08 00:00:007,0.0,1
509,VISp,EXC,Nr5a1,L4,INH,Sst,L4,100.0,125.0,100.0,125.0,AISynphys,Accessed on 2025-07-08 00:00:007,0.0,1
510,VISp,EXC,Nr5a1,L4,INH,Sst,L4,125.0,150.0,0.0,25.0,AISynphys,Accessed on 2025-07-08 00:00:007,0.0,1
511,VISp,EXC,Nr5a1,L4,INH,Sst,L4,125.0,150.0,50.0,75.0,AISynphys,Accessed on 2025-07-08 00:00:007,0.0,1
512,VISp,EXC,Nr5a1,L4,INH,Sst,L4,150.0,175.0,100.0,125.0,AISynphys,Accessed on 2025-07-08 00:00:007,0.0,1
513,VISp,EXC,Nr5a1,L4,INH,Sst,L4,200.0,225.0,75.0,100.0,AISynphys,Accessed on 2025-07-08 00:00:007,0.0,1
514,VISp,EXC,Nr5a1,L4,INH,Sst,L5,0.0,25.0,50.0,75.0,AISynphys,Accessed on 2025-07-08 00:00:007,0.0,2
515,VISp,EXC,Nr5a1,L4,INH,Sst,L5,0.0,25.0,75.0,100.0,AISynphys,Accessed on 2025-07-08 00:00:007,0.2,5
516,VISp,EXC,Nr5a1,L4,INH,Sst,L5,0.0,25.0,100.0,125.0,AISynphys,Accessed on 2025-07-08 00:00:007,0.0,1
517,VISp,EXC,Nr5a1,L4,INH,Sst,L5,0.0,25.0,125.0,150.0,AISynphys,Accessed on 2025-07-08 00:00:007,0.0,2
518,VISp,EXC,Nr5a1,L4,INH,Sst,L5,0.0,25.0,150.0,175.0,AISynphys,Accessed on 2025-07-08 00:00:007,0.0,3
519,VISp,EXC,Nr5a1,L4,INH,Sst,L5,25.0,50.0,0.0,25.0,AISynphys,Accessed on 2025-07-08 00:00:007,0.0,1
520,VISp,EXC,Nr5a1,L4,INH,Sst,L5,25.0,50.0,25.0,50.0,AISynphys,Accessed on 2025-07-08 00:00:007,0.0,1
521,VISp,EXC,Nr5a1,L4,INH,Sst,L5,25.0,50.0,50.0,75.0,AISynphys,Accessed on 2025-07-08 00:00:007,0.0,2
522,VISp,EXC,Nr5a1,L4,INH,Sst,L5,25.0,50.0,75.0,100.0,AISynphys,Accessed on 2025-07-08 00:00:007,0.0,5
523,VISp,EXC,Nr5a1,L4,INH,Sst,L5,25.0,50.0,100.0,125.0,AISynphys,Accessed on 2025-07-08 00:00:007,0.0,5
524,VISp,EXC,Nr5a1,L4,INH,Sst,L5,25.0,50.0,125.0,150.0,AISynphys,Accessed on 2025-07-08 00:00:007,0.0,2
525,VISp,EXC,Nr5a1,L4,INH,Sst,L5,25.0,50.0,150.0,175.0,AISynphys,Accessed on 2025-07-08 00:00:007,0.0,2
526,VISp,EXC,Nr5a1,L4,INH,Sst,L5,25.0,50.0,175.0,200.0,AISynphys,Accessed on 2025-07-08 00:00:007,0.0,1
527,VISp,EXC,Nr5a1,L4,INH,Sst,L5,25.0,50.0,200.0,225.0,AISynphys,Accessed on 2025-07-08 00:00:007,0.0,1
528,VISp,EXC,Nr5a1,L4,INH,Sst,L5,25.0,50.0,225.0,250.0,AISynphys,Accessed on 2025-07-08 00:00:007,0.0,1
529,VISp,EXC,Nr5a1,L4,INH,Sst,L5,50.0,75.0,50.0,75.0,AISynphys,Accessed on 2025-07-08 00:00:007,0.0,2
530,VISp,EXC,Nr5a1,L4,INH,Sst,L5,50.0,75.0,75.0,100.0,AISynphys,Accessed on 2025-07-08 00:00:007,0.0,3
531,VISp,EXC,Nr5a1,L4,INH,Sst,L5,50.0,75.0,100.0,125.0,AISynphys,Accessed on 2025-07-08 00:00:007,0.0,3
532,VISp,EXC,Nr5a1,L4,INH,Sst,L5,50.0,75.0,150.0,175.0,AISynphys,Accessed on 2025-07-08 00:00:007,0.0,3
533,VISp,EXC,Nr5a1,L4,INH,Sst,L5,75.0,100.0,50.0,75.0,AISynphys,Accessed on 2025-07-08 00:00:007,0.0,1
534,VISp,EXC,Nr5a1,L4,INH,Sst,L5,75.0,100.0,75.0,100.0,AISynphys,Accessed on 2025-07-08 00:00:007,0.0,1
535,VISp,EXC,Nr5a1,L4,INH,Sst,L5,75.0,100.0,100.0,125.0,AISynphys,Accessed on 2025-07-08 00:00:007,0.0,3
536,VISp,EXC,Nr5a1,L4,INH,Sst,L5,75.0,100.0,150.0,175.0,AISynphys,Accessed on 2025-07-08 00:00:007,0.0,1
537,VISp,EXC,Nr5a1,L4,INH,Sst,L5,100.0,125.0,50.0,75.0,AISynphys,Accessed on 2025-07-08 00:00:007,0.0,1
538,VISp,EXC,Nr5a1,L4,INH,Sst,L5,100.0,125.0,100.0,125.0,AISynphys,Accessed on 2025-07-08 00:00:007,0.0,2
539,VISp,EXC,Nr5a1,L4,INH,Sst,L5,100.0,125.0,125.0,150.0,AISynphys,Accessed on 2025-07-08 00:00:007,0.0,2
540,VISp,EXC,Nr5a1,L4,INH,Sst,L5,100.0,125.0,175.0,200.0,AISynphys,Accessed on 2025-07-08 00:00:007,0.0,1
541,VISp,EXC,Nr5a1,L4,INH,Sst,L5,125.0,150.0,50.0,75.0,AISynphys,Accessed on 2025-07-08 00:00:007,0.0,1
542,VISp,EXC,Nr5a1,L4,INH,Sst,L5,125.0,150.0,150.0,175.0,AISynphys,Accessed on 2025-07-08 00:00:007,0.0,1
543,VISp,EXC,Nr5a1,L4,INH,Sst,L5,150.0,175.0,150.0,175.0,AISynphys,Accessed on 2025-07-08 00:00:007,0.0,1
544,VISp,EXC,Nr5a1,L4,INH,Sst,L5,200.0,225.0,125.0,150.0,AISynphys,Accessed on 2025-07-08 00:00:007,0.0,1
545,VISp,EXC,Nr5a1,L4,INH,Vip,L23,0.0,25.0,25.0,50.0,AISynphys,Accessed on 2025-07-08 00:00:007,0.0,3
546,VISp,EXC,Nr5a1,L4,INH,Vip,L23,0.0,25.0,50.0,75.0,AISynphys,Accessed on 2025-07-08 00:00:007,0.2,5
547,VISp,EXC,Nr5a1,L4,INH,Vip,L23,0.0,25.0,75.0,100.0,AISynphys,Accessed on 2025-07-08 00:00:007,0.0,2
548,VISp,EXC,Nr5a1,L4,INH,Vip,L23,0.0,25.0,100.0,125.0,AISynphys,Accessed on 2025-07-08 00:00:007,0.0,2
549,VISp,EXC,Nr5a1,L4,INH,Vip,L23,0.0,25.0,125.0,150.0,AISynphys,Accessed on 2025-07-08 00:00:007,0.0,5
550,VISp,EXC,Nr5a1,L4,INH,Vip,L23,0.0,25.0,150.0,175.0,AISynphys,Accessed on 2025-07-08 00:00:007,0.0,2
551,VISp,EXC,Nr5a1,L4,INH,Vip,L23,0.0,25.0,175.0,200.0,AISynphys,Accessed on 2025-07-08 00:00:007,0.0,1
552,VISp,EXC,Nr5a1,L4,INH,Vip,L23,25.0,50.0,50.0,75.0,AISynphys,Accessed on 2025-07-08 00:00:007,0.0,5
553,VISp,EXC,Nr5a1,L4,INH,Vip,L23,25.0,50.0,75.0,100.0,AISynphys,Accessed on 2025-07-08 00:00:007,0.0,3
554,VISp,EXC,Nr5a1,L4,INH,Vip,L23,25.0,50.0,100.0,125.0,AISynphys,Accessed on 2025-07-08 00:00:007,0.0,3
555,VISp,EXC,Nr5a1,L4,INH,Vip,L23,25.0,50.0,125.0,150.0,AISynphys,Accessed on 2025-07-08 00:00:007,0.0,4
556,VISp,EXC,Nr5a1,L4,INH,Vip,L23,25.0,50.0,150.0,175.0,AISynphys,Accessed on 2025-07-08 00:00:007,0.0,3
557,VISp,EXC,Nr5a1,L4,INH,Vip,L23,25.0,50.0,175.0,200.0,AISynphys,Accessed on 2025-07-08 00:00:007,0.0,1
558,VISp,EXC,Nr5a1,L4,INH,Vip,L23,50.0,75.0,25.0,50.0,AISynphys,Accessed on 2025-07-08 00:00:007,0.0,1
559,VISp,EXC,Nr5a1,L4,INH,Vip,L23,50.0,75.0,50.0,75.0,AISynphys,Accessed on 2025-07-08 00:00:007,0.0,1
560,VISp,EXC,Nr5a1,L4,INH,Vip,L23,50.0,75.0,75.0,100.0,AISynphys,Accessed on 2025-07-08 00:00:007,0.0,2
561,VISp,EXC,Nr5a1,L4,INH,Vip,L23,50.0,75.0,100.0,125.0,AISynphys,Accessed on 2025-07-08 00:00:007,0.0,2
562,VISp,EXC,Nr5a1,L4,INH,Vip,L23,50.0,75.0,125.0,150.0,AISynphys,Accessed on 2025-07-08 00:00:007,0.0,1
563,VISp,EXC,Nr5a1,L4,INH,Vip,L23,50.0,75.0,150.0,175.0,AISynphys,Accessed on 2025-07-08 00:00:007,0.0,1
564,VISp,EXC,Nr5a1,L4,INH,Vip,L23,75.0,100.0,50.0,75.0,AISynphys,Accessed on 2025-07-08 00:00:007,0.0,2
565,VISp,EXC,Nr5a1,L4,INH,Vip,L23,75.0,100.0,75.0,100.0,AISynphys,Accessed on 2025-07-08 00:00:007,0.0,2
566,VISp,EXC,Nr5a1,L4,INH,Vip,L23,75.0,100.0,100.0,125.0,AISynphys,Accessed on 2025-07-08 00:00:007,0.0,1
567,VISp,EXC,Nr5a1,L4,INH,Vip,L23,75.0,100.0,175.0,200.0,AISynphys,Accessed on 2025-07-08 00:00:007,0.0,1
568,VISp,EXC,Nr5a1,L4,INH,Vip,L23,100.0,125.0,50.0,75.0,AISynphys,Accessed on 2025-07-08 00:00:007,0.0,3
569,VISp,EXC,Nr5a1,L4,INH,Vip,L23,100.0,125.0,75.0,100.0,AISynphys,Accessed on 2025-07-08 00:00:007,0.0,1
570,VISp,EXC,Nr5a1,L4,INH,Vip,L23,125.0,150.0,100.0,125.0,AISynphys,Accessed on 2025-07-08 00:00:007,0.0,1
571,VISp,EXC,Nr5a1,L4,INH,Vip,L23,125.0,150.0,125.0,150.0,AISynphys,Accessed on 2025-07-08 00:00:007,0.0,1
572,VISp,EXC,Nr5a1,L4,INH,Vip,L23,150.0,175.0,200.0,225.0,AISynphys,Accessed on 2025-07-08 00:00:007,0.0,1
573,VISp,EXC,Nr5a1,L4,INH,Vip,L23,175.0,200.0,25.0,50.0,AISynphys,Accessed on 2025-07-08 00:00:007,0.0,1
574,VISp,EXC,Nr5a1,L4,INH,Vip,L4,0.0,25.0,0.0,25.0,AISynphys,Accessed on 2025-07-08 00:00:007,0.0,3
575,VISp,EXC,Nr5a1,L4,INH,Vip,L4,0.0,25.0,25.0,50.0,AISynphys,Accessed on 2025-07-08 00:00:007,0.0,1
576,VISp,EXC,Nr5a1,L4,INH,Vip,L4,0.0,25.0,50.0,75.0,AISynphys,Accessed on 2025-07-08 00:00:007,0.0,2
577,VISp,EXC,Nr5a1,L4,INH,Vip,L4,0.0,25.0,75.0,100.0,AISynphys,Accessed on 2025-07-08 00:00:007,0.0,1
578,VISp,EXC,Nr5a1,L4,INH,Vip,L4,0.0,25.0,100.0,125.0,AISynphys,Accessed on 2025-07-08 00:00:007,0.0,1
579,VISp,EXC,Nr5a1,L4,INH,Vip,L4,25.0,50.0,0.0,25.0,AISynphys,Accessed on 2025-07-08 00:00:007,0.0,1
580,VISp,EXC,Nr5a1,L4,INH,Vip,L4,25.0,50.0,25.0,50.0,AISynphys,Accessed on 2025-07-08 00:00:007,0.0,2
581,VISp,EXC,Nr5a1,L4,INH,Vip,L4,25.0,50.0,75.0,100.0,AISynphys,Accessed on 2025-07-08 00:00:007,0.0,1
582,VISp,EXC,Nr5a1,L4,INH,Vip,L4,50.0,75.0,25.0,50.0,AISynphys,Accessed on 2025-07-08 00:00:007,0.0,3
583,VISp,EXC,Nr5a1,L4,INH,Vip,L4,50.0,75.0,50.0,75.0,AISynphys,Accessed on 2025-07-08 00:00:007,0.0,2
584,VISp,EXC,Nr5a1,L4,INH,Vip,L4,75.0,100.0,25.0,50.0,AISynphys,Accessed on 2025-07-08 00:00:007,0.0,1
585,VISp,EXC,Nr5a1,L4,INH,Vip,L4,75.0,100.0,75.0,100.0,AISynphys,Accessed on 2025-07-08 00:00:007,0.0,1
586,VISp,EXC,Nr5a1,L4,INH,Vip,L4,100.0,125.0,0.0,25.0,AISynphys,Accessed on 2025-07-08 00:00:007,0.0,4
587,VISp,EXC,Nr5a1,L4,INH,Vip,L4,100.0,125.0,25.0,50.0,AISynphys,Accessed on 2025-07-08 00:00:007,0.0,2
588,VISp,EXC,Nr5a1,L4,INH,Vip,L4,100.0,125.0,50.0,75.0,AISynphys,Accessed on 2025-07-08 00:00:007,0.0,1
589,VISp,EXC,Nr5a1,L4,INH,Vip,L4,150.0,175.0,0.0,25.0,AISynphys,Accessed on 2025-07-08 00:00:007,0.0,1
590,VISp,EXC,Nr5a1,L4,INH,Vip,L5,0.0,25.0,25.0,50.0,AISynphys,Accessed on 2025-07-08 00:00:007,0.0,1
591,VISp,EXC,Nr5a1,L4,INH,Vip,L5,0.0,25.0,75.0,100.0,AISynphys,Accessed on 2025-07-08 00:00:007,0.0,2
592,VISp,EXC,Nr5a1,L4,INH,Vip,L5,0.0,25.0,100.0,125.0,AISynphys,Accessed on 2025-07-08 00:00:007,0.0,1
593,VISp,EXC,Nr5a1,L4,INH,Vip,L5,0.0,25.0,125.0,150.0,AISynphys,Accessed on 2025-07-08 00:00:007,0.0,1
594,VISp,EXC,Nr5a1,L4,INH,Vip,L5,0.0,25.0,150.0,175.0,AISynphys,Accessed on 2025-07-08 00:00:007,0.0,1
595,VISp,EXC,Nr5a1,L4,INH,Vip,L5,25.0,50.0,25.0,50.0,AISynphys,Accessed on 2025-07-08 00:00:007,1.0,1
596,VISp,EXC,Nr5a1,L4,INH,Vip,L5,25.0,50.0,50.0,75.0,AISynphys,Accessed on 2025-07-08 00:00:007,0.0,1
597,VISp,EXC,Nr5a1,L4,INH,Vip,L5,25.0,50.0,75.0,100.0,AISynphys,Accessed on 2025-07-08 00:00:007,0.0,2
598,VISp,EXC,Nr5a1,L4,INH,Vip,L5,25.0,50.0,100.0,125.0,AISynphys,Accessed on 2025-07-08 00:00:007,0.0,1
599,VISp,EXC,Nr5a1,L4,INH,Vip,L5,25.0,50.0,125.0,150.0,AISynphys,Accessed on 2025-07-08 00:00:007,0.0,1
600,VISp,EXC,Nr5a1,L4,INH,Vip,L5,25.0,50.0,175.0,200.0,AISynphys,Accessed on 2025-07-08 00:00:007,0.0,1
601,VISp,EXC,Nr5a1,L4,INH,Vip,L5,25.0,50.0,200.0,225.0,AISynphys,Accessed on 2025-07-08 00:00:007,0.0,1
602,VISp,EXC,Nr5a1,L4,INH,Vip,L5,50.0,75.0,25.0,50.0,AISynphys,Accessed on 2025-07-08 00:00:007,0.0,1
603,VISp,EXC,Nr5a1,L4,INH,Vip,L5,50.0,75.0,50.0,75.0,AISynphys,Accessed on 2025-07-08 00:00:007,0.0,2
604,VISp,EXC,Nr5a1,L4,INH,Vip,L5,50.0,75.0,75.0,100.0,AISynphys,Accessed on 2025-07-08 00:00:007,0.0,1
605,VISp,EXC,Nr5a1,L4,INH,Vip,L5,50.0,75.0,100.0,125.0,AISynphys,Accessed on 2025-07-08 00:00:007,0.0,1
606,VISp,EXC,Nr5a1,L4,INH,Vip,L5,75.0,100.0,0.0,25.0,AISynphys,Accessed on 2025-07-08 00:00:007,0.0,1
607,VISp,EXC,Nr5a1,L4,INH,Vip,L5,75.0,100.0,50.0,75.0,AISynphys,Accessed on 2025-07-08 00:00:007,0.0,1
608,VISp,EXC,Nr5a1,L4,INH,Vip,L5,75.0,100.0,75.0,100.0,AISynphys,Accessed on 2025-07-08 00:00:007,0.0,1
609,VISp,EXC,Nr5a1,L4,INH,Vip,L5,75.0,100.0,100.0,125.0,AISynphys,Accessed on 2025-07-08 00:00:007,0.0,1
610,VISp,EXC,Nr5a1,L4,INH,Vip,L5,75.0,100.0,125.0,150.0,AISynphys,Accessed on 2025-07-08 00:00:007,0.0,2
611,VISp,EXC,Nr5a1,L4,INH,Vip,L5,100.0,125.0,25.0,50.0,AISynphys,Accessed on 2025-07-08 00:00:007,1.0,1
612,VISp,EXC,Nr5a1,L4,INH,Vip,L5,100.0,125.0,75.0,100.0,AISynphys,Accessed on 2025-07-08 00:00:007,0.0,1
613,VISp,EXC,Nr5a1,L4,INH,Vip,L5,100.0,125.0,100.0,125.0,AISynphys,Accessed on 2025-07-08 00:00:007,0.0,1
614,VISp,EXC,Nr5a1,L4,INH,Vip,L5,125.0,150.0,200.0,225.0,AISynphys,Accessed on 2025-07-08 00:00:007,0.0,1
615,VISp,EXC,Nr5a1,L5,EXC,Nr5a1,L23,0.0,25.0,150.0,175.0,AISynphys,Accessed on 2025-07-08 00:00:007,0.0,1
616,VISp,EXC,Nr5a1,L5,EXC,Nr5a1,L4,0.0,25.0,25.0,50.0,AISynphys,Accessed on 2025-07-08 00:00:007,0.0,3
617,VISp,EXC,Nr5a1,L5,EXC,Nr5a1,L4,0.0,25.0,100.0,125.0,AISynphys,Accessed on 2025-07-08 00:00:007,0.0,1
618,VISp,EXC,Nr5a1,L5,EXC,Nr5a1,L4,25.0,50.0,0.0,25.0,AISynphys,Accessed on 2025-07-08 00:00:007,0.0,1
619,VISp,EXC,Nr5a1,L5,EXC,Nr5a1,L4,25.0,50.0,25.0,50.0,AISynphys,Accessed on 2025-07-08 00:00:007,0.0,4
620,VISp,EXC,Nr5a1,L5,EXC,Nr5a1,L4,25.0,50.0,50.0,75.0,AISynphys,Accessed on 2025-07-08 00:00:007,0.0,1
621,VISp,EXC,Nr5a1,L5,EXC,Nr5a1,L4,25.0,50.0,75.0,100.0,AISynphys,Accessed on 2025-07-08 00:00:007,0.0,1
622,VISp,EXC,Nr5a1,L5,EXC,Nr5a1,L4,25.0,50.0,100.0,125.0,AISynphys,Accessed on 2025-07-08 00:00:007,0.0,1
623,VISp,EXC,Nr5a1,L5,EXC,Nr5a1,L4,50.0,75.0,25.0,50.0,AISynphys,Accessed on 2025-07-08 00:00:007,0.0,1
624,VISp,EXC,Nr5a1,L5,EXC,Nr5a1,L4,75.0,100.0,25.0,50.0,AISynphys,Accessed on 2025-07-08 00:00:007,0.0,2
625,VISp,EXC,Nr5a1,L5,EXC,Nr5a1,L4,100.0,125.0,50.0,75.0,AISynphys,Accessed on 2025-07-08 00:00:007,0.0,1
626,VISp,EXC,Nr5a1,L5,EXC,Nr5a1,L4,125.0,150.0,75.0,100.0,AISynphys,Accessed on 2025-07-08 00:00:007,0.0,1
627,VISp,EXC,Nr5a1,L5,EXC,Nr5a1,L4,150.0,175.0,25.0,50.0,AISynphys,Accessed on 2025-07-08 00:00:007,0.0,1
628,VISp,EXC,Nr5a1,L5,EXC,Nr5a1,L4,275.0,300.0,25.0,50.0,AISynphys,Accessed on 2025-07-08 00:00:007,0.0,1
629,VISp,EXC,Nr5a1,L5,EXC,Nr5a1,L4,300.0,325.0,25.0,50.0,AISynphys,Accessed on 2025-07-08 00:00:007,0.0,1
630,VISp,EXC,Nr5a1,L5,EXC,Nr5a1,L5,0.0,25.0,0.0,25.0,AISynphys,Accessed on 2025-07-08 00:00:007,0.0,2
631,VISp,EXC,Nr5a1,L5,EXC,Nr5a1,L5,0.0,25.0,25.0,50.0,AISynphys,Accessed on 2025-07-08 00:00:007,0.0,2
632,VISp,EXC,Nr5a1,L5,EXC,Nr5a1,L5,25.0,50.0,0.0,25.0,AISynphys,Accessed on 2025-07-08 00:00:007,1.0,2
633,VISp,EXC,Nr5a1,L5,INH,Pvalb,L5,50.0,75.0,25.0,50.0,AISynphys,Accessed on 2025-07-08 00:00:007,0.0,1
634,VISp,EXC,Nr5a1,L5,INH,Pvalb,L5,50.0,75.0,75.0,100.0,AISynphys,Accessed on 2025-07-08 00:00:007,0.0,1
635,VISp,EXC,Nr5a1,L5,INH,Sst,L4,75.0,100.0,25.0,50.0,AISynphys,Accessed on 2025-07-08 00:00:007,0.0,1
636,VISp,EXC,Nr5a1,L5,INH,Sst,L4,100.0,125.0,75.0,100.0,AISynphys,Accessed on 2025-07-08 00:00:007,0.0,1
637,VISp,EXC,Nr5a1,L5,INH,Sst,L4,100.0,125.0,100.0,125.0,AISynphys,Accessed on 2025-07-08 00:00:007,0.0,1
638,VISp,EXC,Nr5a1,L5,INH,Sst,L5,25.0,50.0,0.0,25.0,AISynphys,Accessed on 2025-07-08 00:00:007,0.0,1
639,VISp,EXC,Nr5a1,L5,INH,Sst,L5,50.0,75.0,25.0,50.0,AISynphys,Accessed on 2025-07-08 00:00:007,0.0,1
640,VISp,EXC,Nr5a1,L5,INH,Sst,L5,100.0,125.0,25.0,50.0,AISynphys,Accessed on 2025-07-08 00:00:007,0.0,2
641,VISp,EXC,Nr5a1,L5,INH,Sst,L5,100.0,125.0,50.0,75.0,AISynphys,Accessed on 2025-07-08 00:00:007,0.0,1
642,VISp,EXC,Nr5a1,L5,INH,Sst,L5,100.0,125.0,75.0,100.0,AISynphys,Accessed on 2025-07-08 00:00:007,0.0,1
643,VISp,EXC,Nr5a1,L5,INH,Sst,L5,125.0,150.0,0.0,25.0,AISynphys,Accessed on 2025-07-08 00:00:007,0.0,1
644,VISp,EXC,Nr5a1,L5,INH,Sst,L5,175.0,200.0,25.0,50.0,AISynphys,Accessed on 2025-07-08 00:00:007,0.0,1
645,VISp,EXC,Nr5a1,L5,INH,Vip,L4,0.0,25.0,25.0,50.0,AISynphys,Accessed on 2025-07-08 00:00:007,0.0,2
646,VISp,EXC,Nr5a1,L5,INH,Vip,L5,25.0,50.0,0.0,25.0,AISynphys,Accessed on 2025-07-08 00:00:007,0.0,3
647,VISp,EXC,Nr5a1,L5,INH,Vip,L5,100.0,125.0,0.0,25.0,AISynphys,Accessed on 2025-07-08 00:00:007,0.0,1
648,VISp,EXC,Ntsr1,L5,EXC,Ntsr1,L5,75.0,100.0,0.0,25.0,AISynphys,Accessed on 2025-07-08 00:00:007,0.0,2
649,VISp,EXC,Ntsr1,L5,EXC,Ntsr1,L6a,0.0,25.0,0.0,25.0,AISynphys,Accessed on 2025-07-08 00:00:007,0.0,2
650,VISp,EXC,Ntsr1,L5,EXC,Ntsr1,L6a,0.0,25.0,25.0,50.0,AISynphys,Accessed on 2025-07-08 00:00:007,0.0,1
651,VISp,EXC,Ntsr1,L5,EXC,Ntsr1,L6a,0.0,25.0,50.0,75.0,AISynphys,Accessed on 2025-07-08 00:00:007,0.0,1
652,VISp,EXC,Ntsr1,L5,EXC,Ntsr1,L6a,0.0,25.0,75.0,100.0,AISynphys,Accessed on 2025-07-08 00:00:007,0.0,1
653,VISp,EXC,Ntsr1,L5,EXC,Ntsr1,L6a,25.0,50.0,25.0,50.0,AISynphys,Accessed on 2025-07-08 00:00:007,0.0,1
654,VISp,EXC,Ntsr1,L5,EXC,Ntsr1,L6a,25.0,50.0,75.0,100.0,AISynphys,Accessed on 2025-07-08 00:00:007,0.0,2
655,VISp,EXC,Ntsr1,L5,EXC,Ntsr1,L6a,25.0,50.0,125.0,150.0,AISynphys,Accessed on 2025-07-08 00:00:007,0.0,1
656,VISp,EXC,Ntsr1,L5,EXC,Ntsr1,L6a,50.0,75.0,25.0,50.0,AISynphys,Accessed on 2025-07-08 00:00:007,0.0,2
657,VISp,EXC,Ntsr1,L5,EXC,Ntsr1,L6a,50.0,75.0,50.0,75.0,AISynphys,Accessed on 2025-07-08 00:00:007,0.0,1
658,VISp,EXC,Ntsr1,L5,EXC,Ntsr1,L6a,50.0,75.0,125.0,150.0,AISynphys,Accessed on 2025-07-08 00:00:007,0.0,1
659,VISp,EXC,Ntsr1,L5,EXC,Ntsr1,L6a,75.0,100.0,25.0,50.0,AISynphys,Accessed on 2025-07-08 00:00:007,0.0,1
660,VISp,EXC,Ntsr1,L5,EXC,Ntsr1,L6a,100.0,125.0,0.0,25.0,AISynphys,Accessed on 2025-07-08 00:00:007,0.0,1
661,VISp,EXC,Ntsr1,L5,INH,Pvalb,L5,0.0,25.0,25.0,50.0,AISynphys,Accessed on 2025-07-08 00:00:007,0.0,1
662,VISp,EXC,Ntsr1,L5,INH,Pvalb,L5,75.0,100.0,0.0,25.0,AISynphys,Accessed on 2025-07-08 00:00:007,0.0,1
663,VISp,EXC,Ntsr1,L5,INH,Pvalb,L5,75.0,100.0,25.0,50.0,AISynphys,Accessed on 2025-07-08 00:00:007,0.0,1
664,VISp,EXC,Ntsr1,L5,INH,Pvalb,L5,150.0,175.0,50.0,75.0,AISynphys,Accessed on 2025-07-08 00:00:007,0.0,1
665,VISp,EXC,Ntsr1,L5,INH,Pvalb,L6a,150.0,175.0,0.0,25.0,AISynphys,Accessed on 2025-07-08 00:00:007,0.0,1
666,VISp,EXC,Ntsr1,L5,INH,Sst,L4,525.0,550.0,150.0,175.0,AISynphys,Accessed on 2025-07-08 00:00:007,0.0,1
667,VISp,EXC,Ntsr1,L5,INH,Sst,L5,450.0,475.0,0.0,25.0,AISynphys,Accessed on 2025-07-08 00:00:007,0.0,1
668,VISp,EXC,Ntsr1,L5,INH,Sst,L6a,225.0,250.0,25.0,50.0,AISynphys,Accessed on 2025-07-08 00:00:007,0.0,1
669,VISp,EXC,Ntsr1,L5,INH,Vip,L5,125.0,150.0,0.0,25.0,AISynphys,Accessed on 2025-07-08 00:00:007,0.0,1
670,VISp,EXC,Ntsr1,L5,INH,Vip,L6a,25.0,50.0,100.0,125.0,AISynphys,Accessed on 2025-07-08 00:00:007,0.0,1
671,VISp,EXC,Ntsr1,L5,INH,Vip,L6a,50.0,75.0,0.0,25.0,AISynphys,Accessed on 2025-07-08 00:00:007,0.0,1
672,VISp,EXC,Ntsr1,L5,INH,Vip,L6a,75.0,100.0,50.0,75.0,AISynphys,Accessed on 2025-07-08 00:00:007,0.0,1
673,VISp,EXC,Ntsr1,L5,INH,Vip,L6a,150.0,175.0,75.0,100.0,AISynphys,Accessed on 2025-07-08 00:00:007,0.0,1
674,VISp,EXC,Ntsr1,L6a,EXC,Ntsr1,L5,0.0,25.0,0.0,25.0,AISynphys,Accessed on 2025-07-08 00:00:007,0.0,2
675,VISp,EXC,Ntsr1,L6a,EXC,Ntsr1,L5,0.0,25.0,25.0,50.0,AISynphys,Accessed on 2025-07-08 00:00:007,0.0,1
676,VISp,EXC,Ntsr1,L6a,EXC,Ntsr1,L5,0.0,25.0,50.0,75.0,AISynphys,Accessed on 2025-07-08 00:00:007,0.0,1
677,VISp,EXC,Ntsr1,L6a,EXC,Ntsr1,L5,0.0,25.0,75.0,100.0,AISynphys,Accessed on 2025-07-08 00:00:007,0.0,1
678,VISp,EXC,Ntsr1,L6a,EXC,Ntsr1,L5,25.0,50.0,25.0,50.0,AISynphys,Accessed on 2025-07-08 00:00:007,0.0,1
679,VISp,EXC,Ntsr1,L6a,EXC,Ntsr1,L5,25.0,50.0,75.0,100.0,AISynphys,Accessed on 2025-07-08 00:00:007,0.0,2
680,VISp,EXC,Ntsr1,L6a,EXC,Ntsr1,L5,25.0,50.0,125.0,150.0,AISynphys,Accessed on 2025-07-08 00:00:007,0.0,1
681,VISp,EXC,Ntsr1,L6a,EXC,Ntsr1,L5,50.0,75.0,25.0,50.0,AISynphys,Accessed on 2025-07-08 00:00:007,0.0,2
682,VISp,EXC,Ntsr1,L6a,EXC,Ntsr1,L5,50.0,75.0,50.0,75.0,AISynphys,Accessed on 2025-07-08 00:00:007,0.0,1
683,VISp,EXC,Ntsr1,L6a,EXC,Ntsr1,L5,50.0,75.0,125.0,150.0,AISynphys,Accessed on 2025-07-08 00:00:007,0.0,1
684,VISp,EXC,Ntsr1,L6a,EXC,Ntsr1,L5,75.0,100.0,25.0,50.0,AISynphys,Accessed on 2025-07-08 00:00:007,0.0,1
685,VISp,EXC,Ntsr1,L6a,EXC,Ntsr1,L5,100.0,125.0,0.0,25.0,AISynphys,Accessed on 2025-07-08 00:00:007,0.0,1
686,VISp,EXC,Ntsr1,L6a,EXC,Ntsr1,L6a,0.0,25.0,0.0,25.0,AISynphys,Accessed on 2025-07-08 00:00:007,0.0,94
687,VISp,EXC,Ntsr1,L6a,EXC,Ntsr1,L6a,0.0,25.0,25.0,50.0,AISynphys,Accessed on 2025-07-08 00:00:007,0.0,78
688,VISp,EXC,Ntsr1,L6a,EXC,Ntsr1,L6a,0.0,25.0,50.0,75.0,AISynphys,Accessed on 2025-07-08 00:00:007,0.0,58
689,VISp,EXC,Ntsr1,L6a,EXC,Ntsr1,L6a,0.0,25.0,75.0,100.0,AISynphys,Accessed on 2025-07-08 00:00:007,0.0,36
690,VISp,EXC,Ntsr1,L6a,EXC,Ntsr1,L6a,0.0,25.0,100.0,125.0,AISynphys,Accessed on 2025-07-08 00:00:007,0.0,6
691,VISp,EXC,Ntsr1,L6a,EXC,Ntsr1,L6a,0.0,25.0,125.0,150.0,AISynphys,Accessed on 2025-07-08 00:00:007,0.0,6
692,VISp,EXC,Ntsr1,L6a,EXC,Ntsr1,L6a,0.0,25.0,175.0,200.0,AISynphys,Accessed on 2025-07-08 00:00:007,0.0,2
693,VISp,EXC,Ntsr1,L6a,EXC,Ntsr1,L6a,25.0,50.0,0.0,25.0,AISynphys,Accessed on 2025-07-08 00:00:007,0.0,92
694,VISp,EXC,Ntsr1,L6a,EXC,Ntsr1,L6a,25.0,50.0,25.0,50.0,AISynphys,Accessed on 2025-07-08 00:00:007,0.0,64
695,VISp,EXC,Ntsr1,L6a,EXC,Ntsr1,L6a,25.0,50.0,50.0,75.0,AISynphys,Accessed on 2025-07-08 00:00:007,0.0,20
696,VISp,EXC,Ntsr1,L6a,EXC,Ntsr1,L6a,25.0,50.0,75.0,100.0,AISynphys,Accessed on 2025-07-08 00:00:007,0.0,22
697,VISp,EXC,Ntsr1,L6a,EXC,Ntsr1,L6a,25.0,50.0,125.0,150.0,AISynphys,Accessed on 2025-07-08 00:00:007,0.0,8
698,VISp,EXC,Ntsr1,L6a,EXC,Ntsr1,L6a,25.0,50.0,150.0,175.0,AISynphys,Accessed on 2025-07-08 00:00:007,0.0,2
699,VISp,EXC,Ntsr1,L6a,EXC,Ntsr1,L6a,50.0,75.0,0.0,25.0,AISynphys,Accessed on 2025-07-08 00:00:007,0.0,82
700,VISp,EXC,Ntsr1,L6a,EXC,Ntsr1,L6a,50.0,75.0,25.0,50.0,AISynphys,Accessed on 2025-07-08 00:00:007,0.025,40
701,VISp,EXC,Ntsr1,L6a,EXC,Ntsr1,L6a,50.0,75.0,50.0,75.0,AISynphys,Accessed on 2025-07-08 00:00:007,0.0,36
702,VISp,EXC,Ntsr1,L6a,EXC,Ntsr1,L6a,50.0,75.0,75.0,100.0,AISynphys,Accessed on 2025-07-08 00:00:007,0.0,20
703,VISp,EXC,Ntsr1,L6a,EXC,Ntsr1,L6a,50.0,75.0,100.0,125.0,AISynphys,Accessed on 2025-07-08 00:00:007,0.0,14
704,VISp,EXC,Ntsr1,L6a,EXC,Ntsr1,L6a,50.0,75.0,125.0,150.0,AISynphys,Accessed on 2025-07-08 00:00:007,0.0,4
705,VISp,EXC,Ntsr1,L6a,EXC,Ntsr1,L6a,75.0,100.0,0.0,25.0,AISynphys,Accessed on 2025-07-08 00:00:007,0.0,74
706,VISp,EXC,Ntsr1,L6a,EXC,Ntsr1,L6a,75.0,100.0,25.0,50.0,AISynphys,Accessed on 2025-07-08 00:00:007,0.0,46
707,VISp,EXC,Ntsr1,L6a,EXC,Ntsr1,L6a,75.0,100.0,50.0,75.0,AISynphys,Accessed on 2025-07-08 00:00:007,0.0,20
708,VISp,EXC,Ntsr1,L6a,EXC,Ntsr1,L6a,75.0,100.0,75.0,100.0,AISynphys,Accessed on 2025-07-08 00:00:007,0.0,12
709,VISp,EXC,Ntsr1,L6a,EXC,Ntsr1,L6a,75.0,100.0,100.0,125.0,AISynphys,Accessed on 2025-07-08 00:00:007,0.0,4
710,VISp,EXC,Ntsr1,L6a,EXC,Ntsr1,L6a,75.0,100.0,125.0,150.0,AISynphys,Accessed on 2025-07-08 00:00:007,0.0,2
711,VISp,EXC,Ntsr1,L6a,EXC,Ntsr1,L6a,100.0,125.0,0.0,25.0,AISynphys,Accessed on 2025-07-08 00:00:007,0.0,18
712,VISp,EXC,Ntsr1,L6a,EXC,Ntsr1,L6a,100.0,125.0,25.0,50.0,AISynphys,Accessed on 2025-07-08 00:00:007,0.0,24
713,VISp,EXC,Ntsr1,L6a,EXC,Ntsr1,L6a,100.0,125.0,50.0,75.0,AISynphys,Accessed on 2025-07-08 00:00:007,0.05555555555555555,18
714,VISp,EXC,Ntsr1,L6a,EXC,Ntsr1,L6a,100.0,125.0,75.0,100.0,AISynphys,Accessed on 2025-07-08 00:00:007,0.0,8
715,VISp,EXC,Ntsr1,L6a,EXC,Ntsr1,L6a,100.0,125.0,100.0,125.0,AISynphys,Accessed on 2025-07-08 00:00:007,0.0,2
716,VISp,EXC,Ntsr1,L6a,EXC,Ntsr1,L6a,100.0,125.0,150.0,175.0,AISynphys,Accessed on 2025-07-08 00:00:007,0.0,2
717,VISp,EXC,Ntsr1,L6a,EXC,Ntsr1,L6a,125.0,150.0,0.0,25.0,AISynphys,Accessed on 2025-07-08 00:00:007,0.0,18
718,VISp,EXC,Ntsr1,L6a,EXC,Ntsr1,L6a,125.0,150.0,25.0,50.0,AISynphys,Accessed on 2025-07-08 00:00:007,0.0,20
719,VISp,EXC,Ntsr1,L6a,EXC,Ntsr1,L6a,125.0,150.0,50.0,75.0,AISynphys,Accessed on 2025-07-08 00:00:007,0.0,4
720,VISp,EXC,Ntsr1,L6a,EXC,Ntsr1,L6a,125.0,150.0,75.0,100.0,AISynphys,Accessed on 2025-07-08 00:00:007,0.0,2
721,VISp,EXC,Ntsr1,L6a,EXC,Ntsr1,L6a,125.0,150.0,100.0,125.0,AISynphys,Accessed on 2025-07-08 00:00:007,0.0,2
722,VISp,EXC,Ntsr1,L6a,EXC,Ntsr1,L6a,150.0,175.0,0.0,25.0,AISynphys,Accessed on 2025-07-08 00:00:007,0.0,8
723,VISp,EXC,Ntsr1,L6a,EXC,Ntsr1,L6a,150.0,175.0,25.0,50.0,AISynphys,Accessed on 2025-07-08 00:00:007,0.0,8
724,VISp,EXC,Ntsr1,L6a,EXC,Ntsr1,L6a,150.0,175.0,100.0,125.0,AISynphys,Accessed on 2025-07-08 00:00:007,0.0,2
725,VISp,EXC,Ntsr1,L6a,EXC,Ntsr1,L6a,175.0,200.0,0.0,25.0,AISynphys,Accessed on 2025-07-08 00:00:007,0.0,4
726,VISp,EXC,Ntsr1,L6a,EXC,Ntsr1,L6a,175.0,200.0,25.0,50.0,AISynphys,Accessed on 2025-07-08 00:00:007,0.0,2
727,VISp,EXC,Ntsr1,L6a,EXC,Ntsr1,L6a,200.0,225.0,0.0,25.0,AISynphys,Accessed on 2025-07-08 00:00:007,0.0,6
728,VISp,EXC,Ntsr1,L6a,EXC,Ntsr1,L6a,200.0,225.0,25.0,50.0,AISynphys,Accessed on 2025-07-08 00:00:007,0.0,4
729,VISp,EXC,Ntsr1,L6a,EXC,Ntsr1,L6a,200.0,225.0,50.0,75.0,AISynphys,Accessed on 2025-07-08 00:00:007,0.0,4
730,VISp,EXC,Ntsr1,L6a,EXC,Ntsr1,L6a,200.0,225.0,75.0,100.0,AISynphys,Accessed on 2025-07-08 00:00:007,0.0,4
731,VISp,EXC,Ntsr1,L6a,EXC,Ntsr1,L6a,275.0,300.0,0.0,25.0,AISynphys,Accessed on 2025-07-08 00:00:007,0.0,2
732,VISp,EXC,Ntsr1,L6a,EXC,Ntsr1,L6a,275.0,300.0,25.0,50.0,AISynphys,Accessed on 2025-07-08 00:00:007,0.0,2
733,VISp,EXC,Ntsr1,L6a,EXC,Ntsr1,L6b,0.0,25.0,25.0,50.0,AISynphys,Accessed on 2025-07-08 00:00:007,0.0,4
734,VISp,EXC,Ntsr1,L6a,EXC,Ntsr1,L6b,0.0,25.0,50.0,75.0,AISynphys,Accessed on 2025-07-08 00:00:007,0.0,3
735,VISp,EXC,Ntsr1,L6a,EXC,Ntsr1,L6b,0.0,25.0,75.0,100.0,AISynphys,Accessed on 2025-07-08 00:00:007,0.0,1
736,VISp,EXC,Ntsr1,L6a,EXC,Ntsr1,L6b,25.0,50.0,0.0,25.0,AISynphys,Accessed on 2025-07-08 00:00:007,0.0,3
737,VISp,EXC,Ntsr1,L6a,EXC,Ntsr1,L6b,25.0,50.0,25.0,50.0,AISynphys,Accessed on 2025-07-08 00:00:007,0.0,1
738,VISp,EXC,Ntsr1,L6a,EXC,Ntsr1,L6b,25.0,50.0,50.0,75.0,AISynphys,Accessed on 2025-07-08 00:00:007,0.0,1
739,VISp,EXC,Ntsr1,L6a,EXC,Ntsr1,L6b,25.0,50.0,75.0,100.0,AISynphys,Accessed on 2025-07-08 00:00:007,0.0,1
740,VISp,EXC,Ntsr1,L6a,EXC,Ntsr1,L6b,25.0,50.0,100.0,125.0,AISynphys,Accessed on 2025-07-08 00:00:007,0.0,1
741,VISp,EXC,Ntsr1,L6a,EXC,Ntsr1,L6b,50.0,75.0,0.0,25.0,AISynphys,Accessed on 2025-07-08 00:00:007,0.0,2
742,VISp,EXC,Ntsr1,L6a,EXC,Ntsr1,L6b,50.0,75.0,25.0,50.0,AISynphys,Accessed on 2025-07-08 00:00:007,0.0,2
743,VISp,EXC,Ntsr1,L6a,EXC,Ntsr1,L6b,50.0,75.0,50.0,75.0,AISynphys,Accessed on 2025-07-08 00:00:007,0.0,5
744,VISp,EXC,Ntsr1,L6a,EXC,Ntsr1,L6b,50.0,75.0,100.0,125.0,AISynphys,Accessed on 2025-07-08 00:00:007,0.0,1
745,VISp,EXC,Ntsr1,L6a,EXC,Ntsr1,L6b,75.0,100.0,25.0,50.0,AISynphys,Accessed on 2025-07-08 00:00:007,0.0,5
746,VISp,EXC,Ntsr1,L6a,EXC,Ntsr1,L6b,75.0,100.0,50.0,75.0,AISynphys,Accessed on 2025-07-08 00:00:007,0.0,2
747,VISp,EXC,Ntsr1,L6a,EXC,Ntsr1,L6b,100.0,125.0,25.0,50.0,AISynphys,Accessed on 2025-07-08 00:00:007,0.0,2
748,VISp,EXC,Ntsr1,L6a,EXC,Ntsr1,L6b,100.0,125.0,50.0,75.0,AISynphys,Accessed on 2025-07-08 00:00:007,0.0,2
749,VISp,EXC,Ntsr1,L6a,EXC,Ntsr1,L6b,100.0,125.0,75.0,100.0,AISynphys,Accessed on 2025-07-08 00:00:007,0.0,2
750,VISp,EXC,Ntsr1,L6a,EXC,Ntsr1,L6b,125.0,150.0,25.0,50.0,AISynphys,Accessed on 2025-07-08 00:00:007,0.0,4
751,VISp,EXC,Ntsr1,L6a,EXC,Ntsr1,L6b,125.0,150.0,50.0,75.0,AISynphys,Accessed on 2025-07-08 00:00:007,0.0,1
752,VISp,EXC,Ntsr1,L6a,EXC,Ntsr1,L6b,150.0,175.0,75.0,100.0,AISynphys,Accessed on 2025-07-08 00:00:007,0.0,1
753,VISp,EXC,Ntsr1,L6a,EXC,Ntsr1,L6b,250.0,275.0,75.0,100.0,AISynphys,Accessed on 2025-07-08 00:00:007,0.0,1
754,VISp,EXC,Ntsr1,L6a,EXC,Ntsr1,L6b,275.0,300.0,0.0,25.0,AISynphys,Accessed on 2025-07-08 00:00:007,0.0,1
755,VISp,EXC,Ntsr1,L6a,INH,Pvalb,L23,0.0,25.0,550.0,575.0,AISynphys,Accessed on 2025-07-08 00:00:007,0.0,1
756,VISp,EXC,Ntsr1,L6a,INH,Pvalb,L23,0.0,25.0,600.0,625.0,AISynphys,Accessed on 2025-07-08 00:00:007,0.0,1
757,VISp,EXC,Ntsr1,L6a,INH,Pvalb,L23,25.0,50.0,475.0,500.0,AISynphys,Accessed on 2025-07-08 00:00:007,0.0,1
758,VISp,EXC,Ntsr1,L6a,INH,Pvalb,L23,25.0,50.0,700.0,725.0,AISynphys,Accessed on 2025-07-08 00:00:007,0.0,1
759,VISp,EXC,Ntsr1,L6a,INH,Pvalb,L23,25.0,50.0,725.0,750.0,AISynphys,Accessed on 2025-07-08 00:00:007,0.0,1
760,VISp,EXC,Ntsr1,L6a,INH,Pvalb,L23,50.0,75.0,625.0,650.0,AISynphys,Accessed on 2025-07-08 00:00:007,0.0,1
761,VISp,EXC,Ntsr1,L6a,INH,Pvalb,L23,75.0,100.0,575.0,600.0,AISynphys,Accessed on 2025-07-08 00:00:007,0.0,1
762,VISp,EXC,Ntsr1,L6a,INH,Pvalb,L23,100.0,125.0,525.0,550.0,AISynphys,Accessed on 2025-07-08 00:00:007,0.0,1
763,VISp,EXC,Ntsr1,L6a,INH,Pvalb,L23,100.0,125.0,600.0,625.0,AISynphys,Accessed on 2025-07-08 00:00:007,0.0,1
764,VISp,EXC,Ntsr1,L6a,INH,Pvalb,L23,100.0,125.0,650.0,675.0,AISynphys,Accessed on 2025-07-08 00:00:007,0.0,2
765,VISp,EXC,Ntsr1,L6a,INH,Pvalb,L23,150.0,175.0,550.0,575.0,AISynphys,Accessed on 2025-07-08 00:00:007,0.0,1
766,VISp,EXC,Ntsr1,L6a,INH,Pvalb,L23,150.0,175.0,600.0,625.0,AISynphys,Accessed on 2025-07-08 00:00:007,0.0,1
767,VISp,EXC,Ntsr1,L6a,INH,Pvalb,L23,175.0,200.0,475.0,500.0,AISynphys,Accessed on 2025-07-08 00:00:007,0.0,1
768,VISp,EXC,Ntsr1,L6a,INH,Pvalb,L4,0.0,25.0,300.0,325.0,AISynphys,Accessed on 2025-07-08 00:00:007,0.0,1
769,VISp,EXC,Ntsr1,L6a,INH,Pvalb,L4,25.0,50.0,225.0,250.0,AISynphys,Accessed on 2025-07-08 00:00:007,0.0,1
770,VISp,EXC,Ntsr1,L6a,INH,Pvalb,L4,25.0,50.0,275.0,300.0,AISynphys,Accessed on 2025-07-08 00:00:007,0.0,1
771,VISp,EXC,Ntsr1,L6a,INH,Pvalb,L4,25.0,50.0,300.0,325.0,AISynphys,Accessed on 2025-07-08 00:00:007,0.0,1
772,VISp,EXC,Ntsr1,L6a,INH,Pvalb,L4,50.0,75.0,225.0,250.0,AISynphys,Accessed on 2025-07-08 00:00:007,0.0,1
773,VISp,EXC,Ntsr1,L6a,INH,Pvalb,L4,75.0,100.0,275.0,300.0,AISynphys,Accessed on 2025-07-08 00:00:007,0.0,1
774,VISp,EXC,Ntsr1,L6a,INH,Pvalb,L4,100.0,125.0,300.0,325.0,AISynphys,Accessed on 2025-07-08 00:00:007,0.0,1
775,VISp,EXC,Ntsr1,L6a,INH,Pvalb,L4,100.0,125.0,325.0,350.0,AISynphys,Accessed on 2025-07-08 00:00:007,0.0,2
776,VISp,EXC,Ntsr1,L6a,INH,Pvalb,L5,0.0,25.0,50.0,75.0,AISynphys,Accessed on 2025-07-08 00:00:007,0.0,1
777,VISp,EXC,Ntsr1,L6a,INH,Pvalb,L5,0.0,25.0,75.0,100.0,AISynphys,Accessed on 2025-07-08 00:00:007,0.0,1
778,VISp,EXC,Ntsr1,L6a,INH,Pvalb,L5,0.0,25.0,100.0,125.0,AISynphys,Accessed on 2025-07-08 00:00:007,0.0,2
779,VISp,EXC,Ntsr1,L6a,INH,Pvalb,L5,25.0,50.0,0.0,25.0,AISynphys,Accessed on 2025-07-08 00:00:007,0.0,1
780,VISp,EXC,Ntsr1,L6a,INH,Pvalb,L5,25.0,50.0,25.0,50.0,AISynphys,Accessed on 2025-07-08 00:00:007,0.0,1
781,VISp,EXC,Ntsr1,L6a,INH,Pvalb,L5,25.0,50.0,250.0,275.0,AISynphys,Accessed on 2025-07-08 00:00:007,0.0,2
782,VISp,EXC,Ntsr1,L6a,INH,Pvalb,L5,50.0,75.0,75.0,100.0,AISynphys,Accessed on 2025-07-08 00:00:007,0.0,2
783,VISp,EXC,Ntsr1,L6a,INH,Pvalb,L5,50.0,75.0,150.0,175.0,AISynphys,Accessed on 2025-07-08 00:00:007,0.0,1
784,VISp,EXC,Ntsr1,L6a,INH,Pvalb,L5,75.0,100.0,25.0,50.0,AISynphys,Accessed on 2025-07-08 00:00:007,0.0,2
785,VISp,EXC,Ntsr1,L6a,INH,Pvalb,L5,75.0,100.0,50.0,75.0,AISynphys,Accessed on 2025-07-08 00:00:007,0.0,1
786,VISp,EXC,Ntsr1,L6a,INH,Pvalb,L5,75.0,100.0,75.0,100.0,AISynphys,Accessed on 2025-07-08 00:00:007,0.0,1
787,VISp,EXC,Ntsr1,L6a,INH,Pvalb,L5,75.0,100.0,100.0,125.0,AISynphys,Accessed on 2025-07-08 00:00:007,0.0,1
788,VISp,EXC,Ntsr1,L6a,INH,Pvalb,L5,75.0,100.0,150.0,175.0,AISynphys,Accessed on 2025-07-08 00:00:007,0.0,1
789,VISp,EXC,Ntsr1,L6a,INH,Pvalb,L5,75.0,100.0,225.0,250.0,AISynphys,Accessed on 2025-07-08 00:00:007,0.0,1
790,VISp,EXC,Ntsr1,L6a,INH,Pvalb,L5,75.0,100.0,350.0,375.0,AISynphys,Accessed on 2025-07-08 00:00:007,0.0,1
791,VISp,EXC,Ntsr1,L6a,INH,Pvalb,L5,100.0,125.0,75.0,100.0,AISynphys,Accessed on 2025-07-08 00:00:007,0.0,1
792,VISp,EXC,Ntsr1,L6a,INH,Pvalb,L5,125.0,150.0,125.0,150.0,AISynphys,Accessed on 2025-07-08 00:00:007,0.0,1
793,VISp,EXC,Ntsr1,L6a,INH,Pvalb,L5,125.0,150.0,225.0,250.0,AISynphys,Accessed on 2025-07-08 00:00:007,0.0,1
794,VISp,EXC,Ntsr1,L6a,INH,Pvalb,L5,150.0,175.0,100.0,125.0,AISynphys,Accessed on 2025-07-08 00:00:007,0.0,1
795,VISp,EXC,Ntsr1,L6a,INH,Pvalb,L6a,0.0,25.0,0.0,25.0,AISynphys,Accessed on 2025-07-08 00:00:007,0.3333333333333333,6
796,VISp,EXC,Ntsr1,L6a,INH,Pvalb,L6a,0.0,25.0,25.0,50.0,AISynphys,Accessed on 2025-07-08 00:00:007,0.1111111111111111,9
797,VISp,EXC,Ntsr1,L6a,INH,Pvalb,L6a,0.0,25.0,50.0,75.0,AISynphys,Accessed on 2025-07-08 00:00:007,0.5,2
798,VISp,EXC,Ntsr1,L6a,INH,Pvalb,L6a,0.0,25.0,75.0,100.0,AISynphys,Accessed on 2025-07-08 00:00:007,0.0,1
799,VISp,EXC,Ntsr1,L6a,INH,Pvalb,L6a,0.0,25.0,125.0,150.0,AISynphys,Accessed on 2025-07-08 00:00:007,0.0,1
800,VISp,EXC,Ntsr1,L6a,INH,Pvalb,L6a,25.0,50.0,0.0,25.0,AISynphys,Accessed on 2025-07-08 00:00:007,0.0,9
801,VISp,EXC,Ntsr1,L6a,INH,Pvalb,L6a,25.0,50.0,25.0,50.0,AISynphys,Accessed on 2025-07-08 00:00:007,0.25,4
802,VISp,EXC,Ntsr1,L6a,INH,Pvalb,L6a,25.0,50.0,50.0,75.0,AISynphys,Accessed on 2025-07-08 00:00:007,0.3333333333333333,3
803,VISp,EXC,Ntsr1,L6a,INH,Pvalb,L6a,25.0,50.0,75.0,100.0,AISynphys,Accessed on 2025-07-08 00:00:007,0.0,1
804,VISp,EXC,Ntsr1,L6a,INH,Pvalb,L6a,50.0,75.0,0.0,25.0,AISynphys,Accessed on 2025-07-08 00:00:007,0.16666666666666666,6
805,VISp,EXC,Ntsr1,L6a,INH,Pvalb,L6a,50.0,75.0,25.0,50.0,AISynphys,Accessed on 2025-07-08 00:00:007,0.4,5
806,VISp,EXC,Ntsr1,L6a,INH,Pvalb,L6a,50.0,75.0,50.0,75.0,AISynphys,Accessed on 2025-07-08 00:00:007,0.0,3
807,VISp,EXC,Ntsr1,L6a,INH,Pvalb,L6a,50.0,75.0,100.0,125.0,AISynphys,Accessed on 2025-07-08 00:00:007,0.0,1
808,VISp,EXC,Ntsr1,L6a,INH,Pvalb,L6a,75.0,100.0,0.0,25.0,AISynphys,Accessed on 2025-07-08 00:00:007,0.0,4
809,VISp,EXC,Ntsr1,L6a,INH,Pvalb,L6a,75.0,100.0,25.0,50.0,AISynphys,Accessed on 2025-07-08 00:00:007,0.0,9
810,VISp,EXC,Ntsr1,L6a,INH,Pvalb,L6a,75.0,100.0,50.0,75.0,AISynphys,Accessed on 2025-07-08 00:00:007,0.0,5
811,VISp,EXC,Ntsr1,L6a,INH,Pvalb,L6a,75.0,100.0,75.0,100.0,AISynphys,Accessed on 2025-07-08 00:00:007,0.0,1
812,VISp,EXC,Ntsr1,L6a,INH,Pvalb,L6a,75.0,100.0,100.0,125.0,AISynphys,Accessed on 2025-07-08 00:00:007,0.0,2
813,VISp,EXC,Ntsr1,L6a,INH,Pvalb,L6a,100.0,125.0,0.0,25.0,AISynphys,Accessed on 2025-07-08 00:00:007,0.0,3
814,VISp,EXC,Ntsr1,L6a,INH,Pvalb,L6a,100.0,125.0,25.0,50.0,AISynphys,Accessed on 2025-07-08 00:00:007,0.5,2
815,VISp,EXC,Ntsr1,L6a,INH,Pvalb,L6a,100.0,125.0,50.0,75.0,AISynphys,Accessed on 2025-07-08 00:00:007,0.0,3
816,VISp,EXC,Ntsr1,L6a,INH,Pvalb,L6a,100.0,125.0,75.0,100.0,AISynphys,Accessed on 2025-07-08 00:00:007,0.0,1
817,VISp,EXC,Ntsr1,L6a,INH,Pvalb,L6a,100.0,125.0,100.0,125.0,AISynphys,Accessed on 2025-07-08 00:00:007,0.0,2
818,VISp,EXC,Ntsr1,L6a,INH,Pvalb,L6a,125.0,150.0,0.0,25.0,AISynphys,Accessed on 2025-07-08 00:00:007,0.25,8
819,VISp,EXC,Ntsr1,L6a,INH,Pvalb,L6a,125.0,150.0,25.0,50.0,AISynphys,Accessed on 2025-07-08 00:00:007,0.0,2
820,VISp,EXC,Ntsr1,L6a,INH,Pvalb,L6a,125.0,150.0,50.0,75.0,AISynphys,Accessed on 2025-07-08 00:00:007,0.0,2
821,VISp,EXC,Ntsr1,L6a,INH,Pvalb,L6a,125.0,150.0,75.0,100.0,AISynphys,Accessed on 2025-07-08 00:00:007,0.0,1
822,VISp,EXC,Ntsr1,L6a,INH,Pvalb,L6a,150.0,175.0,0.0,25.0,AISynphys,Accessed on 2025-07-08 00:00:007,0.0,2
823,VISp,EXC,Ntsr1,L6a,INH,Pvalb,L6a,150.0,175.0,25.0,50.0,AISynphys,Accessed on 2025-07-08 00:00:007,0.0,3
824,VISp,EXC,Ntsr1,L6a,INH,Pvalb,L6a,150.0,175.0,50.0,75.0,AISynphys,Accessed on 2025-07-08 00:00:007,0.0,1
825,VISp,EXC,Ntsr1,L6a,INH,Pvalb,L6a,150.0,175.0,75.0,100.0,AISynphys,Accessed on 2025-07-08 00:00:007,0.0,1
826,VISp,EXC,Ntsr1,L6a,INH,Pvalb,L6a,175.0,200.0,0.0,25.0,AISynphys,Accessed on 2025-07-08 00:00:007,0.0,2
827,VISp,EXC,Ntsr1,L6a,INH,Pvalb,L6a,175.0,200.0,25.0,50.0,AISynphys,Accessed on 2025-07-08 00:00:007,0.0,2
828,VISp,EXC,Ntsr1,L6a,INH,Pvalb,L6a,200.0,225.0,25.0,50.0,AISynphys,Accessed on 2025-07-08 00:00:007,0.0,1
829,VISp,EXC,Ntsr1,L6a,INH,Pvalb,L6a,200.0,225.0,50.0,75.0,AISynphys,Accessed on 2025-07-08 00:00:007,0.0,1
830,VISp,EXC,Ntsr1,L6a,INH,Pvalb,L6a,225.0,250.0,25.0,50.0,AISynphys,Accessed on 2025-07-08 00:00:007,0.0,1
831,VISp,EXC,Ntsr1,L6a,INH,Sst,L1,50.0,75.0,675.0,700.0,AISynphys,Accessed on 2025-07-08 00:00:007,0.0,1
832,VISp,EXC,Ntsr1,L6a,INH,Sst,L23,25.0,50.0,625.0,650.0,AISynphys,Accessed on 2025-07-08 00:00:007,0.0,1
833,VISp,EXC,Ntsr1,L6a,INH,Sst,L23,50.0,75.0,625.0,650.0,AISynphys,Accessed on 2025-07-08 00:00:007,0.0,1
834,VISp,EXC,Ntsr1,L6a,INH,Sst,L23,50.0,75.0,700.0,725.0,AISynphys,Accessed on 2025-07-08 00:00:007,0.0,1
835,VISp,EXC,Ntsr1,L6a,INH,Sst,L23,75.0,100.0,475.0,500.0,AISynphys,Accessed on 2025-07-08 00:00:007,0.0,2
836,VISp,EXC,Ntsr1,L6a,INH,Sst,L23,75.0,100.0,675.0,700.0,AISynphys,Accessed on 2025-07-08 00:00:007,0.0,1
837,VISp,EXC,Ntsr1,L6a,INH,Sst,L23,200.0,225.0,550.0,575.0,AISynphys,Accessed on 2025-07-08 00:00:007,0.0,1
838,VISp,EXC,Ntsr1,L6a,INH,Sst,L23,250.0,275.0,550.0,575.0,AISynphys,Accessed on 2025-07-08 00:00:007,0.0,1
839,VISp,EXC,Ntsr1,L6a,INH,Sst,L4,75.0,100.0,450.0,475.0,AISynphys,Accessed on 2025-07-08 00:00:007,0.0,2
840,VISp,EXC,Ntsr1,L6a,INH,Sst,L4,150.0,175.0,400.0,425.0,AISynphys,Accessed on 2025-07-08 00:00:007,0.0,1
841,VISp,EXC,Ntsr1,L6a,INH,Sst,L4,200.0,225.0,400.0,425.0,AISynphys,Accessed on 2025-07-08 00:00:007,0.0,1
842,VISp,EXC,Ntsr1,L6a,INH,Sst,L4,450.0,475.0,250.0,275.0,AISynphys,Accessed on 2025-07-08 00:00:007,0.0,1
843,VISp,EXC,Ntsr1,L6a,INH,Sst,L5,50.0,75.0,50.0,75.0,AISynphys,Accessed on 2025-07-08 00:00:007,0.0,1
844,VISp,EXC,Ntsr1,L6a,INH,Sst,L5,75.0,100.0,200.0,225.0,AISynphys,Accessed on 2025-07-08 00:00:007,0.0,1
845,VISp,EXC,Ntsr1,L6a,INH,Sst,L5,100.0,125.0,200.0,225.0,AISynphys,Accessed on 2025-07-08 00:00:007,0.0,1
846,VISp,EXC,Ntsr1,L6a,INH,Sst,L5,375.0,400.0,75.0,100.0,AISynphys,Accessed on 2025-07-08 00:00:007,0.0,1
847,VISp,EXC,Ntsr1,L6a,INH,Sst,L6a,0.0,25.0,0.0,25.0,AISynphys,Accessed on 2025-07-08 00:00:007,0.3,10
848,VISp,EXC,Ntsr1,L6a,INH,Sst,L6a,0.0,25.0,25.0,50.0,AISynphys,Accessed on 2025-07-08 00:00:007,0.4,5
849,VISp,EXC,Ntsr1,L6a,INH,Sst,L6a,0.0,25.0,50.0,75.0,AISynphys,Accessed on 2025-07-08 00:00:007,0.125,8
850,VISp,EXC,Ntsr1,L6a,INH,Sst,L6a,0.0,25.0,75.0,100.0,AISynphys,Accessed on 2025-07-08 00:00:007,0.0,4
851,VISp,EXC,Ntsr1,L6a,INH,Sst,L6a,0.0,25.0,100.0,125.0,AISynphys,Accessed on 2025-07-08 00:00:007,0.0,1
852,VISp,EXC,Ntsr1,L6a,INH,Sst,L6a,25.0,50.0,0.0,25.0,AISynphys,Accessed on 2025-07-08 00:00:007,0.0,2
853,VISp,EXC,Ntsr1,L6a,INH,Sst,L6a,25.0,50.0,25.0,50.0,AISynphys,Accessed on 2025-07-08 00:00:007,0.0,5
854,VISp,EXC,Ntsr1,L6a,INH,Sst,L6a,25.0,50.0,50.0,75.0,AISynphys,Accessed on 2025-07-08 00:00:007,0.16666666666666666,6
855,VISp,EXC,Ntsr1,L6a,INH,Sst,L6a,25.0,50.0,75.0,100.0,AISynphys,Accessed on 2025-07-08 00:00:007,0.5,2
856,VISp,EXC,Ntsr1,L6a,INH,Sst,L6a,25.0,50.0,100.0,125.0,AISynphys,Accessed on 2025-07-08 00:00:007,0.0,1
857,VISp,EXC,Ntsr1,L6a,INH,Sst,L6a,25.0,50.0,125.0,150.0,AISynphys,Accessed on 2025-07-08 00:00:007,0.0,1
858,VISp,EXC,Ntsr1,L6a,INH,Sst,L6a,50.0,75.0,0.0,25.0,AISynphys,Accessed on 2025-07-08 00:00:007,0.25,4
859,VISp,EXC,Ntsr1,L6a,INH,Sst,L6a,50.0,75.0,25.0,50.0,AISynphys,Accessed on 2025-07-08 00:00:007,0.0,4
860,VISp,EXC,Ntsr1,L6a,INH,Sst,L6a,50.0,75.0,50.0,75.0,AISynphys,Accessed on 2025-07-08 00:00:007,0.0,4
861,VISp,EXC,Ntsr1,L6a,INH,Sst,L6a,50.0,75.0,75.0,100.0,AISynphys,Accessed on 2025-07-08 00:00:007,0.0,3
862,VISp,EXC,Ntsr1,L6a,INH,Sst,L6a,50.0,75.0,100.0,125.0,AISynphys,Accessed on 2025-07-08 00:00:007,0.0,2
863,VISp,EXC,Ntsr1,L6a,INH,Sst,L6a,75.0,100.0,0.0,25.0,AISynphys,Accessed on 2025-07-08 00:00:007,0.0,3
864,VISp,EXC,Ntsr1,L6a,INH,Sst,L6a,75.0,100.0,25.0,50.0,AISynphys,Accessed on 2025-07-08 00:00:007,0.0,4
865,VISp,EXC,Ntsr1,L6a,INH,Sst,L6a,75.0,100.0,50.0,75.0,AISynphys,Accessed on 2025-07-08 00:00:007,0.0,2
866,VISp,EXC,Ntsr1,L6a,INH,Sst,L6a,75.0,100.0,100.0,125.0,AISynphys,Accessed on 2025-07-08 00:00:007,0.0,1
867,VISp,EXC,Ntsr1,L6a,INH,Sst,L6a,100.0,125.0,0.0,25.0,AISynphys,Accessed on 2025-07-08 00:00:007,0.0,2
868,VISp,EXC,Ntsr1,L6a,INH,Sst,L6a,100.0,125.0,25.0,50.0,AISynphys,Accessed on 2025-07-08 00:00:007,0.0,2
869,VISp,EXC,Ntsr1,L6a,INH,Sst,L6a,100.0,125.0,50.0,75.0,AISynphys,Accessed on 2025-07-08 00:00:007,0.0,1
870,VISp,EXC,Ntsr1,L6a,INH,Sst,L6a,100.0,125.0,75.0,100.0,AISynphys,Accessed on 2025-07-08 00:00:007,0.0,2
871,VISp,EXC,Ntsr1,L6a,INH,Sst,L6a,100.0,125.0,100.0,125.0,AISynphys,Accessed on 2025-07-08 00:00:007,0.0,1
872,VISp,EXC,Ntsr1,L6a,INH,Sst,L6a,125.0,150.0,25.0,50.0,AISynphys,Accessed on 2025-07-08 00:00:007,0.0,1
873,VISp,EXC,Ntsr1,L6a,INH,Sst,L6a,125.0,150.0,50.0,75.0,AISynphys,Accessed on 2025-07-08 00:00:007,0.0,1
874,VISp,EXC,Ntsr1,L6a,INH,Sst,L6a,125.0,150.0,75.0,100.0,AISynphys,Accessed on 2025-07-08 00:00:007,0.0,1
875,VISp,EXC,Ntsr1,L6a,INH,Sst,L6a,150.0,175.0,0.0,25.0,AISynphys,Accessed on 2025-07-08 00:00:007,0.0,1
876,VISp,EXC,Ntsr1,L6a,INH,Sst,L6a,150.0,175.0,25.0,50.0,AISynphys,Accessed on 2025-07-08 00:00:007,0.0,3
877,VISp,EXC,Ntsr1,L6a,INH,Sst,L6a,150.0,175.0,50.0,75.0,AISynphys,Accessed on 2025-07-08 00:00:007,0.0,1
878,VISp,EXC,Ntsr1,L6a,INH,Sst,L6a,150.0,175.0,75.0,100.0,AISynphys,Accessed on 2025-07-08 00:00:007,0.0,1
879,VISp,EXC,Ntsr1,L6a,INH,Sst,L6a,150.0,175.0,100.0,125.0,AISynphys,Accessed on 2025-07-08 00:00:007,0.0,1
880,VISp,EXC,Ntsr1,L6a,INH,Sst,L6a,175.0,200.0,25.0,50.0,AISynphys,Accessed on 2025-07-08 00:00:007,0.0,3
881,VISp,EXC,Ntsr1,L6a,INH,Sst,L6a,175.0,200.0,75.0,100.0,AISynphys,Accessed on 2025-07-08 00:00:007,0.0,1
882,VISp,EXC,Ntsr1,L6a,INH,Sst,L6a,200.0,225.0,50.0,75.0,AISynphys,Accessed on 2025-07-08 00:00:007,0.0,2
883,VISp,EXC,Ntsr1,L6a,INH,Sst,L6a,275.0,300.0,50.0,75.0,AISynphys,Accessed on 2025-07-08 00:00:007,0.0,1
884,VISp,EXC,Ntsr1,L6a,INH,Sst,L6a,300.0,325.0,0.0,25.0,AISynphys,Accessed on 2025-07-08 00:00:007,0.0,1
885,VISp,EXC,Ntsr1,L6a,INH,Sst,L6a,300.0,325.0,25.0,50.0,AISynphys,Accessed on 2025-07-08 00:00:007,0.0,1
886,VISp,EXC,Ntsr1,L6a,INH,Sst,L6b,0.0,25.0,25.0,50.0,AISynphys,Accessed on 2025-07-08 00:00:007,0.0,1
887,VISp,EXC,Ntsr1,L6a,INH,Sst,L6b,0.0,25.0,50.0,75.0,AISynphys,Accessed on 2025-07-08 00:00:007,0.0,1
888,VISp,EXC,Ntsr1,L6a,INH,Sst,L6b,25.0,50.0,0.0,25.0,AISynphys,Accessed on 2025-07-08 00:00:007,0.0,1
889,VISp,EXC,Ntsr1,L6a,INH,Sst,L6b,25.0,50.0,125.0,150.0,AISynphys,Accessed on 2025-07-08 00:00:007,0.0,1
890,VISp,EXC,Ntsr1,L6a,INH,Vip,L23,0.0,25.0,425.0,450.0,AISynphys,Accessed on 2025-07-08 00:00:007,0.0,1
891,VISp,EXC,Ntsr1,L6a,INH,Vip,L23,0.0,25.0,525.0,550.0,AISynphys,Accessed on 2025-07-08 00:00:007,0.0,1
892,VISp,EXC,Ntsr1,L6a,INH,Vip,L23,25.0,50.0,525.0,550.0,AISynphys,Accessed on 2025-07-08 00:00:007,0.0,1
893,VISp,EXC,Ntsr1,L6a,INH,Vip,L23,100.0,125.0,375.0,400.0,AISynphys,Accessed on 2025-07-08 00:00:007,0.0,1
894,VISp,EXC,Ntsr1,L6a,INH,Vip,L23,125.0,150.0,650.0,675.0,AISynphys,Accessed on 2025-07-08 00:00:007,0.0,1
895,VISp,EXC,Ntsr1,L6a,INH,Vip,L23,150.0,175.0,525.0,550.0,AISynphys,Accessed on 2025-07-08 00:00:007,0.0,1
896,VISp,EXC,Ntsr1,L6a,INH,Vip,L4,0.0,25.0,325.0,350.0,AISynphys,Accessed on 2025-07-08 00:00:007,0.0,1
897,VISp,EXC,Ntsr1,L6a,INH,Vip,L4,0.0,25.0,375.0,400.0,AISynphys,Accessed on 2025-07-08 00:00:007,0.0,1
898,VISp,EXC,Ntsr1,L6a,INH,Vip,L4,0.0,25.0,450.0,475.0,AISynphys,Accessed on 2025-07-08 00:00:007,0.0,1
899,VISp,EXC,Ntsr1,L6a,INH,Vip,L4,25.0,50.0,375.0,400.0,AISynphys,Accessed on 2025-07-08 00:00:007,0.0,1
900,VISp,EXC,Ntsr1,L6a,INH,Vip,L4,50.0,75.0,350.0,375.0,AISynphys,Accessed on 2025-07-08 00:00:007,0.0,1
901,VISp,EXC,Ntsr1,L6a,INH,Vip,L4,75.0,100.0,300.0,325.0,AISynphys,Accessed on 2025-07-08 00:00:007,0.0,1
902,VISp,EXC,Ntsr1,L6a,INH,Vip,L4,75.0,100.0,325.0,350.0,AISynphys,Accessed on 2025-07-08 00:00:007,0.0,1
903,VISp,EXC,Ntsr1,L6a,INH,Vip,L5,0.0,25.0,75.0,100.0,AISynphys,Accessed on 2025-07-08 00:00:007,0.0,1
904,VISp,EXC,Ntsr1,L6a,INH,Vip,L5,0.0,25.0,100.0,125.0,AISynphys,Accessed on 2025-07-08 00:00:007,0.0,1
905,VISp,EXC,Ntsr1,L6a,INH,Vip,L5,0.0,25.0,125.0,150.0,AISynphys,Accessed on 2025-07-08 00:00:007,0.0,1
906,VISp,EXC,Ntsr1,L6a,INH,Vip,L5,0.0,25.0,175.0,200.0,AISynphys,Accessed on 2025-07-08 00:00:007,0.0,2
907,VISp,EXC,Ntsr1,L6a,INH,Vip,L5,0.0,25.0,200.0,225.0,AISynphys,Accessed on 2025-07-08 00:00:007,0.0,1
908,VISp,EXC,Ntsr1,L6a,INH,Vip,L5,25.0,50.0,75.0,100.0,AISynphys,Accessed on 2025-07-08 00:00:007,0.0,1
909,VISp,EXC,Ntsr1,L6a,INH,Vip,L5,25.0,50.0,100.0,125.0,AISynphys,Accessed on 2025-07-08 00:00:007,0.0,2
910,VISp,EXC,Ntsr1,L6a,INH,Vip,L5,25.0,50.0,125.0,150.0,AISynphys,Accessed on 2025-07-08 00:00:007,0.0,1
911,VISp,EXC,Ntsr1,L6a,INH,Vip,L5,25.0,50.0,150.0,175.0,AISynphys,Accessed on 2025-07-08 00:00:007,0.0,1
912,VISp,EXC,Ntsr1,L6a,INH,Vip,L5,50.0,75.0,275.0,300.0,AISynphys,Accessed on 2025-07-08 00:00:007,0.0,1
913,VISp,EXC,Ntsr1,L6a,INH,Vip,L5,75.0,100.0,0.0,25.0,AISynphys,Accessed on 2025-07-08 00:00:007,0.0,1
914,VISp,EXC,Ntsr1,L6a,INH,Vip,L5,75.0,100.0,100.0,125.0,AISynphys,Accessed on 2025-07-08 00:00:007,0.0,1
915,VISp,EXC,Ntsr1,L6a,INH,Vip,L5,75.0,100.0,125.0,150.0,AISynphys,Accessed on 2025-07-08 00:00:007,0.0,1
916,VISp,EXC,Ntsr1,L6a,INH,Vip,L5,75.0,100.0,175.0,200.0,AISynphys,Accessed on 2025-07-08 00:00:007,0.0,1
917,VISp,EXC,Ntsr1,L6a,INH,Vip,L5,75.0,100.0,225.0,250.0,AISynphys,Accessed on 2025-07-08 00:00:007,0.0,3
918,VISp,EXC,Ntsr1,L6a,INH,Vip,L5,125.0,150.0,150.0,175.0,AISynphys,Accessed on 2025-07-08 00:00:007,0.0,1
919,VISp,EXC,Ntsr1,L6a,INH,Vip,L5,125.0,150.0,250.0,275.0,AISynphys,Accessed on 2025-07-08 00:00:007,0.0,1
920,VISp,EXC,Ntsr1,L6a,INH,Vip,L5,150.0,175.0,25.0,50.0,AISynphys,Accessed on 2025-07-08 00:00:007,0.0,1
921,VISp,EXC,Ntsr1,L6a,INH,Vip,L5,150.0,175.0,125.0,150.0,AISynphys,Accessed on 2025-07-08 00:00:007,0.0,1
922,VISp,EXC,Ntsr1,L6a,INH,Vip,L5,175.0,200.0,225.0,250.0,AISynphys,Accessed on 2025-07-08 00:00:007,0.0,1
923,VISp,EXC,Ntsr1,L6a,INH,Vip,L6a,0.0,25.0,0.0,25.0,AISynphys,Accessed on 2025-07-08 00:00:007,0.0,3
924,VISp,EXC,Ntsr1,L6a,INH,Vip,L6a,0.0,25.0,25.0,50.0,AISynphys,Accessed on 2025-07-08 00:00:007,0.0,12
925,VISp,EXC,Ntsr1,L6a,INH,Vip,L6a,0.0,25.0,50.0,75.0,AISynphys,Accessed on 2025-07-08 00:00:007,0.0,4
926,VISp,EXC,Ntsr1,L6a,INH,Vip,L6a,0.0,25.0,75.0,100.0,AISynphys,Accessed on 2025-07-08 00:00:007,0.0,4
927,VISp,EXC,Ntsr1,L6a,INH,Vip,L6a,25.0,50.0,0.0,25.0,AISynphys,Accessed on 2025-07-08 00:00:007,0.0,5
928,VISp,EXC,Ntsr1,L6a,INH,Vip,L6a,25.0,50.0,25.0,50.0,AISynphys,Accessed on 2025-07-08 00:00:007,0.0,4
929,VISp,EXC,Ntsr1,L6a,INH,Vip,L6a,25.0,50.0,50.0,75.0,AISynphys,Accessed on 2025-07-08 00:00:007,0.0,4
930,VISp,EXC,Ntsr1,L6a,INH,Vip,L6a,25.0,50.0,75.0,100.0,AISynphys,Accessed on 2025-07-08 00:00:007,0.0,6
931,VISp,EXC,Ntsr1,L6a,INH,Vip,L6a,25.0,50.0,100.0,125.0,AISynphys,Accessed on 2025-07-08 00:00:007,0.0,1
932,VISp,EXC,Ntsr1,L6a,INH,Vip,L6a,25.0,50.0,125.0,150.0,AISynphys,Accessed on 2025-07-08 00:00:007,0.0,2
933,VISp,EXC,Ntsr1,L6a,INH,Vip,L6a,25.0,50.0,150.0,175.0,AISynphys,Accessed on 2025-07-08 00:00:007,0.0,1
934,VISp,EXC,Ntsr1,L6a,INH,Vip,L6a,50.0,75.0,0.0,25.0,AISynphys,Accessed on 2025-07-08 00:00:007,0.0,4
935,VISp,EXC,Ntsr1,L6a,INH,Vip,L6a,50.0,75.0,25.0,50.0,AISynphys,Accessed on 2025-07-08 00:00:007,0.0,6
936,VISp,EXC,Ntsr1,L6a,INH,Vip,L6a,50.0,75.0,50.0,75.0,AISynphys,Accessed on 2025-07-08 00:00:007,0.0,2
937,VISp,EXC,Ntsr1,L6a,INH,Vip,L6a,50.0,75.0,75.0,100.0,AISynphys,Accessed on 2025-07-08 00:00:007,0.0,2
938,VISp,EXC,Ntsr1,L6a,INH,Vip,L6a,50.0,75.0,100.0,125.0,AISynphys,Accessed on 2025-07-08 00:00:007,0.0,3
939,VISp,EXC,Ntsr1,L6a,INH,Vip,L6a,50.0,75.0,125.0,150.0,AISynphys,Accessed on 2025-07-08 00:00:007,0.0,1
940,VISp,EXC,Ntsr1,L6a,INH,Vip,L6a,75.0,100.0,0.0,25.0,AISynphys,Accessed on 2025-07-08 00:00:007,0.0,4
941,VISp,EXC,Ntsr1,L6a,INH,Vip,L6a,75.0,100.0,25.0,50.0,AISynphys,Accessed on 2025-07-08 00:00:007,0.0,3
942,VISp,EXC,Ntsr1,L6a,INH,Vip,L6a,75.0,100.0,50.0,75.0,AISynphys,Accessed on 2025-07-08 00:00:007,0.0,5
943,VISp,EXC,Ntsr1,L6a,INH,Vip,L6a,75.0,100.0,75.0,100.0,AISynphys,Accessed on 2025-07-08 00:00:007,0.0,2
944,VISp,EXC,Ntsr1,L6a,INH,Vip,L6a,100.0,125.0,0.0,25.0,AISynphys,Accessed on 2025-07-08 00:00:007,0.0,7
945,VISp,EXC,Ntsr1,L6a,INH,Vip,L6a,100.0,125.0,25.0,50.0,AISynphys,Accessed on 2025-07-08 00:00:007,0.0,3
946,VISp,EXC,Ntsr1,L6a,INH,Vip,L6a,100.0,125.0,50.0,75.0,AISynphys,Accessed on 2025-07-08 00:00:007,0.0,2
947,VISp,EXC,Ntsr1,L6a,INH,Vip,L6a,100.0,125.0,125.0,150.0,AISynphys,Accessed on 2025-07-08 00:00:007,0.0,1
948,VISp,EXC,Ntsr1,L6a,INH,Vip,L6a,125.0,150.0,0.0,25.0,AISynphys,Accessed on 2025-07-08 00:00:007,0.0,3
949,VISp,EXC,Ntsr1,L6a,INH,Vip,L6a,125.0,150.0,25.0,50.0,AISynphys,Accessed on 2025-07-08 00:00:007,0.0,1
950,VISp,EXC,Ntsr1,L6a,INH,Vip,L6a,125.0,150.0,50.0,75.0,AISynphys,Accessed on 2025-07-08 00:00:007,0.0,1
951,VISp,EXC,Ntsr1,L6a,INH,Vip,L6a,125.0,150.0,75.0,100.0,AISynphys,Accessed on 2025-07-08 00:00:007,0.0,1
952,VISp,EXC,Ntsr1,L6a,INH,Vip,L6a,150.0,175.0,0.0,25.0,AISynphys,Accessed on 2025-07-08 00:00:007,0.0,2
953,VISp,EXC,Ntsr1,L6a,INH,Vip,L6a,150.0,175.0,75.0,100.0,AISynphys,Accessed on 2025-07-08 00:00:007,0.0,1
954,VISp,EXC,Ntsr1,L6a,INH,Vip,L6a,175.0,200.0,0.0,25.0,AISynphys,Accessed on 2025-07-08 00:00:007,0.0,1
955,VISp,EXC,Ntsr1,L6a,INH,Vip,L6a,175.0,200.0,100.0,125.0,AISynphys,Accessed on 2025-07-08 00:00:007,0.0,1
956,VISp,EXC,Ntsr1,L6a,INH,Vip,L6a,225.0,250.0,100.0,125.0,AISynphys,Accessed on 2025-07-08 00:00:007,0.0,1
957,VISp,EXC,Ntsr1,L6a,INH,Vip,L6a,250.0,275.0,0.0,25.0,AISynphys,Accessed on 2025-07-08 00:00:007,0.0,1
958,VISp,EXC,Ntsr1,L6a,INH,Vip,L6b,0.0,25.0,50.0,75.0,AISynphys,Accessed on 2025-07-08 00:00:007,0.0,1
959,VISp,EXC,Ntsr1,L6a,INH,Vip,L6b,0.0,25.0,100.0,125.0,AISynphys,Accessed on 2025-07-08 00:00:007,0.0,1
960,VISp,EXC,Ntsr1,L6a,INH,Vip,L6b,25.0,50.0,25.0,50.0,AISynphys,Accessed on 2025-07-08 00:00:007,0.0,1
961,VISp,EXC,Ntsr1,L6a,INH,Vip,L6b,25.0,50.0,75.0,100.0,AISynphys,Accessed on 2025-07-08 00:00:007,0.0,1
962,VISp,EXC,Ntsr1,L6a,INH,Vip,L6b,50.0,75.0,100.0,125.0,AISynphys,Accessed on 2025-07-08 00:00:007,0.0,1
963,VISp,EXC,Ntsr1,L6a,INH,Vip,L6b,75.0,100.0,50.0,75.0,AISynphys,Accessed on 2025-07-08 00:00:007,0.0,1
964,VISp,EXC,Ntsr1,L6a,INH,Vip,L6b,75.0,100.0,150.0,175.0,AISynphys,Accessed on 2025-07-08 00:00:007,0.0,1
965,VISp,EXC,Ntsr1,L6b,EXC,Ntsr1,L6a,0.0,25.0,25.0,50.0,AISynphys,Accessed on 2025-07-08 00:00:007,0.0,4
966,VISp,EXC,Ntsr1,L6b,EXC,Ntsr1,L6a,0.0,25.0,50.0,75.0,AISynphys,Accessed on 2025-07-08 00:00:007,0.0,3
967,VISp,EXC,Ntsr1,L6b,EXC,Ntsr1,L6a,0.0,25.0,75.0,100.0,AISynphys,Accessed on 2025-07-08 00:00:007,0.0,1
968,VISp,EXC,Ntsr1,L6b,EXC,Ntsr1,L6a,25.0,50.0,0.0,25.0,AISynphys,Accessed on 2025-07-08 00:00:007,0.0,3
969,VISp,EXC,Ntsr1,L6b,EXC,Ntsr1,L6a,25.0,50.0,25.0,50.0,AISynphys,Accessed on 2025-07-08 00:00:007,0.0,1
970,VISp,EXC,Ntsr1,L6b,EXC,Ntsr1,L6a,25.0,50.0,50.0,75.0,AISynphys,Accessed on 2025-07-08 00:00:007,0.0,1
971,VISp,EXC,Ntsr1,L6b,EXC,Ntsr1,L6a,25.0,50.0,75.0,100.0,AISynphys,Accessed on 2025-07-08 00:00:007,0.0,1
972,VISp,EXC,Ntsr1,L6b,EXC,Ntsr1,L6a,25.0,50.0,100.0,125.0,AISynphys,Accessed on 2025-07-08 00:00:007,0.0,1
973,VISp,EXC,Ntsr1,L6b,EXC,Ntsr1,L6a,50.0,75.0,0.0,25.0,AISynphys,Accessed on 2025-07-08 00:00:007,0.0,2
974,VISp,EXC,Ntsr1,L6b,EXC,Ntsr1,L6a,50.0,75.0,25.0,50.0,AISynphys,Accessed on 2025-07-08 00:00:007,0.0,2
975,VISp,EXC,Ntsr1,L6b,EXC,Ntsr1,L6a,50.0,75.0,50.0,75.0,AISynphys,Accessed on 2025-07-08 00:00:007,0.0,5
976,VISp,EXC,Ntsr1,L6b,EXC,Ntsr1,L6a,50.0,75.0,100.0,125.0,AISynphys,Accessed on 2025-07-08 00:00:007,0.0,1
977,VISp,EXC,Ntsr1,L6b,EXC,Ntsr1,L6a,75.0,100.0,25.0,50.0,AISynphys,Accessed on 2025-07-08 00:00:007,0.0,5
978,VISp,EXC,Ntsr1,L6b,EXC,Ntsr1,L6a,75.0,100.0,50.0,75.0,AISynphys,Accessed on 2025-07-08 00:00:007,0.0,2
979,VISp,EXC,Ntsr1,L6b,EXC,Ntsr1,L6a,100.0,125.0,25.0,50.0,AISynphys,Accessed on 2025-07-08 00:00:007,0.0,2
980,VISp,EXC,Ntsr1,L6b,EXC,Ntsr1,L6a,100.0,125.0,50.0,75.0,AISynphys,Accessed on 2025-07-08 00:00:007,0.0,2
981,VISp,EXC,Ntsr1,L6b,EXC,Ntsr1,L6a,100.0,125.0,75.0,100.0,AISynphys,Accessed on 2025-07-08 00:00:007,0.0,2
982,VISp,EXC,Ntsr1,L6b,EXC,Ntsr1,L6a,125.0,150.0,25.0,50.0,AISynphys,Accessed on 2025-07-08 00:00:007,0.0,4
983,VISp,EXC,Ntsr1,L6b,EXC,Ntsr1,L6a,125.0,150.0,50.0,75.0,AISynphys,Accessed on 2025-07-08 00:00:007,0.0,1
984,VISp,EXC,Ntsr1,L6b,EXC,Ntsr1,L6a,150.0,175.0,75.0,100.0,AISynphys,Accessed on 2025-07-08 00:00:007,0.0,1
985,VISp,EXC,Ntsr1,L6b,EXC,Ntsr1,L6a,250.0,275.0,75.0,100.0,AISynphys,Accessed on 2025-07-08 00:00:007,0.0,1
986,VISp,EXC,Ntsr1,L6b,EXC,Ntsr1,L6a,275.0,300.0,0.0,25.0,AISynphys,Accessed on 2025-07-08 00:00:007,0.0,1
987,VISp,EXC,Ntsr1,L6b,EXC,Ntsr1,L6b,0.0,25.0,25.0,50.0,AISynphys,Accessed on 2025-07-08 00:00:007,0.0,2
988,VISp,EXC,Ntsr1,L6b,EXC,Ntsr1,L6b,50.0,75.0,0.0,25.0,AISynphys,Accessed on 2025-07-08 00:00:007,0.0,4
989,VISp,EXC,Ntsr1,L6b,INH,Pvalb,L6a,0.0,25.0,25.0,50.0,AISynphys,Accessed on 2025-07-08 00:00:007,0.0,1
990,VISp,EXC,Ntsr1,L6b,INH,Pvalb,L6a,0.0,25.0,50.0,75.0,AISynphys,Accessed on 2025-07-08 00:00:007,0.0,2
991,VISp,EXC,Ntsr1,L6b,INH,Pvalb,L6a,50.0,75.0,50.0,75.0,AISynphys,Accessed on 2025-07-08 00:00:007,0.0,1
992,VISp,EXC,Ntsr1,L6b,INH,Pvalb,L6a,75.0,100.0,25.0,50.0,AISynphys,Accessed on 2025-07-08 00:00:007,0.0,2
993,VISp,EXC,Ntsr1,L6b,INH,Pvalb,L6a,175.0,200.0,75.0,100.0,AISynphys,Accessed on 2025-07-08 00:00:007,0.0,1
994,VISp,EXC,Ntsr1,L6b,INH,Pvalb,L6a,175.0,200.0,100.0,125.0,AISynphys,Accessed on 2025-07-08 00:00:007,0.0,1
995,VISp,EXC,Ntsr1,L6b,INH,Sst,L1,25.0,50.0,725.0,750.0,AISynphys,Accessed on 2025-07-08 00:00:007,0.0,1
996,VISp,EXC,Ntsr1,L6b,INH,Sst,L6a,0.0,25.0,75.0,100.0,AISynphys,Accessed on 2025-07-08 00:00:007,0.0,1
997,VISp,EXC,Ntsr1,L6b,INH,Sst,L6a,0.0,25.0,175.0,200.0,AISynphys,Accessed on 2025-07-08 00:00:007,0.0,1
998,VISp,EXC,Ntsr1,L6b,INH,Sst,L6a,25.0,50.0,75.0,100.0,AISynphys,Accessed on 2025-07-08 00:00:007,0.0,1
999,VISp,EXC,Ntsr1,L6b,INH,Sst,L6a,25.0,50.0,150.0,175.0,AISynphys,Accessed on 2025-07-08 00:00:007,0.0,1
1000,VISp,EXC,Ntsr1,L6b,INH,Sst,L6a,75.0,100.0,50.0,75.0,AISynphys,Accessed on 2025-07-08 00:00:007,0.0,1
1001,VISp,EXC,Ntsr1,L6b,INH,Sst,L6b,125.0,150.0,0.0,25.0,AISynphys,Accessed on 2025-07-08 00:00:007,0.0,1
1002,VISp,EXC,Ntsr1,L6b,INH,Vip,L23,0.0,25.0,575.0,600.0,AISynphys,Accessed on 2025-07-08 00:00:007,0.0,1
1003,VISp,EXC,Ntsr1,L6b,INH,Vip,L23,0.0,25.0,675.0,700.0,AISynphys,Accessed on 2025-07-08 00:00:007,0.0,1
1004,VISp,EXC,Ntsr1,L6b,INH,Vip,L23,100.0,125.0,575.0,600.0,AISynphys,Accessed on 2025-07-08 00:00:007,0.0,1
1005,VISp,EXC,Ntsr1,L6b,INH,Vip,L23,100.0,125.0,675.0,700.0,AISynphys,Accessed on 2025-07-08 00:00:007,0.0,1
1006,VISp,EXC,Ntsr1,L6b,INH,Vip,L4,25.0,50.0,400.0,425.0,AISynphys,Accessed on 2025-07-08 00:00:007,0.0,1
1007,VISp,EXC,Ntsr1,L6b,INH,Vip,L5,100.0,125.0,300.0,325.0,AISynphys,Accessed on 2025-07-08 00:00:007,0.0,1
1008,VISp,EXC,Ntsr1,L6b,INH,Vip,L6a,0.0,25.0,50.0,75.0,AISynphys,Accessed on 2025-07-08 00:00:007,0.0,1
1009,VISp,EXC,Ntsr1,L6b,INH,Vip,L6a,50.0,75.0,50.0,75.0,AISynphys,Accessed on 2025-07-08 00:00:007,0.0,1
1010,VISp,EXC,Ntsr1,L6b,INH,Vip,L6a,50.0,75.0,75.0,100.0,AISynphys,Accessed on 2025-07-08 00:00:007,0.0,1
1011,VISp,EXC,Ntsr1,L6b,INH,Vip,L6a,150.0,175.0,50.0,75.0,AISynphys,Accessed on 2025-07-08 00:00:007,0.0,1
1012,VISp,EXC,Ntsr1,L6b,INH,Vip,L6a,275.0,300.0,75.0,100.0,AISynphys,Accessed on 2025-07-08 00:00:007,0.0,1
1013,VISp,EXC,Ntsr1,L6b,INH,Vip,L6a,325.0,350.0,175.0,200.0,AISynphys,Accessed on 2025-07-08 00:00:007,0.0,1
1014,VISp,EXC,Rorb,L23,EXC,Rorb,L4,0.0,25.0,50.0,75.0,AISynphys,Accessed on 2025-07-08 00:00:007,0.0,2
1015,VISp,EXC,Rorb,L23,EXC,Rorb,L4,25.0,50.0,25.0,50.0,AISynphys,Accessed on 2025-07-08 00:00:007,0.0,1
1016,VISp,EXC,Rorb,L23,EXC,Rorb,L4,25.0,50.0,50.0,75.0,AISynphys,Accessed on 2025-07-08 00:00:007,0.0,1
1017,VISp,EXC,Rorb,L23,EXC,Rorb,L4,25.0,50.0,75.0,100.0,AISynphys,Accessed on 2025-07-08 00:00:007,0.0,2
1018,VISp,EXC,Rorb,L23,EXC,Rorb,L4,50.0,75.0,75.0,100.0,AISynphys,Accessed on 2025-07-08 00:00:007,0.0,1
1019,VISp,EXC,Rorb,L4,EXC,Rorb,L23,0.0,25.0,50.0,75.0,AISynphys,Accessed on 2025-07-08 00:00:007,0.0,2
1020,VISp,EXC,Rorb,L4,EXC,Rorb,L23,25.0,50.0,25.0,50.0,AISynphys,Accessed on 2025-07-08 00:00:007,0.0,1
1021,VISp,EXC,Rorb,L4,EXC,Rorb,L23,25.0,50.0,50.0,75.0,AISynphys,Accessed on 2025-07-08 00:00:007,0.0,1
1022,VISp,EXC,Rorb,L4,EXC,Rorb,L23,25.0,50.0,75.0,100.0,AISynphys,Accessed on 2025-07-08 00:00:007,0.0,2
1023,VISp,EXC,Rorb,L4,EXC,Rorb,L23,50.0,75.0,75.0,100.0,AISynphys,Accessed on 2025-07-08 00:00:007,0.0,1
1024,VISp,EXC,Rorb,L4,EXC,Rorb,L4,0.0,25.0,0.0,25.0,AISynphys,Accessed on 2025-07-08 00:00:007,0.16666666666666666,24
1025,VISp,EXC,Rorb,L4,EXC,Rorb,L4,0.0,25.0,25.0,50.0,AISynphys,Accessed on 2025-07-08 00:00:007,0.0,20
1026,VISp,EXC,Rorb,L4,EXC,Rorb,L4,0.0,25.0,50.0,75.0,AISynphys,Accessed on 2025-07-08 00:00:007,0.0,4
1027,VISp,EXC,Rorb,L4,EXC,Rorb,L4,25.0,50.0,0.0,25.0,AISynphys,Accessed on 2025-07-08 00:00:007,0.027777777777777776,36
1028,VISp,EXC,Rorb,L4,EXC,Rorb,L4,25.0,50.0,25.0,50.0,AISynphys,Accessed on 2025-07-08 00:00:007,0.2222222222222222,18
1029,VISp,EXC,Rorb,L4,EXC,Rorb,L4,25.0,50.0,50.0,75.0,AISynphys,Accessed on 2025-07-08 00:00:007,0.0,4
1030,VISp,EXC,Rorb,L4,EXC,Rorb,L4,25.0,50.0,75.0,100.0,AISynphys,Accessed on 2025-07-08 00:00:007,0.0,4
1031,VISp,EXC,Rorb,L4,EXC,Rorb,L4,50.0,75.0,0.0,25.0,AISynphys,Accessed on 2025-07-08 00:00:007,0.125,24
1032,VISp,EXC,Rorb,L4,EXC,Rorb,L4,50.0,75.0,25.0,50.0,AISynphys,Accessed on 2025-07-08 00:00:007,0.2,10
1033,VISp,EXC,Rorb,L4,EXC,Rorb,L4,50.0,75.0,50.0,75.0,AISynphys,Accessed on 2025-07-08 00:00:007,0.21428571428571427,14
1034,VISp,EXC,Rorb,L4,EXC,Rorb,L4,75.0,100.0,0.0,25.0,AISynphys,Accessed on 2025-07-08 00:00:007,0.2727272727272727,22
1035,VISp,EXC,Rorb,L4,EXC,Rorb,L4,75.0,100.0,25.0,50.0,AISynphys,Accessed on 2025-07-08 00:00:007,0.08333333333333333,12
1036,VISp,EXC,Rorb,L4,EXC,Rorb,L4,75.0,100.0,50.0,75.0,AISynphys,Accessed on 2025-07-08 00:00:007,0.125,8
1037,VISp,EXC,Rorb,L4,EXC,Rorb,L4,100.0,125.0,0.0,25.0,AISynphys,Accessed on 2025-07-08 00:00:007,0.0,10
1038,VISp,EXC,Rorb,L4,EXC,Rorb,L4,100.0,125.0,25.0,50.0,AISynphys,Accessed on 2025-07-08 00:00:007,0.25,4
1039,VISp,EXC,Rorb,L4,EXC,Rorb,L4,125.0,150.0,0.0,25.0,AISynphys,Accessed on 2025-07-08 00:00:007,0.0,2
1040,VISp,EXC,Rorb,L4,EXC,Rorb,L4,125.0,150.0,25.0,50.0,AISynphys,Accessed on 2025-07-08 00:00:007,0.0,2
1041,VISp,EXC,Rorb,L4,EXC,Rorb,L4,150.0,175.0,0.0,25.0,AISynphys,Accessed on 2025-07-08 00:00:007,0.0,2
1042,VISp,EXC,Rorb,L4,EXC,Rorb,L4,150.0,175.0,25.0,50.0,AISynphys,Accessed on 2025-07-08 00:00:007,0.0,2
1043,VISp,EXC,Rorb,L4,EXC,Rorb,L4,175.0,200.0,0.0,25.0,AISynphys,Accessed on 2025-07-08 00:00:007,0.0,2
1044,VISp,EXC,Rorb,L4,EXC,Rorb,L5,0.0,25.0,0.0,25.0,AISynphys,Accessed on 2025-07-08 00:00:007,0.0,4
1045,VISp,EXC,Rorb,L4,EXC,Rorb,L5,0.0,25.0,25.0,50.0,AISynphys,Accessed on 2025-07-08 00:00:007,0.0,5
1046,VISp,EXC,Rorb,L4,EXC,Rorb,L5,0.0,25.0,50.0,75.0,AISynphys,Accessed on 2025-07-08 00:00:007,0.0,5
1047,VISp,EXC,Rorb,L4,EXC,Rorb,L5,25.0,50.0,0.0,25.0,AISynphys,Accessed on 2025-07-08 00:00:007,0.2,5
1048,VISp,EXC,Rorb,L4,EXC,Rorb,L5,25.0,50.0,25.0,50.0,AISynphys,Accessed on 2025-07-08 00:00:007,0.0,7
1049,VISp,EXC,Rorb,L4,EXC,Rorb,L5,25.0,50.0,50.0,75.0,AISynphys,Accessed on 2025-07-08 00:00:007,0.0,4
1050,VISp,EXC,Rorb,L4,EXC,Rorb,L5,50.0,75.0,0.0,25.0,AISynphys,Accessed on 2025-07-08 00:00:007,0.3333333333333333,3
1051,VISp,EXC,Rorb,L4,EXC,Rorb,L5,50.0,75.0,25.0,50.0,AISynphys,Accessed on 2025-07-08 00:00:007,0.0,3
1052,VISp,EXC,Rorb,L4,EXC,Rorb,L5,50.0,75.0,50.0,75.0,AISynphys,Accessed on 2025-07-08 00:00:007,0.0,5
1053,VISp,EXC,Rorb,L4,EXC,Rorb,L5,50.0,75.0,100.0,125.0,AISynphys,Accessed on 2025-07-08 00:00:007,0.0,1
1054,VISp,EXC,Rorb,L4,EXC,Rorb,L5,75.0,100.0,25.0,50.0,AISynphys,Accessed on 2025-07-08 00:00:007,0.0,2
1055,VISp,EXC,Rorb,L4,EXC,Rorb,L5,75.0,100.0,50.0,75.0,AISynphys,Accessed on 2025-07-08 00:00:007,0.0,3
1056,VISp,EXC,Rorb,L4,EXC,Rorb,L5,75.0,100.0,75.0,100.0,AISynphys,Accessed on 2025-07-08 00:00:007,0.0,1
1057,VISp,EXC,Rorb,L4,EXC,Rorb,L5,100.0,125.0,0.0,25.0,AISynphys,Accessed on 2025-07-08 00:00:007,0.0,1
1058,VISp,EXC,Rorb,L4,EXC,Rorb,L5,125.0,150.0,0.0,25.0,AISynphys,Accessed on 2025-07-08 00:00:007,0.0,2
1059,VISp,EXC,Rorb,L4,EXC,Rorb,L5,125.0,150.0,25.0,50.0,AISynphys,Accessed on 2025-07-08 00:00:007,0.0,1
1060,VISp,EXC,Rorb,L4,EXC,Rorb,L5,125.0,150.0,50.0,75.0,AISynphys,Accessed on 2025-07-08 00:00:007,0.0,2
1061,VISp,EXC,Rorb,L4,EXC,Rorb,L5,125.0,150.0,75.0,100.0,AISynphys,Accessed on 2025-07-08 00:00:007,0.0,2
1062,VISp,EXC,Rorb,L4,EXC,Rorb,L5,175.0,200.0,25.0,50.0,AISynphys,Accessed on 2025-07-08 00:00:007,0.0,1
1063,VISp,EXC,Rorb,L4,INH,Pvalb,L5,25.0,50.0,50.0,75.0,AISynphys,Accessed on 2025-07-08 00:00:007,0.0,1
1064,VISp,EXC,Rorb,L5,EXC,Rorb,L4,0.0,25.0,0.0,25.0,AISynphys,Accessed on 2025-07-08 00:00:007,0.0,4
1065,VISp,EXC,Rorb,L5,EXC,Rorb,L4,0.0,25.0,25.0,50.0,AISynphys,Accessed on 2025-07-08 00:00:007,0.0,5
1066,VISp,EXC,Rorb,L5,EXC,Rorb,L4,0.0,25.0,50.0,75.0,AISynphys,Accessed on 2025-07-08 00:00:007,0.0,5
1067,VISp,EXC,Rorb,L5,EXC,Rorb,L4,25.0,50.0,0.0,25.0,AISynphys,Accessed on 2025-07-08 00:00:007,0.2,5
1068,VISp,EXC,Rorb,L5,EXC,Rorb,L4,25.0,50.0,25.0,50.0,AISynphys,Accessed on 2025-07-08 00:00:007,0.0,7
1069,VISp,EXC,Rorb,L5,EXC,Rorb,L4,25.0,50.0,50.0,75.0,AISynphys,Accessed on 2025-07-08 00:00:007,0.0,4
1070,VISp,EXC,Rorb,L5,EXC,Rorb,L4,50.0,75.0,0.0,25.0,AISynphys,Accessed on 2025-07-08 00:00:007,0.0,3
1071,VISp,EXC,Rorb,L5,EXC,Rorb,L4,50.0,75.0,25.0,50.0,AISynphys,Accessed on 2025-07-08 00:00:007,0.0,3
1072,VISp,EXC,Rorb,L5,EXC,Rorb,L4,50.0,75.0,50.0,75.0,AISynphys,Accessed on 2025-07-08 00:00:007,0.0,5
1073,VISp,EXC,Rorb,L5,EXC,Rorb,L4,50.0,75.0,100.0,125.0,AISynphys,Accessed on 2025-07-08 00:00:007,0.0,1
1074,VISp,EXC,Rorb,L5,EXC,Rorb,L4,75.0,100.0,25.0,50.0,AISynphys,Accessed on 2025-07-08 00:00:007,0.5,2
1075,VISp,EXC,Rorb,L5,EXC,Rorb,L4,75.0,100.0,50.0,75.0,AISynphys,Accessed on 2025-07-08 00:00:007,0.0,3
1076,VISp,EXC,Rorb,L5,EXC,Rorb,L4,75.0,100.0,75.0,100.0,AISynphys,Accessed on 2025-07-08 00:00:007,0.0,1
1077,VISp,EXC,Rorb,L5,EXC,Rorb,L4,100.0,125.0,0.0,25.0,AISynphys,Accessed on 2025-07-08 00:00:007,0.0,1
1078,VISp,EXC,Rorb,L5,EXC,Rorb,L4,125.0,150.0,0.0,25.0,AISynphys,Accessed on 2025-07-08 00:00:007,0.0,2
1079,VISp,EXC,Rorb,L5,EXC,Rorb,L4,125.0,150.0,25.0,50.0,AISynphys,Accessed on 2025-07-08 00:00:007,0.0,1
1080,VISp,EXC,Rorb,L5,EXC,Rorb,L4,125.0,150.0,50.0,75.0,AISynphys,Accessed on 2025-07-08 00:00:007,0.0,2
1081,VISp,EXC,Rorb,L5,EXC,Rorb,L4,125.0,150.0,75.0,100.0,AISynphys,Accessed on 2025-07-08 00:00:007,0.0,2
1082,VISp,EXC,Rorb,L5,EXC,Rorb,L4,175.0,200.0,25.0,50.0,AISynphys,Accessed on 2025-07-08 00:00:007,0.0,1
1083,VISp,EXC,Rorb,L5,EXC,Rorb,L5,0.0,25.0,0.0,25.0,AISynphys,Accessed on 2025-07-08 00:00:007,0.07142857142857142,14
1084,VISp,EXC,Rorb,L5,EXC,Rorb,L5,0.0,25.0,25.0,50.0,AISynphys,Accessed on 2025-07-08 00:00:007,0.125,8
1085,VISp,EXC,Rorb,L5,EXC,Rorb,L5,25.0,50.0,0.0,25.0,AISynphys,Accessed on 2025-07-08 00:00:007,0.1,20
1086,VISp,EXC,Rorb,L5,EXC,Rorb,L5,25.0,50.0,25.0,50.0,AISynphys,Accessed on 2025-07-08 00:00:007,0.0,10
1087,VISp,EXC,Rorb,L5,EXC,Rorb,L5,50.0,75.0,0.0,25.0,AISynphys,Accessed on 2025-07-08 00:00:007,0.0,18
1088,VISp,EXC,Rorb,L5,EXC,Rorb,L5,50.0,75.0,25.0,50.0,AISynphys,Accessed on 2025-07-08 00:00:007,0.0,6
1089,VISp,EXC,Rorb,L5,EXC,Rorb,L5,75.0,100.0,0.0,25.0,AISynphys,Accessed on 2025-07-08 00:00:007,0.0,2
1090,VISp,EXC,Rorb,L5,EXC,Rorb,L5,75.0,100.0,50.0,75.0,AISynphys,Accessed on 2025-07-08 00:00:007,0.0,2
1091,VISp,EXC,Rorb,L5,EXC,Rorb,L5,100.0,125.0,0.0,25.0,AISynphys,Accessed on 2025-07-08 00:00:007,0.25,4
1092,VISp,EXC,Rorb,L5,EXC,Rorb,L5,100.0,125.0,50.0,75.0,AISynphys,Accessed on 2025-07-08 00:00:007,0.0,2
1093,VISp,EXC,Rorb,L5,EXC,Rorb,L5,125.0,150.0,0.0,25.0,AISynphys,Accessed on 2025-07-08 00:00:007,0.0,2
1094,VISp,EXC,Rorb,L5,EXC,Rorb,L5,125.0,150.0,25.0,50.0,AISynphys,Accessed on 2025-07-08 00:00:007,0.0,2
1095,VISp,EXC,Rorb,L5,EXC,Rorb,L5,150.0,175.0,50.0,75.0,AISynphys,Accessed on 2025-07-08 00:00:007,0.0,2
1096,VISp,EXC,Sim1,L23,EXC,Sim1,L23,0.0,25.0,0.0,25.0,AISynphys,Accessed on 2025-07-08 00:00:007,0.0,2
1097,VISp,EXC,Sim1,L23,EXC,Sim1,L23,50.0,75.0,0.0,25.0,AISynphys,Accessed on 2025-07-08 00:00:007,0.0,4
1098,VISp,EXC,Sim1,L23,EXC,Sim1,L23,50.0,75.0,25.0,50.0,AISynphys,Accessed on 2025-07-08 00:00:007,0.0,2
1099,VISp,EXC,Sim1,L23,EXC,Sim1,L4,0.0,25.0,75.0,100.0,AISynphys,Accessed on 2025-07-08 00:00:007,0.0,1
1100,VISp,EXC,Sim1,L23,EXC,Sim1,L4,25.0,50.0,0.0,25.0,AISynphys,Accessed on 2025-07-08 00:00:007,0.0,1
1101,VISp,EXC,Sim1,L23,EXC,Sim1,L4,25.0,50.0,25.0,50.0,AISynphys,Accessed on 2025-07-08 00:00:007,0.0,1
1102,VISp,EXC,Sim1,L23,EXC,Sim1,L4,25.0,50.0,50.0,75.0,AISynphys,Accessed on 2025-07-08 00:00:007,0.0,1
1103,VISp,EXC,Sim1,L23,EXC,Sim1,L4,25.0,50.0,100.0,125.0,AISynphys,Accessed on 2025-07-08 00:00:007,0.0,1
1104,VISp,EXC,Sim1,L23,EXC,Sim1,L4,50.0,75.0,100.0,125.0,AISynphys,Accessed on 2025-07-08 00:00:007,0.0,1
1105,VISp,EXC,Sim1,L23,EXC,Sim1,L4,75.0,100.0,0.0,25.0,AISynphys,Accessed on 2025-07-08 00:00:007,0.0,1
1106,VISp,EXC,Sim1,L23,EXC,Sim1,L4,75.0,100.0,25.0,50.0,AISynphys,Accessed on 2025-07-08 00:00:007,0.0,1
1107,VISp,EXC,Sim1,L23,EXC,Sim1,L4,75.0,100.0,50.0,75.0,AISynphys,Accessed on 2025-07-08 00:00:007,0.0,1
1108,VISp,EXC,Sim1,L23,EXC,Sim1,L4,75.0,100.0,75.0,100.0,AISynphys,Accessed on 2025-07-08 00:00:007,0.0,1
1109,VISp,EXC,Sim1,L23,EXC,Sim1,L4,100.0,125.0,25.0,50.0,AISynphys,Accessed on 2025-07-08 00:00:007,0.0,1
1110,VISp,EXC,Sim1,L23,EXC,Sim1,L5,75.0,100.0,50.0,75.0,AISynphys,Accessed on 2025-07-08 00:00:007,0.0,1
1111,VISp,EXC,Sim1,L23,EXC,Sim1,L5,125.0,150.0,50.0,75.0,AISynphys,Accessed on 2025-07-08 00:00:007,0.0,1
1112,VISp,EXC,Sim1,L4,EXC,Sim1,L23,0.0,25.0,75.0,100.0,AISynphys,Accessed on 2025-07-08 00:00:007,0.0,1
1113,VISp,EXC,Sim1,L4,EXC,Sim1,L23,25.0,50.0,0.0,25.0,AISynphys,Accessed on 2025-07-08 00:00:007,0.0,1
1114,VISp,EXC,Sim1,L4,EXC,Sim1,L23,25.0,50.0,25.0,50.0,AISynphys,Accessed on 2025-07-08 00:00:007,0.0,1
1115,VISp,EXC,Sim1,L4,EXC,Sim1,L23,25.0,50.0,50.0,75.0,AISynphys,Accessed on 2025-07-08 00:00:007,0.0,1
1116,VISp,EXC,Sim1,L4,EXC,Sim1,L23,25.0,50.0,100.0,125.0,AISynphys,Accessed on 2025-07-08 00:00:007,0.0,1
1117,VISp,EXC,Sim1,L4,EXC,Sim1,L23,50.0,75.0,100.0,125.0,AISynphys,Accessed on 2025-07-08 00:00:007,0.0,1
1118,VISp,EXC,Sim1,L4,EXC,Sim1,L23,75.0,100.0,0.0,25.0,AISynphys,Accessed on 2025-07-08 00:00:007,0.0,1
1119,VISp,EXC,Sim1,L4,EXC,Sim1,L23,75.0,100.0,25.0,50.0,AISynphys,Accessed on 2025-07-08 00:00:007,0.0,1
1120,VISp,EXC,Sim1,L4,EXC,Sim1,L23,75.0,100.0,50.0,75.0,AISynphys,Accessed on 2025-07-08 00:00:007,0.0,1
1121,VISp,EXC,Sim1,L4,EXC,Sim1,L23,75.0,100.0,75.0,100.0,AISynphys,Accessed on 2025-07-08 00:00:007,0.0,1
1122,VISp,EXC,Sim1,L4,EXC,Sim1,L23,100.0,125.0,25.0,50.0,AISynphys,Accessed on 2025-07-08 00:00:007,0.0,1
1123,VISp,EXC,Sim1,L4,EXC,Sim1,L4,0.0,25.0,0.0,25.0,AISynphys,Accessed on 2025-07-08 00:00:007,0.07894736842105263,38
1124,VISp,EXC,Sim1,L4,EXC,Sim1,L4,0.0,25.0,25.0,50.0,AISynphys,Accessed on 2025-07-08 00:00:007,0.0,10
1125,VISp,EXC,Sim1,L4,EXC,Sim1,L4,0.0,25.0,50.0,75.0,AISynphys,Accessed on 2025-07-08 00:00:007,0.0,6
1126,VISp,EXC,Sim1,L4,EXC,Sim1,L4,25.0,50.0,0.0,25.0,AISynphys,Accessed on 2025-07-08 00:00:007,0.1,40
1127,VISp,EXC,Sim1,L4,EXC,Sim1,L4,25.0,50.0,25.0,50.0,AISynphys,Accessed on 2025-07-08 00:00:007,0.05,20
1128,VISp,EXC,Sim1,L4,EXC,Sim1,L4,25.0,50.0,50.0,75.0,AISynphys,Accessed on 2025-07-08 00:00:007,0.0,2
1129,VISp,EXC,Sim1,L4,EXC,Sim1,L4,25.0,50.0,75.0,100.0,AISynphys,Accessed on 2025-07-08 00:00:007,0.0,2
1130,VISp,EXC,Sim1,L4,EXC,Sim1,L4,50.0,75.0,0.0,25.0,AISynphys,Accessed on 2025-07-08 00:00:007,0.03125,32
1131,VISp,EXC,Sim1,L4,EXC,Sim1,L4,50.0,75.0,25.0,50.0,AISynphys,Accessed on 2025-07-08 00:00:007,0.0,10
1132,VISp,EXC,Sim1,L4,EXC,Sim1,L4,50.0,75.0,50.0,75.0,AISynphys,Accessed on 2025-07-08 00:00:007,0.125,8
1133,VISp,EXC,Sim1,L4,EXC,Sim1,L4,50.0,75.0,75.0,100.0,AISynphys,Accessed on 2025-07-08 00:00:007,0.0,4
1134,VISp,EXC,Sim1,L4,EXC,Sim1,L4,75.0,100.0,0.0,25.0,AISynphys,Accessed on 2025-07-08 00:00:007,0.1,20
1135,VISp,EXC,Sim1,L4,EXC,Sim1,L4,75.0,100.0,25.0,50.0,AISynphys,Accessed on 2025-07-08 00:00:007,0.16666666666666666,12
1136,VISp,EXC,Sim1,L4,EXC,Sim1,L4,75.0,100.0,50.0,75.0,AISynphys,Accessed on 2025-07-08 00:00:007,0.0,4
1137,VISp,EXC,Sim1,L4,EXC,Sim1,L4,100.0,125.0,0.0,25.0,AISynphys,Accessed on 2025-07-08 00:00:007,0.05555555555555555,18
1138,VISp,EXC,Sim1,L4,EXC,Sim1,L4,100.0,125.0,25.0,50.0,AISynphys,Accessed on 2025-07-08 00:00:007,0.0,6
1139,VISp,EXC,Sim1,L4,EXC,Sim1,L4,125.0,150.0,0.0,25.0,AISynphys,Accessed on 2025-07-08 00:00:007,0.25,4
1140,VISp,EXC,Sim1,L4,EXC,Sim1,L4,125.0,150.0,25.0,50.0,AISynphys,Accessed on 2025-07-08 00:00:007,0.0,6
1141,VISp,EXC,Sim1,L4,EXC,Sim1,L4,150.0,175.0,0.0,25.0,AISynphys,Accessed on 2025-07-08 00:00:007,0.0,10
1142,VISp,EXC,Sim1,L4,EXC,Sim1,L4,150.0,175.0,25.0,50.0,AISynphys,Accessed on 2025-07-08 00:00:007,0.0,2
1143,VISp,EXC,Sim1,L4,EXC,Sim1,L4,175.0,200.0,0.0,25.0,AISynphys,Accessed on 2025-07-08 00:00:007,0.0,4
1144,VISp,EXC,Sim1,L4,EXC,Sim1,L4,175.0,200.0,50.0,75.0,AISynphys,Accessed on 2025-07-08 00:00:007,0.5,2
1145,VISp,EXC,Sim1,L4,EXC,Sim1,L4,200.0,225.0,25.0,50.0,AISynphys,Accessed on 2025-07-08 00:00:007,0.0,2
1146,VISp,EXC,Sim1,L4,EXC,Sim1,L5,0.0,25.0,0.0,25.0,AISynphys,Accessed on 2025-07-08 00:00:007,0.0,16
1147,VISp,EXC,Sim1,L4,EXC,Sim1,L5,0.0,25.0,25.0,50.0,AISynphys,Accessed on 2025-07-08 00:00:007,0.04,25
1148,VISp,EXC,Sim1,L4,EXC,Sim1,L5,0.0,25.0,50.0,75.0,AISynphys,Accessed on 2025-07-08 00:00:007,0.1,10
1149,VISp,EXC,Sim1,L4,EXC,Sim1,L5,0.0,25.0,75.0,100.0,AISynphys,Accessed on 2025-07-08 00:00:007,0.25,4
1150,VISp,EXC,Sim1,L4,EXC,Sim1,L5,0.0,25.0,100.0,125.0,AISynphys,Accessed on 2025-07-08 00:00:007,0.0,2
1151,VISp,EXC,Sim1,L4,EXC,Sim1,L5,0.0,25.0,125.0,150.0,AISynphys,Accessed on 2025-07-08 00:00:007,0.0,1
1152,VISp,EXC,Sim1,L4,EXC,Sim1,L5,0.0,25.0,150.0,175.0,AISynphys,Accessed on 2025-07-08 00:00:007,0.0,2
1153,VISp,EXC,Sim1,L4,EXC,Sim1,L5,0.0,25.0,175.0,200.0,AISynphys,Accessed on 2025-07-08 00:00:007,0.0,2
1154,VISp,EXC,Sim1,L4,EXC,Sim1,L5,25.0,50.0,0.0,25.0,AISynphys,Accessed on 2025-07-08 00:00:007,0.0,17
1155,VISp,EXC,Sim1,L4,EXC,Sim1,L5,25.0,50.0,25.0,50.0,AISynphys,Accessed on 2025-07-08 00:00:007,0.058823529411764705,17
1156,VISp,EXC,Sim1,L4,EXC,Sim1,L5,25.0,50.0,50.0,75.0,AISynphys,Accessed on 2025-07-08 00:00:007,0.0,7
1157,VISp,EXC,Sim1,L4,EXC,Sim1,L5,25.0,50.0,75.0,100.0,AISynphys,Accessed on 2025-07-08 00:00:007,0.0,4
1158,VISp,EXC,Sim1,L4,EXC,Sim1,L5,25.0,50.0,100.0,125.0,AISynphys,Accessed on 2025-07-08 00:00:007,0.0,1
1159,VISp,EXC,Sim1,L4,EXC,Sim1,L5,25.0,50.0,150.0,175.0,AISynphys,Accessed on 2025-07-08 00:00:007,0.0,1
1160,VISp,EXC,Sim1,L4,EXC,Sim1,L5,50.0,75.0,0.0,25.0,AISynphys,Accessed on 2025-07-08 00:00:007,0.0,10
1161,VISp,EXC,Sim1,L4,EXC,Sim1,L5,50.0,75.0,25.0,50.0,AISynphys,Accessed on 2025-07-08 00:00:007,0.0625,16
1162,VISp,EXC,Sim1,L4,EXC,Sim1,L5,50.0,75.0,50.0,75.0,AISynphys,Accessed on 2025-07-08 00:00:007,0.0,6
1163,VISp,EXC,Sim1,L4,EXC,Sim1,L5,50.0,75.0,75.0,100.0,AISynphys,Accessed on 2025-07-08 00:00:007,0.0,2
1164,VISp,EXC,Sim1,L4,EXC,Sim1,L5,50.0,75.0,100.0,125.0,AISynphys,Accessed on 2025-07-08 00:00:007,0.0,4
1165,VISp,EXC,Sim1,L4,EXC,Sim1,L5,75.0,100.0,0.0,25.0,AISynphys,Accessed on 2025-07-08 00:00:007,0.2857142857142857,7
1166,VISp,EXC,Sim1,L4,EXC,Sim1,L5,75.0,100.0,25.0,50.0,AISynphys,Accessed on 2025-07-08 00:00:007,0.14285714285714285,7
1167,VISp,EXC,Sim1,L4,EXC,Sim1,L5,75.0,100.0,50.0,75.0,AISynphys,Accessed on 2025-07-08 00:00:007,0.0,9
1168,VISp,EXC,Sim1,L4,EXC,Sim1,L5,75.0,100.0,75.0,100.0,AISynphys,Accessed on 2025-07-08 00:00:007,0.0,5
1169,VISp,EXC,Sim1,L4,EXC,Sim1,L5,75.0,100.0,100.0,125.0,AISynphys,Accessed on 2025-07-08 00:00:007,0.0,1
1170,VISp,EXC,Sim1,L4,EXC,Sim1,L5,100.0,125.0,0.0,25.0,AISynphys,Accessed on 2025-07-08 00:00:007,0.0,9
1171,VISp,EXC,Sim1,L4,EXC,Sim1,L5,100.0,125.0,25.0,50.0,AISynphys,Accessed on 2025-07-08 00:00:007,0.0,8
1172,VISp,EXC,Sim1,L4,EXC,Sim1,L5,100.0,125.0,50.0,75.0,AISynphys,Accessed on 2025-07-08 00:00:007,0.2,5
1173,VISp,EXC,Sim1,L4,EXC,Sim1,L5,125.0,150.0,0.0,25.0,AISynphys,Accessed on 2025-07-08 00:00:007,0.0,4
1174,VISp,EXC,Sim1,L4,EXC,Sim1,L5,125.0,150.0,25.0,50.0,AISynphys,Accessed on 2025-07-08 00:00:007,0.0,6
1175,VISp,EXC,Sim1,L4,EXC,Sim1,L5,125.0,150.0,50.0,75.0,AISynphys,Accessed on 2025-07-08 00:00:007,0.0,1
1176,VISp,EXC,Sim1,L4,EXC,Sim1,L5,125.0,150.0,75.0,100.0,AISynphys,Accessed on 2025-07-08 00:00:007,0.0,1
1177,VISp,EXC,Sim1,L4,EXC,Sim1,L5,150.0,175.0,0.0,25.0,AISynphys,Accessed on 2025-07-08 00:00:007,0.0,7
1178,VISp,EXC,Sim1,L4,EXC,Sim1,L5,150.0,175.0,25.0,50.0,AISynphys,Accessed on 2025-07-08 00:00:007,0.0,4
1179,VISp,EXC,Sim1,L4,EXC,Sim1,L5,150.0,175.0,50.0,75.0,AISynphys,Accessed on 2025-07-08 00:00:007,0.0,1
1180,VISp,EXC,Sim1,L4,EXC,Sim1,L5,150.0,175.0,75.0,100.0,AISynphys,Accessed on 2025-07-08 00:00:007,0.0,2
1181,VISp,EXC,Sim1,L4,EXC,Sim1,L5,175.0,200.0,0.0,25.0,AISynphys,Accessed on 2025-07-08 00:00:007,0.0,2
1182,VISp,EXC,Sim1,L4,EXC,Sim1,L5,175.0,200.0,25.0,50.0,AISynphys,Accessed on 2025-07-08 00:00:007,0.16666666666666666,6
1183,VISp,EXC,Sim1,L4,EXC,Sim1,L5,175.0,200.0,50.0,75.0,AISynphys,Accessed on 2025-07-08 00:00:007,0.0,1
1184,VISp,EXC,Sim1,L4,EXC,Sim1,L5,175.0,200.0,150.0,175.0,AISynphys,Accessed on 2025-07-08 00:00:007,0.0,1
1185,VISp,EXC,Sim1,L4,EXC,Sim1,L5,200.0,225.0,0.0,25.0,AISynphys,Accessed on 2025-07-08 00:00:007,0.0,1
1186,VISp,EXC,Sim1,L4,EXC,Sim1,L5,200.0,225.0,25.0,50.0,AISynphys,Accessed on 2025-07-08 00:00:007,0.0,1
1187,VISp,EXC,Sim1,L4,EXC,Sim1,L5,200.0,225.0,50.0,75.0,AISynphys,Accessed on 2025-07-08 00:00:007,0.0,1
1188,VISp,EXC,Sim1,L4,EXC,Sim1,L5,225.0,250.0,0.0,25.0,AISynphys,Accessed on 2025-07-08 00:00:007,0.0,1
1189,VISp,EXC,Sim1,L4,INH,Pvalb,L23,0.0,25.0,50.0,75.0,AISynphys,Accessed on 2025-07-08 00:00:007,0.0,1
1190,VISp,EXC,Sim1,L4,INH,Pvalb,L23,25.0,50.0,75.0,100.0,AISynphys,Accessed on 2025-07-08 00:00:007,0.0,1
1191,VISp,EXC,Sim1,L4,INH,Pvalb,L4,25.0,50.0,0.0,25.0,AISynphys,Accessed on 2025-07-08 00:00:007,0.0,2
1192,VISp,EXC,Sim1,L4,INH,Pvalb,L4,50.0,75.0,0.0,25.0,AISynphys,Accessed on 2025-07-08 00:00:007,0.0,1
1193,VISp,EXC,Sim1,L4,INH,Pvalb,L4,75.0,100.0,0.0,25.0,AISynphys,Accessed on 2025-07-08 00:00:007,0.0,1
1194,VISp,EXC,Sim1,L4,INH,Pvalb,L4,125.0,150.0,0.0,25.0,AISynphys,Accessed on 2025-07-08 00:00:007,0.0,1
1195,VISp,EXC,Sim1,L4,INH,Pvalb,L5,25.0,50.0,0.0,25.0,AISynphys,Accessed on 2025-07-08 00:00:007,0.0,1
1196,VISp,EXC,Sim1,L4,INH,Pvalb,L5,25.0,50.0,25.0,50.0,AISynphys,Accessed on 2025-07-08 00:00:007,0.0,1
1197,VISp,EXC,Sim1,L4,INH,Pvalb,L5,25.0,50.0,50.0,75.0,AISynphys,Accessed on 2025-07-08 00:00:007,0.0,1
1198,VISp,EXC,Sim1,L4,INH,Pvalb,L5,50.0,75.0,100.0,125.0,AISynphys,Accessed on 2025-07-08 00:00:007,0.0,1
1199,VISp,EXC,Sim1,L4,INH,Pvalb,L5,75.0,100.0,0.0,25.0,AISynphys,Accessed on 2025-07-08 00:00:007,0.0,1
1200,VISp,EXC,Sim1,L4,INH,Pvalb,L5,75.0,100.0,50.0,75.0,AISynphys,Accessed on 2025-07-08 00:00:007,0.0,1
1201,VISp,EXC,Sim1,L4,INH,Pvalb,L5,100.0,125.0,50.0,75.0,AISynphys,Accessed on 2025-07-08 00:00:007,0.0,1
1202,VISp,EXC,Sim1,L4,INH,Pvalb,L5,125.0,150.0,0.0,25.0,AISynphys,Accessed on 2025-07-08 00:00:007,0.0,1
1203,VISp,EXC,Sim1,L4,INH,Sst,L4,0.0,25.0,0.0,25.0,AISynphys,Accessed on 2025-07-08 00:00:007,0.0,1
1204,VISp,EXC,Sim1,L4,INH,Sst,L4,25.0,50.0,0.0,25.0,AISynphys,Accessed on 2025-07-08 00:00:007,0.0,1
1205,VISp,EXC,Sim1,L4,INH,Sst,L4,50.0,75.0,0.0,25.0,AISynphys,Accessed on 2025-07-08 00:00:007,0.0,1
1206,VISp,EXC,Sim1,L4,INH,Sst,L4,50.0,75.0,25.0,50.0,AISynphys,Accessed on 2025-07-08 00:00:007,0.0,2
1207,VISp,EXC,Sim1,L4,INH,Sst,L4,75.0,100.0,0.0,25.0,AISynphys,Accessed on 2025-07-08 00:00:007,0.0,1
1208,VISp,EXC,Sim1,L4,INH,Sst,L4,100.0,125.0,0.0,25.0,AISynphys,Accessed on 2025-07-08 00:00:007,0.0,1
1209,VISp,EXC,Sim1,L4,INH,Sst,L4,150.0,175.0,0.0,25.0,AISynphys,Accessed on 2025-07-08 00:00:007,0.0,1
1210,VISp,EXC,Sim1,L4,INH,Sst,L5,0.0,25.0,0.0,25.0,AISynphys,Accessed on 2025-07-08 00:00:007,0.0,1
1211,VISp,EXC,Sim1,L4,INH,Sst,L5,0.0,25.0,25.0,50.0,AISynphys,Accessed on 2025-07-08 00:00:007,0.3333333333333333,3
1212,VISp,EXC,Sim1,L4,INH,Sst,L5,0.0,25.0,50.0,75.0,AISynphys,Accessed on 2025-07-08 00:00:007,0.0,3
1213,VISp,EXC,Sim1,L4,INH,Sst,L5,0.0,25.0,75.0,100.0,AISynphys,Accessed on 2025-07-08 00:00:007,0.0,1
1214,VISp,EXC,Sim1,L4,INH,Sst,L5,0.0,25.0,100.0,125.0,AISynphys,Accessed on 2025-07-08 00:00:007,0.0,1
1215,VISp,EXC,Sim1,L4,INH,Sst,L5,0.0,25.0,125.0,150.0,AISynphys,Accessed on 2025-07-08 00:00:007,0.0,1
1216,VISp,EXC,Sim1,L4,INH,Sst,L5,25.0,50.0,0.0,25.0,AISynphys,Accessed on 2025-07-08 00:00:007,0.0,1
1217,VISp,EXC,Sim1,L4,INH,Sst,L5,25.0,50.0,50.0,75.0,AISynphys,Accessed on 2025-07-08 00:00:007,0.0,3
1218,VISp,EXC,Sim1,L4,INH,Sst,L5,25.0,50.0,75.0,100.0,AISynphys,Accessed on 2025-07-08 00:00:007,0.0,2
1219,VISp,EXC,Sim1,L4,INH,Sst,L5,25.0,50.0,100.0,125.0,AISynphys,Accessed on 2025-07-08 00:00:007,0.0,2
1220,VISp,EXC,Sim1,L4,INH,Sst,L5,25.0,50.0,125.0,150.0,AISynphys,Accessed on 2025-07-08 00:00:007,0.0,2
1221,VISp,EXC,Sim1,L4,INH,Sst,L5,50.0,75.0,0.0,25.0,AISynphys,Accessed on 2025-07-08 00:00:007,0.0,1
1222,VISp,EXC,Sim1,L4,INH,Sst,L5,50.0,75.0,25.0,50.0,AISynphys,Accessed on 2025-07-08 00:00:007,0.0,1
1223,VISp,EXC,Sim1,L4,INH,Sst,L5,50.0,75.0,50.0,75.0,AISynphys,Accessed on 2025-07-08 00:00:007,0.0,2
1224,VISp,EXC,Sim1,L4,INH,Sst,L5,50.0,75.0,100.0,125.0,AISynphys,Accessed on 2025-07-08 00:00:007,0.5,2
1225,VISp,EXC,Sim1,L4,INH,Sst,L5,50.0,75.0,125.0,150.0,AISynphys,Accessed on 2025-07-08 00:00:007,0.0,1
1226,VISp,EXC,Sim1,L4,INH,Sst,L5,75.0,100.0,25.0,50.0,AISynphys,Accessed on 2025-07-08 00:00:007,0.0,3
1227,VISp,EXC,Sim1,L4,INH,Sst,L5,75.0,100.0,50.0,75.0,AISynphys,Accessed on 2025-07-08 00:00:007,0.0,1
1228,VISp,EXC,Sim1,L4,INH,Sst,L5,75.0,100.0,75.0,100.0,AISynphys,Accessed on 2025-07-08 00:00:007,0.0,1
1229,VISp,EXC,Sim1,L4,INH,Sst,L5,75.0,100.0,125.0,150.0,AISynphys,Accessed on 2025-07-08 00:00:007,0.0,1
1230,VISp,EXC,Sim1,L4,INH,Sst,L5,100.0,125.0,50.0,75.0,AISynphys,Accessed on 2025-07-08 00:00:007,0.0,1
1231,VISp,EXC,Sim1,L4,INH,Sst,L5,100.0,125.0,75.0,100.0,AISynphys,Accessed on 2025-07-08 00:00:007,0.0,1
1232,VISp,EXC,Sim1,L4,INH,Sst,L5,125.0,150.0,50.0,75.0,AISynphys,Accessed on 2025-07-08 00:00:007,0.0,1
1233,VISp,EXC,Sim1,L4,INH,Sst,L5,175.0,200.0,75.0,100.0,AISynphys,Accessed on 2025-07-08 00:00:007,0.0,1
1234,VISp,EXC,Sim1,L4,INH,Vip,L23,0.0,25.0,75.0,100.0,AISynphys,Accessed on 2025-07-08 00:00:007,0.0,1
1235,VISp,EXC,Sim1,L4,INH,Vip,L23,0.0,25.0,125.0,150.0,AISynphys,Accessed on 2025-07-08 00:00:007,0.0,1
1236,VISp,EXC,Sim1,L4,INH,Vip,L23,0.0,25.0,150.0,175.0,AISynphys,Accessed on 2025-07-08 00:00:007,0.0,2
1237,VISp,EXC,Sim1,L4,INH,Vip,L23,25.0,50.0,75.0,100.0,AISynphys,Accessed on 2025-07-08 00:00:007,0.0,1
1238,VISp,EXC,Sim1,L4,INH,Vip,L23,25.0,50.0,150.0,175.0,AISynphys,Accessed on 2025-07-08 00:00:007,0.0,2
1239,VISp,EXC,Sim1,L4,INH,Vip,L23,25.0,50.0,200.0,225.0,AISynphys,Accessed on 2025-07-08 00:00:007,0.0,1
1240,VISp,EXC,Sim1,L4,INH,Vip,L23,50.0,75.0,50.0,75.0,AISynphys,Accessed on 2025-07-08 00:00:007,0.0,1
1241,VISp,EXC,Sim1,L4,INH,Vip,L23,50.0,75.0,100.0,125.0,AISynphys,Accessed on 2025-07-08 00:00:007,0.0,1
1242,VISp,EXC,Sim1,L4,INH,Vip,L23,50.0,75.0,150.0,175.0,AISynphys,Accessed on 2025-07-08 00:00:007,0.0,1
1243,VISp,EXC,Sim1,L4,INH,Vip,L23,50.0,75.0,225.0,250.0,AISynphys,Accessed on 2025-07-08 00:00:007,0.0,1
1244,VISp,EXC,Sim1,L4,INH,Vip,L23,50.0,75.0,250.0,275.0,AISynphys,Accessed on 2025-07-08 00:00:007,0.0,1
1245,VISp,EXC,Sim1,L4,INH,Vip,L23,75.0,100.0,125.0,150.0,AISynphys,Accessed on 2025-07-08 00:00:007,0.0,3
1246,VISp,EXC,Sim1,L4,INH,Vip,L23,75.0,100.0,175.0,200.0,AISynphys,Accessed on 2025-07-08 00:00:007,0.0,1
1247,VISp,EXC,Sim1,L4,INH,Vip,L23,100.0,125.0,125.0,150.0,AISynphys,Accessed on 2025-07-08 00:00:007,0.0,1
1248,VISp,EXC,Sim1,L4,INH,Vip,L23,100.0,125.0,150.0,175.0,AISynphys,Accessed on 2025-07-08 00:00:007,0.0,1
1249,VISp,EXC,Sim1,L4,INH,Vip,L23,125.0,150.0,75.0,100.0,AISynphys,Accessed on 2025-07-08 00:00:007,0.0,1
1250,VISp,EXC,Sim1,L4,INH,Vip,L23,125.0,150.0,100.0,125.0,AISynphys,Accessed on 2025-07-08 00:00:007,0.0,1
1251,VISp,EXC,Sim1,L4,INH,Vip,L23,150.0,175.0,175.0,200.0,AISynphys,Accessed on 2025-07-08 00:00:007,0.0,1
1252,VISp,EXC,Sim1,L4,INH,Vip,L4,0.0,25.0,0.0,25.0,AISynphys,Accessed on 2025-07-08 00:00:007,0.0,1
1253,VISp,EXC,Sim1,L4,INH,Vip,L4,0.0,25.0,25.0,50.0,AISynphys,Accessed on 2025-07-08 00:00:007,0.0,2
1254,VISp,EXC,Sim1,L4,INH,Vip,L4,0.0,25.0,75.0,100.0,AISynphys,Accessed on 2025-07-08 00:00:007,0.0,1
1255,VISp,EXC,Sim1,L4,INH,Vip,L4,0.0,25.0,125.0,150.0,AISynphys,Accessed on 2025-07-08 00:00:007,0.0,1
1256,VISp,EXC,Sim1,L4,INH,Vip,L4,25.0,50.0,0.0,25.0,AISynphys,Accessed on 2025-07-08 00:00:007,0.0,1
1257,VISp,EXC,Sim1,L4,INH,Vip,L4,25.0,50.0,25.0,50.0,AISynphys,Accessed on 2025-07-08 00:00:007,0.0,5
1258,VISp,EXC,Sim1,L4,INH,Vip,L4,25.0,50.0,75.0,100.0,AISynphys,Accessed on 2025-07-08 00:00:007,0.0,1
1259,VISp,EXC,Sim1,L4,INH,Vip,L4,50.0,75.0,0.0,25.0,AISynphys,Accessed on 2025-07-08 00:00:007,0.0,2
1260,VISp,EXC,Sim1,L4,INH,Vip,L4,50.0,75.0,25.0,50.0,AISynphys,Accessed on 2025-07-08 00:00:007,0.0,3
1261,VISp,EXC,Sim1,L4,INH,Vip,L4,50.0,75.0,50.0,75.0,AISynphys,Accessed on 2025-07-08 00:00:007,0.0,2
1262,VISp,EXC,Sim1,L4,INH,Vip,L4,50.0,75.0,75.0,100.0,AISynphys,Accessed on 2025-07-08 00:00:007,0.0,2
1263,VISp,EXC,Sim1,L4,INH,Vip,L4,50.0,75.0,100.0,125.0,AISynphys,Accessed on 2025-07-08 00:00:007,0.0,2
1264,VISp,EXC,Sim1,L4,INH,Vip,L4,75.0,100.0,0.0,25.0,AISynphys,Accessed on 2025-07-08 00:00:007,0.0,2
1265,VISp,EXC,Sim1,L4,INH,Vip,L4,100.0,125.0,0.0,25.0,AISynphys,Accessed on 2025-07-08 00:00:007,0.0,1
1266,VISp,EXC,Sim1,L4,INH,Vip,L4,125.0,150.0,0.0,25.0,AISynphys,Accessed on 2025-07-08 00:00:007,0.0,1
1267,VISp,EXC,Sim1,L4,INH,Vip,L4,150.0,175.0,0.0,25.0,AISynphys,Accessed on 2025-07-08 00:00:007,0.0,1
1268,VISp,EXC,Sim1,L4,INH,Vip,L4,150.0,175.0,50.0,75.0,AISynphys,Accessed on 2025-07-08 00:00:007,0.0,1
1269,VISp,EXC,Sim1,L4,INH,Vip,L4,175.0,200.0,0.0,25.0,AISynphys,Accessed on 2025-07-08 00:00:007,0.0,1
1270,VISp,EXC,Sim1,L4,INH,Vip,L4,175.0,200.0,25.0,50.0,AISynphys,Accessed on 2025-07-08 00:00:007,0.0,2
1271,VISp,EXC,Sim1,L4,INH,Vip,L5,25.0,50.0,25.0,50.0,AISynphys,Accessed on 2025-07-08 00:00:007,0.0,1
1272,VISp,EXC,Sim1,L4,INH,Vip,L5,25.0,50.0,50.0,75.0,AISynphys,Accessed on 2025-07-08 00:00:007,0.0,1
1273,VISp,EXC,Sim1,L4,INH,Vip,L5,50.0,75.0,0.0,25.0,AISynphys,Accessed on 2025-07-08 00:00:007,0.0,1
1274,VISp,EXC,Sim1,L4,INH,Vip,L5,50.0,75.0,25.0,50.0,AISynphys,Accessed on 2025-07-08 00:00:007,0.0,2
1275,VISp,EXC,Sim1,L4,INH,Vip,L5,50.0,75.0,75.0,100.0,AISynphys,Accessed on 2025-07-08 00:00:007,0.0,1
1276,VISp,EXC,Sim1,L4,INH,Vip,L5,100.0,125.0,25.0,50.0,AISynphys,Accessed on 2025-07-08 00:00:007,0.0,1
1277,VISp,EXC,Sim1,L4,INH,Vip,L5,175.0,200.0,50.0,75.0,AISynphys,Accessed on 2025-07-08 00:00:007,0.0,1
1278,VISp,EXC,Sim1,L5,EXC,Sim1,L23,75.0,100.0,50.0,75.0,AISynphys,Accessed on 2025-07-08 00:00:007,0.0,1
1279,VISp,EXC,Sim1,L5,EXC,Sim1,L23,125.0,150.0,50.0,75.0,AISynphys,Accessed on 2025-07-08 00:00:007,0.0,1
1280,VISp,EXC,Sim1,L5,EXC,Sim1,L4,0.0,25.0,0.0,25.0,AISynphys,Accessed on 2025-07-08 00:00:007,0.0,16
1281,VISp,EXC,Sim1,L5,EXC,Sim1,L4,0.0,25.0,25.0,50.0,AISynphys,Accessed on 2025-07-08 00:00:007,0.04,25
1282,VISp,EXC,Sim1,L5,EXC,Sim1,L4,0.0,25.0,50.0,75.0,AISynphys,Accessed on 2025-07-08 00:00:007,0.1,10
1283,VISp,EXC,Sim1,L5,EXC,Sim1,L4,0.0,25.0,75.0,100.0,AISynphys,Accessed on 2025-07-08 00:00:007,0.0,4
1284,VISp,EXC,Sim1,L5,EXC,Sim1,L4,0.0,25.0,100.0,125.0,AISynphys,Accessed on 2025-07-08 00:00:007,0.0,2
1285,VISp,EXC,Sim1,L5,EXC,Sim1,L4,0.0,25.0,125.0,150.0,AISynphys,Accessed on 2025-07-08 00:00:007,0.0,1
1286,VISp,EXC,Sim1,L5,EXC,Sim1,L4,0.0,25.0,150.0,175.0,AISynphys,Accessed on 2025-07-08 00:00:007,0.0,2
1287,VISp,EXC,Sim1,L5,EXC,Sim1,L4,0.0,25.0,175.0,200.0,AISynphys,Accessed on 2025-07-08 00:00:007,0.0,2
1288,VISp,EXC,Sim1,L5,EXC,Sim1,L4,25.0,50.0,0.0,25.0,AISynphys,Accessed on 2025-07-08 00:00:007,0.17647058823529413,17
1289,VISp,EXC,Sim1,L5,EXC,Sim1,L4,25.0,50.0,25.0,50.0,AISynphys,Accessed on 2025-07-08 00:00:007,0.058823529411764705,17
1290,VISp,EXC,Sim1,L5,EXC,Sim1,L4,25.0,50.0,50.0,75.0,AISynphys,Accessed on 2025-07-08 00:00:007,0.0,7
1291,VISp,EXC,Sim1,L5,EXC,Sim1,L4,25.0,50.0,75.0,100.0,AISynphys,Accessed on 2025-07-08 00:00:007,0.0,4
1292,VISp,EXC,Sim1,L5,EXC,Sim1,L4,25.0,50.0,100.0,125.0,AISynphys,Accessed on 2025-07-08 00:00:007,0.0,1
1293,VISp,EXC,Sim1,L5,EXC,Sim1,L4,25.0,50.0,150.0,175.0,AISynphys,Accessed on 2025-07-08 00:00:007,0.0,1
1294,VISp,EXC,Sim1,L5,EXC,Sim1,L4,50.0,75.0,0.0,25.0,AISynphys,Accessed on 2025-07-08 00:00:007,0.0,10
1295,VISp,EXC,Sim1,L5,EXC,Sim1,L4,50.0,75.0,25.0,50.0,AISynphys,Accessed on 2025-07-08 00:00:007,0.125,16
1296,VISp,EXC,Sim1,L5,EXC,Sim1,L4,50.0,75.0,50.0,75.0,AISynphys,Accessed on 2025-07-08 00:00:007,0.16666666666666666,6
1297,VISp,EXC,Sim1,L5,EXC,Sim1,L4,50.0,75.0,75.0,100.0,AISynphys,Accessed on 2025-07-08 00:00:007,0.0,2
1298,VISp,EXC,Sim1,L5,EXC,Sim1,L4,50.0,75.0,100.0,125.0,AISynphys,Accessed on 2025-07-08 00:00:007,0.0,4
1299,VISp,EXC,Sim1,L5,EXC,Sim1,L4,75.0,100.0,0.0,25.0,AISynphys,Accessed on 2025-07-08 00:00:007,0.0,7
1300,VISp,EXC,Sim1,L5,EXC,Sim1,L4,75.0,100.0,25.0,50.0,AISynphys,Accessed on 2025-07-08 00:00:007,0.0,7
1301,VISp,EXC,Sim1,L5,EXC,Sim1,L4,75.0,100.0,50.0,75.0,AISynphys,Accessed on 2025-07-08 00:00:007,0.0,9
1302,VISp,EXC,Sim1,L5,EXC,Sim1,L4,75.0,100.0,75.0,100.0,AISynphys,Accessed on 2025-07-08 00:00:007,0.0,5
1303,VISp,EXC,Sim1,L5,EXC,Sim1,L4,75.0,100.0,100.0,125.0,AISynphys,Accessed on 2025-07-08 00:00:007,0.0,1
1304,VISp,EXC,Sim1,L5,EXC,Sim1,L4,100.0,125.0,0.0,25.0,AISynphys,Accessed on 2025-07-08 00:00:007,0.0,9
1305,VISp,EXC,Sim1,L5,EXC,Sim1,L4,100.0,125.0,25.0,50.0,AISynphys,Accessed on 2025-07-08 00:00:007,0.0,8
1306,VISp,EXC,Sim1,L5,EXC,Sim1,L4,100.0,125.0,50.0,75.0,AISynphys,Accessed on 2025-07-08 00:00:007,0.0,5
1307,VISp,EXC,Sim1,L5,EXC,Sim1,L4,125.0,150.0,0.0,25.0,AISynphys,Accessed on 2025-07-08 00:00:007,0.0,4
1308,VISp,EXC,Sim1,L5,EXC,Sim1,L4,125.0,150.0,25.0,50.0,AISynphys,Accessed on 2025-07-08 00:00:007,0.0,6
1309,VISp,EXC,Sim1,L5,EXC,Sim1,L4,125.0,150.0,50.0,75.0,AISynphys,Accessed on 2025-07-08 00:00:007,0.0,1
1310,VISp,EXC,Sim1,L5,EXC,Sim1,L4,125.0,150.0,75.0,100.0,AISynphys,Accessed on 2025-07-08 00:00:007,0.0,1
1311,VISp,EXC,Sim1,L5,EXC,Sim1,L4,150.0,175.0,0.0,25.0,AISynphys,Accessed on 2025-07-08 00:00:007,0.0,7
1312,VISp,EXC,Sim1,L5,EXC,Sim1,L4,150.0,175.0,25.0,50.0,AISynphys,Accessed on 2025-07-08 00:00:007,0.0,4
1313,VISp,EXC,Sim1,L5,EXC,Sim1,L4,150.0,175.0,50.0,75.0,AISynphys,Accessed on 2025-07-08 00:00:007,0.0,1
1314,VISp,EXC,Sim1,L5,EXC,Sim1,L4,150.0,175.0,75.0,100.0,AISynphys,Accessed on 2025-07-08 00:00:007,0.0,2
1315,VISp,EXC,Sim1,L5,EXC,Sim1,L4,175.0,200.0,0.0,25.0,AISynphys,Accessed on 2025-07-08 00:00:007,0.0,2
1316,VISp,EXC,Sim1,L5,EXC,Sim1,L4,175.0,200.0,25.0,50.0,AISynphys,Accessed on 2025-07-08 00:00:007,0.0,6
1317,VISp,EXC,Sim1,L5,EXC,Sim1,L4,175.0,200.0,50.0,75.0,AISynphys,Accessed on 2025-07-08 00:00:007,0.0,1
1318,VISp,EXC,Sim1,L5,EXC,Sim1,L4,175.0,200.0,150.0,175.0,AISynphys,Accessed on 2025-07-08 00:00:007,0.0,1
1319,VISp,EXC,Sim1,L5,EXC,Sim1,L4,200.0,225.0,0.0,25.0,AISynphys,Accessed on 2025-07-08 00:00:007,0.0,1
1320,VISp,EXC,Sim1,L5,EXC,Sim1,L4,200.0,225.0,25.0,50.0,AISynphys,Accessed on 2025-07-08 00:00:007,0.0,1
1321,VISp,EXC,Sim1,L5,EXC,Sim1,L4,200.0,225.0,50.0,75.0,AISynphys,Accessed on 2025-07-08 00:00:007,0.0,1
1322,VISp,EXC,Sim1,L5,EXC,Sim1,L4,225.0,250.0,0.0,25.0,AISynphys,Accessed on 2025-07-08 00:00:007,0.0,1
1323,VISp,EXC,Sim1,L5,EXC,Sim1,L5,0.0,25.0,0.0,25.0,AISynphys,Accessed on 2025-07-08 00:00:007,0.09859154929577464,142
1324,VISp,EXC,Sim1,L5,EXC,Sim1,L5,0.0,25.0,25.0,50.0,AISynphys,Accessed on 2025-07-08 00:00:007,0.014705882352941176,68
1325,VISp,EXC,Sim1,L5,EXC,Sim1,L5,0.0,25.0,50.0,75.0,AISynphys,Accessed on 2025-07-08 00:00:007,0.0,18
1326,VISp,EXC,Sim1,L5,EXC,Sim1,L5,0.0,25.0,75.0,100.0,AISynphys,Accessed on 2025-07-08 00:00:007,0.0,2
1327,VISp,EXC,Sim1,L5,EXC,Sim1,L5,0.0,25.0,100.0,125.0,AISynphys,Accessed on 2025-07-08 00:00:007,0.0,4
1328,VISp,EXC,Sim1,L5,EXC,Sim1,L5,0.0,25.0,150.0,175.0,AISynphys,Accessed on 2025-07-08 00:00:007,0.0,2
1329,VISp,EXC,Sim1,L5,EXC,Sim1,L5,25.0,50.0,0.0,25.0,AISynphys,Accessed on 2025-07-08 00:00:007,0.04487179487179487,156
1330,VISp,EXC,Sim1,L5,EXC,Sim1,L5,25.0,50.0,25.0,50.0,AISynphys,Accessed on 2025-07-08 00:00:007,0.08928571428571429,56
1331,VISp,EXC,Sim1,L5,EXC,Sim1,L5,25.0,50.0,50.0,75.0,AISynphys,Accessed on 2025-07-08 00:00:007,0.2,10
1332,VISp,EXC,Sim1,L5,EXC,Sim1,L5,25.0,50.0,75.0,100.0,AISynphys,Accessed on 2025-07-08 00:00:007,0.0,8
1333,VISp,EXC,Sim1,L5,EXC,Sim1,L5,25.0,50.0,100.0,125.0,AISynphys,Accessed on 2025-07-08 00:00:007,0.0,2
1334,VISp,EXC,Sim1,L5,EXC,Sim1,L5,25.0,50.0,125.0,150.0,AISynphys,Accessed on 2025-07-08 00:00:007,0.0,4
1335,VISp,EXC,Sim1,L5,EXC,Sim1,L5,50.0,75.0,0.0,25.0,AISynphys,Accessed on 2025-07-08 00:00:007,0.023809523809523808,126
1336,VISp,EXC,Sim1,L5,EXC,Sim1,L5,50.0,75.0,25.0,50.0,AISynphys,Accessed on 2025-07-08 00:00:007,0.034482758620689655,58
1337,VISp,EXC,Sim1,L5,EXC,Sim1,L5,50.0,75.0,50.0,75.0,AISynphys,Accessed on 2025-07-08 00:00:007,0.125,8
1338,VISp,EXC,Sim1,L5,EXC,Sim1,L5,50.0,75.0,100.0,125.0,AISynphys,Accessed on 2025-07-08 00:00:007,0.0,10
1339,VISp,EXC,Sim1,L5,EXC,Sim1,L5,50.0,75.0,125.0,150.0,AISynphys,Accessed on 2025-07-08 00:00:007,0.0,2
1340,VISp,EXC,Sim1,L5,EXC,Sim1,L5,75.0,100.0,0.0,25.0,AISynphys,Accessed on 2025-07-08 00:00:007,0.06976744186046512,86
1341,VISp,EXC,Sim1,L5,EXC,Sim1,L5,75.0,100.0,25.0,50.0,AISynphys,Accessed on 2025-07-08 00:00:007,0.038461538461538464,52
1342,VISp,EXC,Sim1,L5,EXC,Sim1,L5,75.0,100.0,50.0,75.0,AISynphys,Accessed on 2025-07-08 00:00:007,0.125,8
1343,VISp,EXC,Sim1,L5,EXC,Sim1,L5,75.0,100.0,75.0,100.0,AISynphys,Accessed on 2025-07-08 00:00:007,0.0,2
1344,VISp,EXC,Sim1,L5,EXC,Sim1,L5,75.0,100.0,100.0,125.0,AISynphys,Accessed on 2025-07-08 00:00:007,0.0,4
1345,VISp,EXC,Sim1,L5,EXC,Sim1,L5,75.0,100.0,125.0,150.0,AISynphys,Accessed on 2025-07-08 00:00:007,0.0,2
1346,VISp,EXC,Sim1,L5,EXC,Sim1,L5,75.0,100.0,150.0,175.0,AISynphys,Accessed on 2025-07-08 00:00:007,0.0,2
1347,VISp,EXC,Sim1,L5,EXC,Sim1,L5,100.0,125.0,0.0,25.0,AISynphys,Accessed on 2025-07-08 00:00:007,0.046875,64
1348,VISp,EXC,Sim1,L5,EXC,Sim1,L5,100.0,125.0,25.0,50.0,AISynphys,Accessed on 2025-07-08 00:00:007,0.0625,32
1349,VISp,EXC,Sim1,L5,EXC,Sim1,L5,100.0,125.0,50.0,75.0,AISynphys,Accessed on 2025-07-08 00:00:007,0.0,10
1350,VISp,EXC,Sim1,L5,EXC,Sim1,L5,100.0,125.0,75.0,100.0,AISynphys,Accessed on 2025-07-08 00:00:007,0.0,8
1351,VISp,EXC,Sim1,L5,EXC,Sim1,L5,100.0,125.0,100.0,125.0,AISynphys,Accessed on 2025-07-08 00:00:007,0.0,4
1352,VISp,EXC,Sim1,L5,EXC,Sim1,L5,125.0,150.0,0.0,25.0,AISynphys,Accessed on 2025-07-08 00:00:007,0.09375,32
1353,VISp,EXC,Sim1,L5,EXC,Sim1,L5,125.0,150.0,25.0,50.0,AISynphys,Accessed on 2025-07-08 00:00:007,0.0,12
1354,VISp,EXC,Sim1,L5,EXC,Sim1,L5,125.0,150.0,50.0,75.0,AISynphys,Accessed on 2025-07-08 00:00:007,0.0,6
1355,VISp,EXC,Sim1,L5,EXC,Sim1,L5,125.0,150.0,75.0,100.0,AISynphys,Accessed on 2025-07-08 00:00:007,0.0,4
1356,VISp,EXC,Sim1,L5,EXC,Sim1,L5,125.0,150.0,100.0,125.0,AISynphys,Accessed on 2025-07-08 00:00:007,0.0,6
1357,VISp,EXC,Sim1,L5,EXC,Sim1,L5,150.0,175.0,0.0,25.0,AISynphys,Accessed on 2025-07-08 00:00:007,0.0,24
1358,VISp,EXC,Sim1,L5,EXC,Sim1,L5,150.0,175.0,25.0,50.0,AISynphys,Accessed on 2025-07-08 00:00:007,0.0,10
1359,VISp,EXC,Sim1,L5,EXC,Sim1,L5,150.0,175.0,50.0,75.0,AISynphys,Accessed on 2025-07-08 00:00:007,0.0,4
1360,VISp,EXC,Sim1,L5,EXC,Sim1,L5,150.0,175.0,75.0,100.0,AISynphys,Accessed on 2025-07-08 00:00:007,0.0,2
1361,VISp,EXC,Sim1,L5,EXC,Sim1,L5,150.0,175.0,100.0,125.0,AISynphys,Accessed on 2025-07-08 00:00:007,0.5,2
1362,VISp,EXC,Sim1,L5,EXC,Sim1,L5,150.0,175.0,125.0,150.0,AISynphys,Accessed on 2025-07-08 00:00:007,0.0,2
1363,VISp,EXC,Sim1,L5,EXC,Sim1,L5,175.0,200.0,0.0,25.0,AISynphys,Accessed on 2025-07-08 00:00:007,0.0,16
1364,VISp,EXC,Sim1,L5,EXC,Sim1,L5,175.0,200.0,25.0,50.0,AISynphys,Accessed on 2025-07-08 00:00:007,0.0,6
1365,VISp,EXC,Sim1,L5,EXC,Sim1,L5,175.0,200.0,50.0,75.0,AISynphys,Accessed on 2025-07-08 00:00:007,0.0,4
1366,VISp,EXC,Sim1,L5,EXC,Sim1,L5,175.0,200.0,150.0,175.0,AISynphys,Accessed on 2025-07-08 00:00:007,0.0,2
1367,VISp,EXC,Sim1,L5,EXC,Sim1,L5,200.0,225.0,0.0,25.0,AISynphys,Accessed on 2025-07-08 00:00:007,0.1,10
1368,VISp,EXC,Sim1,L5,EXC,Sim1,L5,200.0,225.0,25.0,50.0,AISynphys,Accessed on 2025-07-08 00:00:007,0.0,4
1369,VISp,EXC,Sim1,L5,EXC,Sim1,L5,200.0,225.0,50.0,75.0,AISynphys,Accessed on 2025-07-08 00:00:007,0.0,2
1370,VISp,EXC,Sim1,L5,EXC,Sim1,L5,225.0,250.0,0.0,25.0,AISynphys,Accessed on 2025-07-08 00:00:007,0.0,2
1371,VISp,EXC,Sim1,L5,EXC,Sim1,L5,250.0,275.0,0.0,25.0,AISynphys,Accessed on 2025-07-08 00:00:007,0.0,2
1372,VISp,EXC,Sim1,L5,EXC,Sim1,L5,250.0,275.0,50.0,75.0,AISynphys,Accessed on 2025-07-08 00:00:007,0.0,2
1373,VISp,EXC,Sim1,L5,EXC,Sim1,L5,300.0,325.0,50.0,75.0,AISynphys,Accessed on 2025-07-08 00:00:007,0.0,2
1374,VISp,EXC,Sim1,L5,EXC,Sim1,L6a,25.0,50.0,100.0,125.0,AISynphys,Accessed on 2025-07-08 00:00:007,0.0,1
1375,VISp,EXC,Sim1,L5,INH,Pvalb,L23,0.0,25.0,100.0,125.0,AISynphys,Accessed on 2025-07-08 00:00:007,0.0,1
1376,VISp,EXC,Sim1,L5,INH,Pvalb,L23,0.0,25.0,200.0,225.0,AISynphys,Accessed on 2025-07-08 00:00:007,0.0,1
1377,VISp,EXC,Sim1,L5,INH,Pvalb,L23,0.0,25.0,300.0,325.0,AISynphys,Accessed on 2025-07-08 00:00:007,0.0,1
1378,VISp,EXC,Sim1,L5,INH,Pvalb,L23,0.0,25.0,350.0,375.0,AISynphys,Accessed on 2025-07-08 00:00:007,0.0,1
1379,VISp,EXC,Sim1,L5,INH,Pvalb,L23,0.0,25.0,375.0,400.0,AISynphys,Accessed on 2025-07-08 00:00:007,0.0,1
1380,VISp,EXC,Sim1,L5,INH,Pvalb,L23,25.0,50.0,225.0,250.0,AISynphys,Accessed on 2025-07-08 00:00:007,0.0,1
1381,VISp,EXC,Sim1,L5,INH,Pvalb,L23,25.0,50.0,250.0,275.0,AISynphys,Accessed on 2025-07-08 00:00:007,0.0,1
1382,VISp,EXC,Sim1,L5,INH,Pvalb,L23,25.0,50.0,350.0,375.0,AISynphys,Accessed on 2025-07-08 00:00:007,0.0,1
1383,VISp,EXC,Sim1,L5,INH,Pvalb,L23,25.0,50.0,375.0,400.0,AISynphys,Accessed on 2025-07-08 00:00:007,0.0,1
1384,VISp,EXC,Sim1,L5,INH,Pvalb,L23,50.0,75.0,225.0,250.0,AISynphys,Accessed on 2025-07-08 00:00:007,0.0,1
1385,VISp,EXC,Sim1,L5,INH,Pvalb,L23,75.0,100.0,175.0,200.0,AISynphys,Accessed on 2025-07-08 00:00:007,0.0,1
1386,VISp,EXC,Sim1,L5,INH,Pvalb,L23,75.0,100.0,350.0,375.0,AISynphys,Accessed on 2025-07-08 00:00:007,0.0,1
1387,VISp,EXC,Sim1,L5,INH,Pvalb,L23,100.0,125.0,300.0,325.0,AISynphys,Accessed on 2025-07-08 00:00:007,0.0,1
1388,VISp,EXC,Sim1,L5,INH,Pvalb,L23,125.0,150.0,175.0,200.0,AISynphys,Accessed on 2025-07-08 00:00:007,0.0,1
1389,VISp,EXC,Sim1,L5,INH,Pvalb,L23,150.0,175.0,350.0,375.0,AISynphys,Accessed on 2025-07-08 00:00:007,0.0,1
1390,VISp,EXC,Sim1,L5,INH,Pvalb,L23,175.0,200.0,400.0,425.0,AISynphys,Accessed on 2025-07-08 00:00:007,0.0,1
1391,VISp,EXC,Sim1,L5,INH,Pvalb,L23,200.0,225.0,150.0,175.0,AISynphys,Accessed on 2025-07-08 00:00:007,0.0,1
1392,VISp,EXC,Sim1,L5,INH,Pvalb,L23,250.0,275.0,275.0,300.0,AISynphys,Accessed on 2025-07-08 00:00:007,0.0,1
1393,VISp,EXC,Sim1,L5,INH,Pvalb,L23,250.0,275.0,425.0,450.0,AISynphys,Accessed on 2025-07-08 00:00:007,0.0,1
1394,VISp,EXC,Sim1,L5,INH,Pvalb,L4,0.0,25.0,0.0,25.0,AISynphys,Accessed on 2025-07-08 00:00:007,0.0,1
1395,VISp,EXC,Sim1,L5,INH,Pvalb,L4,0.0,25.0,25.0,50.0,AISynphys,Accessed on 2025-07-08 00:00:007,0.0,3
1396,VISp,EXC,Sim1,L5,INH,Pvalb,L4,0.0,25.0,50.0,75.0,AISynphys,Accessed on 2025-07-08 00:00:007,0.0,3
1397,VISp,EXC,Sim1,L5,INH,Pvalb,L4,0.0,25.0,100.0,125.0,AISynphys,Accessed on 2025-07-08 00:00:007,0.0,1
1398,VISp,EXC,Sim1,L5,INH,Pvalb,L4,25.0,50.0,0.0,25.0,AISynphys,Accessed on 2025-07-08 00:00:007,0.0,1
1399,VISp,EXC,Sim1,L5,INH,Pvalb,L4,25.0,50.0,50.0,75.0,AISynphys,Accessed on 2025-07-08 00:00:007,0.0,1
1400,VISp,EXC,Sim1,L5,INH,Pvalb,L4,25.0,50.0,150.0,175.0,AISynphys,Accessed on 2025-07-08 00:00:007,0.0,1
1401,VISp,EXC,Sim1,L5,INH,Pvalb,L4,25.0,50.0,175.0,200.0,AISynphys,Accessed on 2025-07-08 00:00:007,0.0,1
1402,VISp,EXC,Sim1,L5,INH,Pvalb,L4,50.0,75.0,25.0,50.0,AISynphys,Accessed on 2025-07-08 00:00:007,0.0,2
1403,VISp,EXC,Sim1,L5,INH,Pvalb,L4,50.0,75.0,100.0,125.0,AISynphys,Accessed on 2025-07-08 00:00:007,0.0,1
1404,VISp,EXC,Sim1,L5,INH,Pvalb,L4,50.0,75.0,125.0,150.0,AISynphys,Accessed on 2025-07-08 00:00:007,0.0,1
1405,VISp,EXC,Sim1,L5,INH,Pvalb,L4,75.0,100.0,0.0,25.0,AISynphys,Accessed on 2025-07-08 00:00:007,0.0,1
1406,VISp,EXC,Sim1,L5,INH,Pvalb,L4,75.0,100.0,25.0,50.0,AISynphys,Accessed on 2025-07-08 00:00:007,0.0,1
1407,VISp,EXC,Sim1,L5,INH,Pvalb,L4,75.0,100.0,50.0,75.0,AISynphys,Accessed on 2025-07-08 00:00:007,0.0,1
1408,VISp,EXC,Sim1,L5,INH,Pvalb,L4,75.0,100.0,150.0,175.0,AISynphys,Accessed on 2025-07-08 00:00:007,0.0,1
1409,VISp,EXC,Sim1,L5,INH,Pvalb,L4,100.0,125.0,25.0,50.0,AISynphys,Accessed on 2025-07-08 00:00:007,0.0,1
1410,VISp,EXC,Sim1,L5,INH,Pvalb,L4,125.0,150.0,50.0,75.0,AISynphys,Accessed on 2025-07-08 00:00:007,0.0,1
1411,VISp,EXC,Sim1,L5,INH,Pvalb,L4,200.0,225.0,25.0,50.0,AISynphys,Accessed on 2025-07-08 00:00:007,0.0,1
1412,VISp,EXC,Sim1,L5,INH,Pvalb,L4,225.0,250.0,50.0,75.0,AISynphys,Accessed on 2025-07-08 00:00:007,0.0,1
1413,VISp,EXC,Sim1,L5,INH,Pvalb,L5,0.0,25.0,0.0,25.0,AISynphys,Accessed on 2025-07-08 00:00:007,0.0,10
1414,VISp,EXC,Sim1,L5,INH,Pvalb,L5,0.0,25.0,25.0,50.0,AISynphys,Accessed on 2025-07-08 00:00:007,0.0,12
1415,VISp,EXC,Sim1,L5,INH,Pvalb,L5,0.0,25.0,50.0,75.0,AISynphys,Accessed on 2025-07-08 00:00:007,0.3333333333333333,3
1416,VISp,EXC,Sim1,L5,INH,Pvalb,L5,0.0,25.0,75.0,100.0,AISynphys,Accessed on 2025-07-08 00:00:007,0.0,3
1417,VISp,EXC,Sim1,L5,INH,Pvalb,L5,25.0,50.0,0.0,25.0,AISynphys,Accessed on 2025-07-08 00:00:007,0.0,4
1418,VISp,EXC,Sim1,L5,INH,Pvalb,L5,25.0,50.0,25.0,50.0,AISynphys,Accessed on 2025-07-08 00:00:007,0.16666666666666666,6
1419,VISp,EXC,Sim1,L5,INH,Pvalb,L5,25.0,50.0,50.0,75.0,AISynphys,Accessed on 2025-07-08 00:00:007,0.0,2
1420,VISp,EXC,Sim1,L5,INH,Pvalb,L5,25.0,50.0,75.0,100.0,AISynphys,Accessed on 2025-07-08 00:00:007,0.0,1
1421,VISp,EXC,Sim1,L5,INH,Pvalb,L5,50.0,75.0,0.0,25.0,AISynphys,Accessed on 2025-07-08 00:00:007,0.0,6
1422,VISp,EXC,Sim1,L5,INH,Pvalb,L5,50.0,75.0,25.0,50.0,AISynphys,Accessed on 2025-07-08 00:00:007,0.2857142857142857,7
1423,VISp,EXC,Sim1,L5,INH,Pvalb,L5,50.0,75.0,50.0,75.0,AISynphys,Accessed on 2025-07-08 00:00:007,0.0,1
1424,VISp,EXC,Sim1,L5,INH,Pvalb,L5,50.0,75.0,75.0,100.0,AISynphys,Accessed on 2025-07-08 00:00:007,0.0,3
1425,VISp,EXC,Sim1,L5,INH,Pvalb,L5,50.0,75.0,125.0,150.0,AISynphys,Accessed on 2025-07-08 00:00:007,0.0,1
1426,VISp,EXC,Sim1,L5,INH,Pvalb,L5,75.0,100.0,0.0,25.0,AISynphys,Accessed on 2025-07-08 00:00:007,0.0,5
1427,VISp,EXC,Sim1,L5,INH,Pvalb,L5,75.0,100.0,25.0,50.0,AISynphys,Accessed on 2025-07-08 00:00:007,0.0,3
1428,VISp,EXC,Sim1,L5,INH,Pvalb,L5,75.0,100.0,50.0,75.0,AISynphys,Accessed on 2025-07-08 00:00:007,0.0,3
1429,VISp,EXC,Sim1,L5,INH,Pvalb,L5,75.0,100.0,75.0,100.0,AISynphys,Accessed on 2025-07-08 00:00:007,0.0,2
1430,VISp,EXC,Sim1,L5,INH,Pvalb,L5,75.0,100.0,100.0,125.0,AISynphys,Accessed on 2025-07-08 00:00:007,1.0,1
1431,VISp,EXC,Sim1,L5,INH,Pvalb,L5,75.0,100.0,150.0,175.0,AISynphys,Accessed on 2025-07-08 00:00:007,0.0,1
1432,VISp,EXC,Sim1,L5,INH,Pvalb,L5,100.0,125.0,0.0,25.0,AISynphys,Accessed on 2025-07-08 00:00:007,0.0,3
1433,VISp,EXC,Sim1,L5,INH,Pvalb,L5,100.0,125.0,25.0,50.0,AISynphys,Accessed on 2025-07-08 00:00:007,0.0,6
1434,VISp,EXC,Sim1,L5,INH,Pvalb,L5,100.0,125.0,50.0,75.0,AISynphys,Accessed on 2025-07-08 00:00:007,0.0,3
1435,VISp,EXC,Sim1,L5,INH,Pvalb,L5,125.0,150.0,0.0,25.0,AISynphys,Accessed on 2025-07-08 00:00:007,0.0,2
1436,VISp,EXC,Sim1,L5,INH,Pvalb,L5,125.0,150.0,25.0,50.0,AISynphys,Accessed on 2025-07-08 00:00:007,0.0,1
1437,VISp,EXC,Sim1,L5,INH,Pvalb,L5,125.0,150.0,50.0,75.0,AISynphys,Accessed on 2025-07-08 00:00:007,0.0,3
1438,VISp,EXC,Sim1,L5,INH,Pvalb,L5,125.0,150.0,100.0,125.0,AISynphys,Accessed on 2025-07-08 00:00:007,0.0,1
1439,VISp,EXC,Sim1,L5,INH,Pvalb,L5,150.0,175.0,0.0,25.0,AISynphys,Accessed on 2025-07-08 00:00:007,0.0,1
1440,VISp,EXC,Sim1,L5,INH,Pvalb,L5,150.0,175.0,25.0,50.0,AISynphys,Accessed on 2025-07-08 00:00:007,0.0,3
1441,VISp,EXC,Sim1,L5,INH,Pvalb,L5,175.0,200.0,25.0,50.0,AISynphys,Accessed on 2025-07-08 00:00:007,0.0,1
1442,VISp,EXC,Sim1,L5,INH,Pvalb,L5,175.0,200.0,50.0,75.0,AISynphys,Accessed on 2025-07-08 00:00:007,0.0,1
1443,VISp,EXC,Sim1,L5,INH,Pvalb,L5,275.0,300.0,0.0,25.0,AISynphys,Accessed on 2025-07-08 00:00:007,0.0,1
1444,VISp,EXC,Sim1,L5,INH,Pvalb,L6a,100.0,125.0,50.0,75.0,AISynphys,Accessed on 2025-07-08 00:00:007,0.0,1
1445,VISp,EXC,Sim1,L5,INH,Sst,L4,0.0,25.0,50.0,75.0,AISynphys,Accessed on 2025-07-08 00:00:007,0.0,1
1446,VISp,EXC,Sim1,L5,INH,Sst,L4,0.0,25.0,75.0,100.0,AISynphys,Accessed on 2025-07-08 00:00:007,0.0,1
1447,VISp,EXC,Sim1,L5,INH,Sst,L4,0.0,25.0,125.0,150.0,AISynphys,Accessed on 2025-07-08 00:00:007,0.0,1
1448,VISp,EXC,Sim1,L5,INH,Sst,L4,0.0,25.0,175.0,200.0,AISynphys,Accessed on 2025-07-08 00:00:007,0.0,1
1449,VISp,EXC,Sim1,L5,INH,Sst,L4,25.0,50.0,75.0,100.0,AISynphys,Accessed on 2025-07-08 00:00:007,0.0,1
1450,VISp,EXC,Sim1,L5,INH,Sst,L4,25.0,50.0,175.0,200.0,AISynphys,Accessed on 2025-07-08 00:00:007,0.0,1
1451,VISp,EXC,Sim1,L5,INH,Sst,L4,50.0,75.0,25.0,50.0,AISynphys,Accessed on 2025-07-08 00:00:007,0.0,1
1452,VISp,EXC,Sim1,L5,INH,Sst,L4,50.0,75.0,100.0,125.0,AISynphys,Accessed on 2025-07-08 00:00:007,0.0,1
1453,VISp,EXC,Sim1,L5,INH,Sst,L4,75.0,100.0,125.0,150.0,AISynphys,Accessed on 2025-07-08 00:00:007,0.0,1
1454,VISp,EXC,Sim1,L5,INH,Sst,L4,100.0,125.0,75.0,100.0,AISynphys,Accessed on 2025-07-08 00:00:007,0.0,1
1455,VISp,EXC,Sim1,L5,INH,Sst,L4,125.0,150.0,100.0,125.0,AISynphys,Accessed on 2025-07-08 00:00:007,0.0,1
1456,VISp,EXC,Sim1,L5,INH,Sst,L4,150.0,175.0,25.0,50.0,AISynphys,Accessed on 2025-07-08 00:00:007,0.0,1
1457,VISp,EXC,Sim1,L5,INH,Sst,L5,0.0,25.0,0.0,25.0,AISynphys,Accessed on 2025-07-08 00:00:007,0.0,9
1458,VISp,EXC,Sim1,L5,INH,Sst,L5,0.0,25.0,25.0,50.0,AISynphys,Accessed on 2025-07-08 00:00:007,0.0,7
1459,VISp,EXC,Sim1,L5,INH,Sst,L5,0.0,25.0,50.0,75.0,AISynphys,Accessed on 2025-07-08 00:00:007,0.0,4
1460,VISp,EXC,Sim1,L5,INH,Sst,L5,0.0,25.0,75.0,100.0,AISynphys,Accessed on 2025-07-08 00:00:007,0.25,4
1461,VISp,EXC,Sim1,L5,INH,Sst,L5,0.0,25.0,100.0,125.0,AISynphys,Accessed on 2025-07-08 00:00:007,0.0,1
1462,VISp,EXC,Sim1,L5,INH,Sst,L5,25.0,50.0,0.0,25.0,AISynphys,Accessed on 2025-07-08 00:00:007,0.0,6
1463,VISp,EXC,Sim1,L5,INH,Sst,L5,25.0,50.0,25.0,50.0,AISynphys,Accessed on 2025-07-08 00:00:007,0.1,10
1464,VISp,EXC,Sim1,L5,INH,Sst,L5,25.0,50.0,50.0,75.0,AISynphys,Accessed on 2025-07-08 00:00:007,0.25,4
1465,VISp,EXC,Sim1,L5,INH,Sst,L5,25.0,50.0,75.0,100.0,AISynphys,Accessed on 2025-07-08 00:00:007,0.0,4
1466,VISp,EXC,Sim1,L5,INH,Sst,L5,25.0,50.0,150.0,175.0,AISynphys,Accessed on 2025-07-08 00:00:007,0.0,1
1467,VISp,EXC,Sim1,L5,INH,Sst,L5,50.0,75.0,0.0,25.0,AISynphys,Accessed on 2025-07-08 00:00:007,0.16666666666666666,6
1468,VISp,EXC,Sim1,L5,INH,Sst,L5,50.0,75.0,25.0,50.0,AISynphys,Accessed on 2025-07-08 00:00:007,0.0,3
1469,VISp,EXC,Sim1,L5,INH,Sst,L5,50.0,75.0,50.0,75.0,AISynphys,Accessed on 2025-07-08 00:00:007,0.25,4
1470,VISp,EXC,Sim1,L5,INH,Sst,L5,50.0,75.0,75.0,100.0,AISynphys,Accessed on 2025-07-08 00:00:007,0.0,2
1471,VISp,EXC,Sim1,L5,INH,Sst,L5,50.0,75.0,100.0,125.0,AISynphys,Accessed on 2025-07-08 00:00:007,0.0,1
1472,VISp,EXC,Sim1,L5,INH,Sst,L5,50.0,75.0,150.0,175.0,AISynphys,Accessed on 2025-07-08 00:00:007,0.0,1
1473,VISp,EXC,Sim1,L5,INH,Sst,L5,75.0,100.0,0.0,25.0,AISynphys,Accessed on 2025-07-08 00:00:007,0.2,5
1474,VISp,EXC,Sim1,L5,INH,Sst,L5,75.0,100.0,25.0,50.0,AISynphys,Accessed on 2025-07-08 00:00:007,0.0,1
1475,VISp,EXC,Sim1,L5,INH,Sst,L5,75.0,100.0,50.0,75.0,AISynphys,Accessed on 2025-07-08 00:00:007,0.0,3
1476,VISp,EXC,Sim1,L5,INH,Sst,L5,75.0,100.0,75.0,100.0,AISynphys,Accessed on 2025-07-08 00:00:007,0.0,1
1477,VISp,EXC,Sim1,L5,INH,Sst,L5,100.0,125.0,0.0,25.0,AISynphys,Accessed on 2025-07-08 00:00:007,0.0,2
1478,VISp,EXC,Sim1,L5,INH,Sst,L5,100.0,125.0,25.0,50.0,AISynphys,Accessed on 2025-07-08 00:00:007,0.0,1
1479,VISp,EXC,Sim1,L5,INH,Sst,L5,100.0,125.0,50.0,75.0,AISynphys,Accessed on 2025-07-08 00:00:007,0.0,3
1480,VISp,EXC,Sim1,L5,INH,Sst,L5,100.0,125.0,75.0,100.0,AISynphys,Accessed on 2025-07-08 00:00:007,0.0,2
1481,VISp,EXC,Sim1,L5,INH,Sst,L5,125.0,150.0,25.0,50.0,AISynphys,Accessed on 2025-07-08 00:00:007,0.0,2
1482,VISp,EXC,Sim1,L5,INH,Sst,L5,125.0,150.0,75.0,100.0,AISynphys,Accessed on 2025-07-08 00:00:007,0.0,1
1483,VISp,EXC,Sim1,L5,INH,Sst,L5,150.0,175.0,50.0,75.0,AISynphys,Accessed on 2025-07-08 00:00:007,0.0,1
1484,VISp,EXC,Sim1,L5,INH,Sst,L5,175.0,200.0,25.0,50.0,AISynphys,Accessed on 2025-07-08 00:00:007,0.0,1
1485,VISp,EXC,Sim1,L5,INH,Sst,L5,175.0,200.0,50.0,75.0,AISynphys,Accessed on 2025-07-08 00:00:007,0.0,1
1486,VISp,EXC,Sim1,L5,INH,Sst,L5,175.0,200.0,75.0,100.0,AISynphys,Accessed on 2025-07-08 00:00:007,0.0,1
1487,VISp,EXC,Sim1,L5,INH,Sst,L5,175.0,200.0,100.0,125.0,AISynphys,Accessed on 2025-07-08 00:00:007,0.0,1
1488,VISp,EXC,Sim1,L5,INH,Sst,L5,200.0,225.0,25.0,50.0,AISynphys,Accessed on 2025-07-08 00:00:007,0.0,2
1489,VISp,EXC,Sim1,L5,INH,Sst,L5,225.0,250.0,50.0,75.0,AISynphys,Accessed on 2025-07-08 00:00:007,0.0,1
1490,VISp,EXC,Sim1,L5,INH,Sst,L6a,50.0,75.0,200.0,225.0,AISynphys,Accessed on 2025-07-08 00:00:007,0.0,1
1491,VISp,EXC,Sim1,L5,INH,Sst,L6a,75.0,100.0,150.0,175.0,AISynphys,Accessed on 2025-07-08 00:00:007,0.0,1
1492,VISp,EXC,Sim1,L5,INH,Sst,L6a,125.0,150.0,125.0,150.0,AISynphys,Accessed on 2025-07-08 00:00:007,0.0,1
1493,VISp,EXC,Sim1,L5,INH,Sst,L6a,125.0,150.0,175.0,200.0,AISynphys,Accessed on 2025-07-08 00:00:007,0.0,1
1494,VISp,EXC,Sim1,L5,INH,Sst,L6a,150.0,175.0,150.0,175.0,AISynphys,Accessed on 2025-07-08 00:00:007,0.0,1
1495,VISp,EXC,Sim1,L5,INH,Vip,L23,0.0,25.0,75.0,100.0,AISynphys,Accessed on 2025-07-08 00:00:007,0.0,1
1496,VISp,EXC,Sim1,L5,INH,Vip,L23,0.0,25.0,125.0,150.0,AISynphys,Accessed on 2025-07-08 00:00:007,0.0,1
1497,VISp,EXC,Sim1,L5,INH,Vip,L23,0.0,25.0,175.0,200.0,AISynphys,Accessed on 2025-07-08 00:00:007,0.0,1
1498,VISp,EXC,Sim1,L5,INH,Vip,L23,0.0,25.0,325.0,350.0,AISynphys,Accessed on 2025-07-08 00:00:007,0.0,1
1499,VISp,EXC,Sim1,L5,INH,Vip,L23,0.0,25.0,350.0,375.0,AISynphys,Accessed on 2025-07-08 00:00:007,0.0,1
1500,VISp,EXC,Sim1,L5,INH,Vip,L23,25.0,50.0,100.0,125.0,AISynphys,Accessed on 2025-07-08 00:00:007,0.0,1
1501,VISp,EXC,Sim1,L5,INH,Vip,L23,25.0,50.0,200.0,225.0,AISynphys,Accessed on 2025-07-08 00:00:007,0.0,1
1502,VISp,EXC,Sim1,L5,INH,Vip,L23,25.0,50.0,250.0,275.0,AISynphys,Accessed on 2025-07-08 00:00:007,0.0,1
1503,VISp,EXC,Sim1,L5,INH,Vip,L23,25.0,50.0,300.0,325.0,AISynphys,Accessed on 2025-07-08 00:00:007,0.0,1
1504,VISp,EXC,Sim1,L5,INH,Vip,L23,25.0,50.0,350.0,375.0,AISynphys,Accessed on 2025-07-08 00:00:007,0.0,1
1505,VISp,EXC,Sim1,L5,INH,Vip,L23,25.0,50.0,375.0,400.0,AISynphys,Accessed on 2025-07-08 00:00:007,0.0,1
1506,VISp,EXC,Sim1,L5,INH,Vip,L23,50.0,75.0,125.0,150.0,AISynphys,Accessed on 2025-07-08 00:00:007,0.0,1
1507,VISp,EXC,Sim1,L5,INH,Vip,L23,50.0,75.0,175.0,200.0,AISynphys,Accessed on 2025-07-08 00:00:007,0.0,2
1508,VISp,EXC,Sim1,L5,INH,Vip,L23,50.0,75.0,325.0,350.0,AISynphys,Accessed on 2025-07-08 00:00:007,0.0,1
1509,VISp,EXC,Sim1,L5,INH,Vip,L23,50.0,75.0,350.0,375.0,AISynphys,Accessed on 2025-07-08 00:00:007,0.0,1
1510,VISp,EXC,Sim1,L5,INH,Vip,L23,75.0,100.0,100.0,125.0,AISynphys,Accessed on 2025-07-08 00:00:007,0.0,1
1511,VISp,EXC,Sim1,L5,INH,Vip,L23,75.0,100.0,300.0,325.0,AISynphys,Accessed on 2025-07-08 00:00:007,0.0,1
1512,VISp,EXC,Sim1,L5,INH,Vip,L23,100.0,125.0,75.0,100.0,AISynphys,Accessed on 2025-07-08 00:00:007,0.0,1
1513,VISp,EXC,Sim1,L5,INH,Vip,L23,100.0,125.0,150.0,175.0,AISynphys,Accessed on 2025-07-08 00:00:007,0.0,2
1514,VISp,EXC,Sim1,L5,INH,Vip,L23,100.0,125.0,350.0,375.0,AISynphys,Accessed on 2025-07-08 00:00:007,0.0,1
1515,VISp,EXC,Sim1,L5,INH,Vip,L23,100.0,125.0,375.0,400.0,AISynphys,Accessed on 2025-07-08 00:00:007,0.0,1
1516,VISp,EXC,Sim1,L5,INH,Vip,L23,125.0,150.0,375.0,400.0,AISynphys,Accessed on 2025-07-08 00:00:007,0.0,1
1517,VISp,EXC,Sim1,L5,INH,Vip,L23,125.0,150.0,400.0,425.0,AISynphys,Accessed on 2025-07-08 00:00:007,0.0,1
1518,VISp,EXC,Sim1,L5,INH,Vip,L23,150.0,175.0,350.0,375.0,AISynphys,Accessed on 2025-07-08 00:00:007,0.0,2
1519,VISp,EXC,Sim1,L5,INH,Vip,L4,0.0,25.0,0.0,25.0,AISynphys,Accessed on 2025-07-08 00:00:007,0.0,1
1520,VISp,EXC,Sim1,L5,INH,Vip,L4,0.0,25.0,25.0,50.0,AISynphys,Accessed on 2025-07-08 00:00:007,0.0,2
1521,VISp,EXC,Sim1,L5,INH,Vip,L4,0.0,25.0,75.0,100.0,AISynphys,Accessed on 2025-07-08 00:00:007,0.0,2
1522,VISp,EXC,Sim1,L5,INH,Vip,L4,0.0,25.0,100.0,125.0,AISynphys,Accessed on 2025-07-08 00:00:007,0.0,4
1523,VISp,EXC,Sim1,L5,INH,Vip,L4,0.0,25.0,125.0,150.0,AISynphys,Accessed on 2025-07-08 00:00:007,0.0,1
1524,VISp,EXC,Sim1,L5,INH,Vip,L4,0.0,25.0,150.0,175.0,AISynphys,Accessed on 2025-07-08 00:00:007,0.0,1
1525,VISp,EXC,Sim1,L5,INH,Vip,L4,0.0,25.0,175.0,200.0,AISynphys,Accessed on 2025-07-08 00:00:007,0.0,2
1526,VISp,EXC,Sim1,L5,INH,Vip,L4,0.0,25.0,225.0,250.0,AISynphys,Accessed on 2025-07-08 00:00:007,0.0,1
1527,VISp,EXC,Sim1,L5,INH,Vip,L4,25.0,50.0,25.0,50.0,AISynphys,Accessed on 2025-07-08 00:00:007,0.0,2
1528,VISp,EXC,Sim1,L5,INH,Vip,L4,25.0,50.0,50.0,75.0,AISynphys,Accessed on 2025-07-08 00:00:007,0.0,3
1529,VISp,EXC,Sim1,L5,INH,Vip,L4,25.0,50.0,75.0,100.0,AISynphys,Accessed on 2025-07-08 00:00:007,0.0,1
1530,VISp,EXC,Sim1,L5,INH,Vip,L4,25.0,50.0,125.0,150.0,AISynphys,Accessed on 2025-07-08 00:00:007,0.0,1
1531,VISp,EXC,Sim1,L5,INH,Vip,L4,25.0,50.0,150.0,175.0,AISynphys,Accessed on 2025-07-08 00:00:007,0.0,1
1532,VISp,EXC,Sim1,L5,INH,Vip,L4,50.0,75.0,75.0,100.0,AISynphys,Accessed on 2025-07-08 00:00:007,0.0,1
1533,VISp,EXC,Sim1,L5,INH,Vip,L4,50.0,75.0,100.0,125.0,AISynphys,Accessed on 2025-07-08 00:00:007,0.0,1
1534,VISp,EXC,Sim1,L5,INH,Vip,L4,50.0,75.0,175.0,200.0,AISynphys,Accessed on 2025-07-08 00:00:007,0.0,1
1535,VISp,EXC,Sim1,L5,INH,Vip,L4,50.0,75.0,250.0,275.0,AISynphys,Accessed on 2025-07-08 00:00:007,0.0,1
1536,VISp,EXC,Sim1,L5,INH,Vip,L4,75.0,100.0,25.0,50.0,AISynphys,Accessed on 2025-07-08 00:00:007,0.0,2
1537,VISp,EXC,Sim1,L5,INH,Vip,L4,75.0,100.0,50.0,75.0,AISynphys,Accessed on 2025-07-08 00:00:007,0.0,2
1538,VISp,EXC,Sim1,L5,INH,Vip,L4,75.0,100.0,125.0,150.0,AISynphys,Accessed on 2025-07-08 00:00:007,0.0,1
1539,VISp,EXC,Sim1,L5,INH,Vip,L4,75.0,100.0,150.0,175.0,AISynphys,Accessed on 2025-07-08 00:00:007,0.0,2
1540,VISp,EXC,Sim1,L5,INH,Vip,L4,75.0,100.0,225.0,250.0,AISynphys,Accessed on 2025-07-08 00:00:007,0.0,1
1541,VISp,EXC,Sim1,L5,INH,Vip,L4,100.0,125.0,0.0,25.0,AISynphys,Accessed on 2025-07-08 00:00:007,0.0,2
1542,VISp,EXC,Sim1,L5,INH,Vip,L4,100.0,125.0,75.0,100.0,AISynphys,Accessed on 2025-07-08 00:00:007,0.0,2
1543,VISp,EXC,Sim1,L5,INH,Vip,L4,100.0,125.0,100.0,125.0,AISynphys,Accessed on 2025-07-08 00:00:007,0.0,2
1544,VISp,EXC,Sim1,L5,INH,Vip,L4,100.0,125.0,175.0,200.0,AISynphys,Accessed on 2025-07-08 00:00:007,0.0,2
1545,VISp,EXC,Sim1,L5,INH,Vip,L4,125.0,150.0,50.0,75.0,AISynphys,Accessed on 2025-07-08 00:00:007,0.0,1
1546,VISp,EXC,Sim1,L5,INH,Vip,L4,125.0,150.0,200.0,225.0,AISynphys,Accessed on 2025-07-08 00:00:007,0.0,1
1547,VISp,EXC,Sim1,L5,INH,Vip,L4,150.0,175.0,0.0,25.0,AISynphys,Accessed on 2025-07-08 00:00:007,0.0,2
1548,VISp,EXC,Sim1,L5,INH,Vip,L4,150.0,175.0,50.0,75.0,AISynphys,Accessed on 2025-07-08 00:00:007,0.0,1
1549,VISp,EXC,Sim1,L5,INH,Vip,L4,150.0,175.0,75.0,100.0,AISynphys,Accessed on 2025-07-08 00:00:007,0.0,1
1550,VISp,EXC,Sim1,L5,INH,Vip,L4,150.0,175.0,100.0,125.0,AISynphys,Accessed on 2025-07-08 00:00:007,0.0,1
1551,VISp,EXC,Sim1,L5,INH,Vip,L4,175.0,200.0,100.0,125.0,AISynphys,Accessed on 2025-07-08 00:00:007,0.0,1
1552,VISp,EXC,Sim1,L5,INH,Vip,L5,0.0,25.0,0.0,25.0,AISynphys,Accessed on 2025-07-08 00:00:007,0.0,2
1553,VISp,EXC,Sim1,L5,INH,Vip,L5,0.0,25.0,25.0,50.0,AISynphys,Accessed on 2025-07-08 00:00:007,0.0,3
1554,VISp,EXC,Sim1,L5,INH,Vip,L5,0.0,25.0,50.0,75.0,AISynphys,Accessed on 2025-07-08 00:00:007,0.0,3
1555,VISp,EXC,Sim1,L5,INH,Vip,L5,0.0,25.0,75.0,100.0,AISynphys,Accessed on 2025-07-08 00:00:007,0.0,2
1556,VISp,EXC,Sim1,L5,INH,Vip,L5,25.0,50.0,0.0,25.0,AISynphys,Accessed on 2025-07-08 00:00:007,0.0,5
1557,VISp,EXC,Sim1,L5,INH,Vip,L5,25.0,50.0,25.0,50.0,AISynphys,Accessed on 2025-07-08 00:00:007,0.0,1
1558,VISp,EXC,Sim1,L5,INH,Vip,L5,25.0,50.0,50.0,75.0,AISynphys,Accessed on 2025-07-08 00:00:007,0.0,1
1559,VISp,EXC,Sim1,L5,INH,Vip,L5,25.0,50.0,75.0,100.0,AISynphys,Accessed on 2025-07-08 00:00:007,0.0,2
1560,VISp,EXC,Sim1,L5,INH,Vip,L5,25.0,50.0,100.0,125.0,AISynphys,Accessed on 2025-07-08 00:00:007,0.0,2
1561,VISp,EXC,Sim1,L5,INH,Vip,L5,50.0,75.0,0.0,25.0,AISynphys,Accessed on 2025-07-08 00:00:007,0.0,7
1562,VISp,EXC,Sim1,L5,INH,Vip,L5,50.0,75.0,25.0,50.0,AISynphys,Accessed on 2025-07-08 00:00:007,0.0,3
1563,VISp,EXC,Sim1,L5,INH,Vip,L5,50.0,75.0,50.0,75.0,AISynphys,Accessed on 2025-07-08 00:00:007,0.0,3
1564,VISp,EXC,Sim1,L5,INH,Vip,L5,50.0,75.0,75.0,100.0,AISynphys,Accessed on 2025-07-08 00:00:007,0.0,2
1565,VISp,EXC,Sim1,L5,INH,Vip,L5,50.0,75.0,100.0,125.0,AISynphys,Accessed on 2025-07-08 00:00:007,0.0,1
1566,VISp,EXC,Sim1,L5,INH,Vip,L5,50.0,75.0,125.0,150.0,AISynphys,Accessed on 2025-07-08 00:00:007,0.0,1
1567,VISp,EXC,Sim1,L5,INH,Vip,L5,75.0,100.0,0.0,25.0,AISynphys,Accessed on 2025-07-08 00:00:007,0.0,2
1568,VISp,EXC,Sim1,L5,INH,Vip,L5,75.0,100.0,25.0,50.0,AISynphys,Accessed on 2025-07-08 00:00:007,0.0,2
1569,VISp,EXC,Sim1,L5,INH,Vip,L5,75.0,100.0,50.0,75.0,AISynphys,Accessed on 2025-07-08 00:00:007,0.0,1
1570,VISp,EXC,Sim1,L5,INH,Vip,L5,75.0,100.0,75.0,100.0,AISynphys,Accessed on 2025-07-08 00:00:007,0.0,1
1571,VISp,EXC,Sim1,L5,INH,Vip,L5,100.0,125.0,0.0,25.0,AISynphys,Accessed on 2025-07-08 00:00:007,0.0,4
1572,VISp,EXC,Sim1,L5,INH,Vip,L5,100.0,125.0,25.0,50.0,AISynphys,Accessed on 2025-07-08 00:00:007,0.0,2
1573,VISp,EXC,Sim1,L5,INH,Vip,L5,100.0,125.0,50.0,75.0,AISynphys,Accessed on 2025-07-08 00:00:007,0.0,3
1574,VISp,EXC,Sim1,L5,INH,Vip,L5,100.0,125.0,75.0,100.0,AISynphys,Accessed on 2025-07-08 00:00:007,0.0,1
1575,VISp,EXC,Sim1,L5,INH,Vip,L5,100.0,125.0,125.0,150.0,AISynphys,Accessed on 2025-07-08 00:00:007,0.0,1
1576,VISp,EXC,Sim1,L5,INH,Vip,L5,125.0,150.0,0.0,25.0,AISynphys,Accessed on 2025-07-08 00:00:007,0.0,2
1577,VISp,EXC,Sim1,L5,INH,Vip,L5,125.0,150.0,25.0,50.0,AISynphys,Accessed on 2025-07-08 00:00:007,0.0,1
1578,VISp,EXC,Sim1,L5,INH,Vip,L5,125.0,150.0,50.0,75.0,AISynphys,Accessed on 2025-07-08 00:00:007,0.0,1
1579,VISp,EXC,Sim1,L5,INH,Vip,L5,125.0,150.0,100.0,125.0,AISynphys,Accessed on 2025-07-08 00:00:007,0.0,1
1580,VISp,EXC,Sim1,L5,INH,Vip,L5,150.0,175.0,0.0,25.0,AISynphys,Accessed on 2025-07-08 00:00:007,0.0,1
1581,VISp,EXC,Sim1,L5,INH,Vip,L5,150.0,175.0,100.0,125.0,AISynphys,Accessed on 2025-07-08 00:00:007,0.0,1
1582,VISp,EXC,Sim1,L5,INH,Vip,L5,150.0,175.0,125.0,150.0,AISynphys,Accessed on 2025-07-08 00:00:007,0.0,1
1583,VISp,EXC,Sim1,L5,INH,Vip,L5,175.0,200.0,50.0,75.0,AISynphys,Accessed on 2025-07-08 00:00:007,0.0,1
1584,VISp,EXC,Sim1,L5,INH,Vip,L5,175.0,200.0,75.0,100.0,AISynphys,Accessed on 2025-07-08 00:00:007,0.0,1
1585,VISp,EXC,Sim1,L5,INH,Vip,L5,200.0,225.0,25.0,50.0,AISynphys,Accessed on 2025-07-08 00:00:007,0.0,1
1586,VISp,EXC,Sim1,L5,INH,Vip,L5,200.0,225.0,100.0,125.0,AISynphys,Accessed on 2025-07-08 00:00:007,0.0,1
1587,VISp,EXC,Sim1,L5,INH,Vip,L6a,25.0,50.0,175.0,200.0,AISynphys,Accessed on 2025-07-08 00:00:007,0.0,1
1588,VISp,EXC,Sim1,L5,INH,Vip,L6a,75.0,100.0,150.0,175.0,AISynphys,Accessed on 2025-07-08 00:00:007,0.0,1
1589,VISp,EXC,Sim1,L5,INH,"Vip,Sim1",L4,50.0,75.0,50.0,75.0,AISynphys,Accessed on 2025-07-08 00:00:007,0.0,1
1590,VISp,EXC,Sim1,L6a,EXC,Sim1,L5,25.0,50.0,100.0,125.0,AISynphys,Accessed on 2025-07-08 00:00:007,0.0,1
1591,VISp,EXC,Sim1,L6a,INH,Sst,L5,0.0,25.0,25.0,50.0,AISynphys,Accessed on 2025-07-08 00:00:007,0.0,1
1592,VISp,EXC,Sim1,L6a,INH,Sst,L5,50.0,75.0,100.0,125.0,AISynphys,Accessed on 2025-07-08 00:00:007,0.0,1
1593,VISp,EXC,Sim1,L6a,INH,Sst,L5,100.0,125.0,75.0,100.0,AISynphys,Accessed on 2025-07-08 00:00:007,0.0,1
1594,VISp,EXC,Sim1,L6a,INH,Sst,L6a,0.0,25.0,0.0,25.0,AISynphys,Accessed on 2025-07-08 00:00:007,0.0,1
1595,VISp,EXC,Sim1,L6a,INH,Sst,L6a,50.0,75.0,25.0,50.0,AISynphys,Accessed on 2025-07-08 00:00:007,0.0,1
1596,VISp,EXC,Sim1,L6a,INH,Sst,L6a,100.0,125.0,0.0,25.0,AISynphys,Accessed on 2025-07-08 00:00:007,0.0,1
1597,VISp,EXC,Sim1,L6a,INH,Sst,L6a,100.0,125.0,100.0,125.0,AISynphys,Accessed on 2025-07-08 00:00:007,0.0,1
1598,VISp,EXC,Sim1,L6a,INH,Vip,L23,0.0,25.0,375.0,400.0,AISynphys,Accessed on 2025-07-08 00:00:007,0.0,1
1599,VISp,EXC,Sim1,L6a,INH,Vip,L23,100.0,125.0,450.0,475.0,AISynphys,Accessed on 2025-07-08 00:00:007,0.0,1
1600,VISp,EXC,Sim1,L6a,INH,Vip,L4,0.0,25.0,175.0,200.0,AISynphys,Accessed on 2025-07-08 00:00:007,0.0,1
1601,VISp,EXC,Sim1,L6a,INH,Vip,L4,75.0,100.0,275.0,300.0,AISynphys,Accessed on 2025-07-08 00:00:007,0.0,1
1602,VISp,EXC,Sim1,L6a,INH,Vip,L4,100.0,125.0,300.0,325.0,AISynphys,Accessed on 2025-07-08 00:00:007,0.0,1
1603,VISp,EXC,Sim1,L6a,INH,Vip,L5,25.0,50.0,75.0,100.0,AISynphys,Accessed on 2025-07-08 00:00:007,0.0,1
1604,VISp,EXC,Sim1,L6a,INH,Vip,L5,25.0,50.0,150.0,175.0,AISynphys,Accessed on 2025-07-08 00:00:007,0.0,1
1605,VISp,EXC,Sim1,L6a,INH,Vip,L5,75.0,100.0,200.0,225.0,AISynphys,Accessed on 2025-07-08 00:00:007,0.0,1
1606,VISp,EXC,Slc17a8,L5,EXC,Slc17a8,L5,0.0,25.0,0.0,25.0,AISynphys,Accessed on 2025-07-08 00:00:007,0.0,10
1607,VISp,EXC,Slc17a8,L5,EXC,Slc17a8,L5,0.0,25.0,25.0,50.0,AISynphys,Accessed on 2025-07-08 00:00:007,0.0,8
1608,VISp,EXC,Slc17a8,L5,EXC,Slc17a8,L5,0.0,25.0,50.0,75.0,AISynphys,Accessed on 2025-07-08 00:00:007,0.0,2
1609,VISp,EXC,Slc17a8,L5,EXC,Slc17a8,L5,0.0,25.0,100.0,125.0,AISynphys,Accessed on 2025-07-08 00:00:007,0.0,2
1610,VISp,EXC,Slc17a8,L5,EXC,Slc17a8,L5,25.0,50.0,0.0,25.0,AISynphys,Accessed on 2025-07-08 00:00:007,0.0,8
1611,VISp,EXC,Slc17a8,L5,EXC,Slc17a8,L5,25.0,50.0,25.0,50.0,AISynphys,Accessed on 2025-07-08 00:00:007,0.0,8
1612,VISp,EXC,Slc17a8,L5,EXC,Slc17a8,L5,25.0,50.0,50.0,75.0,AISynphys,Accessed on 2025-07-08 00:00:007,0.0,2
1613,VISp,EXC,Slc17a8,L5,EXC,Slc17a8,L5,25.0,50.0,75.0,100.0,AISynphys,Accessed on 2025-07-08 00:00:007,0.25,4
1614,VISp,EXC,Slc17a8,L5,EXC,Slc17a8,L5,25.0,50.0,100.0,125.0,AISynphys,Accessed on 2025-07-08 00:00:007,0.0,2
1615,VISp,EXC,Slc17a8,L5,EXC,Slc17a8,L5,25.0,50.0,125.0,150.0,AISynphys,Accessed on 2025-07-08 00:00:007,0.0,2
1616,VISp,EXC,Slc17a8,L5,EXC,Slc17a8,L5,50.0,75.0,0.0,25.0,AISynphys,Accessed on 2025-07-08 00:00:007,0.0,10
1617,VISp,EXC,Slc17a8,L5,EXC,Slc17a8,L5,50.0,75.0,25.0,50.0,AISynphys,Accessed on 2025-07-08 00:00:007,0.0,2
1618,VISp,EXC,Slc17a8,L5,EXC,Slc17a8,L5,50.0,75.0,50.0,75.0,AISynphys,Accessed on 2025-07-08 00:00:007,0.0,4
1619,VISp,EXC,Slc17a8,L5,EXC,Slc17a8,L5,50.0,75.0,75.0,100.0,AISynphys,Accessed on 2025-07-08 00:00:007,0.0,2
1620,VISp,EXC,Slc17a8,L5,EXC,Slc17a8,L5,50.0,75.0,100.0,125.0,AISynphys,Accessed on 2025-07-08 00:00:007,0.0,2
1621,VISp,EXC,Slc17a8,L5,EXC,Slc17a8,L5,50.0,75.0,125.0,150.0,AISynphys,Accessed on 2025-07-08 00:00:007,0.0,2
1622,VISp,EXC,Slc17a8,L5,EXC,Slc17a8,L5,75.0,100.0,0.0,25.0,AISynphys,Accessed on 2025-07-08 00:00:007,0.0,6
1623,VISp,EXC,Slc17a8,L5,EXC,Slc17a8,L5,75.0,100.0,25.0,50.0,AISynphys,Accessed on 2025-07-08 00:00:007,0.0,6
1624,VISp,EXC,Slc17a8,L5,EXC,Slc17a8,L5,75.0,100.0,50.0,75.0,AISynphys,Accessed on 2025-07-08 00:00:007,0.0,2
1625,VISp,EXC,Slc17a8,L5,EXC,Slc17a8,L5,100.0,125.0,0.0,25.0,AISynphys,Accessed on 2025-07-08 00:00:007,0.0,4
1626,VISp,EXC,Slc17a8,L5,EXC,Slc17a8,L5,100.0,125.0,25.0,50.0,AISynphys,Accessed on 2025-07-08 00:00:007,0.0,2
1627,VISp,EXC,Slc17a8,L5,EXC,Slc17a8,L5,100.0,125.0,50.0,75.0,AISynphys,Accessed on 2025-07-08 00:00:007,0.0,4
1628,VISp,EXC,Slc17a8,L5,EXC,Slc17a8,L5,100.0,125.0,75.0,100.0,AISynphys,Accessed on 2025-07-08 00:00:007,0.0,2
1629,VISp,EXC,Slc17a8,L5,EXC,Slc17a8,L5,100.0,125.0,100.0,125.0,AISynphys,Accessed on 2025-07-08 00:00:007,0.0,2
1630,VISp,EXC,Slc17a8,L5,EXC,Slc17a8,L5,125.0,150.0,25.0,50.0,AISynphys,Accessed on 2025-07-08 00:00:007,0.0,2
1631,VISp,EXC,Slc17a8,L5,EXC,Slc17a8,L5,125.0,150.0,75.0,100.0,AISynphys,Accessed on 2025-07-08 00:00:007,0.0,2
1632,VISp,EXC,Slc17a8,L5,EXC,Slc17a8,L5,125.0,150.0,100.0,125.0,AISynphys,Accessed on 2025-07-08 00:00:007,0.0,2
1633,VISp,EXC,Slc17a8,L5,EXC,Slc17a8,L5,125.0,150.0,125.0,150.0,AISynphys,Accessed on 2025-07-08 00:00:007,0.0,4
1634,VISp,EXC,Slc17a8,L5,EXC,Slc17a8,L5,150.0,175.0,0.0,25.0,AISynphys,Accessed on 2025-07-08 00:00:007,0.0,2
1635,VISp,EXC,Slc17a8,L5,EXC,Slc17a8,L5,150.0,175.0,100.0,125.0,AISynphys,Accessed on 2025-07-08 00:00:007,0.0,2
1636,VISp,EXC,Slc17a8,L5,EXC,Slc17a8,L5,175.0,200.0,75.0,100.0,AISynphys,Accessed on 2025-07-08 00:00:007,0.0,2
1637,VISp,EXC,Slc17a8,L5,EXC,Slc17a8,L5,175.0,200.0,100.0,125.0,AISynphys,Accessed on 2025-07-08 00:00:007,0.0,2
1638,VISp,EXC,Slc17a8,L5,EXC,Slc17a8,L5,200.0,225.0,75.0,100.0,AISynphys,Accessed on 2025-07-08 00:00:007,0.0,2
1639,VISp,EXC,Slc17a8,L5,EXC,Slc17a8,L6a,0.0,25.0,50.0,75.0,AISynphys,Accessed on 2025-07-08 00:00:007,0.0,2
1640,VISp,EXC,Slc17a8,L5,EXC,Slc17a8,L6a,0.0,25.0,75.0,100.0,AISynphys,Accessed on 2025-07-08 00:00:007,0.0,2
1641,VISp,EXC,Slc17a8,L5,EXC,Slc17a8,L6a,0.0,25.0,100.0,125.0,AISynphys,Accessed on 2025-07-08 00:00:007,0.0,1
1642,VISp,EXC,Slc17a8,L5,EXC,Slc17a8,L6a,25.0,50.0,0.0,25.0,AISynphys,Accessed on 2025-07-08 00:00:007,0.0,1
1643,VISp,EXC,Slc17a8,L5,EXC,Slc17a8,L6a,25.0,50.0,100.0,125.0,AISynphys,Accessed on 2025-07-08 00:00:007,0.0,1
1644,VISp,EXC,Slc17a8,L5,EXC,Slc17a8,L6a,50.0,75.0,25.0,50.0,AISynphys,Accessed on 2025-07-08 00:00:007,0.0,1
1645,VISp,EXC,Slc17a8,L5,EXC,Slc17a8,L6a,75.0,100.0,25.0,50.0,AISynphys,Accessed on 2025-07-08 00:00:007,0.0,1
1646,VISp,EXC,Slc17a8,L5,EXC,Slc17a8,L6a,75.0,100.0,50.0,75.0,AISynphys,Accessed on 2025-07-08 00:00:007,0.0,4
1647,VISp,EXC,Slc17a8,L5,EXC,Slc17a8,L6a,100.0,125.0,100.0,125.0,AISynphys,Accessed on 2025-07-08 00:00:007,0.0,1
1648,VISp,EXC,Slc17a8,L5,EXC,Slc17a8,L6a,125.0,150.0,75.0,100.0,AISynphys,Accessed on 2025-07-08 00:00:007,0.0,1
1649,VISp,EXC,Slc17a8,L6a,EXC,Slc17a8,L5,0.0,25.0,50.0,75.0,AISynphys,Accessed on 2025-07-08 00:00:007,0.0,2
1650,VISp,EXC,Slc17a8,L6a,EXC,Slc17a8,L5,0.0,25.0,75.0,100.0,AISynphys,Accessed on 2025-07-08 00:00:007,0.0,2
1651,VISp,EXC,Slc17a8,L6a,EXC,Slc17a8,L5,0.0,25.0,100.0,125.0,AISynphys,Accessed on 2025-07-08 00:00:007,0.0,1
1652,VISp,EXC,Slc17a8,L6a,EXC,Slc17a8,L5,25.0,50.0,0.0,25.0,AISynphys,Accessed on 2025-07-08 00:00:007,0.0,1
1653,VISp,EXC,Slc17a8,L6a,EXC,Slc17a8,L5,25.0,50.0,100.0,125.0,AISynphys,Accessed on 2025-07-08 00:00:007,0.0,1
1654,VISp,EXC,Slc17a8,L6a,EXC,Slc17a8,L5,50.0,75.0,25.0,50.0,AISynphys,Accessed on 2025-07-08 00:00:007,0.0,1
1655,VISp,EXC,Slc17a8,L6a,EXC,Slc17a8,L5,75.0,100.0,25.0,50.0,AISynphys,Accessed on 2025-07-08 00:00:007,0.0,1
1656,VISp,EXC,Slc17a8,L6a,EXC,Slc17a8,L5,75.0,100.0,50.0,75.0,AISynphys,Accessed on 2025-07-08 00:00:007,0.0,4
1657,VISp,EXC,Slc17a8,L6a,EXC,Slc17a8,L5,100.0,125.0,100.0,125.0,AISynphys,Accessed on 2025-07-08 00:00:007,0.0,1
1658,VISp,EXC,Slc17a8,L6a,EXC,Slc17a8,L5,125.0,150.0,75.0,100.0,AISynphys,Accessed on 2025-07-08 00:00:007,0.0,1
1659,VISp,EXC,Slc17a8,L6a,EXC,Slc17a8,L6a,0.0,25.0,0.0,25.0,AISynphys,Accessed on 2025-07-08 00:00:007,0.5,2
1660,VISp,EXC,Slc17a8,L6a,EXC,Slc17a8,L6a,0.0,25.0,25.0,50.0,AISynphys,Accessed on 2025-07-08 00:00:007,0.0,2
1661,VISp,EXC,Slc17a8,L6a,EXC,Slc17a8,L6a,0.0,25.0,75.0,100.0,AISynphys,Accessed on 2025-07-08 00:00:007,0.0,2
1662,VISp,EXC,Slc17a8,L6a,EXC,Slc17a8,L6a,25.0,50.0,0.0,25.0,AISynphys,Accessed on 2025-07-08 00:00:007,0.0,2
1663,VISp,EXC,Slc17a8,L6a,EXC,Slc17a8,L6a,25.0,50.0,25.0,50.0,AISynphys,Accessed on 2025-07-08 00:00:007,0.0,4
1664,VISp,EXC,Slc17a8,L6a,EXC,Slc17a8,L6a,25.0,50.0,50.0,75.0,AISynphys,Accessed on 2025-07-08 00:00:007,0.0,2
1665,VISp,EXC,Slc17a8,L6a,EXC,Slc17a8,L6a,25.0,50.0,75.0,100.0,AISynphys,Accessed on 2025-07-08 00:00:007,0.0,2
1666,VISp,EXC,Slc17a8,L6a,EXC,Slc17a8,L6a,50.0,75.0,50.0,75.0,AISynphys,Accessed on 2025-07-08 00:00:007,0.0,2
1667,VISp,EXC,Slc17a8,L6a,EXC,Slc17a8,L6a,75.0,100.0,0.0,25.0,AISynphys,Accessed on 2025-07-08 00:00:007,0.0,4
1668,VISp,EXC,Slc17a8,L6a,EXC,Slc17a8,L6a,75.0,100.0,75.0,100.0,AISynphys,Accessed on 2025-07-08 00:00:007,0.0,2
1669,VISp,EXC,Tlx3,L23,EXC,Fam84b,L4,50.0,75.0,25.0,50.0,AISynphys,Accessed on 2025-07-08 00:00:007,0.0,1
1670,VISp,EXC,Tlx3,L23,EXC,Fam84b,L4,75.0,100.0,25.0,50.0,AISynphys,Accessed on 2025-07-08 00:00:007,0.0,1
1671,VISp,EXC,Tlx3,L23,EXC,Fam84b,L5,0.0,25.0,75.0,100.0,AISynphys,Accessed on 2025-07-08 00:00:007,0.25,4
1672,VISp,EXC,Tlx3,L23,EXC,Fam84b,L5,25.0,50.0,75.0,100.0,AISynphys,Accessed on 2025-07-08 00:00:007,0.0,2
1673,VISp,EXC,Tlx3,L23,EXC,Tlx3,L23,0.0,25.0,0.0,25.0,AISynphys,Accessed on 2025-07-08 00:00:007,0.0,2
1674,VISp,EXC,Tlx3,L23,EXC,Tlx3,L23,175.0,200.0,25.0,50.0,AISynphys,Accessed on 2025-07-08 00:00:007,0.0,2
1675,VISp,EXC,Tlx3,L23,EXC,Tlx3,L4,0.0,25.0,0.0,25.0,AISynphys,Accessed on 2025-07-08 00:00:007,0.0,2
1676,VISp,EXC,Tlx3,L23,EXC,Tlx3,L4,100.0,125.0,0.0,25.0,AISynphys,Accessed on 2025-07-08 00:00:007,0.0,1
1677,VISp,EXC,Tlx3,L23,EXC,Tlx3,L4,125.0,150.0,100.0,125.0,AISynphys,Accessed on 2025-07-08 00:00:007,0.0,1
1678,VISp,EXC,Tlx3,L23,EXC,Tlx3,L4,275.0,300.0,200.0,225.0,AISynphys,Accessed on 2025-07-08 00:00:007,0.0,1
1679,VISp,EXC,Tlx3,L23,EXC,Tlx3,L4,300.0,325.0,25.0,50.0,AISynphys,Accessed on 2025-07-08 00:00:007,0.0,1
1680,VISp,EXC,Tlx3,L23,EXC,Tlx3,L4,300.0,325.0,200.0,225.0,AISynphys,Accessed on 2025-07-08 00:00:007,0.0,1
1681,VISp,EXC,Tlx3,L23,EXC,Tlx3,L5,0.0,25.0,350.0,375.0,AISynphys,Accessed on 2025-07-08 00:00:007,0.0,1
1682,VISp,EXC,Tlx3,L23,EXC,Tlx3,L5,25.0,50.0,350.0,375.0,AISynphys,Accessed on 2025-07-08 00:00:007,0.0,1
1683,VISp,EXC,Tlx3,L23,EXC,Tlx3,L5,50.0,75.0,0.0,25.0,AISynphys,Accessed on 2025-07-08 00:00:007,0.0,1
1684,VISp,EXC,Tlx3,L23,EXC,Tlx3,L5,50.0,75.0,75.0,100.0,AISynphys,Accessed on 2025-07-08 00:00:007,0.0,1
1685,VISp,EXC,Tlx3,L23,EXC,Tlx3,L5,75.0,100.0,100.0,125.0,AISynphys,Accessed on 2025-07-08 00:00:007,0.0,1
1686,VISp,EXC,Tlx3,L23,EXC,Tlx3,L5,100.0,125.0,0.0,25.0,AISynphys,Accessed on 2025-07-08 00:00:007,0.0,1
1687,VISp,EXC,Tlx3,L23,EXC,Tlx3,L5,100.0,125.0,375.0,400.0,AISynphys,Accessed on 2025-07-08 00:00:007,0.0,1
1688,VISp,EXC,Tlx3,L23,EXC,Tlx3,L5,125.0,150.0,375.0,400.0,AISynphys,Accessed on 2025-07-08 00:00:007,0.0,1
1689,VISp,EXC,Tlx3,L23,EXC,Tlx3,L5,200.0,225.0,350.0,375.0,AISynphys,Accessed on 2025-07-08 00:00:007,0.0,1
1690,VISp,EXC,Tlx3,L23,EXC,Tlx3,L5,225.0,250.0,350.0,375.0,AISynphys,Accessed on 2025-07-08 00:00:007,0.0,1
1691,VISp,EXC,Tlx3,L23,EXC,Tlx3,L5,250.0,275.0,75.0,100.0,AISynphys,Accessed on 2025-07-08 00:00:007,0.0,1
1692,VISp,EXC,Tlx3,L23,EXC,Tlx3,L5,375.0,400.0,375.0,400.0,AISynphys,Accessed on 2025-07-08 00:00:007,0.0,1
1693,VISp,EXC,Tlx3,L23,INH,Pvalb,L5,0.0,25.0,0.0,25.0,AISynphys,Accessed on 2025-07-08 00:00:007,0.0,1
1694,VISp,EXC,Tlx3,L23,INH,Sst,L5,0.0,25.0,300.0,325.0,AISynphys,Accessed on 2025-07-08 00:00:007,0.0,1
1695,VISp,EXC,Tlx3,L23,INH,Sst,L5,75.0,100.0,375.0,400.0,AISynphys,Accessed on 2025-07-08 00:00:007,0.0,1
1696,VISp,EXC,Tlx3,L23,INH,Vip,L1,75.0,100.0,175.0,200.0,AISynphys,Accessed on 2025-07-08 00:00:007,0.0,1
1697,VISp,EXC,Tlx3,L23,INH,Vip,L1,100.0,125.0,200.0,225.0,AISynphys,Accessed on 2025-07-08 00:00:007,0.0,1
1698,VISp,EXC,Tlx3,L23,INH,Vip,L23,75.0,100.0,0.0,25.0,AISynphys,Accessed on 2025-07-08 00:00:007,0.0,1
1699,VISp,EXC,Tlx3,L23,INH,Vip,L4,25.0,50.0,75.0,100.0,AISynphys,Accessed on 2025-07-08 00:00:007,0.0,1
1700,VISp,EXC,Tlx3,L23,INH,Vip,L4,50.0,75.0,50.0,75.0,AISynphys,Accessed on 2025-07-08 00:00:007,0.0,1
1701,VISp,EXC,Tlx3,L23,INH,Vip,L4,50.0,75.0,100.0,125.0,AISynphys,Accessed on 2025-07-08 00:00:007,0.0,1
1702,VISp,EXC,Tlx3,L23,INH,Vip,L4,100.0,125.0,125.0,150.0,AISynphys,Accessed on 2025-07-08 00:00:007,0.0,1
1703,VISp,EXC,Tlx3,L4,EXC,Fam84b,L4,0.0,25.0,25.0,50.0,AISynphys,Accessed on 2025-07-08 00:00:007,0.0,1
1704,VISp,EXC,Tlx3,L4,EXC,Fam84b,L4,25.0,50.0,50.0,75.0,AISynphys,Accessed on 2025-07-08 00:00:007,0.0,1
1705,VISp,EXC,Tlx3,L4,EXC,Fam84b,L4,50.0,75.0,0.0,25.0,AISynphys,Accessed on 2025-07-08 00:00:007,0.0,1
1706,VISp,EXC,Tlx3,L4,EXC,Fam84b,L4,50.0,75.0,50.0,75.0,AISynphys,Accessed on 2025-07-08 00:00:007,0.0,2
1707,VISp,EXC,Tlx3,L4,EXC,Fam84b,L4,75.0,100.0,50.0,75.0,AISynphys,Accessed on 2025-07-08 00:00:007,0.0,1
1708,VISp,EXC,Tlx3,L4,EXC,Fam84b,L4,125.0,150.0,50.0,75.0,AISynphys,Accessed on 2025-07-08 00:00:007,0.0,1
1709,VISp,EXC,Tlx3,L4,EXC,Fam84b,L5,0.0,25.0,0.0,25.0,AISynphys,Accessed on 2025-07-08 00:00:007,0.0,1
1710,VISp,EXC,Tlx3,L4,EXC,Fam84b,L5,0.0,25.0,50.0,75.0,AISynphys,Accessed on 2025-07-08 00:00:007,0.0,4
1711,VISp,EXC,Tlx3,L4,EXC,Fam84b,L5,0.0,25.0,75.0,100.0,AISynphys,Accessed on 2025-07-08 00:00:007,0.0,2
1712,VISp,EXC,Tlx3,L4,EXC,Fam84b,L5,0.0,25.0,100.0,125.0,AISynphys,Accessed on 2025-07-08 00:00:007,0.0,4
1713,VISp,EXC,Tlx3,L4,EXC,Fam84b,L5,0.0,25.0,125.0,150.0,AISynphys,Accessed on 2025-07-08 00:00:007,0.0,1
1714,VISp,EXC,Tlx3,L4,EXC,Fam84b,L5,25.0,50.0,25.0,50.0,AISynphys,Accessed on 2025-07-08 00:00:007,0.0,1
1715,VISp,EXC,Tlx3,L4,EXC,Fam84b,L5,25.0,50.0,50.0,75.0,AISynphys,Accessed on 2025-07-08 00:00:007,0.0,4
1716,VISp,EXC,Tlx3,L4,EXC,Fam84b,L5,25.0,50.0,100.0,125.0,AISynphys,Accessed on 2025-07-08 00:00:007,0.0,1
1717,VISp,EXC,Tlx3,L4,EXC,Fam84b,L5,25.0,50.0,125.0,150.0,AISynphys,Accessed on 2025-07-08 00:00:007,0.0,2
1718,VISp,EXC,Tlx3,L4,EXC,Fam84b,L5,50.0,75.0,75.0,100.0,AISynphys,Accessed on 2025-07-08 00:00:007,0.0,2
1719,VISp,EXC,Tlx3,L4,EXC,Fam84b,L5,50.0,75.0,100.0,125.0,AISynphys,Accessed on 2025-07-08 00:00:007,0.0,2
1720,VISp,EXC,Tlx3,L4,EXC,Fam84b,L5,75.0,100.0,50.0,75.0,AISynphys,Accessed on 2025-07-08 00:00:007,0.0,1
1721,VISp,EXC,Tlx3,L4,EXC,Fam84b,L5,75.0,100.0,100.0,125.0,AISynphys,Accessed on 2025-07-08 00:00:007,1.0,1
1722,VISp,EXC,Tlx3,L4,EXC,Fam84b,L5,75.0,100.0,125.0,150.0,AISynphys,Accessed on 2025-07-08 00:00:007,0.0,1
1723,VISp,EXC,Tlx3,L4,EXC,Fam84b,L5,125.0,150.0,75.0,100.0,AISynphys,Accessed on 2025-07-08 00:00:007,0.0,1
1724,VISp,EXC,Tlx3,L4,EXC,Fam84b,L5,125.0,150.0,100.0,125.0,AISynphys,Accessed on 2025-07-08 00:00:007,0.0,1
1725,VISp,EXC,Tlx3,L4,EXC,Tlx3,L23,0.0,25.0,0.0,25.0,AISynphys,Accessed on 2025-07-08 00:00:007,0.0,2
1726,VISp,EXC,Tlx3,L4,EXC,Tlx3,L23,100.0,125.0,0.0,25.0,AISynphys,Accessed on 2025-07-08 00:00:007,0.0,1
1727,VISp,EXC,Tlx3,L4,EXC,Tlx3,L23,125.0,150.0,100.0,125.0,AISynphys,Accessed on 2025-07-08 00:00:007,0.0,1
1728,VISp,EXC,Tlx3,L4,EXC,Tlx3,L23,275.0,300.0,200.0,225.0,AISynphys,Accessed on 2025-07-08 00:00:007,0.0,1
1729,VISp,EXC,Tlx3,L4,EXC,Tlx3,L23,300.0,325.0,25.0,50.0,AISynphys,Accessed on 2025-07-08 00:00:007,0.0,1
1730,VISp,EXC,Tlx3,L4,EXC,Tlx3,L23,300.0,325.0,200.0,225.0,AISynphys,Accessed on 2025-07-08 00:00:007,0.0,1
1731,VISp,EXC,Tlx3,L4,EXC,Tlx3,L4,0.0,25.0,0.0,25.0,AISynphys,Accessed on 2025-07-08 00:00:007,0.041666666666666664,48
1732,VISp,EXC,Tlx3,L4,EXC,Tlx3,L4,0.0,25.0,25.0,50.0,AISynphys,Accessed on 2025-07-08 00:00:007,0.0,32
1733,VISp,EXC,Tlx3,L4,EXC,Tlx3,L4,0.0,25.0,50.0,75.0,AISynphys,Accessed on 2025-07-08 00:00:007,0.0,4
1734,VISp,EXC,Tlx3,L4,EXC,Tlx3,L4,0.0,25.0,75.0,100.0,AISynphys,Accessed on 2025-07-08 00:00:007,0.0,2
1735,VISp,EXC,Tlx3,L4,EXC,Tlx3,L4,25.0,50.0,0.0,25.0,AISynphys,Accessed on 2025-07-08 00:00:007,0.019230769230769232,52
1736,VISp,EXC,Tlx3,L4,EXC,Tlx3,L4,25.0,50.0,25.0,50.0,AISynphys,Accessed on 2025-07-08 00:00:007,0.07142857142857142,28
1737,VISp,EXC,Tlx3,L4,EXC,Tlx3,L4,25.0,50.0,50.0,75.0,AISynphys,Accessed on 2025-07-08 00:00:007,0.0,6
1738,VISp,EXC,Tlx3,L4,EXC,Tlx3,L4,25.0,50.0,100.0,125.0,AISynphys,Accessed on 2025-07-08 00:00:007,0.0,2
1739,VISp,EXC,Tlx3,L4,EXC,Tlx3,L4,50.0,75.0,0.0,25.0,AISynphys,Accessed on 2025-07-08 00:00:007,0.0,28
1740,VISp,EXC,Tlx3,L4,EXC,Tlx3,L4,50.0,75.0,25.0,50.0,AISynphys,Accessed on 2025-07-08 00:00:007,0.0,16
1741,VISp,EXC,Tlx3,L4,EXC,Tlx3,L4,50.0,75.0,50.0,75.0,AISynphys,Accessed on 2025-07-08 00:00:007,0.0,6
1742,VISp,EXC,Tlx3,L4,EXC,Tlx3,L4,75.0,100.0,0.0,25.0,AISynphys,Accessed on 2025-07-08 00:00:007,0.0625,16
1743,VISp,EXC,Tlx3,L4,EXC,Tlx3,L4,75.0,100.0,25.0,50.0,AISynphys,Accessed on 2025-07-08 00:00:007,0.07142857142857142,14
1744,VISp,EXC,Tlx3,L4,EXC,Tlx3,L4,75.0,100.0,50.0,75.0,AISynphys,Accessed on 2025-07-08 00:00:007,0.0,2
1745,VISp,EXC,Tlx3,L4,EXC,Tlx3,L4,100.0,125.0,0.0,25.0,AISynphys,Accessed on 2025-07-08 00:00:007,0.0,14
1746,VISp,EXC,Tlx3,L4,EXC,Tlx3,L4,100.0,125.0,25.0,50.0,AISynphys,Accessed on 2025-07-08 00:00:007,0.0,8
1747,VISp,EXC,Tlx3,L4,EXC,Tlx3,L4,100.0,125.0,50.0,75.0,AISynphys,Accessed on 2025-07-08 00:00:007,0.0,2
1748,VISp,EXC,Tlx3,L4,EXC,Tlx3,L4,125.0,150.0,0.0,25.0,AISynphys,Accessed on 2025-07-08 00:00:007,0.0,8
1749,VISp,EXC,Tlx3,L4,EXC,Tlx3,L4,125.0,150.0,25.0,50.0,AISynphys,Accessed on 2025-07-08 00:00:007,0.0,2
1750,VISp,EXC,Tlx3,L4,EXC,Tlx3,L4,125.0,150.0,50.0,75.0,AISynphys,Accessed on 2025-07-08 00:00:007,0.0,4
1751,VISp,EXC,Tlx3,L4,EXC,Tlx3,L4,150.0,175.0,0.0,25.0,AISynphys,Accessed on 2025-07-08 00:00:007,0.0,2
1752,VISp,EXC,Tlx3,L4,EXC,Tlx3,L4,150.0,175.0,25.0,50.0,AISynphys,Accessed on 2025-07-08 00:00:007,0.0,2
1753,VISp,EXC,Tlx3,L4,EXC,Tlx3,L4,175.0,200.0,25.0,50.0,AISynphys,Accessed on 2025-07-08 00:00:007,0.0,2
1754,VISp,EXC,Tlx3,L4,EXC,Tlx3,L4,200.0,225.0,0.0,25.0,AISynphys,Accessed on 2025-07-08 00:00:007,0.0,2
1755,VISp,EXC,Tlx3,L4,EXC,Tlx3,L5,0.0,25.0,0.0,25.0,AISynphys,Accessed on 2025-07-08 00:00:007,0.0,13
1756,VISp,EXC,Tlx3,L4,EXC,Tlx3,L5,0.0,25.0,25.0,50.0,AISynphys,Accessed on 2025-07-08 00:00:007,0.0625,16
1757,VISp,EXC,Tlx3,L4,EXC,Tlx3,L5,0.0,25.0,50.0,75.0,AISynphys,Accessed on 2025-07-08 00:00:007,0.05555555555555555,18
1758,VISp,EXC,Tlx3,L4,EXC,Tlx3,L5,0.0,25.0,75.0,100.0,AISynphys,Accessed on 2025-07-08 00:00:007,0.0,9
1759,VISp,EXC,Tlx3,L4,EXC,Tlx3,L5,0.0,25.0,100.0,125.0,AISynphys,Accessed on 2025-07-08 00:00:007,0.16666666666666666,6
1760,VISp,EXC,Tlx3,L4,EXC,Tlx3,L5,0.0,25.0,125.0,150.0,AISynphys,Accessed on 2025-07-08 00:00:007,0.0,2
1761,VISp,EXC,Tlx3,L4,EXC,Tlx3,L5,0.0,25.0,150.0,175.0,AISynphys,Accessed on 2025-07-08 00:00:007,0.0,1
1762,VISp,EXC,Tlx3,L4,EXC,Tlx3,L5,25.0,50.0,0.0,25.0,AISynphys,Accessed on 2025-07-08 00:00:007,0.125,8
1763,VISp,EXC,Tlx3,L4,EXC,Tlx3,L5,25.0,50.0,25.0,50.0,AISynphys,Accessed on 2025-07-08 00:00:007,0.0,22
1764,VISp,EXC,Tlx3,L4,EXC,Tlx3,L5,25.0,50.0,50.0,75.0,AISynphys,Accessed on 2025-07-08 00:00:007,0.0,12
1765,VISp,EXC,Tlx3,L4,EXC,Tlx3,L5,25.0,50.0,75.0,100.0,AISynphys,Accessed on 2025-07-08 00:00:007,0.0,10
1766,VISp,EXC,Tlx3,L4,EXC,Tlx3,L5,25.0,50.0,100.0,125.0,AISynphys,Accessed on 2025-07-08 00:00:007,0.0,2
1767,VISp,EXC,Tlx3,L4,EXC,Tlx3,L5,25.0,50.0,125.0,150.0,AISynphys,Accessed on 2025-07-08 00:00:007,0.0,2
1768,VISp,EXC,Tlx3,L4,EXC,Tlx3,L5,25.0,50.0,175.0,200.0,AISynphys,Accessed on 2025-07-08 00:00:007,0.0,1
1769,VISp,EXC,Tlx3,L4,EXC,Tlx3,L5,50.0,75.0,0.0,25.0,AISynphys,Accessed on 2025-07-08 00:00:007,0.0,6
1770,VISp,EXC,Tlx3,L4,EXC,Tlx3,L5,50.0,75.0,25.0,50.0,AISynphys,Accessed on 2025-07-08 00:00:007,0.0,22
1771,VISp,EXC,Tlx3,L4,EXC,Tlx3,L5,50.0,75.0,50.0,75.0,AISynphys,Accessed on 2025-07-08 00:00:007,0.0,15
1772,VISp,EXC,Tlx3,L4,EXC,Tlx3,L5,50.0,75.0,75.0,100.0,AISynphys,Accessed on 2025-07-08 00:00:007,0.09090909090909091,11
1773,VISp,EXC,Tlx3,L4,EXC,Tlx3,L5,50.0,75.0,100.0,125.0,AISynphys,Accessed on 2025-07-08 00:00:007,0.0,2
1774,VISp,EXC,Tlx3,L4,EXC,Tlx3,L5,50.0,75.0,175.0,200.0,AISynphys,Accessed on 2025-07-08 00:00:007,0.0,2
1775,VISp,EXC,Tlx3,L4,EXC,Tlx3,L5,75.0,100.0,0.0,25.0,AISynphys,Accessed on 2025-07-08 00:00:007,0.0,5
1776,VISp,EXC,Tlx3,L4,EXC,Tlx3,L5,75.0,100.0,25.0,50.0,AISynphys,Accessed on 2025-07-08 00:00:007,0.0,7
1777,VISp,EXC,Tlx3,L4,EXC,Tlx3,L5,75.0,100.0,50.0,75.0,AISynphys,Accessed on 2025-07-08 00:00:007,0.0,4
1778,VISp,EXC,Tlx3,L4,EXC,Tlx3,L5,75.0,100.0,75.0,100.0,AISynphys,Accessed on 2025-07-08 00:00:007,0.0,4
1779,VISp,EXC,Tlx3,L4,EXC,Tlx3,L5,75.0,100.0,100.0,125.0,AISynphys,Accessed on 2025-07-08 00:00:007,0.0,6
1780,VISp,EXC,Tlx3,L4,EXC,Tlx3,L5,75.0,100.0,175.0,200.0,AISynphys,Accessed on 2025-07-08 00:00:007,0.0,2
1781,VISp,EXC,Tlx3,L4,EXC,Tlx3,L5,100.0,125.0,0.0,25.0,AISynphys,Accessed on 2025-07-08 00:00:007,0.0,4
1782,VISp,EXC,Tlx3,L4,EXC,Tlx3,L5,100.0,125.0,25.0,50.0,AISynphys,Accessed on 2025-07-08 00:00:007,0.0,6
1783,VISp,EXC,Tlx3,L4,EXC,Tlx3,L5,100.0,125.0,50.0,75.0,AISynphys,Accessed on 2025-07-08 00:00:007,0.0,9
1784,VISp,EXC,Tlx3,L4,EXC,Tlx3,L5,100.0,125.0,75.0,100.0,AISynphys,Accessed on 2025-07-08 00:00:007,0.0,3
1785,VISp,EXC,Tlx3,L4,EXC,Tlx3,L5,100.0,125.0,100.0,125.0,AISynphys,Accessed on 2025-07-08 00:00:007,0.0,1
1786,VISp,EXC,Tlx3,L4,EXC,Tlx3,L5,100.0,125.0,175.0,200.0,AISynphys,Accessed on 2025-07-08 00:00:007,0.0,1
1787,VISp,EXC,Tlx3,L4,EXC,Tlx3,L5,125.0,150.0,0.0,25.0,AISynphys,Accessed on 2025-07-08 00:00:007,0.0,1
1788,VISp,EXC,Tlx3,L4,EXC,Tlx3,L5,125.0,150.0,25.0,50.0,AISynphys,Accessed on 2025-07-08 00:00:007,0.0,5
1789,VISp,EXC,Tlx3,L4,EXC,Tlx3,L5,125.0,150.0,75.0,100.0,AISynphys,Accessed on 2025-07-08 00:00:007,0.0,5
1790,VISp,EXC,Tlx3,L4,EXC,Tlx3,L5,125.0,150.0,125.0,150.0,AISynphys,Accessed on 2025-07-08 00:00:007,0.0,1
1791,VISp,EXC,Tlx3,L4,EXC,Tlx3,L5,125.0,150.0,175.0,200.0,AISynphys,Accessed on 2025-07-08 00:00:007,0.0,2
1792,VISp,EXC,Tlx3,L4,EXC,Tlx3,L5,150.0,175.0,0.0,25.0,AISynphys,Accessed on 2025-07-08 00:00:007,0.0,2
1793,VISp,EXC,Tlx3,L4,EXC,Tlx3,L5,150.0,175.0,50.0,75.0,AISynphys,Accessed on 2025-07-08 00:00:007,0.0,2
1794,VISp,EXC,Tlx3,L4,EXC,Tlx3,L5,150.0,175.0,100.0,125.0,AISynphys,Accessed on 2025-07-08 00:00:007,0.0,1
1795,VISp,EXC,Tlx3,L4,EXC,Tlx3,L5,150.0,175.0,200.0,225.0,AISynphys,Accessed on 2025-07-08 00:00:007,0.0,1
1796,VISp,EXC,Tlx3,L4,EXC,Tlx3,L5,175.0,200.0,25.0,50.0,AISynphys,Accessed on 2025-07-08 00:00:007,0.0,1
1797,VISp,EXC,Tlx3,L4,EXC,Tlx3,L5,175.0,200.0,50.0,75.0,AISynphys,Accessed on 2025-07-08 00:00:007,0.0,1
1798,VISp,EXC,Tlx3,L4,EXC,Tlx3,L5,175.0,200.0,75.0,100.0,AISynphys,Accessed on 2025-07-08 00:00:007,0.0,2
1799,VISp,EXC,Tlx3,L4,EXC,Tlx3,L5,175.0,200.0,200.0,225.0,AISynphys,Accessed on 2025-07-08 00:00:007,0.0,1
1800,VISp,EXC,Tlx3,L4,INH,Pvalb,L23,0.0,25.0,100.0,125.0,AISynphys,Accessed on 2025-07-08 00:00:007,0.0,1
1801,VISp,EXC,Tlx3,L4,INH,Pvalb,L23,25.0,50.0,100.0,125.0,AISynphys,Accessed on 2025-07-08 00:00:007,0.0,1
1802,VISp,EXC,Tlx3,L4,INH,Pvalb,L23,25.0,50.0,175.0,200.0,AISynphys,Accessed on 2025-07-08 00:00:007,0.0,1
1803,VISp,EXC,Tlx3,L4,INH,Pvalb,L23,25.0,50.0,225.0,250.0,AISynphys,Accessed on 2025-07-08 00:00:007,0.0,1
1804,VISp,EXC,Tlx3,L4,INH,Pvalb,L23,50.0,75.0,100.0,125.0,AISynphys,Accessed on 2025-07-08 00:00:007,0.0,1
1805,VISp,EXC,Tlx3,L4,INH,Pvalb,L23,75.0,100.0,100.0,125.0,AISynphys,Accessed on 2025-07-08 00:00:007,0.0,1
1806,VISp,EXC,Tlx3,L4,INH,Pvalb,L23,100.0,125.0,275.0,300.0,AISynphys,Accessed on 2025-07-08 00:00:007,0.0,1
1807,VISp,EXC,Tlx3,L4,INH,Pvalb,L23,125.0,150.0,225.0,250.0,AISynphys,Accessed on 2025-07-08 00:00:007,0.0,1
1808,VISp,EXC,Tlx3,L4,INH,Pvalb,L23,175.0,200.0,225.0,250.0,AISynphys,Accessed on 2025-07-08 00:00:007,0.0,1
1809,VISp,EXC,Tlx3,L4,INH,Pvalb,L4,0.0,25.0,0.0,25.0,AISynphys,Accessed on 2025-07-08 00:00:007,0.16666666666666666,6
1810,VISp,EXC,Tlx3,L4,INH,Pvalb,L4,0.0,25.0,25.0,50.0,AISynphys,Accessed on 2025-07-08 00:00:007,0.3333333333333333,3
1811,VISp,EXC,Tlx3,L4,INH,Pvalb,L4,0.0,25.0,50.0,75.0,AISynphys,Accessed on 2025-07-08 00:00:007,0.0,1
1812,VISp,EXC,Tlx3,L4,INH,Pvalb,L4,25.0,50.0,0.0,25.0,AISynphys,Accessed on 2025-07-08 00:00:007,0.0,4
1813,VISp,EXC,Tlx3,L4,INH,Pvalb,L4,25.0,50.0,25.0,50.0,AISynphys,Accessed on 2025-07-08 00:00:007,0.0,2
1814,VISp,EXC,Tlx3,L4,INH,Pvalb,L4,50.0,75.0,0.0,25.0,AISynphys,Accessed on 2025-07-08 00:00:007,0.0,3
1815,VISp,EXC,Tlx3,L4,INH,Pvalb,L4,50.0,75.0,25.0,50.0,AISynphys,Accessed on 2025-07-08 00:00:007,0.0,1
1816,VISp,EXC,Tlx3,L4,INH,Pvalb,L4,75.0,100.0,0.0,25.0,AISynphys,Accessed on 2025-07-08 00:00:007,0.0,4
1817,VISp,EXC,Tlx3,L4,INH,Pvalb,L4,75.0,100.0,25.0,50.0,AISynphys,Accessed on 2025-07-08 00:00:007,0.0,1
1818,VISp,EXC,Tlx3,L4,INH,Pvalb,L4,100.0,125.0,0.0,25.0,AISynphys,Accessed on 2025-07-08 00:00:007,0.0,2
1819,VISp,EXC,Tlx3,L4,INH,Pvalb,L4,100.0,125.0,25.0,50.0,AISynphys,Accessed on 2025-07-08 00:00:007,0.0,2
1820,VISp,EXC,Tlx3,L4,INH,Pvalb,L4,125.0,150.0,50.0,75.0,AISynphys,Accessed on 2025-07-08 00:00:007,0.0,1
1821,VISp,EXC,Tlx3,L4,INH,Pvalb,L4,150.0,175.0,0.0,25.0,AISynphys,Accessed on 2025-07-08 00:00:007,0.0,2
1822,VISp,EXC,Tlx3,L4,INH,Pvalb,L4,150.0,175.0,50.0,75.0,AISynphys,Accessed on 2025-07-08 00:00:007,0.0,1
1823,VISp,EXC,Tlx3,L4,INH,Pvalb,L4,175.0,200.0,0.0,25.0,AISynphys,Accessed on 2025-07-08 00:00:007,0.0,1
1824,VISp,EXC,Tlx3,L4,INH,Pvalb,L5,0.0,25.0,0.0,25.0,AISynphys,Accessed on 2025-07-08 00:00:007,0.5,2
1825,VISp,EXC,Tlx3,L4,INH,Pvalb,L5,0.0,25.0,25.0,50.0,AISynphys,Accessed on 2025-07-08 00:00:007,0.0,1
1826,VISp,EXC,Tlx3,L4,INH,Pvalb,L5,0.0,25.0,50.0,75.0,AISynphys,Accessed on 2025-07-08 00:00:007,0.2,5
1827,VISp,EXC,Tlx3,L4,INH,Pvalb,L5,0.0,25.0,100.0,125.0,AISynphys,Accessed on 2025-07-08 00:00:007,0.0,2
1828,VISp,EXC,Tlx3,L4,INH,Pvalb,L5,25.0,50.0,0.0,25.0,AISynphys,Accessed on 2025-07-08 00:00:007,0.0,2
1829,VISp,EXC,Tlx3,L4,INH,Pvalb,L5,25.0,50.0,25.0,50.0,AISynphys,Accessed on 2025-07-08 00:00:007,0.3333333333333333,3
1830,VISp,EXC,Tlx3,L4,INH,Pvalb,L5,25.0,50.0,50.0,75.0,AISynphys,Accessed on 2025-07-08 00:00:007,0.0,2
1831,VISp,EXC,Tlx3,L4,INH,Pvalb,L5,25.0,50.0,75.0,100.0,AISynphys,Accessed on 2025-07-08 00:00:007,0.0,2
1832,VISp,EXC,Tlx3,L4,INH,Pvalb,L5,25.0,50.0,100.0,125.0,AISynphys,Accessed on 2025-07-08 00:00:007,0.0,1
1833,VISp,EXC,Tlx3,L4,INH,Pvalb,L5,25.0,50.0,200.0,225.0,AISynphys,Accessed on 2025-07-08 00:00:007,0.0,1
1834,VISp,EXC,Tlx3,L4,INH,Pvalb,L5,50.0,75.0,0.0,25.0,AISynphys,Accessed on 2025-07-08 00:00:007,0.0,2
1835,VISp,EXC,Tlx3,L4,INH,Pvalb,L5,50.0,75.0,25.0,50.0,AISynphys,Accessed on 2025-07-08 00:00:007,0.5,2
1836,VISp,EXC,Tlx3,L4,INH,Pvalb,L5,50.0,75.0,50.0,75.0,AISynphys,Accessed on 2025-07-08 00:00:007,0.0,1
1837,VISp,EXC,Tlx3,L4,INH,Pvalb,L5,50.0,75.0,150.0,175.0,AISynphys,Accessed on 2025-07-08 00:00:007,0.0,1
1838,VISp,EXC,Tlx3,L4,INH,Pvalb,L5,75.0,100.0,25.0,50.0,AISynphys,Accessed on 2025-07-08 00:00:007,0.5,2
1839,VISp,EXC,Tlx3,L4,INH,Pvalb,L5,75.0,100.0,50.0,75.0,AISynphys,Accessed on 2025-07-08 00:00:007,0.0,1
1840,VISp,EXC,Tlx3,L4,INH,Pvalb,L5,75.0,100.0,75.0,100.0,AISynphys,Accessed on 2025-07-08 00:00:007,0.0,1
1841,VISp,EXC,Tlx3,L4,INH,Pvalb,L5,75.0,100.0,100.0,125.0,AISynphys,Accessed on 2025-07-08 00:00:007,0.0,1
1842,VISp,EXC,Tlx3,L4,INH,Pvalb,L5,100.0,125.0,0.0,25.0,AISynphys,Accessed on 2025-07-08 00:00:007,0.0,1
1843,VISp,EXC,Tlx3,L4,INH,Pvalb,L5,100.0,125.0,25.0,50.0,AISynphys,Accessed on 2025-07-08 00:00:007,0.0,1
1844,VISp,EXC,Tlx3,L4,INH,Pvalb,L5,100.0,125.0,50.0,75.0,AISynphys,Accessed on 2025-07-08 00:00:007,0.0,1
1845,VISp,EXC,Tlx3,L4,INH,Pvalb,L5,100.0,125.0,250.0,275.0,AISynphys,Accessed on 2025-07-08 00:00:007,0.0,1
1846,VISp,EXC,Tlx3,L4,INH,Pvalb,L5,125.0,150.0,75.0,100.0,AISynphys,Accessed on 2025-07-08 00:00:007,0.0,1
1847,VISp,EXC,Tlx3,L4,INH,Pvalb,L5,150.0,175.0,25.0,50.0,AISynphys,Accessed on 2025-07-08 00:00:007,0.0,1
1848,VISp,EXC,Tlx3,L4,INH,Pvalb,L5,200.0,225.0,25.0,50.0,AISynphys,Accessed on 2025-07-08 00:00:007,0.0,1
1849,VISp,EXC,Tlx3,L4,INH,Pvalb,L6a,50.0,75.0,275.0,300.0,AISynphys,Accessed on 2025-07-08 00:00:007,0.0,1
1850,VISp,EXC,Tlx3,L4,INH,Sst,L4,25.0,50.0,0.0,25.0,AISynphys,Accessed on 2025-07-08 00:00:007,0.0,3
1851,VISp,EXC,Tlx3,L4,INH,Sst,L4,50.0,75.0,0.0,25.0,AISynphys,Accessed on 2025-07-08 00:00:007,0.0,1
1852,VISp,EXC,Tlx3,L4,INH,Sst,L4,100.0,125.0,0.0,25.0,AISynphys,Accessed on 2025-07-08 00:00:007,0.0,1
1853,VISp,EXC,Tlx3,L4,INH,Sst,L5,0.0,25.0,25.0,50.0,AISynphys,Accessed on 2025-07-08 00:00:007,0.3333333333333333,3
1854,VISp,EXC,Tlx3,L4,INH,Sst,L5,0.0,25.0,50.0,75.0,AISynphys,Accessed on 2025-07-08 00:00:007,0.0,4
1855,VISp,EXC,Tlx3,L4,INH,Sst,L5,0.0,25.0,100.0,125.0,AISynphys,Accessed on 2025-07-08 00:00:007,0.0,2
1856,VISp,EXC,Tlx3,L4,INH,Sst,L5,25.0,50.0,25.0,50.0,AISynphys,Accessed on 2025-07-08 00:00:007,0.0,5
1857,VISp,EXC,Tlx3,L4,INH,Sst,L5,25.0,50.0,50.0,75.0,AISynphys,Accessed on 2025-07-08 00:00:007,0.25,4
1858,VISp,EXC,Tlx3,L4,INH,Sst,L5,25.0,50.0,75.0,100.0,AISynphys,Accessed on 2025-07-08 00:00:007,0.0,2
1859,VISp,EXC,Tlx3,L4,INH,Sst,L5,25.0,50.0,100.0,125.0,AISynphys,Accessed on 2025-07-08 00:00:007,0.0,1
1860,VISp,EXC,Tlx3,L4,INH,Sst,L5,50.0,75.0,50.0,75.0,AISynphys,Accessed on 2025-07-08 00:00:007,0.0,3
1861,VISp,EXC,Tlx3,L4,INH,Sst,L5,50.0,75.0,75.0,100.0,AISynphys,Accessed on 2025-07-08 00:00:007,0.0,1
1862,VISp,EXC,Tlx3,L4,INH,Sst,L5,50.0,75.0,250.0,275.0,AISynphys,Accessed on 2025-07-08 00:00:007,0.0,1
1863,VISp,EXC,Tlx3,L4,INH,Sst,L5,75.0,100.0,0.0,25.0,AISynphys,Accessed on 2025-07-08 00:00:007,0.0,1
1864,VISp,EXC,Tlx3,L4,INH,Sst,L5,75.0,100.0,25.0,50.0,AISynphys,Accessed on 2025-07-08 00:00:007,0.0,1
1865,VISp,EXC,Tlx3,L4,INH,Sst,L5,75.0,100.0,50.0,75.0,AISynphys,Accessed on 2025-07-08 00:00:007,0.0,1
1866,VISp,EXC,Tlx3,L4,INH,Sst,L5,75.0,100.0,75.0,100.0,AISynphys,Accessed on 2025-07-08 00:00:007,0.0,1
1867,VISp,EXC,Tlx3,L4,INH,Sst,L5,75.0,100.0,225.0,250.0,AISynphys,Accessed on 2025-07-08 00:00:007,0.0,1
1868,VISp,EXC,Tlx3,L4,INH,Sst,L5,100.0,125.0,100.0,125.0,AISynphys,Accessed on 2025-07-08 00:00:007,0.0,1
1869,VISp,EXC,Tlx3,L4,INH,Sst,L5,125.0,150.0,25.0,50.0,AISynphys,Accessed on 2025-07-08 00:00:007,0.0,1
1870,VISp,EXC,Tlx3,L4,INH,Sst,L5,125.0,150.0,75.0,100.0,AISynphys,Accessed on 2025-07-08 00:00:007,0.0,1
1871,VISp,EXC,Tlx3,L4,INH,Sst,L5,125.0,150.0,150.0,175.0,AISynphys,Accessed on 2025-07-08 00:00:007,0.0,1
1872,VISp,EXC,Tlx3,L4,INH,Vip,L1,25.0,50.0,350.0,375.0,AISynphys,Accessed on 2025-07-08 00:00:007,0.0,1
1873,VISp,EXC,Tlx3,L4,INH,Vip,L23,0.0,25.0,275.0,300.0,AISynphys,Accessed on 2025-07-08 00:00:007,0.0,1
1874,VISp,EXC,Tlx3,L4,INH,Vip,L23,0.0,25.0,300.0,325.0,AISynphys,Accessed on 2025-07-08 00:00:007,0.0,1
1875,VISp,EXC,Tlx3,L4,INH,Vip,L23,0.0,25.0,325.0,350.0,AISynphys,Accessed on 2025-07-08 00:00:007,0.0,1
1876,VISp,EXC,Tlx3,L4,INH,Vip,L23,25.0,50.0,250.0,275.0,AISynphys,Accessed on 2025-07-08 00:00:007,0.0,1
1877,VISp,EXC,Tlx3,L4,INH,Vip,L23,75.0,100.0,25.0,50.0,AISynphys,Accessed on 2025-07-08 00:00:007,0.0,1
1878,VISp,EXC,Tlx3,L4,INH,Vip,L23,75.0,100.0,300.0,325.0,AISynphys,Accessed on 2025-07-08 00:00:007,0.0,1
1879,VISp,EXC,Tlx3,L4,INH,Vip,L23,75.0,100.0,325.0,350.0,AISynphys,Accessed on 2025-07-08 00:00:007,0.0,1
1880,VISp,EXC,Tlx3,L4,INH,Vip,L23,125.0,150.0,250.0,275.0,AISynphys,Accessed on 2025-07-08 00:00:007,0.0,1
1881,VISp,EXC,Tlx3,L4,INH,Vip,L23,125.0,150.0,275.0,300.0,AISynphys,Accessed on 2025-07-08 00:00:007,0.0,1
1882,VISp,EXC,Tlx3,L4,INH,Vip,L23,150.0,175.0,25.0,50.0,AISynphys,Accessed on 2025-07-08 00:00:007,0.0,1
1883,VISp,EXC,Tlx3,L4,INH,Vip,L23,175.0,200.0,250.0,275.0,AISynphys,Accessed on 2025-07-08 00:00:007,0.0,1
1884,VISp,EXC,Tlx3,L4,INH,Vip,L23,225.0,250.0,75.0,100.0,AISynphys,Accessed on 2025-07-08 00:00:007,0.0,1
1885,VISp,EXC,Tlx3,L4,INH,Vip,L4,0.0,25.0,0.0,25.0,AISynphys,Accessed on 2025-07-08 00:00:007,0.0,2
1886,VISp,EXC,Tlx3,L4,INH,Vip,L4,0.0,25.0,25.0,50.0,AISynphys,Accessed on 2025-07-08 00:00:007,0.0,2
1887,VISp,EXC,Tlx3,L4,INH,Vip,L4,0.0,25.0,100.0,125.0,AISynphys,Accessed on 2025-07-08 00:00:007,1.0,1
1888,VISp,EXC,Tlx3,L4,INH,Vip,L4,25.0,50.0,0.0,25.0,AISynphys,Accessed on 2025-07-08 00:00:007,0.0,1
1889,VISp,EXC,Tlx3,L4,INH,Vip,L4,25.0,50.0,25.0,50.0,AISynphys,Accessed on 2025-07-08 00:00:007,0.0,1
1890,VISp,EXC,Tlx3,L4,INH,Vip,L4,25.0,50.0,75.0,100.0,AISynphys,Accessed on 2025-07-08 00:00:007,0.0,1
1891,VISp,EXC,Tlx3,L4,INH,Vip,L4,50.0,75.0,0.0,25.0,AISynphys,Accessed on 2025-07-08 00:00:007,0.0,2
1892,VISp,EXC,Tlx3,L4,INH,Vip,L4,50.0,75.0,25.0,50.0,AISynphys,Accessed on 2025-07-08 00:00:007,0.0,1
1893,VISp,EXC,Tlx3,L4,INH,Vip,L4,75.0,100.0,0.0,25.0,AISynphys,Accessed on 2025-07-08 00:00:007,0.0,2
1894,VISp,EXC,Tlx3,L4,INH,Vip,L4,75.0,100.0,100.0,125.0,AISynphys,Accessed on 2025-07-08 00:00:007,0.0,1
1895,VISp,EXC,Tlx3,L4,INH,Vip,L4,100.0,125.0,0.0,25.0,AISynphys,Accessed on 2025-07-08 00:00:007,0.0,1
1896,VISp,EXC,Tlx3,L4,INH,Vip,L4,100.0,125.0,25.0,50.0,AISynphys,Accessed on 2025-07-08 00:00:007,0.0,1
1897,VISp,EXC,Tlx3,L4,INH,Vip,L4,175.0,200.0,0.0,25.0,AISynphys,Accessed on 2025-07-08 00:00:007,0.0,1
1898,VISp,EXC,Tlx3,L4,INH,Vip,L4,200.0,225.0,25.0,50.0,AISynphys,Accessed on 2025-07-08 00:00:007,0.0,1
1899,VISp,EXC,Tlx3,L4,INH,Vip,L5,0.0,25.0,25.0,50.0,AISynphys,Accessed on 2025-07-08 00:00:007,0.0,3
1900,VISp,EXC,Tlx3,L4,INH,Vip,L5,0.0,25.0,125.0,150.0,AISynphys,Accessed on 2025-07-08 00:00:007,0.0,1
1901,VISp,EXC,Tlx3,L4,INH,Vip,L5,0.0,25.0,175.0,200.0,AISynphys,Accessed on 2025-07-08 00:00:007,0.0,1
1902,VISp,EXC,Tlx3,L4,INH,Vip,L5,25.0,50.0,25.0,50.0,AISynphys,Accessed on 2025-07-08 00:00:007,0.0,1
1903,VISp,EXC,Tlx3,L4,INH,Vip,L5,25.0,50.0,75.0,100.0,AISynphys,Accessed on 2025-07-08 00:00:007,0.0,1
1904,VISp,EXC,Tlx3,L4,INH,Vip,L5,25.0,50.0,125.0,150.0,AISynphys,Accessed on 2025-07-08 00:00:007,0.0,1
1905,VISp,EXC,Tlx3,L4,INH,Vip,L5,25.0,50.0,175.0,200.0,AISynphys,Accessed on 2025-07-08 00:00:007,0.0,1
1906,VISp,EXC,Tlx3,L4,INH,Vip,L5,50.0,75.0,0.0,25.0,AISynphys,Accessed on 2025-07-08 00:00:007,0.0,1
1907,VISp,EXC,Tlx3,L4,INH,Vip,L5,50.0,75.0,25.0,50.0,AISynphys,Accessed on 2025-07-08 00:00:007,0.0,2
1908,VISp,EXC,Tlx3,L4,INH,Vip,L5,50.0,75.0,75.0,100.0,AISynphys,Accessed on 2025-07-08 00:00:007,0.0,1
1909,VISp,EXC,Tlx3,L4,INH,Vip,L5,100.0,125.0,0.0,25.0,AISynphys,Accessed on 2025-07-08 00:00:007,0.0,1
1910,VISp,EXC,Tlx3,L4,INH,Vip,L5,125.0,150.0,0.0,25.0,AISynphys,Accessed on 2025-07-08 00:00:007,0.0,1
1911,VISp,EXC,Tlx3,L4,INH,Vip,L5,125.0,150.0,75.0,100.0,AISynphys,Accessed on 2025-07-08 00:00:007,0.0,1
1912,VISp,EXC,Tlx3,L4,INH,Vip,L5,150.0,175.0,75.0,100.0,AISynphys,Accessed on 2025-07-08 00:00:007,0.0,1
1913,VISp,EXC,Tlx3,L4,INH,Vip,L5,175.0,200.0,0.0,25.0,AISynphys,Accessed on 2025-07-08 00:00:007,0.0,1
1914,VISp,EXC,Tlx3,L4,INH,Vip,L5,175.0,200.0,75.0,100.0,AISynphys,Accessed on 2025-07-08 00:00:007,0.0,1
1915,VISp,EXC,Tlx3,L5,EXC,Fam84b,L4,0.0,25.0,50.0,75.0,AISynphys,Accessed on 2025-07-08 00:00:007,0.0,1
1916,VISp,EXC,Tlx3,L5,EXC,Fam84b,L5,0.0,25.0,0.0,25.0,AISynphys,Accessed on 2025-07-08 00:00:007,0.0,6
1917,VISp,EXC,Tlx3,L5,EXC,Fam84b,L5,0.0,25.0,25.0,50.0,AISynphys,Accessed on 2025-07-08 00:00:007,0.16666666666666666,6
1918,VISp,EXC,Tlx3,L5,EXC,Fam84b,L5,0.0,25.0,50.0,75.0,AISynphys,Accessed on 2025-07-08 00:00:007,0.0,10
1919,VISp,EXC,Tlx3,L5,EXC,Fam84b,L5,0.0,25.0,75.0,100.0,AISynphys,Accessed on 2025-07-08 00:00:007,0.0,4
1920,VISp,EXC,Tlx3,L5,EXC,Fam84b,L5,0.0,25.0,100.0,125.0,AISynphys,Accessed on 2025-07-08 00:00:007,0.0,2
1921,VISp,EXC,Tlx3,L5,EXC,Fam84b,L5,0.0,25.0,125.0,150.0,AISynphys,Accessed on 2025-07-08 00:00:007,0.0,3
1922,VISp,EXC,Tlx3,L5,EXC,Fam84b,L5,0.0,25.0,150.0,175.0,AISynphys,Accessed on 2025-07-08 00:00:007,0.0,2
1923,VISp,EXC,Tlx3,L5,EXC,Fam84b,L5,25.0,50.0,0.0,25.0,AISynphys,Accessed on 2025-07-08 00:00:007,0.25,8
1924,VISp,EXC,Tlx3,L5,EXC,Fam84b,L5,25.0,50.0,25.0,50.0,AISynphys,Accessed on 2025-07-08 00:00:007,0.0,8
1925,VISp,EXC,Tlx3,L5,EXC,Fam84b,L5,25.0,50.0,50.0,75.0,AISynphys,Accessed on 2025-07-08 00:00:007,0.0,9
1926,VISp,EXC,Tlx3,L5,EXC,Fam84b,L5,25.0,50.0,75.0,100.0,AISynphys,Accessed on 2025-07-08 00:00:007,0.0,4
1927,VISp,EXC,Tlx3,L5,EXC,Fam84b,L5,25.0,50.0,100.0,125.0,AISynphys,Accessed on 2025-07-08 00:00:007,0.0,4
1928,VISp,EXC,Tlx3,L5,EXC,Fam84b,L5,25.0,50.0,125.0,150.0,AISynphys,Accessed on 2025-07-08 00:00:007,0.0,3
1929,VISp,EXC,Tlx3,L5,EXC,Fam84b,L5,25.0,50.0,150.0,175.0,AISynphys,Accessed on 2025-07-08 00:00:007,0.0,1
1930,VISp,EXC,Tlx3,L5,EXC,Fam84b,L5,50.0,75.0,0.0,25.0,AISynphys,Accessed on 2025-07-08 00:00:007,0.08333333333333333,12
1931,VISp,EXC,Tlx3,L5,EXC,Fam84b,L5,50.0,75.0,25.0,50.0,AISynphys,Accessed on 2025-07-08 00:00:007,0.0,5
1932,VISp,EXC,Tlx3,L5,EXC,Fam84b,L5,50.0,75.0,50.0,75.0,AISynphys,Accessed on 2025-07-08 00:00:007,0.0,1
1933,VISp,EXC,Tlx3,L5,EXC,Fam84b,L5,50.0,75.0,75.0,100.0,AISynphys,Accessed on 2025-07-08 00:00:007,0.0,3
1934,VISp,EXC,Tlx3,L5,EXC,Fam84b,L5,75.0,100.0,0.0,25.0,AISynphys,Accessed on 2025-07-08 00:00:007,0.0,4
1935,VISp,EXC,Tlx3,L5,EXC,Fam84b,L5,75.0,100.0,25.0,50.0,AISynphys,Accessed on 2025-07-08 00:00:007,0.0,4
1936,VISp,EXC,Tlx3,L5,EXC,Fam84b,L5,75.0,100.0,50.0,75.0,AISynphys,Accessed on 2025-07-08 00:00:007,0.0,2
1937,VISp,EXC,Tlx3,L5,EXC,Fam84b,L5,75.0,100.0,75.0,100.0,AISynphys,Accessed on 2025-07-08 00:00:007,0.0,4
1938,VISp,EXC,Tlx3,L5,EXC,Fam84b,L5,75.0,100.0,100.0,125.0,AISynphys,Accessed on 2025-07-08 00:00:007,0.0,1
1939,VISp,EXC,Tlx3,L5,EXC,Fam84b,L5,100.0,125.0,0.0,25.0,AISynphys,Accessed on 2025-07-08 00:00:007,0.0,4
1940,VISp,EXC,Tlx3,L5,EXC,Fam84b,L5,100.0,125.0,25.0,50.0,AISynphys,Accessed on 2025-07-08 00:00:007,0.0,3
1941,VISp,EXC,Tlx3,L5,EXC,Fam84b,L5,100.0,125.0,50.0,75.0,AISynphys,Accessed on 2025-07-08 00:00:007,0.0,2
1942,VISp,EXC,Tlx3,L5,EXC,Fam84b,L5,100.0,125.0,100.0,125.0,AISynphys,Accessed on 2025-07-08 00:00:007,0.0,2
1943,VISp,EXC,Tlx3,L5,EXC,Fam84b,L5,100.0,125.0,125.0,150.0,AISynphys,Accessed on 2025-07-08 00:00:007,0.0,1
1944,VISp,EXC,Tlx3,L5,EXC,Fam84b,L5,125.0,150.0,0.0,25.0,AISynphys,Accessed on 2025-07-08 00:00:007,0.0,2
1945,VISp,EXC,Tlx3,L5,EXC,Fam84b,L5,125.0,150.0,25.0,50.0,AISynphys,Accessed on 2025-07-08 00:00:007,0.0,3
1946,VISp,EXC,Tlx3,L5,EXC,Fam84b,L5,125.0,150.0,50.0,75.0,AISynphys,Accessed on 2025-07-08 00:00:007,0.0,1
1947,VISp,EXC,Tlx3,L5,EXC,Fam84b,L5,125.0,150.0,100.0,125.0,AISynphys,Accessed on 2025-07-08 00:00:007,0.0,1
1948,VISp,EXC,Tlx3,L5,EXC,Fam84b,L5,150.0,175.0,0.0,25.0,AISynphys,Accessed on 2025-07-08 00:00:007,0.0,3
1949,VISp,EXC,Tlx3,L5,EXC,Fam84b,L5,150.0,175.0,25.0,50.0,AISynphys,Accessed on 2025-07-08 00:00:007,0.0,2
1950,VISp,EXC,Tlx3,L5,EXC,Fam84b,L5,175.0,200.0,0.0,25.0,AISynphys,Accessed on 2025-07-08 00:00:007,0.0,1
1951,VISp,EXC,Tlx3,L5,EXC,Fam84b,L5,200.0,225.0,25.0,50.0,AISynphys,Accessed on 2025-07-08 00:00:007,0.0,1
1952,VISp,EXC,Tlx3,L5,EXC,Fam84b,L5,275.0,300.0,25.0,50.0,AISynphys,Accessed on 2025-07-08 00:00:007,0.0,1
1953,VISp,EXC,Tlx3,L5,EXC,Fam84b,L5,275.0,300.0,50.0,75.0,AISynphys,Accessed on 2025-07-08 00:00:007,0.0,1
1954,VISp,EXC,Tlx3,L5,EXC,Fam84b,L5,300.0,325.0,0.0,25.0,AISynphys,Accessed on 2025-07-08 00:00:007,0.0,1
1955,VISp,EXC,Tlx3,L5,EXC,Fam84b,L5,325.0,350.0,0.0,25.0,AISynphys,Accessed on 2025-07-08 00:00:007,0.0,1
1956,VISp,EXC,Tlx3,L5,EXC,Tlx3,L23,0.0,25.0,350.0,375.0,AISynphys,Accessed on 2025-07-08 00:00:007,0.0,1
1957,VISp,EXC,Tlx3,L5,EXC,Tlx3,L23,25.0,50.0,350.0,375.0,AISynphys,Accessed on 2025-07-08 00:00:007,0.0,1
1958,VISp,EXC,Tlx3,L5,EXC,Tlx3,L23,50.0,75.0,0.0,25.0,AISynphys,Accessed on 2025-07-08 00:00:007,0.0,1
1959,VISp,EXC,Tlx3,L5,EXC,Tlx3,L23,50.0,75.0,75.0,100.0,AISynphys,Accessed on 2025-07-08 00:00:007,0.0,1
1960,VISp,EXC,Tlx3,L5,EXC,Tlx3,L23,75.0,100.0,100.0,125.0,AISynphys,Accessed on 2025-07-08 00:00:007,0.0,1
1961,VISp,EXC,Tlx3,L5,EXC,Tlx3,L23,100.0,125.0,0.0,25.0,AISynphys,Accessed on 2025-07-08 00:00:007,0.0,1
1962,VISp,EXC,Tlx3,L5,EXC,Tlx3,L23,100.0,125.0,375.0,400.0,AISynphys,Accessed on 2025-07-08 00:00:007,0.0,1
1963,VISp,EXC,Tlx3,L5,EXC,Tlx3,L23,125.0,150.0,375.0,400.0,AISynphys,Accessed on 2025-07-08 00:00:007,0.0,1
1964,VISp,EXC,Tlx3,L5,EXC,Tlx3,L23,200.0,225.0,350.0,375.0,AISynphys,Accessed on 2025-07-08 00:00:007,0.0,1
1965,VISp,EXC,Tlx3,L5,EXC,Tlx3,L23,225.0,250.0,350.0,375.0,AISynphys,Accessed on 2025-07-08 00:00:007,0.0,1
1966,VISp,EXC,Tlx3,L5,EXC,Tlx3,L23,250.0,275.0,75.0,100.0,AISynphys,Accessed on 2025-07-08 00:00:007,0.0,1
1967,VISp,EXC,Tlx3,L5,EXC,Tlx3,L23,375.0,400.0,375.0,400.0,AISynphys,Accessed on 2025-07-08 00:00:007,0.0,1
1968,VISp,EXC,Tlx3,L5,EXC,Tlx3,L4,0.0,25.0,0.0,25.0,AISynphys,Accessed on 2025-07-08 00:00:007,0.0,13
1969,VISp,EXC,Tlx3,L5,EXC,Tlx3,L4,0.0,25.0,25.0,50.0,AISynphys,Accessed on 2025-07-08 00:00:007,0.0,16
1970,VISp,EXC,Tlx3,L5,EXC,Tlx3,L4,0.0,25.0,50.0,75.0,AISynphys,Accessed on 2025-07-08 00:00:007,0.05555555555555555,18
1971,VISp,EXC,Tlx3,L5,EXC,Tlx3,L4,0.0,25.0,75.0,100.0,AISynphys,Accessed on 2025-07-08 00:00:007,0.0,9
1972,VISp,EXC,Tlx3,L5,EXC,Tlx3,L4,0.0,25.0,100.0,125.0,AISynphys,Accessed on 2025-07-08 00:00:007,0.0,6
1973,VISp,EXC,Tlx3,L5,EXC,Tlx3,L4,0.0,25.0,125.0,150.0,AISynphys,Accessed on 2025-07-08 00:00:007,0.0,2
1974,VISp,EXC,Tlx3,L5,EXC,Tlx3,L4,0.0,25.0,150.0,175.0,AISynphys,Accessed on 2025-07-08 00:00:007,0.0,1
1975,VISp,EXC,Tlx3,L5,EXC,Tlx3,L4,25.0,50.0,0.0,25.0,AISynphys,Accessed on 2025-07-08 00:00:007,0.0,8
1976,VISp,EXC,Tlx3,L5,EXC,Tlx3,L4,25.0,50.0,25.0,50.0,AISynphys,Accessed on 2025-07-08 00:00:007,0.045454545454545456,22
1977,VISp,EXC,Tlx3,L5,EXC,Tlx3,L4,25.0,50.0,50.0,75.0,AISynphys,Accessed on 2025-07-08 00:00:007,0.0,12
1978,VISp,EXC,Tlx3,L5,EXC,Tlx3,L4,25.0,50.0,75.0,100.0,AISynphys,Accessed on 2025-07-08 00:00:007,0.0,10
1979,VISp,EXC,Tlx3,L5,EXC,Tlx3,L4,25.0,50.0,100.0,125.0,AISynphys,Accessed on 2025-07-08 00:00:007,0.0,2
1980,VISp,EXC,Tlx3,L5,EXC,Tlx3,L4,25.0,50.0,125.0,150.0,AISynphys,Accessed on 2025-07-08 00:00:007,0.0,2
1981,VISp,EXC,Tlx3,L5,EXC,Tlx3,L4,25.0,50.0,175.0,200.0,AISynphys,Accessed on 2025-07-08 00:00:007,0.0,1
1982,VISp,EXC,Tlx3,L5,EXC,Tlx3,L4,50.0,75.0,0.0,25.0,AISynphys,Accessed on 2025-07-08 00:00:007,0.0,6
1983,VISp,EXC,Tlx3,L5,EXC,Tlx3,L4,50.0,75.0,25.0,50.0,AISynphys,Accessed on 2025-07-08 00:00:007,0.0,22
1984,VISp,EXC,Tlx3,L5,EXC,Tlx3,L4,50.0,75.0,50.0,75.0,AISynphys,Accessed on 2025-07-08 00:00:007,0.0,15
1985,VISp,EXC,Tlx3,L5,EXC,Tlx3,L4,50.0,75.0,75.0,100.0,AISynphys,Accessed on 2025-07-08 00:00:007,0.0,11
1986,VISp,EXC,Tlx3,L5,EXC,Tlx3,L4,50.0,75.0,100.0,125.0,AISynphys,Accessed on 2025-07-08 00:00:007,0.0,2
1987,VISp,EXC,Tlx3,L5,EXC,Tlx3,L4,50.0,75.0,175.0,200.0,AISynphys,Accessed on 2025-07-08 00:00:007,0.0,2
1988,VISp,EXC,Tlx3,L5,EXC,Tlx3,L4,75.0,100.0,0.0,25.0,AISynphys,Accessed on 2025-07-08 00:00:007,0.0,5
1989,VISp,EXC,Tlx3,L5,EXC,Tlx3,L4,75.0,100.0,25.0,50.0,AISynphys,Accessed on 2025-07-08 00:00:007,0.0,7
1990,VISp,EXC,Tlx3,L5,EXC,Tlx3,L4,75.0,100.0,50.0,75.0,AISynphys,Accessed on 2025-07-08 00:00:007,0.0,4
1991,VISp,EXC,Tlx3,L5,EXC,Tlx3,L4,75.0,100.0,75.0,100.0,AISynphys,Accessed on 2025-07-08 00:00:007,0.0,4
1992,VISp,EXC,Tlx3,L5,EXC,Tlx3,L4,75.0,100.0,100.0,125.0,AISynphys,Accessed on 2025-07-08 00:00:007,0.0,6
1993,VISp,EXC,Tlx3,L5,EXC,Tlx3,L4,75.0,100.0,175.0,200.0,AISynphys,Accessed on 2025-07-08 00:00:007,0.0,2
1994,VISp,EXC,Tlx3,L5,EXC,Tlx3,L4,100.0,125.0,0.0,25.0,AISynphys,Accessed on 2025-07-08 00:00:007,0.0,4
1995,VISp,EXC,Tlx3,L5,EXC,Tlx3,L4,100.0,125.0,25.0,50.0,AISynphys,Accessed on 2025-07-08 00:00:007,0.0,6
1996,VISp,EXC,Tlx3,L5,EXC,Tlx3,L4,100.0,125.0,50.0,75.0,AISynphys,Accessed on 2025-07-08 00:00:007,0.0,9
1997,VISp,EXC,Tlx3,L5,EXC,Tlx3,L4,100.0,125.0,75.0,100.0,AISynphys,Accessed on 2025-07-08 00:00:007,0.0,3
1998,VISp,EXC,Tlx3,L5,EXC,Tlx3,L4,100.0,125.0,100.0,125.0,AISynphys,Accessed on 2025-07-08 00:00:007,0.0,1
1999,VISp,EXC,Tlx3,L5,EXC,Tlx3,L4,100.0,125.0,175.0,200.0,AISynphys,Accessed on 2025-07-08 00:00:007,0.0,1
2000,VISp,EXC,Tlx3,L5,EXC,Tlx3,L4,125.0,150.0,0.0,25.0,AISynphys,Accessed on 2025-07-08 00:00:007,0.0,1
2001,VISp,EXC,Tlx3,L5,EXC,Tlx3,L4,125.0,150.0,25.0,50.0,AISynphys,Accessed on 2025-07-08 00:00:007,0.0,5
2002,VISp,EXC,Tlx3,L5,EXC,Tlx3,L4,125.0,150.0,75.0,100.0,AISynphys,Accessed on 2025-07-08 00:00:007,0.0,5
2003,VISp,EXC,Tlx3,L5,EXC,Tlx3,L4,125.0,150.0,125.0,150.0,AISynphys,Accessed on 2025-07-08 00:00:007,0.0,1
2004,VISp,EXC,Tlx3,L5,EXC,Tlx3,L4,125.0,150.0,175.0,200.0,AISynphys,Accessed on 2025-07-08 00:00:007,0.0,2
2005,VISp,EXC,Tlx3,L5,EXC,Tlx3,L4,150.0,175.0,0.0,25.0,AISynphys,Accessed on 2025-07-08 00:00:007,0.0,2
2006,VISp,EXC,Tlx3,L5,EXC,Tlx3,L4,150.0,175.0,50.0,75.0,AISynphys,Accessed on 2025-07-08 00:00:007,0.0,2
2007,VISp,EXC,Tlx3,L5,EXC,Tlx3,L4,150.0,175.0,100.0,125.0,AISynphys,Accessed on 2025-07-08 00:00:007,0.0,1
2008,VISp,EXC,Tlx3,L5,EXC,Tlx3,L4,150.0,175.0,200.0,225.0,AISynphys,Accessed on 2025-07-08 00:00:007,0.0,1
2009,VISp,EXC,Tlx3,L5,EXC,Tlx3,L4,175.0,200.0,25.0,50.0,AISynphys,Accessed on 2025-07-08 00:00:007,0.0,1
2010,VISp,EXC,Tlx3,L5,EXC,Tlx3,L4,175.0,200.0,50.0,75.0,AISynphys,Accessed on 2025-07-08 00:00:007,0.0,1
2011,VISp,EXC,Tlx3,L5,EXC,Tlx3,L4,175.0,200.0,75.0,100.0,AISynphys,Accessed on 2025-07-08 00:00:007,0.0,2
2012,VISp,EXC,Tlx3,L5,EXC,Tlx3,L4,175.0,200.0,200.0,225.0,AISynphys,Accessed on 2025-07-08 00:00:007,0.0,1
2013,VISp,EXC,Tlx3,L5,EXC,Tlx3,L5,0.0,25.0,0.0,25.0,AISynphys,Accessed on 2025-07-08 00:00:007,0.021505376344086023,186
2014,VISp,EXC,Tlx3,L5,EXC,Tlx3,L5,0.0,25.0,25.0,50.0,AISynphys,Accessed on 2025-07-08 00:00:007,0.02142857142857143,140
2015,VISp,EXC,Tlx3,L5,EXC,Tlx3,L5,0.0,25.0,50.0,75.0,AISynphys,Accessed on 2025-07-08 00:00:007,0.0,64
2016,VISp,EXC,Tlx3,L5,EXC,Tlx3,L5,0.0,25.0,75.0,100.0,AISynphys,Accessed on 2025-07-08 00:00:007,0.0,48
2017,VISp,EXC,Tlx3,L5,EXC,Tlx3,L5,0.0,25.0,100.0,125.0,AISynphys,Accessed on 2025-07-08 00:00:007,0.0625,16
2018,VISp,EXC,Tlx3,L5,EXC,Tlx3,L5,0.0,25.0,125.0,150.0,AISynphys,Accessed on 2025-07-08 00:00:007,0.0,10
2019,VISp,EXC,Tlx3,L5,EXC,Tlx3,L5,0.0,25.0,150.0,175.0,AISynphys,Accessed on 2025-07-08 00:00:007,0.0,4
2020,VISp,EXC,Tlx3,L5,EXC,Tlx3,L5,0.0,25.0,200.0,225.0,AISynphys,Accessed on 2025-07-08 00:00:007,0.0,2
2021,VISp,EXC,Tlx3,L5,EXC,Tlx3,L5,25.0,50.0,0.0,25.0,AISynphys,Accessed on 2025-07-08 00:00:007,0.046296296296296294,216
2022,VISp,EXC,Tlx3,L5,EXC,Tlx3,L5,25.0,50.0,25.0,50.0,AISynphys,Accessed on 2025-07-08 00:00:007,0.0,150
2023,VISp,EXC,Tlx3,L5,EXC,Tlx3,L5,25.0,50.0,50.0,75.0,AISynphys,Accessed on 2025-07-08 00:00:007,0.015625,64
2024,VISp,EXC,Tlx3,L5,EXC,Tlx3,L5,25.0,50.0,75.0,100.0,AISynphys,Accessed on 2025-07-08 00:00:007,0.0,34
2025,VISp,EXC,Tlx3,L5,EXC,Tlx3,L5,25.0,50.0,100.0,125.0,AISynphys,Accessed on 2025-07-08 00:00:007,0.0,12
2026,VISp,EXC,Tlx3,L5,EXC,Tlx3,L5,25.0,50.0,125.0,150.0,AISynphys,Accessed on 2025-07-08 00:00:007,0.0,2
2027,VISp,EXC,Tlx3,L5,EXC,Tlx3,L5,25.0,50.0,150.0,175.0,AISynphys,Accessed on 2025-07-08 00:00:007,0.0,4
2028,VISp,EXC,Tlx3,L5,EXC,Tlx3,L5,50.0,75.0,0.0,25.0,AISynphys,Accessed on 2025-07-08 00:00:007,0.012048192771084338,166
2029,VISp,EXC,Tlx3,L5,EXC,Tlx3,L5,50.0,75.0,25.0,50.0,AISynphys,Accessed on 2025-07-08 00:00:007,0.0,112
2030,VISp,EXC,Tlx3,L5,EXC,Tlx3,L5,50.0,75.0,50.0,75.0,AISynphys,Accessed on 2025-07-08 00:00:007,0.02,50
2031,VISp,EXC,Tlx3,L5,EXC,Tlx3,L5,50.0,75.0,75.0,100.0,AISynphys,Accessed on 2025-07-08 00:00:007,0.0,16
2032,VISp,EXC,Tlx3,L5,EXC,Tlx3,L5,50.0,75.0,100.0,125.0,AISynphys,Accessed on 2025-07-08 00:00:007,0.0,4
2033,VISp,EXC,Tlx3,L5,EXC,Tlx3,L5,50.0,75.0,125.0,150.0,AISynphys,Accessed on 2025-07-08 00:00:007,0.0,8
2034,VISp,EXC,Tlx3,L5,EXC,Tlx3,L5,50.0,75.0,150.0,175.0,AISynphys,Accessed on 2025-07-08 00:00:007,0.0,4
2035,VISp,EXC,Tlx3,L5,EXC,Tlx3,L5,75.0,100.0,0.0,25.0,AISynphys,Accessed on 2025-07-08 00:00:007,0.025423728813559324,118
2036,VISp,EXC,Tlx3,L5,EXC,Tlx3,L5,75.0,100.0,25.0,50.0,AISynphys,Accessed on 2025-07-08 00:00:007,0.029411764705882353,68
2037,VISp,EXC,Tlx3,L5,EXC,Tlx3,L5,75.0,100.0,50.0,75.0,AISynphys,Accessed on 2025-07-08 00:00:007,0.029411764705882353,34
2038,VISp,EXC,Tlx3,L5,EXC,Tlx3,L5,75.0,100.0,75.0,100.0,AISynphys,Accessed on 2025-07-08 00:00:007,0.0,12
2039,VISp,EXC,Tlx3,L5,EXC,Tlx3,L5,75.0,100.0,100.0,125.0,AISynphys,Accessed on 2025-07-08 00:00:007,0.0,6
2040,VISp,EXC,Tlx3,L5,EXC,Tlx3,L5,75.0,100.0,125.0,150.0,AISynphys,Accessed on 2025-07-08 00:00:007,0.0,4
2041,VISp,EXC,Tlx3,L5,EXC,Tlx3,L5,75.0,100.0,150.0,175.0,AISynphys,Accessed on 2025-07-08 00:00:007,0.0,2
2042,VISp,EXC,Tlx3,L5,EXC,Tlx3,L5,100.0,125.0,0.0,25.0,AISynphys,Accessed on 2025-07-08 00:00:007,0.0,56
2043,VISp,EXC,Tlx3,L5,EXC,Tlx3,L5,100.0,125.0,25.0,50.0,AISynphys,Accessed on 2025-07-08 00:00:007,0.0,42
2044,VISp,EXC,Tlx3,L5,EXC,Tlx3,L5,100.0,125.0,50.0,75.0,AISynphys,Accessed on 2025-07-08 00:00:007,0.0,28
2045,VISp,EXC,Tlx3,L5,EXC,Tlx3,L5,100.0,125.0,75.0,100.0,AISynphys,Accessed on 2025-07-08 00:00:007,0.0,12
2046,VISp,EXC,Tlx3,L5,EXC,Tlx3,L5,100.0,125.0,100.0,125.0,AISynphys,Accessed on 2025-07-08 00:00:007,0.0,4
2047,VISp,EXC,Tlx3,L5,EXC,Tlx3,L5,100.0,125.0,125.0,150.0,AISynphys,Accessed on 2025-07-08 00:00:007,0.16666666666666666,6
2048,VISp,EXC,Tlx3,L5,EXC,Tlx3,L5,100.0,125.0,200.0,225.0,AISynphys,Accessed on 2025-07-08 00:00:007,0.0,2
2049,VISp,EXC,Tlx3,L5,EXC,Tlx3,L5,125.0,150.0,0.0,25.0,AISynphys,Accessed on 2025-07-08 00:00:007,0.0,42
2050,VISp,EXC,Tlx3,L5,EXC,Tlx3,L5,125.0,150.0,25.0,50.0,AISynphys,Accessed on 2025-07-08 00:00:007,0.0,34
2051,VISp,EXC,Tlx3,L5,EXC,Tlx3,L5,125.0,150.0,50.0,75.0,AISynphys,Accessed on 2025-07-08 00:00:007,0.05,20
2052,VISp,EXC,Tlx3,L5,EXC,Tlx3,L5,125.0,150.0,75.0,100.0,AISynphys,Accessed on 2025-07-08 00:00:007,0.0,6
2053,VISp,EXC,Tlx3,L5,EXC,Tlx3,L5,125.0,150.0,100.0,125.0,AISynphys,Accessed on 2025-07-08 00:00:007,0.0,2
2054,VISp,EXC,Tlx3,L5,EXC,Tlx3,L5,125.0,150.0,125.0,150.0,AISynphys,Accessed on 2025-07-08 00:00:007,0.0,2
2055,VISp,EXC,Tlx3,L5,EXC,Tlx3,L5,125.0,150.0,150.0,175.0,AISynphys,Accessed on 2025-07-08 00:00:007,0.0,2
2056,VISp,EXC,Tlx3,L5,EXC,Tlx3,L5,150.0,175.0,0.0,25.0,AISynphys,Accessed on 2025-07-08 00:00:007,0.0,36
2057,VISp,EXC,Tlx3,L5,EXC,Tlx3,L5,150.0,175.0,25.0,50.0,AISynphys,Accessed on 2025-07-08 00:00:007,0.0,6
2058,VISp,EXC,Tlx3,L5,EXC,Tlx3,L5,150.0,175.0,50.0,75.0,AISynphys,Accessed on 2025-07-08 00:00:007,0.0,6
2059,VISp,EXC,Tlx3,L5,EXC,Tlx3,L5,150.0,175.0,75.0,100.0,AISynphys,Accessed on 2025-07-08 00:00:007,0.0,4
2060,VISp,EXC,Tlx3,L5,EXC,Tlx3,L5,175.0,200.0,0.0,25.0,AISynphys,Accessed on 2025-07-08 00:00:007,0.0,6
2061,VISp,EXC,Tlx3,L5,EXC,Tlx3,L5,175.0,200.0,25.0,50.0,AISynphys,Accessed on 2025-07-08 00:00:007,0.0,12
2062,VISp,EXC,Tlx3,L5,EXC,Tlx3,L5,175.0,200.0,50.0,75.0,AISynphys,Accessed on 2025-07-08 00:00:007,0.0,4
2063,VISp,EXC,Tlx3,L5,EXC,Tlx3,L5,175.0,200.0,125.0,150.0,AISynphys,Accessed on 2025-07-08 00:00:007,0.0,2
2064,VISp,EXC,Tlx3,L5,EXC,Tlx3,L5,200.0,225.0,0.0,25.0,AISynphys,Accessed on 2025-07-08 00:00:007,0.0,6
2065,VISp,EXC,Tlx3,L5,EXC,Tlx3,L5,200.0,225.0,25.0,50.0,AISynphys,Accessed on 2025-07-08 00:00:007,0.0,6
2066,VISp,EXC,Tlx3,L5,EXC,Tlx3,L5,225.0,250.0,0.0,25.0,AISynphys,Accessed on 2025-07-08 00:00:007,0.0,12
2067,VISp,EXC,Tlx3,L5,EXC,Tlx3,L5,225.0,250.0,25.0,50.0,AISynphys,Accessed on 2025-07-08 00:00:007,0.0,6
2068,VISp,EXC,Tlx3,L5,EXC,Tlx3,L5,225.0,250.0,125.0,150.0,AISynphys,Accessed on 2025-07-08 00:00:007,0.0,4
2069,VISp,EXC,Tlx3,L5,EXC,Tlx3,L5,250.0,275.0,0.0,25.0,AISynphys,Accessed on 2025-07-08 00:00:007,0.0,2
2070,VISp,EXC,Tlx3,L5,EXC,Tlx3,L5,250.0,275.0,75.0,100.0,AISynphys,Accessed on 2025-07-08 00:00:007,0.0,4
2071,VISp,EXC,Tlx3,L5,EXC,Tlx3,L5,275.0,300.0,25.0,50.0,AISynphys,Accessed on 2025-07-08 00:00:007,0.0,2
2072,VISp,EXC,Tlx3,L5,EXC,Tlx3,L5,275.0,300.0,50.0,75.0,AISynphys,Accessed on 2025-07-08 00:00:007,0.0,2
2073,VISp,EXC,Tlx3,L5,EXC,Tlx3,L5,275.0,300.0,75.0,100.0,AISynphys,Accessed on 2025-07-08 00:00:007,0.0,4
2074,VISp,EXC,Tlx3,L5,EXC,Tlx3,L5,300.0,325.0,50.0,75.0,AISynphys,Accessed on 2025-07-08 00:00:007,0.0,2
2075,VISp,EXC,Tlx3,L5,EXC,Tlx3,L5,375.0,400.0,0.0,25.0,AISynphys,Accessed on 2025-07-08 00:00:007,0.0,2
2076,VISp,EXC,Tlx3,L5,EXC,Tlx3,L5,400.0,425.0,0.0,25.0,AISynphys,Accessed on 2025-07-08 00:00:007,0.0,2
2077,VISp,EXC,Tlx3,L5,EXC,Tlx3,L6a,0.0,25.0,50.0,75.0,AISynphys,Accessed on 2025-07-08 00:00:007,0.0,1
2078,VISp,EXC,Tlx3,L5,EXC,Tlx3,L6a,0.0,25.0,75.0,100.0,AISynphys,Accessed on 2025-07-08 00:00:007,0.0,2
2079,VISp,EXC,Tlx3,L5,EXC,Tlx3,L6a,0.0,25.0,100.0,125.0,AISynphys,Accessed on 2025-07-08 00:00:007,0.0,1
2080,VISp,EXC,Tlx3,L5,EXC,Tlx3,L6a,0.0,25.0,125.0,150.0,AISynphys,Accessed on 2025-07-08 00:00:007,0.0,2
2081,VISp,EXC,Tlx3,L5,EXC,Tlx3,L6a,0.0,25.0,150.0,175.0,AISynphys,Accessed on 2025-07-08 00:00:007,0.0,1
2082,VISp,EXC,Tlx3,L5,EXC,Tlx3,L6a,25.0,50.0,25.0,50.0,AISynphys,Accessed on 2025-07-08 00:00:007,0.0,1
2083,VISp,EXC,Tlx3,L5,EXC,Tlx3,L6a,25.0,50.0,50.0,75.0,AISynphys,Accessed on 2025-07-08 00:00:007,0.0,2
2084,VISp,EXC,Tlx3,L5,EXC,Tlx3,L6a,25.0,50.0,75.0,100.0,AISynphys,Accessed on 2025-07-08 00:00:007,0.0,1
2085,VISp,EXC,Tlx3,L5,EXC,Tlx3,L6a,50.0,75.0,25.0,50.0,AISynphys,Accessed on 2025-07-08 00:00:007,0.0,1
2086,VISp,EXC,Tlx3,L5,EXC,Tlx3,L6a,50.0,75.0,175.0,200.0,AISynphys,Accessed on 2025-07-08 00:00:007,0.0,1
2087,VISp,EXC,Tlx3,L5,EXC,Tlx3,L6a,100.0,125.0,100.0,125.0,AISynphys,Accessed on 2025-07-08 00:00:007,0.0,1
2088,VISp,EXC,Tlx3,L5,EXC,Tlx3,L6a,100.0,125.0,150.0,175.0,AISynphys,Accessed on 2025-07-08 00:00:007,0.0,1
2089,VISp,EXC,Tlx3,L5,EXC,Tlx3,L6a,100.0,125.0,175.0,200.0,AISynphys,Accessed on 2025-07-08 00:00:007,0.0,1
2090,VISp,EXC,Tlx3,L5,EXC,Tlx3,L6a,125.0,150.0,50.0,75.0,AISynphys,Accessed on 2025-07-08 00:00:007,0.0,1
2091,VISp,EXC,Tlx3,L5,EXC,Tlx3,L6a,125.0,150.0,125.0,150.0,AISynphys,Accessed on 2025-07-08 00:00:007,0.0,2
2092,VISp,EXC,Tlx3,L5,EXC,Tlx3,L6a,150.0,175.0,75.0,100.0,AISynphys,Accessed on 2025-07-08 00:00:007,0.0,1
2093,VISp,EXC,Tlx3,L5,EXC,Tlx3,L6a,150.0,175.0,100.0,125.0,AISynphys,Accessed on 2025-07-08 00:00:007,0.0,1
2094,VISp,EXC,Tlx3,L5,EXC,Tlx3,L6a,175.0,200.0,50.0,75.0,AISynphys,Accessed on 2025-07-08 00:00:007,0.0,1
2095,VISp,EXC,Tlx3,L5,EXC,Tlx3,L6a,175.0,200.0,100.0,125.0,AISynphys,Accessed on 2025-07-08 00:00:007,0.0,1
2096,VISp,EXC,Tlx3,L5,EXC,"Tlx3,Vip",L5,25.0,50.0,25.0,50.0,AISynphys,Accessed on 2025-07-08 00:00:007,0.0,1
2097,VISp,EXC,Tlx3,L5,EXC,"Tlx3,Vip",L5,50.0,75.0,50.0,75.0,AISynphys,Accessed on 2025-07-08 00:00:007,0.0,1
2098,VISp,EXC,Tlx3,L5,INH,Pvalb,L23,0.0,25.0,150.0,175.0,AISynphys,Accessed on 2025-07-08 00:00:007,0.0,1
2099,VISp,EXC,Tlx3,L5,INH,Pvalb,L23,0.0,25.0,175.0,200.0,AISynphys,Accessed on 2025-07-08 00:00:007,0.0,1
2100,VISp,EXC,Tlx3,L5,INH,Pvalb,L23,0.0,25.0,225.0,250.0,AISynphys,Accessed on 2025-07-08 00:00:007,0.0,1
2101,VISp,EXC,Tlx3,L5,INH,Pvalb,L23,0.0,25.0,250.0,275.0,AISynphys,Accessed on 2025-07-08 00:00:007,1.0,1
2102,VISp,EXC,Tlx3,L5,INH,Pvalb,L23,0.0,25.0,275.0,300.0,AISynphys,Accessed on 2025-07-08 00:00:007,0.0,1
2103,VISp,EXC,Tlx3,L5,INH,Pvalb,L23,0.0,25.0,325.0,350.0,AISynphys,Accessed on 2025-07-08 00:00:007,0.0,1
2104,VISp,EXC,Tlx3,L5,INH,Pvalb,L23,25.0,50.0,225.0,250.0,AISynphys,Accessed on 2025-07-08 00:00:007,0.0,2
2105,VISp,EXC,Tlx3,L5,INH,Pvalb,L23,25.0,50.0,275.0,300.0,AISynphys,Accessed on 2025-07-08 00:00:007,0.0,1
2106,VISp,EXC,Tlx3,L5,INH,Pvalb,L23,25.0,50.0,300.0,325.0,AISynphys,Accessed on 2025-07-08 00:00:007,0.0,1
2107,VISp,EXC,Tlx3,L5,INH,Pvalb,L23,50.0,75.0,125.0,150.0,AISynphys,Accessed on 2025-07-08 00:00:007,0.0,1
2108,VISp,EXC,Tlx3,L5,INH,Pvalb,L23,50.0,75.0,150.0,175.0,AISynphys,Accessed on 2025-07-08 00:00:007,0.0,3
2109,VISp,EXC,Tlx3,L5,INH,Pvalb,L23,50.0,75.0,225.0,250.0,AISynphys,Accessed on 2025-07-08 00:00:007,0.0,2
2110,VISp,EXC,Tlx3,L5,INH,Pvalb,L23,50.0,75.0,300.0,325.0,AISynphys,Accessed on 2025-07-08 00:00:007,1.0,1
2111,VISp,EXC,Tlx3,L5,INH,Pvalb,L23,75.0,100.0,200.0,225.0,AISynphys,Accessed on 2025-07-08 00:00:007,0.0,1
2112,VISp,EXC,Tlx3,L5,INH,Pvalb,L23,100.0,125.0,125.0,150.0,AISynphys,Accessed on 2025-07-08 00:00:007,0.0,1
2113,VISp,EXC,Tlx3,L5,INH,Pvalb,L23,100.0,125.0,275.0,300.0,AISynphys,Accessed on 2025-07-08 00:00:007,0.0,1
2114,VISp,EXC,Tlx3,L5,INH,Pvalb,L23,150.0,175.0,150.0,175.0,AISynphys,Accessed on 2025-07-08 00:00:007,0.0,2
2115,VISp,EXC,Tlx3,L5,INH,Pvalb,L4,0.0,25.0,50.0,75.0,AISynphys,Accessed on 2025-07-08 00:00:007,0.0,4
2116,VISp,EXC,Tlx3,L5,INH,Pvalb,L4,0.0,25.0,75.0,100.0,AISynphys,Accessed on 2025-07-08 00:00:007,0.0,1
2117,VISp,EXC,Tlx3,L5,INH,Pvalb,L4,0.0,25.0,100.0,125.0,AISynphys,Accessed on 2025-07-08 00:00:007,0.0,3
2118,VISp,EXC,Tlx3,L5,INH,Pvalb,L4,25.0,50.0,0.0,25.0,AISynphys,Accessed on 2025-07-08 00:00:007,0.0,1
2119,VISp,EXC,Tlx3,L5,INH,Pvalb,L4,25.0,50.0,25.0,50.0,AISynphys,Accessed on 2025-07-08 00:00:007,0.3333333333333333,3
2120,VISp,EXC,Tlx3,L5,INH,Pvalb,L4,25.0,50.0,50.0,75.0,AISynphys,Accessed on 2025-07-08 00:00:007,0.0,4
2121,VISp,EXC,Tlx3,L5,INH,Pvalb,L4,25.0,50.0,75.0,100.0,AISynphys,Accessed on 2025-07-08 00:00:007,0.0,2
2122,VISp,EXC,Tlx3,L5,INH,Pvalb,L4,25.0,50.0,100.0,125.0,AISynphys,Accessed on 2025-07-08 00:00:007,0.0,1
2123,VISp,EXC,Tlx3,L5,INH,Pvalb,L4,25.0,50.0,125.0,150.0,AISynphys,Accessed on 2025-07-08 00:00:007,0.0,1
2124,VISp,EXC,Tlx3,L5,INH,Pvalb,L4,50.0,75.0,25.0,50.0,AISynphys,Accessed on 2025-07-08 00:00:007,0.0,2
2125,VISp,EXC,Tlx3,L5,INH,Pvalb,L4,50.0,75.0,50.0,75.0,AISynphys,Accessed on 2025-07-08 00:00:007,0.0,2
2126,VISp,EXC,Tlx3,L5,INH,Pvalb,L4,50.0,75.0,75.0,100.0,AISynphys,Accessed on 2025-07-08 00:00:007,0.0,5
2127,VISp,EXC,Tlx3,L5,INH,Pvalb,L4,50.0,75.0,100.0,125.0,AISynphys,Accessed on 2025-07-08 00:00:007,0.0,1
2128,VISp,EXC,Tlx3,L5,INH,Pvalb,L4,50.0,75.0,150.0,175.0,AISynphys,Accessed on 2025-07-08 00:00:007,0.0,1
2129,VISp,EXC,Tlx3,L5,INH,Pvalb,L4,75.0,100.0,50.0,75.0,AISynphys,Accessed on 2025-07-08 00:00:007,0.0,3
2130,VISp,EXC,Tlx3,L5,INH,Pvalb,L4,75.0,100.0,75.0,100.0,AISynphys,Accessed on 2025-07-08 00:00:007,0.5,2
2131,VISp,EXC,Tlx3,L5,INH,Pvalb,L4,75.0,100.0,100.0,125.0,AISynphys,Accessed on 2025-07-08 00:00:007,0.0,1
2132,VISp,EXC,Tlx3,L5,INH,Pvalb,L4,100.0,125.0,25.0,50.0,AISynphys,Accessed on 2025-07-08 00:00:007,0.0,2
2133,VISp,EXC,Tlx3,L5,INH,Pvalb,L4,100.0,125.0,75.0,100.0,AISynphys,Accessed on 2025-07-08 00:00:007,0.0,1
2134,VISp,EXC,Tlx3,L5,INH,Pvalb,L4,125.0,150.0,50.0,75.0,AISynphys,Accessed on 2025-07-08 00:00:007,0.0,1
2135,VISp,EXC,Tlx3,L5,INH,Pvalb,L5,0.0,25.0,0.0,25.0,AISynphys,Accessed on 2025-07-08 00:00:007,0.1111111111111111,9
2136,VISp,EXC,Tlx3,L5,INH,Pvalb,L5,0.0,25.0,25.0,50.0,AISynphys,Accessed on 2025-07-08 00:00:007,0.09090909090909091,11
2137,VISp,EXC,Tlx3,L5,INH,Pvalb,L5,0.0,25.0,50.0,75.0,AISynphys,Accessed on 2025-07-08 00:00:007,0.0,4
2138,VISp,EXC,Tlx3,L5,INH,Pvalb,L5,0.0,25.0,75.0,100.0,AISynphys,Accessed on 2025-07-08 00:00:007,0.0,5
2139,VISp,EXC,Tlx3,L5,INH,Pvalb,L5,0.0,25.0,125.0,150.0,AISynphys,Accessed on 2025-07-08 00:00:007,0.0,1
2140,VISp,EXC,Tlx3,L5,INH,Pvalb,L5,0.0,25.0,150.0,175.0,AISynphys,Accessed on 2025-07-08 00:00:007,0.0,1
2141,VISp,EXC,Tlx3,L5,INH,Pvalb,L5,25.0,50.0,0.0,25.0,AISynphys,Accessed on 2025-07-08 00:00:007,0.2727272727272727,11
2142,VISp,EXC,Tlx3,L5,INH,Pvalb,L5,25.0,50.0,25.0,50.0,AISynphys,Accessed on 2025-07-08 00:00:007,0.1111111111111111,9
2143,VISp,EXC,Tlx3,L5,INH,Pvalb,L5,25.0,50.0,50.0,75.0,AISynphys,Accessed on 2025-07-08 00:00:007,0.0,8
2144,VISp,EXC,Tlx3,L5,INH,Pvalb,L5,25.0,50.0,75.0,100.0,AISynphys,Accessed on 2025-07-08 00:00:007,0.0,7
2145,VISp,EXC,Tlx3,L5,INH,Pvalb,L5,25.0,50.0,125.0,150.0,AISynphys,Accessed on 2025-07-08 00:00:007,0.0,2
2146,VISp,EXC,Tlx3,L5,INH,Pvalb,L5,25.0,50.0,150.0,175.0,AISynphys,Accessed on 2025-07-08 00:00:007,0.0,2
2147,VISp,EXC,Tlx3,L5,INH,Pvalb,L5,50.0,75.0,0.0,25.0,AISynphys,Accessed on 2025-07-08 00:00:007,0.14285714285714285,14
2148,VISp,EXC,Tlx3,L5,INH,Pvalb,L5,50.0,75.0,25.0,50.0,AISynphys,Accessed on 2025-07-08 00:00:007,0.125,8
2149,VISp,EXC,Tlx3,L5,INH,Pvalb,L5,50.0,75.0,50.0,75.0,AISynphys,Accessed on 2025-07-08 00:00:007,0.0,6
2150,VISp,EXC,Tlx3,L5,INH,Pvalb,L5,50.0,75.0,75.0,100.0,AISynphys,Accessed on 2025-07-08 00:00:007,0.0,5
2151,VISp,EXC,Tlx3,L5,INH,Pvalb,L5,50.0,75.0,100.0,125.0,AISynphys,Accessed on 2025-07-08 00:00:007,0.0,4
2152,VISp,EXC,Tlx3,L5,INH,Pvalb,L5,50.0,75.0,125.0,150.0,AISynphys,Accessed on 2025-07-08 00:00:007,0.0,1
2153,VISp,EXC,Tlx3,L5,INH,Pvalb,L5,75.0,100.0,0.0,25.0,AISynphys,Accessed on 2025-07-08 00:00:007,0.0,5
2154,VISp,EXC,Tlx3,L5,INH,Pvalb,L5,75.0,100.0,25.0,50.0,AISynphys,Accessed on 2025-07-08 00:00:007,0.16666666666666666,6
2155,VISp,EXC,Tlx3,L5,INH,Pvalb,L5,75.0,100.0,50.0,75.0,AISynphys,Accessed on 2025-07-08 00:00:007,0.0,2
2156,VISp,EXC,Tlx3,L5,INH,Pvalb,L5,75.0,100.0,75.0,100.0,AISynphys,Accessed on 2025-07-08 00:00:007,0.0,2
2157,VISp,EXC,Tlx3,L5,INH,Pvalb,L5,75.0,100.0,100.0,125.0,AISynphys,Accessed on 2025-07-08 00:00:007,0.0,2
2158,VISp,EXC,Tlx3,L5,INH,Pvalb,L5,75.0,100.0,225.0,250.0,AISynphys,Accessed on 2025-07-08 00:00:007,0.0,1
2159,VISp,EXC,Tlx3,L5,INH,Pvalb,L5,100.0,125.0,0.0,25.0,AISynphys,Accessed on 2025-07-08 00:00:007,0.14285714285714285,7
2160,VISp,EXC,Tlx3,L5,INH,Pvalb,L5,100.0,125.0,25.0,50.0,AISynphys,Accessed on 2025-07-08 00:00:007,0.0,8
2161,VISp,EXC,Tlx3,L5,INH,Pvalb,L5,100.0,125.0,50.0,75.0,AISynphys,Accessed on 2025-07-08 00:00:007,0.0,5
2162,VISp,EXC,Tlx3,L5,INH,Pvalb,L5,100.0,125.0,75.0,100.0,AISynphys,Accessed on 2025-07-08 00:00:007,0.0,1
2163,VISp,EXC,Tlx3,L5,INH,Pvalb,L5,100.0,125.0,150.0,175.0,AISynphys,Accessed on 2025-07-08 00:00:007,0.0,1
2164,VISp,EXC,Tlx3,L5,INH,Pvalb,L5,125.0,150.0,0.0,25.0,AISynphys,Accessed on 2025-07-08 00:00:007,0.0,4
2165,VISp,EXC,Tlx3,L5,INH,Pvalb,L5,125.0,150.0,25.0,50.0,AISynphys,Accessed on 2025-07-08 00:00:007,0.0,1
2166,VISp,EXC,Tlx3,L5,INH,Pvalb,L5,125.0,150.0,50.0,75.0,AISynphys,Accessed on 2025-07-08 00:00:007,0.0,2
2167,VISp,EXC,Tlx3,L5,INH,Pvalb,L5,125.0,150.0,75.0,100.0,AISynphys,Accessed on 2025-07-08 00:00:007,0.0,3
2168,VISp,EXC,Tlx3,L5,INH,Pvalb,L5,125.0,150.0,125.0,150.0,AISynphys,Accessed on 2025-07-08 00:00:007,0.0,1
2169,VISp,EXC,Tlx3,L5,INH,Pvalb,L5,150.0,175.0,0.0,25.0,AISynphys,Accessed on 2025-07-08 00:00:007,0.0,4
2170,VISp,EXC,Tlx3,L5,INH,Pvalb,L5,150.0,175.0,25.0,50.0,AISynphys,Accessed on 2025-07-08 00:00:007,0.0,2
2171,VISp,EXC,Tlx3,L5,INH,Pvalb,L5,150.0,175.0,50.0,75.0,AISynphys,Accessed on 2025-07-08 00:00:007,0.0,2
2172,VISp,EXC,Tlx3,L5,INH,Pvalb,L5,150.0,175.0,125.0,150.0,AISynphys,Accessed on 2025-07-08 00:00:007,0.0,1
2173,VISp,EXC,Tlx3,L5,INH,Pvalb,L5,150.0,175.0,225.0,250.0,AISynphys,Accessed on 2025-07-08 00:00:007,0.0,1
2174,VISp,EXC,Tlx3,L5,INH,Pvalb,L5,175.0,200.0,0.0,25.0,AISynphys,Accessed on 2025-07-08 00:00:007,1.0,1
2175,VISp,EXC,Tlx3,L5,INH,Pvalb,L5,175.0,200.0,25.0,50.0,AISynphys,Accessed on 2025-07-08 00:00:007,0.0,1
2176,VISp,EXC,Tlx3,L5,INH,Pvalb,L5,175.0,200.0,225.0,250.0,AISynphys,Accessed on 2025-07-08 00:00:007,0.0,1
2177,VISp,EXC,Tlx3,L5,INH,Pvalb,L5,200.0,225.0,0.0,25.0,AISynphys,Accessed on 2025-07-08 00:00:007,0.0,1
2178,VISp,EXC,Tlx3,L5,INH,Pvalb,L6a,0.0,25.0,25.0,50.0,AISynphys,Accessed on 2025-07-08 00:00:007,0.0,1
2179,VISp,EXC,Tlx3,L5,INH,Pvalb,L6a,0.0,25.0,100.0,125.0,AISynphys,Accessed on 2025-07-08 00:00:007,0.0,2
2180,VISp,EXC,Tlx3,L5,INH,Pvalb,L6a,25.0,50.0,50.0,75.0,AISynphys,Accessed on 2025-07-08 00:00:007,0.0,1
2181,VISp,EXC,Tlx3,L5,INH,Pvalb,L6a,50.0,75.0,25.0,50.0,AISynphys,Accessed on 2025-07-08 00:00:007,0.0,1
2182,VISp,EXC,Tlx3,L5,INH,Pvalb,L6a,50.0,75.0,125.0,150.0,AISynphys,Accessed on 2025-07-08 00:00:007,0.0,2
2183,VISp,EXC,Tlx3,L5,INH,Pvalb,L6a,50.0,75.0,250.0,275.0,AISynphys,Accessed on 2025-07-08 00:00:007,0.0,1
2184,VISp,EXC,Tlx3,L5,INH,Pvalb,L6a,50.0,75.0,275.0,300.0,AISynphys,Accessed on 2025-07-08 00:00:007,0.0,1
2185,VISp,EXC,Tlx3,L5,INH,Pvalb,L6a,100.0,125.0,100.0,125.0,AISynphys,Accessed on 2025-07-08 00:00:007,0.0,1
2186,VISp,EXC,Tlx3,L5,INH,Pvalb,L6a,100.0,125.0,250.0,275.0,AISynphys,Accessed on 2025-07-08 00:00:007,0.0,1
2187,VISp,EXC,Tlx3,L5,INH,Pvalb,L6a,125.0,150.0,250.0,275.0,AISynphys,Accessed on 2025-07-08 00:00:007,0.0,1
2188,VISp,EXC,Tlx3,L5,INH,Pvalb,L6a,150.0,175.0,50.0,75.0,AISynphys,Accessed on 2025-07-08 00:00:007,1.0,1
2189,VISp,EXC,Tlx3,L5,INH,Pvalb,L6a,150.0,175.0,125.0,150.0,AISynphys,Accessed on 2025-07-08 00:00:007,0.0,1
2190,VISp,EXC,Tlx3,L5,INH,Pvalb,L6a,250.0,275.0,75.0,100.0,AISynphys,Accessed on 2025-07-08 00:00:007,0.0,1
2191,VISp,EXC,Tlx3,L5,INH,Sst,L1,0.0,25.0,400.0,425.0,AISynphys,Accessed on 2025-07-08 00:00:007,0.0,2
2192,VISp,EXC,Tlx3,L5,INH,Sst,L1,50.0,75.0,375.0,400.0,AISynphys,Accessed on 2025-07-08 00:00:007,0.0,1
2193,VISp,EXC,Tlx3,L5,INH,Sst,L1,150.0,175.0,400.0,425.0,AISynphys,Accessed on 2025-07-08 00:00:007,0.0,1
2194,VISp,EXC,Tlx3,L5,INH,Sst,L23,0.0,25.0,375.0,400.0,AISynphys,Accessed on 2025-07-08 00:00:007,0.0,1
2195,VISp,EXC,Tlx3,L5,INH,Sst,L23,25.0,50.0,225.0,250.0,AISynphys,Accessed on 2025-07-08 00:00:007,0.0,1
2196,VISp,EXC,Tlx3,L5,INH,Sst,L23,25.0,50.0,250.0,275.0,AISynphys,Accessed on 2025-07-08 00:00:007,0.0,1
2197,VISp,EXC,Tlx3,L5,INH,Sst,L23,25.0,50.0,425.0,450.0,AISynphys,Accessed on 2025-07-08 00:00:007,0.0,2
2198,VISp,EXC,Tlx3,L5,INH,Sst,L23,25.0,50.0,450.0,475.0,AISynphys,Accessed on 2025-07-08 00:00:007,0.0,1
2199,VISp,EXC,Tlx3,L5,INH,Sst,L23,50.0,75.0,225.0,250.0,AISynphys,Accessed on 2025-07-08 00:00:007,0.0,1
2200,VISp,EXC,Tlx3,L5,INH,Sst,L23,50.0,75.0,250.0,275.0,AISynphys,Accessed on 2025-07-08 00:00:007,0.0,2
2201,VISp,EXC,Tlx3,L5,INH,Sst,L23,75.0,100.0,325.0,350.0,AISynphys,Accessed on 2025-07-08 00:00:007,0.0,1
2202,VISp,EXC,Tlx3,L5,INH,Sst,L23,75.0,100.0,350.0,375.0,AISynphys,Accessed on 2025-07-08 00:00:007,0.0,1
2203,VISp,EXC,Tlx3,L5,INH,Sst,L23,100.0,125.0,175.0,200.0,AISynphys,Accessed on 2025-07-08 00:00:007,0.0,1
2204,VISp,EXC,Tlx3,L5,INH,Sst,L23,100.0,125.0,250.0,275.0,AISynphys,Accessed on 2025-07-08 00:00:007,0.0,1
2205,VISp,EXC,Tlx3,L5,INH,Sst,L23,125.0,150.0,175.0,200.0,AISynphys,Accessed on 2025-07-08 00:00:007,0.0,1
2206,VISp,EXC,Tlx3,L5,INH,Sst,L23,150.0,175.0,175.0,200.0,AISynphys,Accessed on 2025-07-08 00:00:007,0.0,1
2207,VISp,EXC,Tlx3,L5,INH,Sst,L23,200.0,225.0,225.0,250.0,AISynphys,Accessed on 2025-07-08 00:00:007,0.0,1
2208,VISp,EXC,Tlx3,L5,INH,Sst,L4,0.0,25.0,25.0,50.0,AISynphys,Accessed on 2025-07-08 00:00:007,0.0,1
2209,VISp,EXC,Tlx3,L5,INH,Sst,L4,0.0,25.0,50.0,75.0,AISynphys,Accessed on 2025-07-08 00:00:007,1.0,1
2210,VISp,EXC,Tlx3,L5,INH,Sst,L4,25.0,50.0,25.0,50.0,AISynphys,Accessed on 2025-07-08 00:00:007,0.0,3
2211,VISp,EXC,Tlx3,L5,INH,Sst,L4,50.0,75.0,0.0,25.0,AISynphys,Accessed on 2025-07-08 00:00:007,0.0,2
2212,VISp,EXC,Tlx3,L5,INH,Sst,L4,50.0,75.0,25.0,50.0,AISynphys,Accessed on 2025-07-08 00:00:007,0.0,1
2213,VISp,EXC,Tlx3,L5,INH,Sst,L4,50.0,75.0,50.0,75.0,AISynphys,Accessed on 2025-07-08 00:00:007,0.0,2
2214,VISp,EXC,Tlx3,L5,INH,Sst,L4,50.0,75.0,75.0,100.0,AISynphys,Accessed on 2025-07-08 00:00:007,0.0,1
2215,VISp,EXC,Tlx3,L5,INH,Sst,L4,75.0,100.0,0.0,25.0,AISynphys,Accessed on 2025-07-08 00:00:007,0.5,2
2216,VISp,EXC,Tlx3,L5,INH,Sst,L4,75.0,100.0,75.0,100.0,AISynphys,Accessed on 2025-07-08 00:00:007,0.0,1
2217,VISp,EXC,Tlx3,L5,INH,Sst,L4,100.0,125.0,0.0,25.0,AISynphys,Accessed on 2025-07-08 00:00:007,0.0,2
2218,VISp,EXC,Tlx3,L5,INH,Sst,L4,100.0,125.0,25.0,50.0,AISynphys,Accessed on 2025-07-08 00:00:007,0.0,1
2219,VISp,EXC,Tlx3,L5,INH,Sst,L4,175.0,200.0,25.0,50.0,AISynphys,Accessed on 2025-07-08 00:00:007,0.0,1
2220,VISp,EXC,Tlx3,L5,INH,Sst,L5,0.0,25.0,0.0,25.0,AISynphys,Accessed on 2025-07-08 00:00:007,0.125,24
2221,VISp,EXC,Tlx3,L5,INH,Sst,L5,0.0,25.0,25.0,50.0,AISynphys,Accessed on 2025-07-08 00:00:007,0.0,28
2222,VISp,EXC,Tlx3,L5,INH,Sst,L5,0.0,25.0,50.0,75.0,AISynphys,Accessed on 2025-07-08 00:00:007,0.07692307692307693,26
2223,VISp,EXC,Tlx3,L5,INH,Sst,L5,0.0,25.0,75.0,100.0,AISynphys,Accessed on 2025-07-08 00:00:007,0.0,20
2224,VISp,EXC,Tlx3,L5,INH,Sst,L5,0.0,25.0,100.0,125.0,AISynphys,Accessed on 2025-07-08 00:00:007,0.0,6
2225,VISp,EXC,Tlx3,L5,INH,Sst,L5,0.0,25.0,125.0,150.0,AISynphys,Accessed on 2025-07-08 00:00:007,0.0,3
2226,VISp,EXC,Tlx3,L5,INH,Sst,L5,25.0,50.0,0.0,25.0,AISynphys,Accessed on 2025-07-08 00:00:007,0.125,32
2227,VISp,EXC,Tlx3,L5,INH,Sst,L5,25.0,50.0,25.0,50.0,AISynphys,Accessed on 2025-07-08 00:00:007,0.12903225806451613,31
2228,VISp,EXC,Tlx3,L5,INH,Sst,L5,25.0,50.0,50.0,75.0,AISynphys,Accessed on 2025-07-08 00:00:007,0.09090909090909091,22
2229,VISp,EXC,Tlx3,L5,INH,Sst,L5,25.0,50.0,75.0,100.0,AISynphys,Accessed on 2025-07-08 00:00:007,0.14285714285714285,7
2230,VISp,EXC,Tlx3,L5,INH,Sst,L5,25.0,50.0,100.0,125.0,AISynphys,Accessed on 2025-07-08 00:00:007,0.0,3
2231,VISp,EXC,Tlx3,L5,INH,Sst,L5,25.0,50.0,125.0,150.0,AISynphys,Accessed on 2025-07-08 00:00:007,0.0,2
2232,VISp,EXC,Tlx3,L5,INH,Sst,L5,25.0,50.0,150.0,175.0,AISynphys,Accessed on 2025-07-08 00:00:007,0.0,3
2233,VISp,EXC,Tlx3,L5,INH,Sst,L5,50.0,75.0,0.0,25.0,AISynphys,Accessed on 2025-07-08 00:00:007,0.1111111111111111,27
2234,VISp,EXC,Tlx3,L5,INH,Sst,L5,50.0,75.0,25.0,50.0,AISynphys,Accessed on 2025-07-08 00:00:007,0.043478260869565216,23
2235,VISp,EXC,Tlx3,L5,INH,Sst,L5,50.0,75.0,50.0,75.0,AISynphys,Accessed on 2025-07-08 00:00:007,0.0625,16
2236,VISp,EXC,Tlx3,L5,INH,Sst,L5,50.0,75.0,75.0,100.0,AISynphys,Accessed on 2025-07-08 00:00:007,0.16666666666666666,12
2237,VISp,EXC,Tlx3,L5,INH,Sst,L5,50.0,75.0,100.0,125.0,AISynphys,Accessed on 2025-07-08 00:00:007,0.25,4
2238,VISp,EXC,Tlx3,L5,INH,Sst,L5,50.0,75.0,125.0,150.0,AISynphys,Accessed on 2025-07-08 00:00:007,0.0,3
2239,VISp,EXC,Tlx3,L5,INH,Sst,L5,75.0,100.0,0.0,25.0,AISynphys,Accessed on 2025-07-08 00:00:007,0.05555555555555555,18
2240,VISp,EXC,Tlx3,L5,INH,Sst,L5,75.0,100.0,25.0,50.0,AISynphys,Accessed on 2025-07-08 00:00:007,0.0,16
2241,VISp,EXC,Tlx3,L5,INH,Sst,L5,75.0,100.0,50.0,75.0,AISynphys,Accessed on 2025-07-08 00:00:007,0.0,14
2242,VISp,EXC,Tlx3,L5,INH,Sst,L5,75.0,100.0,75.0,100.0,AISynphys,Accessed on 2025-07-08 00:00:007,0.0,6
2243,VISp,EXC,Tlx3,L5,INH,Sst,L5,75.0,100.0,100.0,125.0,AISynphys,Accessed on 2025-07-08 00:00:007,0.0,1
2244,VISp,EXC,Tlx3,L5,INH,Sst,L5,75.0,100.0,125.0,150.0,AISynphys,Accessed on 2025-07-08 00:00:007,0.0,1
2245,VISp,EXC,Tlx3,L5,INH,Sst,L5,100.0,125.0,0.0,25.0,AISynphys,Accessed on 2025-07-08 00:00:007,0.14285714285714285,14
2246,VISp,EXC,Tlx3,L5,INH,Sst,L5,100.0,125.0,25.0,50.0,AISynphys,Accessed on 2025-07-08 00:00:007,0.0,9
2247,VISp,EXC,Tlx3,L5,INH,Sst,L5,100.0,125.0,50.0,75.0,AISynphys,Accessed on 2025-07-08 00:00:007,0.1111111111111111,9
2248,VISp,EXC,Tlx3,L5,INH,Sst,L5,100.0,125.0,75.0,100.0,AISynphys,Accessed on 2025-07-08 00:00:007,0.0,4
2249,VISp,EXC,Tlx3,L5,INH,Sst,L5,100.0,125.0,100.0,125.0,AISynphys,Accessed on 2025-07-08 00:00:007,0.0,2
2250,VISp,EXC,Tlx3,L5,INH,Sst,L5,100.0,125.0,125.0,150.0,AISynphys,Accessed on 2025-07-08 00:00:007,0.0,2
2251,VISp,EXC,Tlx3,L5,INH,Sst,L5,125.0,150.0,0.0,25.0,AISynphys,Accessed on 2025-07-08 00:00:007,0.0,5
2252,VISp,EXC,Tlx3,L5,INH,Sst,L5,125.0,150.0,25.0,50.0,AISynphys,Accessed on 2025-07-08 00:00:007,0.0,5
2253,VISp,EXC,Tlx3,L5,INH,Sst,L5,125.0,150.0,50.0,75.0,AISynphys,Accessed on 2025-07-08 00:00:007,0.0,6
2254,VISp,EXC,Tlx3,L5,INH,Sst,L5,125.0,150.0,75.0,100.0,AISynphys,Accessed on 2025-07-08 00:00:007,0.0,2
2255,VISp,EXC,Tlx3,L5,INH,Sst,L5,125.0,150.0,125.0,150.0,AISynphys,Accessed on 2025-07-08 00:00:007,0.0,1
2256,VISp,EXC,Tlx3,L5,INH,Sst,L5,125.0,150.0,150.0,175.0,AISynphys,Accessed on 2025-07-08 00:00:007,0.0,1
2257,VISp,EXC,Tlx3,L5,INH,Sst,L5,150.0,175.0,0.0,25.0,AISynphys,Accessed on 2025-07-08 00:00:007,0.0,2
2258,VISp,EXC,Tlx3,L5,INH,Sst,L5,150.0,175.0,25.0,50.0,AISynphys,Accessed on 2025-07-08 00:00:007,0.0,1
2259,VISp,EXC,Tlx3,L5,INH,Sst,L5,150.0,175.0,75.0,100.0,AISynphys,Accessed on 2025-07-08 00:00:007,0.0,2
2260,VISp,EXC,Tlx3,L5,INH,Sst,L5,175.0,200.0,0.0,25.0,AISynphys,Accessed on 2025-07-08 00:00:007,0.0,2
2261,VISp,EXC,Tlx3,L5,INH,Sst,L5,175.0,200.0,25.0,50.0,AISynphys,Accessed on 2025-07-08 00:00:007,0.0,1
2262,VISp,EXC,Tlx3,L5,INH,Sst,L5,175.0,200.0,50.0,75.0,AISynphys,Accessed on 2025-07-08 00:00:007,0.0,3
2263,VISp,EXC,Tlx3,L5,INH,Sst,L5,175.0,200.0,150.0,175.0,AISynphys,Accessed on 2025-07-08 00:00:007,0.0,1
2264,VISp,EXC,Tlx3,L5,INH,Sst,L5,200.0,225.0,0.0,25.0,AISynphys,Accessed on 2025-07-08 00:00:007,0.0,3
2265,VISp,EXC,Tlx3,L5,INH,Sst,L5,200.0,225.0,50.0,75.0,AISynphys,Accessed on 2025-07-08 00:00:007,0.0,1
2266,VISp,EXC,Tlx3,L5,INH,Sst,L6a,0.0,25.0,50.0,75.0,AISynphys,Accessed on 2025-07-08 00:00:007,0.0,1
2267,VISp,EXC,Tlx3,L5,INH,Sst,L6a,0.0,25.0,75.0,100.0,AISynphys,Accessed on 2025-07-08 00:00:007,0.0,3
2268,VISp,EXC,Tlx3,L5,INH,Sst,L6a,0.0,25.0,100.0,125.0,AISynphys,Accessed on 2025-07-08 00:00:007,0.0,2
2269,VISp,EXC,Tlx3,L5,INH,Sst,L6a,0.0,25.0,125.0,150.0,AISynphys,Accessed on 2025-07-08 00:00:007,0.0,1
2270,VISp,EXC,Tlx3,L5,INH,Sst,L6a,0.0,25.0,150.0,175.0,AISynphys,Accessed on 2025-07-08 00:00:007,0.0,2
2271,VISp,EXC,Tlx3,L5,INH,Sst,L6a,0.0,25.0,175.0,200.0,AISynphys,Accessed on 2025-07-08 00:00:007,0.0,1
2272,VISp,EXC,Tlx3,L5,INH,Sst,L6a,0.0,25.0,200.0,225.0,AISynphys,Accessed on 2025-07-08 00:00:007,0.0,1
2273,VISp,EXC,Tlx3,L5,INH,Sst,L6a,25.0,50.0,50.0,75.0,AISynphys,Accessed on 2025-07-08 00:00:007,0.0,1
2274,VISp,EXC,Tlx3,L5,INH,Sst,L6a,25.0,50.0,75.0,100.0,AISynphys,Accessed on 2025-07-08 00:00:007,1.0,1
2275,VISp,EXC,Tlx3,L5,INH,Sst,L6a,25.0,50.0,100.0,125.0,AISynphys,Accessed on 2025-07-08 00:00:007,0.0,1
2276,VISp,EXC,Tlx3,L5,INH,Sst,L6a,25.0,50.0,125.0,150.0,AISynphys,Accessed on 2025-07-08 00:00:007,0.0,1
2277,VISp,EXC,Tlx3,L5,INH,Sst,L6a,25.0,50.0,150.0,175.0,AISynphys,Accessed on 2025-07-08 00:00:007,0.0,2
2278,VISp,EXC,Tlx3,L5,INH,Sst,L6a,25.0,50.0,175.0,200.0,AISynphys,Accessed on 2025-07-08 00:00:007,0.0,1
2279,VISp,EXC,Tlx3,L5,INH,Sst,L6a,50.0,75.0,25.0,50.0,AISynphys,Accessed on 2025-07-08 00:00:007,0.0,2
2280,VISp,EXC,Tlx3,L5,INH,Sst,L6a,50.0,75.0,75.0,100.0,AISynphys,Accessed on 2025-07-08 00:00:007,0.0,1
2281,VISp,EXC,Tlx3,L5,INH,Sst,L6a,50.0,75.0,100.0,125.0,AISynphys,Accessed on 2025-07-08 00:00:007,0.0,2
2282,VISp,EXC,Tlx3,L5,INH,Sst,L6a,50.0,75.0,125.0,150.0,AISynphys,Accessed on 2025-07-08 00:00:007,0.0,3
2283,VISp,EXC,Tlx3,L5,INH,Sst,L6a,75.0,100.0,75.0,100.0,AISynphys,Accessed on 2025-07-08 00:00:007,0.0,1
2284,VISp,EXC,Tlx3,L5,INH,Sst,L6a,75.0,100.0,100.0,125.0,AISynphys,Accessed on 2025-07-08 00:00:007,0.0,2
2285,VISp,EXC,Tlx3,L5,INH,Sst,L6a,100.0,125.0,125.0,150.0,AISynphys,Accessed on 2025-07-08 00:00:007,0.0,1
2286,VISp,EXC,Tlx3,L5,INH,Sst,L6a,100.0,125.0,150.0,175.0,AISynphys,Accessed on 2025-07-08 00:00:007,0.0,1
2287,VISp,EXC,Tlx3,L5,INH,Sst,L6a,125.0,150.0,100.0,125.0,AISynphys,Accessed on 2025-07-08 00:00:007,0.0,1
2288,VISp,EXC,Tlx3,L5,INH,Sst,L6a,125.0,150.0,125.0,150.0,AISynphys,Accessed on 2025-07-08 00:00:007,0.0,1
2289,VISp,EXC,Tlx3,L5,INH,Sst,L6a,125.0,150.0,200.0,225.0,AISynphys,Accessed on 2025-07-08 00:00:007,0.0,1
2290,VISp,EXC,Tlx3,L5,INH,Vip,L1,0.0,25.0,400.0,425.0,AISynphys,Accessed on 2025-07-08 00:00:007,0.0,1
2291,VISp,EXC,Tlx3,L5,INH,Vip,L1,50.0,75.0,400.0,425.0,AISynphys,Accessed on 2025-07-08 00:00:007,0.0,1
2292,VISp,EXC,Tlx3,L5,INH,Vip,L23,0.0,25.0,150.0,175.0,AISynphys,Accessed on 2025-07-08 00:00:007,0.0,2
2293,VISp,EXC,Tlx3,L5,INH,Vip,L23,0.0,25.0,175.0,200.0,AISynphys,Accessed on 2025-07-08 00:00:007,0.0,1
2294,VISp,EXC,Tlx3,L5,INH,Vip,L23,0.0,25.0,200.0,225.0,AISynphys,Accessed on 2025-07-08 00:00:007,0.0,2
2295,VISp,EXC,Tlx3,L5,INH,Vip,L23,0.0,25.0,300.0,325.0,AISynphys,Accessed on 2025-07-08 00:00:007,0.0,2
2296,VISp,EXC,Tlx3,L5,INH,Vip,L23,0.0,25.0,375.0,400.0,AISynphys,Accessed on 2025-07-08 00:00:007,0.0,1
2297,VISp,EXC,Tlx3,L5,INH,Vip,L23,0.0,25.0,450.0,475.0,AISynphys,Accessed on 2025-07-08 00:00:007,0.0,1
2298,VISp,EXC,Tlx3,L5,INH,Vip,L23,25.0,50.0,100.0,125.0,AISynphys,Accessed on 2025-07-08 00:00:007,0.0,1
2299,VISp,EXC,Tlx3,L5,INH,Vip,L23,25.0,50.0,150.0,175.0,AISynphys,Accessed on 2025-07-08 00:00:007,0.0,1
2300,VISp,EXC,Tlx3,L5,INH,Vip,L23,25.0,50.0,200.0,225.0,AISynphys,Accessed on 2025-07-08 00:00:007,0.0,1
2301,VISp,EXC,Tlx3,L5,INH,Vip,L23,25.0,50.0,300.0,325.0,AISynphys,Accessed on 2025-07-08 00:00:007,0.0,1
2302,VISp,EXC,Tlx3,L5,INH,Vip,L23,25.0,50.0,375.0,400.0,AISynphys,Accessed on 2025-07-08 00:00:007,0.0,2
2303,VISp,EXC,Tlx3,L5,INH,Vip,L23,50.0,75.0,100.0,125.0,AISynphys,Accessed on 2025-07-08 00:00:007,0.0,1
2304,VISp,EXC,Tlx3,L5,INH,Vip,L23,50.0,75.0,150.0,175.0,AISynphys,Accessed on 2025-07-08 00:00:007,0.0,1
2305,VISp,EXC,Tlx3,L5,INH,Vip,L23,50.0,75.0,200.0,225.0,AISynphys,Accessed on 2025-07-08 00:00:007,0.0,1
2306,VISp,EXC,Tlx3,L5,INH,Vip,L23,50.0,75.0,225.0,250.0,AISynphys,Accessed on 2025-07-08 00:00:007,0.0,1
2307,VISp,EXC,Tlx3,L5,INH,Vip,L23,50.0,75.0,300.0,325.0,AISynphys,Accessed on 2025-07-08 00:00:007,0.0,1
2308,VISp,EXC,Tlx3,L5,INH,Vip,L23,75.0,100.0,50.0,75.0,AISynphys,Accessed on 2025-07-08 00:00:007,0.0,1
2309,VISp,EXC,Tlx3,L5,INH,Vip,L23,75.0,100.0,100.0,125.0,AISynphys,Accessed on 2025-07-08 00:00:007,0.0,2
2310,VISp,EXC,Tlx3,L5,INH,Vip,L23,75.0,100.0,125.0,150.0,AISynphys,Accessed on 2025-07-08 00:00:007,0.0,1
2311,VISp,EXC,Tlx3,L5,INH,Vip,L23,75.0,100.0,200.0,225.0,AISynphys,Accessed on 2025-07-08 00:00:007,0.0,1
2312,VISp,EXC,Tlx3,L5,INH,Vip,L23,75.0,100.0,375.0,400.0,AISynphys,Accessed on 2025-07-08 00:00:007,0.0,1
2313,VISp,EXC,Tlx3,L5,INH,Vip,L23,75.0,100.0,425.0,450.0,AISynphys,Accessed on 2025-07-08 00:00:007,0.0,1
2314,VISp,EXC,Tlx3,L5,INH,Vip,L23,100.0,125.0,100.0,125.0,AISynphys,Accessed on 2025-07-08 00:00:007,0.0,1
2315,VISp,EXC,Tlx3,L5,INH,Vip,L23,100.0,125.0,250.0,275.0,AISynphys,Accessed on 2025-07-08 00:00:007,0.0,1
2316,VISp,EXC,Tlx3,L5,INH,Vip,L23,100.0,125.0,300.0,325.0,AISynphys,Accessed on 2025-07-08 00:00:007,0.0,1
2317,VISp,EXC,Tlx3,L5,INH,Vip,L23,100.0,125.0,350.0,375.0,AISynphys,Accessed on 2025-07-08 00:00:007,0.0,1
2318,VISp,EXC,Tlx3,L5,INH,Vip,L23,125.0,150.0,75.0,100.0,AISynphys,Accessed on 2025-07-08 00:00:007,0.0,1
2319,VISp,EXC,Tlx3,L5,INH,Vip,L23,125.0,150.0,100.0,125.0,AISynphys,Accessed on 2025-07-08 00:00:007,0.0,1
2320,VISp,EXC,Tlx3,L5,INH,Vip,L23,125.0,150.0,125.0,150.0,AISynphys,Accessed on 2025-07-08 00:00:007,0.0,1
2321,VISp,EXC,Tlx3,L5,INH,Vip,L23,125.0,150.0,225.0,250.0,AISynphys,Accessed on 2025-07-08 00:00:007,0.0,1
2322,VISp,EXC,Tlx3,L5,INH,Vip,L23,175.0,200.0,25.0,50.0,AISynphys,Accessed on 2025-07-08 00:00:007,0.0,1
2323,VISp,EXC,Tlx3,L5,INH,Vip,L4,0.0,25.0,25.0,50.0,AISynphys,Accessed on 2025-07-08 00:00:007,0.0,3
2324,VISp,EXC,Tlx3,L5,INH,Vip,L4,0.0,25.0,50.0,75.0,AISynphys,Accessed on 2025-07-08 00:00:007,0.0,5
2325,VISp,EXC,Tlx3,L5,INH,Vip,L4,0.0,25.0,75.0,100.0,AISynphys,Accessed on 2025-07-08 00:00:007,0.0,6
2326,VISp,EXC,Tlx3,L5,INH,Vip,L4,0.0,25.0,100.0,125.0,AISynphys,Accessed on 2025-07-08 00:00:007,0.0,3
2327,VISp,EXC,Tlx3,L5,INH,Vip,L4,0.0,25.0,125.0,150.0,AISynphys,Accessed on 2025-07-08 00:00:007,0.0,1
2328,VISp,EXC,Tlx3,L5,INH,Vip,L4,0.0,25.0,150.0,175.0,AISynphys,Accessed on 2025-07-08 00:00:007,0.0,1
2329,VISp,EXC,Tlx3,L5,INH,Vip,L4,0.0,25.0,175.0,200.0,AISynphys,Accessed on 2025-07-08 00:00:007,0.0,2
2330,VISp,EXC,Tlx3,L5,INH,Vip,L4,25.0,50.0,0.0,25.0,AISynphys,Accessed on 2025-07-08 00:00:007,0.0,3
2331,VISp,EXC,Tlx3,L5,INH,Vip,L4,25.0,50.0,25.0,50.0,AISynphys,Accessed on 2025-07-08 00:00:007,0.0,3
2332,VISp,EXC,Tlx3,L5,INH,Vip,L4,25.0,50.0,50.0,75.0,AISynphys,Accessed on 2025-07-08 00:00:007,0.14285714285714285,7
2333,VISp,EXC,Tlx3,L5,INH,Vip,L4,25.0,50.0,75.0,100.0,AISynphys,Accessed on 2025-07-08 00:00:007,0.0,1
2334,VISp,EXC,Tlx3,L5,INH,Vip,L4,25.0,50.0,100.0,125.0,AISynphys,Accessed on 2025-07-08 00:00:007,0.0,2
2335,VISp,EXC,Tlx3,L5,INH,Vip,L4,25.0,50.0,125.0,150.0,AISynphys,Accessed on 2025-07-08 00:00:007,0.0,2
2336,VISp,EXC,Tlx3,L5,INH,Vip,L4,25.0,50.0,175.0,200.0,AISynphys,Accessed on 2025-07-08 00:00:007,0.0,1
2337,VISp,EXC,Tlx3,L5,INH,Vip,L4,50.0,75.0,25.0,50.0,AISynphys,Accessed on 2025-07-08 00:00:007,0.0,1
2338,VISp,EXC,Tlx3,L5,INH,Vip,L4,50.0,75.0,50.0,75.0,AISynphys,Accessed on 2025-07-08 00:00:007,0.0,1
2339,VISp,EXC,Tlx3,L5,INH,Vip,L4,50.0,75.0,75.0,100.0,AISynphys,Accessed on 2025-07-08 00:00:007,0.2,5
2340,VISp,EXC,Tlx3,L5,INH,Vip,L4,50.0,75.0,100.0,125.0,AISynphys,Accessed on 2025-07-08 00:00:007,0.0,2
2341,VISp,EXC,Tlx3,L5,INH,Vip,L4,75.0,100.0,0.0,25.0,AISynphys,Accessed on 2025-07-08 00:00:007,0.0,1
2342,VISp,EXC,Tlx3,L5,INH,Vip,L4,75.0,100.0,25.0,50.0,AISynphys,Accessed on 2025-07-08 00:00:007,0.0,1
2343,VISp,EXC,Tlx3,L5,INH,Vip,L4,75.0,100.0,50.0,75.0,AISynphys,Accessed on 2025-07-08 00:00:007,0.0,1
2344,VISp,EXC,Tlx3,L5,INH,Vip,L4,75.0,100.0,75.0,100.0,AISynphys,Accessed on 2025-07-08 00:00:007,0.0,2
2345,VISp,EXC,Tlx3,L5,INH,Vip,L4,75.0,100.0,100.0,125.0,AISynphys,Accessed on 2025-07-08 00:00:007,0.0,1
2346,VISp,EXC,Tlx3,L5,INH,Vip,L4,75.0,100.0,125.0,150.0,AISynphys,Accessed on 2025-07-08 00:00:007,0.0,1
2347,VISp,EXC,Tlx3,L5,INH,Vip,L4,75.0,100.0,175.0,200.0,AISynphys,Accessed on 2025-07-08 00:00:007,0.0,1
2348,VISp,EXC,Tlx3,L5,INH,Vip,L4,100.0,125.0,25.0,50.0,AISynphys,Accessed on 2025-07-08 00:00:007,0.0,1
2349,VISp,EXC,Tlx3,L5,INH,Vip,L4,100.0,125.0,50.0,75.0,AISynphys,Accessed on 2025-07-08 00:00:007,0.0,2
2350,VISp,EXC,Tlx3,L5,INH,Vip,L4,100.0,125.0,150.0,175.0,AISynphys,Accessed on 2025-07-08 00:00:007,0.0,1
2351,VISp,EXC,Tlx3,L5,INH,Vip,L4,125.0,150.0,25.0,50.0,AISynphys,Accessed on 2025-07-08 00:00:007,0.0,1
2352,VISp,EXC,Tlx3,L5,INH,Vip,L4,125.0,150.0,75.0,100.0,AISynphys,Accessed on 2025-07-08 00:00:007,0.0,1
2353,VISp,EXC,Tlx3,L5,INH,Vip,L4,125.0,150.0,100.0,125.0,AISynphys,Accessed on 2025-07-08 00:00:007,0.0,1
2354,VISp,EXC,Tlx3,L5,INH,Vip,L4,125.0,150.0,125.0,150.0,AISynphys,Accessed on 2025-07-08 00:00:007,0.0,2
2355,VISp,EXC,Tlx3,L5,INH,Vip,L4,150.0,175.0,0.0,25.0,AISynphys,Accessed on 2025-07-08 00:00:007,0.0,1
2356,VISp,EXC,Tlx3,L5,INH,Vip,L5,0.0,25.0,0.0,25.0,AISynphys,Accessed on 2025-07-08 00:00:007,0.0,3
2357,VISp,EXC,Tlx3,L5,INH,Vip,L5,0.0,25.0,25.0,50.0,AISynphys,Accessed on 2025-07-08 00:00:007,0.0,6
2358,VISp,EXC,Tlx3,L5,INH,Vip,L5,0.0,25.0,50.0,75.0,AISynphys,Accessed on 2025-07-08 00:00:007,0.0,4
2359,VISp,EXC,Tlx3,L5,INH,Vip,L5,0.0,25.0,75.0,100.0,AISynphys,Accessed on 2025-07-08 00:00:007,0.0,2
2360,VISp,EXC,Tlx3,L5,INH,Vip,L5,0.0,25.0,100.0,125.0,AISynphys,Accessed on 2025-07-08 00:00:007,0.0,2
2361,VISp,EXC,Tlx3,L5,INH,Vip,L5,0.0,25.0,125.0,150.0,AISynphys,Accessed on 2025-07-08 00:00:007,0.0,2
2362,VISp,EXC,Tlx3,L5,INH,Vip,L5,0.0,25.0,150.0,175.0,AISynphys,Accessed on 2025-07-08 00:00:007,0.0,1
2363,VISp,EXC,Tlx3,L5,INH,Vip,L5,25.0,50.0,0.0,25.0,AISynphys,Accessed on 2025-07-08 00:00:007,0.0,5
2364,VISp,EXC,Tlx3,L5,INH,Vip,L5,25.0,50.0,25.0,50.0,AISynphys,Accessed on 2025-07-08 00:00:007,0.0,5
2365,VISp,EXC,Tlx3,L5,INH,Vip,L5,25.0,50.0,50.0,75.0,AISynphys,Accessed on 2025-07-08 00:00:007,0.0,1
2366,VISp,EXC,Tlx3,L5,INH,Vip,L5,25.0,50.0,75.0,100.0,AISynphys,Accessed on 2025-07-08 00:00:007,0.0,4
2367,VISp,EXC,Tlx3,L5,INH,Vip,L5,25.0,50.0,100.0,125.0,AISynphys,Accessed on 2025-07-08 00:00:007,0.0,1
2368,VISp,EXC,Tlx3,L5,INH,Vip,L5,25.0,50.0,125.0,150.0,AISynphys,Accessed on 2025-07-08 00:00:007,0.0,1
2369,VISp,EXC,Tlx3,L5,INH,Vip,L5,50.0,75.0,0.0,25.0,AISynphys,Accessed on 2025-07-08 00:00:007,0.0,6
2370,VISp,EXC,Tlx3,L5,INH,Vip,L5,50.0,75.0,25.0,50.0,AISynphys,Accessed on 2025-07-08 00:00:007,0.0,6
2371,VISp,EXC,Tlx3,L5,INH,Vip,L5,50.0,75.0,50.0,75.0,AISynphys,Accessed on 2025-07-08 00:00:007,0.0,4
2372,VISp,EXC,Tlx3,L5,INH,Vip,L5,50.0,75.0,75.0,100.0,AISynphys,Accessed on 2025-07-08 00:00:007,0.0,2
2373,VISp,EXC,Tlx3,L5,INH,Vip,L5,50.0,75.0,100.0,125.0,AISynphys,Accessed on 2025-07-08 00:00:007,0.0,2
2374,VISp,EXC,Tlx3,L5,INH,Vip,L5,50.0,75.0,125.0,150.0,AISynphys,Accessed on 2025-07-08 00:00:007,1.0,1
2375,VISp,EXC,Tlx3,L5,INH,Vip,L5,75.0,100.0,0.0,25.0,AISynphys,Accessed on 2025-07-08 00:00:007,0.0,8
2376,VISp,EXC,Tlx3,L5,INH,Vip,L5,75.0,100.0,25.0,50.0,AISynphys,Accessed on 2025-07-08 00:00:007,0.0,4
2377,VISp,EXC,Tlx3,L5,INH,Vip,L5,75.0,100.0,50.0,75.0,AISynphys,Accessed on 2025-07-08 00:00:007,0.0,4
2378,VISp,EXC,Tlx3,L5,INH,Vip,L5,75.0,100.0,100.0,125.0,AISynphys,Accessed on 2025-07-08 00:00:007,0.0,2
2379,VISp,EXC,Tlx3,L5,INH,Vip,L5,75.0,100.0,150.0,175.0,AISynphys,Accessed on 2025-07-08 00:00:007,0.0,1
2380,VISp,EXC,Tlx3,L5,INH,Vip,L5,100.0,125.0,25.0,50.0,AISynphys,Accessed on 2025-07-08 00:00:007,0.0,3
2381,VISp,EXC,Tlx3,L5,INH,Vip,L5,100.0,125.0,50.0,75.0,AISynphys,Accessed on 2025-07-08 00:00:007,0.0,2
2382,VISp,EXC,Tlx3,L5,INH,Vip,L5,100.0,125.0,75.0,100.0,AISynphys,Accessed on 2025-07-08 00:00:007,0.0,3
2383,VISp,EXC,Tlx3,L5,INH,Vip,L5,125.0,150.0,0.0,25.0,AISynphys,Accessed on 2025-07-08 00:00:007,0.0,5
2384,VISp,EXC,Tlx3,L5,INH,Vip,L5,125.0,150.0,25.0,50.0,AISynphys,Accessed on 2025-07-08 00:00:007,0.0,1
2385,VISp,EXC,Tlx3,L5,INH,Vip,L5,150.0,175.0,0.0,25.0,AISynphys,Accessed on 2025-07-08 00:00:007,0.0,1
2386,VISp,EXC,Tlx3,L5,INH,Vip,L5,150.0,175.0,25.0,50.0,AISynphys,Accessed on 2025-07-08 00:00:007,0.3333333333333333,3
2387,VISp,EXC,Tlx3,L5,INH,Vip,L5,150.0,175.0,50.0,75.0,AISynphys,Accessed on 2025-07-08 00:00:007,0.0,2
2388,VISp,EXC,Tlx3,L5,INH,Vip,L5,175.0,200.0,0.0,25.0,AISynphys,Accessed on 2025-07-08 00:00:007,0.0,1
2389,VISp,EXC,Tlx3,L5,INH,Vip,L5,175.0,200.0,50.0,75.0,AISynphys,Accessed on 2025-07-08 00:00:007,0.0,1
2390,VISp,EXC,Tlx3,L5,INH,Vip,L5,200.0,225.0,100.0,125.0,AISynphys,Accessed on 2025-07-08 00:00:007,0.0,1
2391,VISp,EXC,Tlx3,L5,INH,Vip,L6a,100.0,125.0,100.0,125.0,AISynphys,Accessed on 2025-07-08 00:00:007,0.0,1
2392,VISp,EXC,Tlx3,L5,INH,Vip,L6a,150.0,175.0,50.0,75.0,AISynphys,Accessed on 2025-07-08 00:00:007,0.0,1
2393,VISp,EXC,Tlx3,L5,INH,Vip,L6a,175.0,200.0,75.0,100.0,AISynphys,Accessed on 2025-07-08 00:00:007,0.0,1
2394,VISp,EXC,Tlx3,L6a,EXC,Fam84b,L6a,0.0,25.0,50.0,75.0,AISynphys,Accessed on 2025-07-08 00:00:007,0.0,1
2395,VISp,EXC,Tlx3,L6a,EXC,Fam84b,L6a,25.0,50.0,100.0,125.0,AISynphys,Accessed on 2025-07-08 00:00:007,0.0,1
2396,VISp,EXC,Tlx3,L6a,EXC,Fam84b,L6a,150.0,175.0,75.0,100.0,AISynphys,Accessed on 2025-07-08 00:00:007,0.0,2
2397,VISp,EXC,Tlx3,L6a,EXC,Fam84b,L6a,150.0,175.0,125.0,150.0,AISynphys,Accessed on 2025-07-08 00:00:007,0.0,1
2398,VISp,EXC,Tlx3,L6a,EXC,Fam84b,L6a,175.0,200.0,125.0,150.0,AISynphys,Accessed on 2025-07-08 00:00:007,0.0,1
2399,VISp,EXC,Tlx3,L6a,EXC,Tlx3,L5,0.0,25.0,50.0,75.0,AISynphys,Accessed on 2025-07-08 00:00:007,0.0,1
2400,VISp,EXC,Tlx3,L6a,EXC,Tlx3,L5,0.0,25.0,75.0,100.0,AISynphys,Accessed on 2025-07-08 00:00:007,0.0,2
2401,VISp,EXC,Tlx3,L6a,EXC,Tlx3,L5,0.0,25.0,100.0,125.0,AISynphys,Accessed on 2025-07-08 00:00:007,0.0,1
2402,VISp,EXC,Tlx3,L6a,EXC,Tlx3,L5,0.0,25.0,125.0,150.0,AISynphys,Accessed on 2025-07-08 00:00:007,0.0,2
2403,VISp,EXC,Tlx3,L6a,EXC,Tlx3,L5,0.0,25.0,150.0,175.0,AISynphys,Accessed on 2025-07-08 00:00:007,0.0,1
2404,VISp,EXC,Tlx3,L6a,EXC,Tlx3,L5,25.0,50.0,25.0,50.0,AISynphys,Accessed on 2025-07-08 00:00:007,0.0,1
2405,VISp,EXC,Tlx3,L6a,EXC,Tlx3,L5,25.0,50.0,50.0,75.0,AISynphys,Accessed on 2025-07-08 00:00:007,0.0,2
2406,VISp,EXC,Tlx3,L6a,EXC,Tlx3,L5,25.0,50.0,75.0,100.0,AISynphys,Accessed on 2025-07-08 00:00:007,0.0,1
2407,VISp,EXC,Tlx3,L6a,EXC,Tlx3,L5,50.0,75.0,25.0,50.0,AISynphys,Accessed on 2025-07-08 00:00:007,0.0,1
2408,VISp,EXC,Tlx3,L6a,EXC,Tlx3,L5,50.0,75.0,175.0,200.0,AISynphys,Accessed on 2025-07-08 00:00:007,0.0,1
2409,VISp,EXC,Tlx3,L6a,EXC,Tlx3,L5,100.0,125.0,100.0,125.0,AISynphys,Accessed on 2025-07-08 00:00:007,0.0,1
2410,VISp,EXC,Tlx3,L6a,EXC,Tlx3,L5,100.0,125.0,150.0,175.0,AISynphys,Accessed on 2025-07-08 00:00:007,0.0,1
2411,VISp,EXC,Tlx3,L6a,EXC,Tlx3,L5,100.0,125.0,175.0,200.0,AISynphys,Accessed on 2025-07-08 00:00:007,0.0,1
2412,VISp,EXC,Tlx3,L6a,EXC,Tlx3,L5,125.0,150.0,50.0,75.0,AISynphys,Accessed on 2025-07-08 00:00:007,0.0,1
2413,VISp,EXC,Tlx3,L6a,EXC,Tlx3,L5,125.0,150.0,125.0,150.0,AISynphys,Accessed on 2025-07-08 00:00:007,0.0,2
2414,VISp,EXC,Tlx3,L6a,EXC,Tlx3,L5,150.0,175.0,75.0,100.0,AISynphys,Accessed on 2025-07-08 00:00:007,0.0,1
2415,VISp,EXC,Tlx3,L6a,EXC,Tlx3,L5,150.0,175.0,100.0,125.0,AISynphys,Accessed on 2025-07-08 00:00:007,0.0,1
2416,VISp,EXC,Tlx3,L6a,EXC,Tlx3,L5,175.0,200.0,50.0,75.0,AISynphys,Accessed on 2025-07-08 00:00:007,0.0,1
2417,VISp,EXC,Tlx3,L6a,EXC,Tlx3,L5,175.0,200.0,100.0,125.0,AISynphys,Accessed on 2025-07-08 00:00:007,0.0,1
2418,VISp,EXC,Tlx3,L6a,EXC,Tlx3,L6a,0.0,25.0,0.0,25.0,AISynphys,Accessed on 2025-07-08 00:00:007,0.25,4
2419,VISp,EXC,Tlx3,L6a,EXC,Tlx3,L6a,0.0,25.0,25.0,50.0,AISynphys,Accessed on 2025-07-08 00:00:007,0.0,4
2420,VISp,EXC,Tlx3,L6a,EXC,Tlx3,L6a,25.0,50.0,0.0,25.0,AISynphys,Accessed on 2025-07-08 00:00:007,0.0,2
2421,VISp,EXC,Tlx3,L6a,EXC,Tlx3,L6a,25.0,50.0,25.0,50.0,AISynphys,Accessed on 2025-07-08 00:00:007,0.0,2
2422,VISp,EXC,Tlx3,L6a,EXC,Tlx3,L6a,100.0,125.0,50.0,75.0,AISynphys,Accessed on 2025-07-08 00:00:007,0.0,2
2423,VISp,EXC,Tlx3,L6a,EXC,Tlx3,L6a,125.0,150.0,25.0,50.0,AISynphys,Accessed on 2025-07-08 00:00:007,0.0,6
2424,VISp,EXC,Tlx3,L6a,INH,Sst,L5,0.0,25.0,0.0,25.0,AISynphys,Accessed on 2025-07-08 00:00:007,0.0,1
2425,VISp,EXC,Tlx3,L6a,INH,Sst,L5,0.0,25.0,50.0,75.0,AISynphys,Accessed on 2025-07-08 00:00:007,0.0,1
2426,VISp,EXC,Tlx3,L6a,INH,Sst,L5,0.0,25.0,75.0,100.0,AISynphys,Accessed on 2025-07-08 00:00:007,0.0,2
2427,VISp,EXC,Tlx3,L6a,INH,Sst,L5,50.0,75.0,25.0,50.0,AISynphys,Accessed on 2025-07-08 00:00:007,0.0,2
2428,VISp,EXC,Tlx3,L6a,INH,Sst,L5,50.0,75.0,50.0,75.0,AISynphys,Accessed on 2025-07-08 00:00:007,0.0,2
2429,VISp,EXC,Tlx3,L6a,INH,Sst,L5,50.0,75.0,75.0,100.0,AISynphys,Accessed on 2025-07-08 00:00:007,0.0,2
2430,VISp,EXC,Tlx3,L6a,INH,Sst,L6a,0.0,25.0,0.0,25.0,AISynphys,Accessed on 2025-07-08 00:00:007,0.0,1
2431,VISp,EXC,Tlx3,L6a,INH,Sst,L6a,0.0,25.0,50.0,75.0,AISynphys,Accessed on 2025-07-08 00:00:007,0.0,1
2432,VISp,EXC,Tlx3,L6a,INH,Sst,L6a,25.0,50.0,0.0,25.0,AISynphys,Accessed on 2025-07-08 00:00:007,0.0,1
2433,VISp,EXC,Tlx3,L6a,INH,Sst,L6a,25.0,50.0,50.0,75.0,AISynphys,Accessed on 2025-07-08 00:00:007,0.0,1
2434,VISp,EXC,Tlx3,L6a,INH,Sst,L6a,25.0,50.0,75.0,100.0,AISynphys,Accessed on 2025-07-08 00:00:007,0.0,1
2435,VISp,EXC,Tlx3,L6a,INH,Sst,L6a,50.0,75.0,0.0,25.0,AISynphys,Accessed on 2025-07-08 00:00:007,0.0,2
2436,VISp,EXC,Tlx3,L6a,INH,Sst,L6a,50.0,75.0,50.0,75.0,AISynphys,Accessed on 2025-07-08 00:00:007,0.0,1
2437,VISp,EXC,Tlx3,L6a,INH,Sst,L6a,50.0,75.0,75.0,100.0,AISynphys,Accessed on 2025-07-08 00:00:007,0.0,1
2438,VISp,EXC,"Tlx3,Vip",L5,EXC,Tlx3,L5,25.0,50.0,25.0,50.0,AISynphys,Accessed on 2025-07-08 00:00:007,0.0,1
2439,VISp,EXC,"Tlx3,Vip",L5,EXC,Tlx3,L5,50.0,75.0,50.0,75.0,AISynphys,Accessed on 2025-07-08 00:00:007,0.0,1
2440,VISp,EXC,"Tlx3,Vip",L5,INH,Vip,L4,125.0,150.0,50.0,75.0,AISynphys,Accessed on 2025-07-08 00:00:007,0.0,1
2441,VISp,EXC,"Tlx3,Vip",L5,INH,Vip,L5,175.0,200.0,0.0,25.0,AISynphys,Accessed on 2025-07-08 00:00:007,0.0,1
2442,VISp,INH,Pvalb,L23,EXC,Nr5a1,L23,0.0,25.0,0.0,25.0,AISynphys,Accessed on 2025-07-08 00:00:007,0.0,1
2443,VISp,INH,Pvalb,L23,EXC,Nr5a1,L23,0.0,25.0,125.0,150.0,AISynphys,Accessed on 2025-07-08 00:00:007,0.0,1
2444,VISp,INH,Pvalb,L23,EXC,Nr5a1,L23,25.0,50.0,100.0,125.0,AISynphys,Accessed on 2025-07-08 00:00:007,0.0,2
2445,VISp,INH,Pvalb,L23,EXC,Nr5a1,L23,50.0,75.0,0.0,25.0,AISynphys,Accessed on 2025-07-08 00:00:007,0.0,1
2446,VISp,INH,Pvalb,L23,EXC,Nr5a1,L23,50.0,75.0,50.0,75.0,AISynphys,Accessed on 2025-07-08 00:00:007,0.0,1
2447,VISp,INH,Pvalb,L23,EXC,Nr5a1,L4,0.0,25.0,0.0,25.0,AISynphys,Accessed on 2025-07-08 00:00:007,1.0,1
2448,VISp,INH,Pvalb,L23,EXC,Nr5a1,L4,0.0,25.0,25.0,50.0,AISynphys,Accessed on 2025-07-08 00:00:007,0.0,1
2449,VISp,INH,Pvalb,L23,EXC,Nr5a1,L4,0.0,25.0,125.0,150.0,AISynphys,Accessed on 2025-07-08 00:00:007,0.0,1
2450,VISp,INH,Pvalb,L23,EXC,Nr5a1,L4,0.0,25.0,150.0,175.0,AISynphys,Accessed on 2025-07-08 00:00:007,0.0,1
2451,VISp,INH,Pvalb,L23,EXC,Nr5a1,L4,0.0,25.0,175.0,200.0,AISynphys,Accessed on 2025-07-08 00:00:007,0.0,1
2452,VISp,INH,Pvalb,L23,EXC,Nr5a1,L4,0.0,25.0,200.0,225.0,AISynphys,Accessed on 2025-07-08 00:00:007,0.0,2
2453,VISp,INH,Pvalb,L23,EXC,Nr5a1,L4,25.0,50.0,25.0,50.0,AISynphys,Accessed on 2025-07-08 00:00:007,0.0,1
2454,VISp,INH,Pvalb,L23,EXC,Nr5a1,L4,25.0,50.0,75.0,100.0,AISynphys,Accessed on 2025-07-08 00:00:007,0.0,1
2455,VISp,INH,Pvalb,L23,EXC,Nr5a1,L4,25.0,50.0,100.0,125.0,AISynphys,Accessed on 2025-07-08 00:00:007,0.0,1
2456,VISp,INH,Pvalb,L23,EXC,Nr5a1,L4,25.0,50.0,125.0,150.0,AISynphys,Accessed on 2025-07-08 00:00:007,0.0,1
2457,VISp,INH,Pvalb,L23,EXC,Nr5a1,L4,25.0,50.0,200.0,225.0,AISynphys,Accessed on 2025-07-08 00:00:007,0.0,1
2458,VISp,INH,Pvalb,L23,EXC,Nr5a1,L4,25.0,50.0,250.0,275.0,AISynphys,Accessed on 2025-07-08 00:00:007,0.0,1
2459,VISp,INH,Pvalb,L23,EXC,Nr5a1,L4,50.0,75.0,25.0,50.0,AISynphys,Accessed on 2025-07-08 00:00:007,1.0,1
2460,VISp,INH,Pvalb,L23,EXC,Nr5a1,L4,50.0,75.0,75.0,100.0,AISynphys,Accessed on 2025-07-08 00:00:007,0.0,1
2461,VISp,INH,Pvalb,L23,EXC,Nr5a1,L4,50.0,75.0,125.0,150.0,AISynphys,Accessed on 2025-07-08 00:00:007,0.0,1
2462,VISp,INH,Pvalb,L23,EXC,Nr5a1,L4,50.0,75.0,200.0,225.0,AISynphys,Accessed on 2025-07-08 00:00:007,0.0,1
2463,VISp,INH,Pvalb,L23,EXC,Nr5a1,L4,50.0,75.0,250.0,275.0,AISynphys,Accessed on 2025-07-08 00:00:007,0.0,1
2464,VISp,INH,Pvalb,L23,EXC,Nr5a1,L4,75.0,100.0,50.0,75.0,AISynphys,Accessed on 2025-07-08 00:00:007,0.0,2
2465,VISp,INH,Pvalb,L23,EXC,Nr5a1,L4,100.0,125.0,25.0,50.0,AISynphys,Accessed on 2025-07-08 00:00:007,0.0,1
2466,VISp,INH,Pvalb,L23,EXC,Nr5a1,L4,100.0,125.0,75.0,100.0,AISynphys,Accessed on 2025-07-08 00:00:007,1.0,1
2467,VISp,INH,Pvalb,L23,EXC,Nr5a1,L4,100.0,125.0,275.0,300.0,AISynphys,Accessed on 2025-07-08 00:00:007,0.0,1
2468,VISp,INH,Pvalb,L23,EXC,Nr5a1,L4,125.0,150.0,225.0,250.0,AISynphys,Accessed on 2025-07-08 00:00:007,0.0,1
2469,VISp,INH,Pvalb,L23,EXC,Nr5a1,L4,150.0,175.0,125.0,150.0,AISynphys,Accessed on 2025-07-08 00:00:007,0.0,1
2470,VISp,INH,Pvalb,L23,EXC,Ntsr1,L6a,0.0,25.0,550.0,575.0,AISynphys,Accessed on 2025-07-08 00:00:007,0.0,1
2471,VISp,INH,Pvalb,L23,EXC,Ntsr1,L6a,0.0,25.0,600.0,625.0,AISynphys,Accessed on 2025-07-08 00:00:007,0.0,1
2472,VISp,INH,Pvalb,L23,EXC,Ntsr1,L6a,25.0,50.0,475.0,500.0,AISynphys,Accessed on 2025-07-08 00:00:007,0.0,1
2473,VISp,INH,Pvalb,L23,EXC,Ntsr1,L6a,25.0,50.0,700.0,725.0,AISynphys,Accessed on 2025-07-08 00:00:007,0.0,1
2474,VISp,INH,Pvalb,L23,EXC,Ntsr1,L6a,25.0,50.0,725.0,750.0,AISynphys,Accessed on 2025-07-08 00:00:007,0.0,1
2475,VISp,INH,Pvalb,L23,EXC,Ntsr1,L6a,50.0,75.0,625.0,650.0,AISynphys,Accessed on 2025-07-08 00:00:007,0.0,1
2476,VISp,INH,Pvalb,L23,EXC,Ntsr1,L6a,75.0,100.0,575.0,600.0,AISynphys,Accessed on 2025-07-08 00:00:007,0.0,1
2477,VISp,INH,Pvalb,L23,EXC,Ntsr1,L6a,100.0,125.0,525.0,550.0,AISynphys,Accessed on 2025-07-08 00:00:007,0.0,1
2478,VISp,INH,Pvalb,L23,EXC,Ntsr1,L6a,100.0,125.0,600.0,625.0,AISynphys,Accessed on 2025-07-08 00:00:007,0.0,1
2479,VISp,INH,Pvalb,L23,EXC,Ntsr1,L6a,100.0,125.0,650.0,675.0,AISynphys,Accessed on 2025-07-08 00:00:007,0.0,2
2480,VISp,INH,Pvalb,L23,EXC,Ntsr1,L6a,150.0,175.0,550.0,575.0,AISynphys,Accessed on 2025-07-08 00:00:007,0.0,1
2481,VISp,INH,Pvalb,L23,EXC,Ntsr1,L6a,150.0,175.0,600.0,625.0,AISynphys,Accessed on 2025-07-08 00:00:007,0.0,1
2482,VISp,INH,Pvalb,L23,EXC,Ntsr1,L6a,175.0,200.0,475.0,500.0,AISynphys,Accessed on 2025-07-08 00:00:007,0.0,1
2483,VISp,INH,Pvalb,L23,EXC,Sim1,L4,0.0,25.0,50.0,75.0,AISynphys,Accessed on 2025-07-08 00:00:007,0.0,1
2484,VISp,INH,Pvalb,L23,EXC,Sim1,L4,25.0,50.0,75.0,100.0,AISynphys,Accessed on 2025-07-08 00:00:007,0.0,1
2485,VISp,INH,Pvalb,L23,EXC,Sim1,L5,0.0,25.0,100.0,125.0,AISynphys,Accessed on 2025-07-08 00:00:007,0.0,1
2486,VISp,INH,Pvalb,L23,EXC,Sim1,L5,0.0,25.0,200.0,225.0,AISynphys,Accessed on 2025-07-08 00:00:007,0.0,1
2487,VISp,INH,Pvalb,L23,EXC,Sim1,L5,0.0,25.0,300.0,325.0,AISynphys,Accessed on 2025-07-08 00:00:007,0.0,1
2488,VISp,INH,Pvalb,L23,EXC,Sim1,L5,0.0,25.0,350.0,375.0,AISynphys,Accessed on 2025-07-08 00:00:007,0.0,1
2489,VISp,INH,Pvalb,L23,EXC,Sim1,L5,0.0,25.0,375.0,400.0,AISynphys,Accessed on 2025-07-08 00:00:007,1.0,1
2490,VISp,INH,Pvalb,L23,EXC,Sim1,L5,25.0,50.0,225.0,250.0,AISynphys,Accessed on 2025-07-08 00:00:007,0.0,1
2491,VISp,INH,Pvalb,L23,EXC,Sim1,L5,25.0,50.0,250.0,275.0,AISynphys,Accessed on 2025-07-08 00:00:007,0.0,1
2492,VISp,INH,Pvalb,L23,EXC,Sim1,L5,25.0,50.0,350.0,375.0,AISynphys,Accessed on 2025-07-08 00:00:007,0.0,1
2493,VISp,INH,Pvalb,L23,EXC,Sim1,L5,25.0,50.0,375.0,400.0,AISynphys,Accessed on 2025-07-08 00:00:007,0.0,1
2494,VISp,INH,Pvalb,L23,EXC,Sim1,L5,50.0,75.0,225.0,250.0,AISynphys,Accessed on 2025-07-08 00:00:007,0.0,1
2495,VISp,INH,Pvalb,L23,EXC,Sim1,L5,75.0,100.0,175.0,200.0,AISynphys,Accessed on 2025-07-08 00:00:007,0.0,1
2496,VISp,INH,Pvalb,L23,EXC,Sim1,L5,75.0,100.0,350.0,375.0,AISynphys,Accessed on 2025-07-08 00:00:007,0.0,1
2497,VISp,INH,Pvalb,L23,EXC,Sim1,L5,100.0,125.0,300.0,325.0,AISynphys,Accessed on 2025-07-08 00:00:007,0.0,1
2498,VISp,INH,Pvalb,L23,EXC,Sim1,L5,125.0,150.0,175.0,200.0,AISynphys,Accessed on 2025-07-08 00:00:007,0.0,1
2499,VISp,INH,Pvalb,L23,EXC,Sim1,L5,150.0,175.0,350.0,375.0,AISynphys,Accessed on 2025-07-08 00:00:007,0.0,1
2500,VISp,INH,Pvalb,L23,EXC,Sim1,L5,175.0,200.0,400.0,425.0,AISynphys,Accessed on 2025-07-08 00:00:007,0.0,1
2501,VISp,INH,Pvalb,L23,EXC,Sim1,L5,200.0,225.0,150.0,175.0,AISynphys,Accessed on 2025-07-08 00:00:007,0.0,1
2502,VISp,INH,Pvalb,L23,EXC,Sim1,L5,250.0,275.0,275.0,300.0,AISynphys,Accessed on 2025-07-08 00:00:007,0.0,1
2503,VISp,INH,Pvalb,L23,EXC,Sim1,L5,250.0,275.0,425.0,450.0,AISynphys,Accessed on 2025-07-08 00:00:007,0.0,1
2504,VISp,INH,Pvalb,L23,EXC,Tlx3,L4,0.0,25.0,100.0,125.0,AISynphys,Accessed on 2025-07-08 00:00:007,0.0,1
2505,VISp,INH,Pvalb,L23,EXC,Tlx3,L4,25.0,50.0,100.0,125.0,AISynphys,Accessed on 2025-07-08 00:00:007,0.0,1
2506,VISp,INH,Pvalb,L23,EXC,Tlx3,L4,25.0,50.0,175.0,200.0,AISynphys,Accessed on 2025-07-08 00:00:007,0.0,1
2507,VISp,INH,Pvalb,L23,EXC,Tlx3,L4,25.0,50.0,225.0,250.0,AISynphys,Accessed on 2025-07-08 00:00:007,0.0,1
2508,VISp,INH,Pvalb,L23,EXC,Tlx3,L4,50.0,75.0,100.0,125.0,AISynphys,Accessed on 2025-07-08 00:00:007,0.0,1
2509,VISp,INH,Pvalb,L23,EXC,Tlx3,L4,75.0,100.0,100.0,125.0,AISynphys,Accessed on 2025-07-08 00:00:007,0.0,1
2510,VISp,INH,Pvalb,L23,EXC,Tlx3,L4,100.0,125.0,275.0,300.0,AISynphys,Accessed on 2025-07-08 00:00:007,0.0,1
2511,VISp,INH,Pvalb,L23,EXC,Tlx3,L4,125.0,150.0,225.0,250.0,AISynphys,Accessed on 2025-07-08 00:00:007,0.0,1
2512,VISp,INH,Pvalb,L23,EXC,Tlx3,L4,175.0,200.0,225.0,250.0,AISynphys,Accessed on 2025-07-08 00:00:007,0.0,1
2513,VISp,INH,Pvalb,L23,EXC,Tlx3,L5,0.0,25.0,150.0,175.0,AISynphys,Accessed on 2025-07-08 00:00:007,0.0,1
2514,VISp,INH,Pvalb,L23,EXC,Tlx3,L5,0.0,25.0,175.0,200.0,AISynphys,Accessed on 2025-07-08 00:00:007,0.0,1
2515,VISp,INH,Pvalb,L23,EXC,Tlx3,L5,0.0,25.0,225.0,250.0,AISynphys,Accessed on 2025-07-08 00:00:007,0.0,1
2516,VISp,INH,Pvalb,L23,EXC,Tlx3,L5,0.0,25.0,250.0,275.0,AISynphys,Accessed on 2025-07-08 00:00:007,0.0,1
2517,VISp,INH,Pvalb,L23,EXC,Tlx3,L5,0.0,25.0,275.0,300.0,AISynphys,Accessed on 2025-07-08 00:00:007,0.0,1
2518,VISp,INH,Pvalb,L23,EXC,Tlx3,L5,0.0,25.0,325.0,350.0,AISynphys,Accessed on 2025-07-08 00:00:007,0.0,1
2519,VISp,INH,Pvalb,L23,EXC,Tlx3,L5,25.0,50.0,225.0,250.0,AISynphys,Accessed on 2025-07-08 00:00:007,0.0,2
2520,VISp,INH,Pvalb,L23,EXC,Tlx3,L5,25.0,50.0,275.0,300.0,AISynphys,Accessed on 2025-07-08 00:00:007,0.0,1
2521,VISp,INH,Pvalb,L23,EXC,Tlx3,L5,25.0,50.0,300.0,325.0,AISynphys,Accessed on 2025-07-08 00:00:007,0.0,1
2522,VISp,INH,Pvalb,L23,EXC,Tlx3,L5,50.0,75.0,125.0,150.0,AISynphys,Accessed on 2025-07-08 00:00:007,0.0,1
2523,VISp,INH,Pvalb,L23,EXC,Tlx3,L5,50.0,75.0,150.0,175.0,AISynphys,Accessed on 2025-07-08 00:00:007,0.3333333333333333,3
2524,VISp,INH,Pvalb,L23,EXC,Tlx3,L5,50.0,75.0,225.0,250.0,AISynphys,Accessed on 2025-07-08 00:00:007,0.0,2
2525,VISp,INH,Pvalb,L23,EXC,Tlx3,L5,50.0,75.0,300.0,325.0,AISynphys,Accessed on 2025-07-08 00:00:007,0.0,1
2526,VISp,INH,Pvalb,L23,EXC,Tlx3,L5,75.0,100.0,200.0,225.0,AISynphys,Accessed on 2025-07-08 00:00:007,0.0,1
2527,VISp,INH,Pvalb,L23,EXC,Tlx3,L5,100.0,125.0,125.0,150.0,AISynphys,Accessed on 2025-07-08 00:00:007,0.0,1
2528,VISp,INH,Pvalb,L23,EXC,Tlx3,L5,100.0,125.0,275.0,300.0,AISynphys,Accessed on 2025-07-08 00:00:007,0.0,1
2529,VISp,INH,Pvalb,L23,EXC,Tlx3,L5,150.0,175.0,150.0,175.0,AISynphys,Accessed on 2025-07-08 00:00:007,0.0,2
2530,VISp,INH,Pvalb,L23,INH,Pvalb,L23,0.0,25.0,0.0,25.0,AISynphys,Accessed on 2025-07-08 00:00:007,0.0,6
2531,VISp,INH,Pvalb,L23,INH,Pvalb,L23,0.0,25.0,25.0,50.0,AISynphys,Accessed on 2025-07-08 00:00:007,0.125,8
2532,VISp,INH,Pvalb,L23,INH,Pvalb,L23,0.0,25.0,50.0,75.0,AISynphys,Accessed on 2025-07-08 00:00:007,0.16666666666666666,6
2533,VISp,INH,Pvalb,L23,INH,Pvalb,L23,0.0,25.0,75.0,100.0,AISynphys,Accessed on 2025-07-08 00:00:007,0.16666666666666666,6
2534,VISp,INH,Pvalb,L23,INH,Pvalb,L23,25.0,50.0,0.0,25.0,AISynphys,Accessed on 2025-07-08 00:00:007,0.5,12
2535,VISp,INH,Pvalb,L23,INH,Pvalb,L23,25.0,50.0,25.0,50.0,AISynphys,Accessed on 2025-07-08 00:00:007,0.3333333333333333,6
2536,VISp,INH,Pvalb,L23,INH,Pvalb,L23,25.0,50.0,50.0,75.0,AISynphys,Accessed on 2025-07-08 00:00:007,0.5,12
2537,VISp,INH,Pvalb,L23,INH,Pvalb,L23,25.0,50.0,75.0,100.0,AISynphys,Accessed on 2025-07-08 00:00:007,0.3333333333333333,6
2538,VISp,INH,Pvalb,L23,INH,Pvalb,L23,50.0,75.0,0.0,25.0,AISynphys,Accessed on 2025-07-08 00:00:007,0.14285714285714285,14
2539,VISp,INH,Pvalb,L23,INH,Pvalb,L23,50.0,75.0,25.0,50.0,AISynphys,Accessed on 2025-07-08 00:00:007,0.08333333333333333,12
2540,VISp,INH,Pvalb,L23,INH,Pvalb,L23,50.0,75.0,75.0,100.0,AISynphys,Accessed on 2025-07-08 00:00:007,0.75,4
2541,VISp,INH,Pvalb,L23,INH,Pvalb,L23,50.0,75.0,125.0,150.0,AISynphys,Accessed on 2025-07-08 00:00:007,0.0,2
2542,VISp,INH,Pvalb,L23,INH,Pvalb,L23,50.0,75.0,175.0,200.0,AISynphys,Accessed on 2025-07-08 00:00:007,0.0,2
2543,VISp,INH,Pvalb,L23,INH,Pvalb,L23,75.0,100.0,0.0,25.0,AISynphys,Accessed on 2025-07-08 00:00:007,0.25,16
2544,VISp,INH,Pvalb,L23,INH,Pvalb,L23,75.0,100.0,25.0,50.0,AISynphys,Accessed on 2025-07-08 00:00:007,0.0,8
2545,VISp,INH,Pvalb,L23,INH,Pvalb,L23,75.0,100.0,50.0,75.0,AISynphys,Accessed on 2025-07-08 00:00:007,0.4,10
2546,VISp,INH,Pvalb,L23,INH,Pvalb,L23,75.0,100.0,75.0,100.0,AISynphys,Accessed on 2025-07-08 00:00:007,0.0,4
2547,VISp,INH,Pvalb,L23,INH,Pvalb,L23,75.0,100.0,100.0,125.0,AISynphys,Accessed on 2025-07-08 00:00:007,0.0,4
2548,VISp,INH,Pvalb,L23,INH,Pvalb,L23,75.0,100.0,125.0,150.0,AISynphys,Accessed on 2025-07-08 00:00:007,0.0,2
2549,VISp,INH,Pvalb,L23,INH,Pvalb,L23,100.0,125.0,0.0,25.0,AISynphys,Accessed on 2025-07-08 00:00:007,0.25,8
2550,VISp,INH,Pvalb,L23,INH,Pvalb,L23,100.0,125.0,25.0,50.0,AISynphys,Accessed on 2025-07-08 00:00:007,0.5,2
2551,VISp,INH,Pvalb,L23,INH,Pvalb,L23,100.0,125.0,50.0,75.0,AISynphys,Accessed on 2025-07-08 00:00:007,0.0,2
2552,VISp,INH,Pvalb,L23,INH,Pvalb,L23,100.0,125.0,75.0,100.0,AISynphys,Accessed on 2025-07-08 00:00:007,0.0,2
2553,VISp,INH,Pvalb,L23,INH,Pvalb,L23,100.0,125.0,100.0,125.0,AISynphys,Accessed on 2025-07-08 00:00:007,0.0,2
2554,VISp,INH,Pvalb,L23,INH,Pvalb,L23,100.0,125.0,175.0,200.0,AISynphys,Accessed on 2025-07-08 00:00:007,0.0,2
2555,VISp,INH,Pvalb,L23,INH,Pvalb,L23,125.0,150.0,0.0,25.0,AISynphys,Accessed on 2025-07-08 00:00:007,0.5,8
2556,VISp,INH,Pvalb,L23,INH,Pvalb,L23,125.0,150.0,25.0,50.0,AISynphys,Accessed on 2025-07-08 00:00:007,0.0,2
2557,VISp,INH,Pvalb,L23,INH,Pvalb,L23,125.0,150.0,50.0,75.0,AISynphys,Accessed on 2025-07-08 00:00:007,0.0,2
2558,VISp,INH,Pvalb,L23,INH,Pvalb,L23,125.0,150.0,75.0,100.0,AISynphys,Accessed on 2025-07-08 00:00:007,0.5,4
2559,VISp,INH,Pvalb,L23,INH,Pvalb,L23,125.0,150.0,100.0,125.0,AISynphys,Accessed on 2025-07-08 00:00:007,0.5,2
2560,VISp,INH,Pvalb,L23,INH,Pvalb,L23,150.0,175.0,0.0,25.0,AISynphys,Accessed on 2025-07-08 00:00:007,0.3333333333333333,6
2561,VISp,INH,Pvalb,L23,INH,Pvalb,L23,175.0,200.0,50.0,75.0,AISynphys,Accessed on 2025-07-08 00:00:007,0.0,2
2562,VISp,INH,Pvalb,L23,INH,Pvalb,L23,225.0,250.0,0.0,25.0,AISynphys,Accessed on 2025-07-08 00:00:007,0.0,2
2563,VISp,INH,Pvalb,L23,INH,Pvalb,L23,250.0,275.0,25.0,50.0,AISynphys,Accessed on 2025-07-08 00:00:007,0.0,2
2564,VISp,INH,Pvalb,L23,INH,Pvalb,L4,0.0,25.0,25.0,50.0,AISynphys,Accessed on 2025-07-08 00:00:007,0.0,2
2565,VISp,INH,Pvalb,L23,INH,Pvalb,L4,0.0,25.0,50.0,75.0,AISynphys,Accessed on 2025-07-08 00:00:007,0.0,1
2566,VISp,INH,Pvalb,L23,INH,Pvalb,L4,0.0,25.0,75.0,100.0,AISynphys,Accessed on 2025-07-08 00:00:007,0.0,3
2567,VISp,INH,Pvalb,L23,INH,Pvalb,L4,0.0,25.0,100.0,125.0,AISynphys,Accessed on 2025-07-08 00:00:007,0.3333333333333333,3
2568,VISp,INH,Pvalb,L23,INH,Pvalb,L4,0.0,25.0,175.0,200.0,AISynphys,Accessed on 2025-07-08 00:00:007,0.0,2
2569,VISp,INH,Pvalb,L23,INH,Pvalb,L4,25.0,50.0,0.0,25.0,AISynphys,Accessed on 2025-07-08 00:00:007,0.0,1
2570,VISp,INH,Pvalb,L23,INH,Pvalb,L4,25.0,50.0,25.0,50.0,AISynphys,Accessed on 2025-07-08 00:00:007,0.0,1
2571,VISp,INH,Pvalb,L23,INH,Pvalb,L4,25.0,50.0,50.0,75.0,AISynphys,Accessed on 2025-07-08 00:00:007,0.5,2
2572,VISp,INH,Pvalb,L23,INH,Pvalb,L4,25.0,50.0,75.0,100.0,AISynphys,Accessed on 2025-07-08 00:00:007,0.0,2
2573,VISp,INH,Pvalb,L23,INH,Pvalb,L4,25.0,50.0,100.0,125.0,AISynphys,Accessed on 2025-07-08 00:00:007,0.0,1
2574,VISp,INH,Pvalb,L23,INH,Pvalb,L4,25.0,50.0,150.0,175.0,AISynphys,Accessed on 2025-07-08 00:00:007,0.0,1
2575,VISp,INH,Pvalb,L23,INH,Pvalb,L4,50.0,75.0,0.0,25.0,AISynphys,Accessed on 2025-07-08 00:00:007,0.0,2
2576,VISp,INH,Pvalb,L23,INH,Pvalb,L4,50.0,75.0,25.0,50.0,AISynphys,Accessed on 2025-07-08 00:00:007,0.0,1
2577,VISp,INH,Pvalb,L23,INH,Pvalb,L4,50.0,75.0,100.0,125.0,AISynphys,Accessed on 2025-07-08 00:00:007,1.0,1
2578,VISp,INH,Pvalb,L23,INH,Pvalb,L4,50.0,75.0,125.0,150.0,AISynphys,Accessed on 2025-07-08 00:00:007,0.5,2
2579,VISp,INH,Pvalb,L23,INH,Pvalb,L4,50.0,75.0,150.0,175.0,AISynphys,Accessed on 2025-07-08 00:00:007,0.0,2
2580,VISp,INH,Pvalb,L23,INH,Pvalb,L4,75.0,100.0,50.0,75.0,AISynphys,Accessed on 2025-07-08 00:00:007,0.0,1
2581,VISp,INH,Pvalb,L23,INH,Pvalb,L4,75.0,100.0,100.0,125.0,AISynphys,Accessed on 2025-07-08 00:00:007,0.0,1
2582,VISp,INH,Pvalb,L23,INH,Pvalb,L4,75.0,100.0,125.0,150.0,AISynphys,Accessed on 2025-07-08 00:00:007,0.0,1
2583,VISp,INH,Pvalb,L23,INH,Pvalb,L4,100.0,125.0,100.0,125.0,AISynphys,Accessed on 2025-07-08 00:00:007,0.0,1
2584,VISp,INH,Pvalb,L23,INH,Pvalb,L4,125.0,150.0,50.0,75.0,AISynphys,Accessed on 2025-07-08 00:00:007,0.0,1
2585,VISp,INH,Pvalb,L23,INH,Pvalb,L4,125.0,150.0,75.0,100.0,AISynphys,Accessed on 2025-07-08 00:00:007,0.0,1
2586,VISp,INH,Pvalb,L23,INH,Pvalb,L4,125.0,150.0,100.0,125.0,AISynphys,Accessed on 2025-07-08 00:00:007,0.0,1
2587,VISp,INH,Pvalb,L23,INH,Pvalb,L4,125.0,150.0,175.0,200.0,AISynphys,Accessed on 2025-07-08 00:00:007,0.0,1
2588,VISp,INH,Pvalb,L23,INH,Pvalb,L4,125.0,150.0,250.0,275.0,AISynphys,Accessed on 2025-07-08 00:00:007,0.0,1
2589,VISp,INH,Pvalb,L23,INH,Pvalb,L4,150.0,175.0,0.0,25.0,AISynphys,Accessed on 2025-07-08 00:00:007,0.0,1
2590,VISp,INH,Pvalb,L23,INH,Pvalb,L4,150.0,175.0,75.0,100.0,AISynphys,Accessed on 2025-07-08 00:00:007,0.0,2
2591,VISp,INH,Pvalb,L23,INH,Pvalb,L4,175.0,200.0,75.0,100.0,AISynphys,Accessed on 2025-07-08 00:00:007,0.0,1
2592,VISp,INH,Pvalb,L23,INH,Pvalb,L5,0.0,25.0,100.0,125.0,AISynphys,Accessed on 2025-07-08 00:00:007,1.0,1
2593,VISp,INH,Pvalb,L23,INH,Pvalb,L5,0.0,25.0,125.0,150.0,AISynphys,Accessed on 2025-07-08 00:00:007,0.0,3
2594,VISp,INH,Pvalb,L23,INH,Pvalb,L5,0.0,25.0,175.0,200.0,AISynphys,Accessed on 2025-07-08 00:00:007,0.0,1
2595,VISp,INH,Pvalb,L23,INH,Pvalb,L5,0.0,25.0,250.0,275.0,AISynphys,Accessed on 2025-07-08 00:00:007,0.0,1
2596,VISp,INH,Pvalb,L23,INH,Pvalb,L5,0.0,25.0,275.0,300.0,AISynphys,Accessed on 2025-07-08 00:00:007,0.0,1
2597,VISp,INH,Pvalb,L23,INH,Pvalb,L5,0.0,25.0,325.0,350.0,AISynphys,Accessed on 2025-07-08 00:00:007,0.0,1
2598,VISp,INH,Pvalb,L23,INH,Pvalb,L5,25.0,50.0,100.0,125.0,AISynphys,Accessed on 2025-07-08 00:00:007,0.0,1
2599,VISp,INH,Pvalb,L23,INH,Pvalb,L5,25.0,50.0,125.0,150.0,AISynphys,Accessed on 2025-07-08 00:00:007,1.0,1
2600,VISp,INH,Pvalb,L23,INH,Pvalb,L5,25.0,50.0,175.0,200.0,AISynphys,Accessed on 2025-07-08 00:00:007,0.0,3
2601,VISp,INH,Pvalb,L23,INH,Pvalb,L5,25.0,50.0,200.0,225.0,AISynphys,Accessed on 2025-07-08 00:00:007,1.0,1
2602,VISp,INH,Pvalb,L23,INH,Pvalb,L5,25.0,50.0,250.0,275.0,AISynphys,Accessed on 2025-07-08 00:00:007,0.0,2
2603,VISp,INH,Pvalb,L23,INH,Pvalb,L5,25.0,50.0,275.0,300.0,AISynphys,Accessed on 2025-07-08 00:00:007,0.0,1
2604,VISp,INH,Pvalb,L23,INH,Pvalb,L5,25.0,50.0,325.0,350.0,AISynphys,Accessed on 2025-07-08 00:00:007,0.0,1
2605,VISp,INH,Pvalb,L23,INH,Pvalb,L5,50.0,75.0,125.0,150.0,AISynphys,Accessed on 2025-07-08 00:00:007,0.0,1
2606,VISp,INH,Pvalb,L23,INH,Pvalb,L5,50.0,75.0,175.0,200.0,AISynphys,Accessed on 2025-07-08 00:00:007,0.0,1
2607,VISp,INH,Pvalb,L23,INH,Pvalb,L5,50.0,75.0,200.0,225.0,AISynphys,Accessed on 2025-07-08 00:00:007,0.0,1
2608,VISp,INH,Pvalb,L23,INH,Pvalb,L5,50.0,75.0,225.0,250.0,AISynphys,Accessed on 2025-07-08 00:00:007,0.0,1
2609,VISp,INH,Pvalb,L23,INH,Pvalb,L5,50.0,75.0,400.0,425.0,AISynphys,Accessed on 2025-07-08 00:00:007,0.0,1
2610,VISp,INH,Pvalb,L23,INH,Pvalb,L5,75.0,100.0,75.0,100.0,AISynphys,Accessed on 2025-07-08 00:00:007,0.0,1
2611,VISp,INH,Pvalb,L23,INH,Pvalb,L5,75.0,100.0,125.0,150.0,AISynphys,Accessed on 2025-07-08 00:00:007,0.0,1
2612,VISp,INH,Pvalb,L23,INH,Pvalb,L5,75.0,100.0,175.0,200.0,AISynphys,Accessed on 2025-07-08 00:00:007,0.0,1
2613,VISp,INH,Pvalb,L23,INH,Pvalb,L5,75.0,100.0,350.0,375.0,AISynphys,Accessed on 2025-07-08 00:00:007,0.0,1
2614,VISp,INH,Pvalb,L23,INH,Pvalb,L5,75.0,100.0,375.0,400.0,AISynphys,Accessed on 2025-07-08 00:00:007,0.0,1
2615,VISp,INH,Pvalb,L23,INH,Pvalb,L5,100.0,125.0,50.0,75.0,AISynphys,Accessed on 2025-07-08 00:00:007,0.0,1
2616,VISp,INH,Pvalb,L23,INH,Pvalb,L5,100.0,125.0,100.0,125.0,AISynphys,Accessed on 2025-07-08 00:00:007,0.0,1
2617,VISp,INH,Pvalb,L23,INH,Pvalb,L5,100.0,125.0,150.0,175.0,AISynphys,Accessed on 2025-07-08 00:00:007,0.0,1
2618,VISp,INH,Pvalb,L23,INH,Pvalb,L5,100.0,125.0,175.0,200.0,AISynphys,Accessed on 2025-07-08 00:00:007,0.0,1
2619,VISp,INH,Pvalb,L23,INH,Pvalb,L5,100.0,125.0,300.0,325.0,AISynphys,Accessed on 2025-07-08 00:00:007,0.0,1
2620,VISp,INH,Pvalb,L23,INH,Pvalb,L5,150.0,175.0,175.0,200.0,AISynphys,Accessed on 2025-07-08 00:00:007,0.0,1
2621,VISp,INH,Pvalb,L23,INH,Pvalb,L5,150.0,175.0,300.0,325.0,AISynphys,Accessed on 2025-07-08 00:00:007,0.0,1
2622,VISp,INH,Pvalb,L23,INH,Pvalb,L5,175.0,200.0,150.0,175.0,AISynphys,Accessed on 2025-07-08 00:00:007,0.0,1
2623,VISp,INH,Pvalb,L23,INH,Pvalb,L5,175.0,200.0,275.0,300.0,AISynphys,Accessed on 2025-07-08 00:00:007,0.0,1
2624,VISp,INH,Pvalb,L23,INH,Pvalb,L5,200.0,225.0,350.0,375.0,AISynphys,Accessed on 2025-07-08 00:00:007,0.0,1
2625,VISp,INH,Pvalb,L23,INH,Pvalb,L5,200.0,225.0,525.0,550.0,AISynphys,Accessed on 2025-07-08 00:00:007,0.0,1
2626,VISp,INH,Pvalb,L23,INH,Pvalb,L5,300.0,325.0,450.0,475.0,AISynphys,Accessed on 2025-07-08 00:00:007,0.0,1
2627,VISp,INH,Pvalb,L23,INH,Pvalb,L5,325.0,350.0,350.0,375.0,AISynphys,Accessed on 2025-07-08 00:00:007,0.0,1
2628,VISp,INH,Pvalb,L23,INH,Pvalb,L6a,0.0,25.0,475.0,500.0,AISynphys,Accessed on 2025-07-08 00:00:007,0.0,1
2629,VISp,INH,Pvalb,L23,INH,Pvalb,L6a,25.0,50.0,200.0,225.0,AISynphys,Accessed on 2025-07-08 00:00:007,0.0,1
2630,VISp,INH,Pvalb,L23,INH,Pvalb,L6a,25.0,50.0,350.0,375.0,AISynphys,Accessed on 2025-07-08 00:00:007,0.0,1
2631,VISp,INH,Pvalb,L23,INH,Pvalb,L6a,25.0,50.0,450.0,475.0,AISynphys,Accessed on 2025-07-08 00:00:007,0.0,1
2632,VISp,INH,Pvalb,L23,INH,Pvalb,L6a,25.0,50.0,500.0,525.0,AISynphys,Accessed on 2025-07-08 00:00:007,0.0,1
2633,VISp,INH,Pvalb,L23,INH,Pvalb,L6a,25.0,50.0,625.0,650.0,AISynphys,Accessed on 2025-07-08 00:00:007,0.0,1
2634,VISp,INH,Pvalb,L23,INH,Pvalb,L6a,50.0,75.0,475.0,500.0,AISynphys,Accessed on 2025-07-08 00:00:007,0.0,2
2635,VISp,INH,Pvalb,L23,INH,Pvalb,L6a,50.0,75.0,550.0,575.0,AISynphys,Accessed on 2025-07-08 00:00:007,0.0,1
2636,VISp,INH,Pvalb,L23,INH,Pvalb,L6a,75.0,100.0,175.0,200.0,AISynphys,Accessed on 2025-07-08 00:00:007,0.0,1
2637,VISp,INH,Pvalb,L23,INH,Pvalb,L6a,75.0,100.0,425.0,450.0,AISynphys,Accessed on 2025-07-08 00:00:007,0.0,1
2638,VISp,INH,Pvalb,L23,INH,Pvalb,L6a,125.0,150.0,350.0,375.0,AISynphys,Accessed on 2025-07-08 00:00:007,0.0,1
2639,VISp,INH,Pvalb,L23,INH,Pvalb,L6a,125.0,150.0,550.0,575.0,AISynphys,Accessed on 2025-07-08 00:00:007,0.0,2
2640,VISp,INH,Pvalb,L23,INH,Pvalb,L6a,150.0,175.0,550.0,575.0,AISynphys,Accessed on 2025-07-08 00:00:007,0.0,2
2641,VISp,INH,Pvalb,L23,INH,Pvalb,L6a,200.0,225.0,475.0,500.0,AISynphys,Accessed on 2025-07-08 00:00:007,0.0,1
2642,VISp,INH,Pvalb,L23,INH,Pvalb,L6a,200.0,225.0,575.0,600.0,AISynphys,Accessed on 2025-07-08 00:00:007,0.0,1
2643,VISp,INH,Pvalb,L23,INH,Pvalb,L6a,225.0,250.0,550.0,575.0,AISynphys,Accessed on 2025-07-08 00:00:007,0.0,1
2644,VISp,INH,Pvalb,L23,INH,Pvalb,L6a,225.0,250.0,575.0,600.0,AISynphys,Accessed on 2025-07-08 00:00:007,0.0,1
2645,VISp,INH,Pvalb,L23,INH,Pvalb,L6a,325.0,350.0,475.0,500.0,AISynphys,Accessed on 2025-07-08 00:00:007,0.0,1
2646,VISp,INH,Pvalb,L23,INH,Sst,L1,25.0,50.0,125.0,150.0,AISynphys,Accessed on 2025-07-08 00:00:007,0.0,1
2647,VISp,INH,Pvalb,L23,INH,Sst,L1,25.0,50.0,150.0,175.0,AISynphys,Accessed on 2025-07-08 00:00:007,0.0,1
2648,VISp,INH,Pvalb,L23,INH,Sst,L1,50.0,75.0,100.0,125.0,AISynphys,Accessed on 2025-07-08 00:00:007,0.0,1
2649,VISp,INH,Pvalb,L23,INH,Sst,L23,0.0,25.0,0.0,25.0,AISynphys,Accessed on 2025-07-08 00:00:007,0.14285714285714285,7
2650,VISp,INH,Pvalb,L23,INH,Sst,L23,0.0,25.0,25.0,50.0,AISynphys,Accessed on 2025-07-08 00:00:007,0.0,4
2651,VISp,INH,Pvalb,L23,INH,Sst,L23,0.0,25.0,50.0,75.0,AISynphys,Accessed on 2025-07-08 00:00:007,0.1,10
2652,VISp,INH,Pvalb,L23,INH,Sst,L23,0.0,25.0,75.0,100.0,AISynphys,Accessed on 2025-07-08 00:00:007,0.25,4
2653,VISp,INH,Pvalb,L23,INH,Sst,L23,25.0,50.0,0.0,25.0,AISynphys,Accessed on 2025-07-08 00:00:007,0.0,5
2654,VISp,INH,Pvalb,L23,INH,Sst,L23,25.0,50.0,25.0,50.0,AISynphys,Accessed on 2025-07-08 00:00:007,0.14285714285714285,7
2655,VISp,INH,Pvalb,L23,INH,Sst,L23,25.0,50.0,50.0,75.0,AISynphys,Accessed on 2025-07-08 00:00:007,0.0,1
2656,VISp,INH,Pvalb,L23,INH,Sst,L23,25.0,50.0,75.0,100.0,AISynphys,Accessed on 2025-07-08 00:00:007,0.0,4
2657,VISp,INH,Pvalb,L23,INH,Sst,L23,25.0,50.0,100.0,125.0,AISynphys,Accessed on 2025-07-08 00:00:007,0.0,2
2658,VISp,INH,Pvalb,L23,INH,Sst,L23,25.0,50.0,125.0,150.0,AISynphys,Accessed on 2025-07-08 00:00:007,0.0,2
2659,VISp,INH,Pvalb,L23,INH,Sst,L23,25.0,50.0,175.0,200.0,AISynphys,Accessed on 2025-07-08 00:00:007,0.0,1
2660,VISp,INH,Pvalb,L23,INH,Sst,L23,50.0,75.0,0.0,25.0,AISynphys,Accessed on 2025-07-08 00:00:007,0.16666666666666666,6
2661,VISp,INH,Pvalb,L23,INH,Sst,L23,50.0,75.0,25.0,50.0,AISynphys,Accessed on 2025-07-08 00:00:007,0.0,5
2662,VISp,INH,Pvalb,L23,INH,Sst,L23,50.0,75.0,50.0,75.0,AISynphys,Accessed on 2025-07-08 00:00:007,0.0,7
2663,VISp,INH,Pvalb,L23,INH,Sst,L23,50.0,75.0,75.0,100.0,AISynphys,Accessed on 2025-07-08 00:00:007,0.0,2
2664,VISp,INH,Pvalb,L23,INH,Sst,L23,50.0,75.0,100.0,125.0,AISynphys,Accessed on 2025-07-08 00:00:007,0.0,1
2665,VISp,INH,Pvalb,L23,INH,Sst,L23,75.0,100.0,0.0,25.0,AISynphys,Accessed on 2025-07-08 00:00:007,0.0,2
2666,VISp,INH,Pvalb,L23,INH,Sst,L23,75.0,100.0,25.0,50.0,AISynphys,Accessed on 2025-07-08 00:00:007,0.0,6
2667,VISp,INH,Pvalb,L23,INH,Sst,L23,75.0,100.0,50.0,75.0,AISynphys,Accessed on 2025-07-08 00:00:007,0.125,8
2668,VISp,INH,Pvalb,L23,INH,Sst,L23,75.0,100.0,75.0,100.0,AISynphys,Accessed on 2025-07-08 00:00:007,0.3333333333333333,3
2669,VISp,INH,Pvalb,L23,INH,Sst,L23,75.0,100.0,100.0,125.0,AISynphys,Accessed on 2025-07-08 00:00:007,0.0,3
2670,VISp,INH,Pvalb,L23,INH,Sst,L23,75.0,100.0,175.0,200.0,AISynphys,Accessed on 2025-07-08 00:00:007,0.0,1
2671,VISp,INH,Pvalb,L23,INH,Sst,L23,100.0,125.0,0.0,25.0,AISynphys,Accessed on 2025-07-08 00:00:007,0.0,4
2672,VISp,INH,Pvalb,L23,INH,Sst,L23,100.0,125.0,25.0,50.0,AISynphys,Accessed on 2025-07-08 00:00:007,0.0,1
2673,VISp,INH,Pvalb,L23,INH,Sst,L23,100.0,125.0,50.0,75.0,AISynphys,Accessed on 2025-07-08 00:00:007,0.0,3
2674,VISp,INH,Pvalb,L23,INH,Sst,L23,100.0,125.0,75.0,100.0,AISynphys,Accessed on 2025-07-08 00:00:007,0.0,1
2675,VISp,INH,Pvalb,L23,INH,Sst,L23,125.0,150.0,0.0,25.0,AISynphys,Accessed on 2025-07-08 00:00:007,0.0,3
2676,VISp,INH,Pvalb,L23,INH,Sst,L23,125.0,150.0,25.0,50.0,AISynphys,Accessed on 2025-07-08 00:00:007,0.3333333333333333,3
2677,VISp,INH,Pvalb,L23,INH,Sst,L23,125.0,150.0,50.0,75.0,AISynphys,Accessed on 2025-07-08 00:00:007,0.0,3
2678,VISp,INH,Pvalb,L23,INH,Sst,L23,125.0,150.0,75.0,100.0,AISynphys,Accessed on 2025-07-08 00:00:007,0.0,1
2679,VISp,INH,Pvalb,L23,INH,Sst,L23,125.0,150.0,100.0,125.0,AISynphys,Accessed on 2025-07-08 00:00:007,0.0,1
2680,VISp,INH,Pvalb,L23,INH,Sst,L23,125.0,150.0,150.0,175.0,AISynphys,Accessed on 2025-07-08 00:00:007,0.0,1
2681,VISp,INH,Pvalb,L23,INH,Sst,L23,150.0,175.0,0.0,25.0,AISynphys,Accessed on 2025-07-08 00:00:007,0.0,1
2682,VISp,INH,Pvalb,L23,INH,Sst,L23,150.0,175.0,25.0,50.0,AISynphys,Accessed on 2025-07-08 00:00:007,0.0,2
2683,VISp,INH,Pvalb,L23,INH,Sst,L23,150.0,175.0,50.0,75.0,AISynphys,Accessed on 2025-07-08 00:00:007,0.0,2
2684,VISp,INH,Pvalb,L23,INH,Sst,L23,150.0,175.0,75.0,100.0,AISynphys,Accessed on 2025-07-08 00:00:007,0.0,1
2685,VISp,INH,Pvalb,L23,INH,Sst,L23,150.0,175.0,100.0,125.0,AISynphys,Accessed on 2025-07-08 00:00:007,0.0,1
2686,VISp,INH,Pvalb,L23,INH,Sst,L23,175.0,200.0,0.0,25.0,AISynphys,Accessed on 2025-07-08 00:00:007,0.0,1
2687,VISp,INH,Pvalb,L23,INH,Sst,L23,175.0,200.0,25.0,50.0,AISynphys,Accessed on 2025-07-08 00:00:007,0.0,1
2688,VISp,INH,Pvalb,L23,INH,Sst,L23,175.0,200.0,50.0,75.0,AISynphys,Accessed on 2025-07-08 00:00:007,0.0,1
2689,VISp,INH,Pvalb,L23,INH,Sst,L23,175.0,200.0,100.0,125.0,AISynphys,Accessed on 2025-07-08 00:00:007,0.0,1
2690,VISp,INH,Pvalb,L23,INH,Sst,L23,200.0,225.0,0.0,25.0,AISynphys,Accessed on 2025-07-08 00:00:007,0.0,2
2691,VISp,INH,Pvalb,L23,INH,Sst,L23,200.0,225.0,25.0,50.0,AISynphys,Accessed on 2025-07-08 00:00:007,0.0,1
2692,VISp,INH,Pvalb,L23,INH,Sst,L23,200.0,225.0,75.0,100.0,AISynphys,Accessed on 2025-07-08 00:00:007,0.0,1
2693,VISp,INH,Pvalb,L23,INH,Sst,L23,225.0,250.0,25.0,50.0,AISynphys,Accessed on 2025-07-08 00:00:007,0.0,1
2694,VISp,INH,Pvalb,L23,INH,Sst,L23,225.0,250.0,50.0,75.0,AISynphys,Accessed on 2025-07-08 00:00:007,0.0,1
2695,VISp,INH,Pvalb,L23,INH,Sst,L4,0.0,25.0,50.0,75.0,AISynphys,Accessed on 2025-07-08 00:00:007,0.0,1
2696,VISp,INH,Pvalb,L23,INH,Sst,L4,0.0,25.0,75.0,100.0,AISynphys,Accessed on 2025-07-08 00:00:007,0.0,1
2697,VISp,INH,Pvalb,L23,INH,Sst,L4,0.0,25.0,125.0,150.0,AISynphys,Accessed on 2025-07-08 00:00:007,0.0,1
2698,VISp,INH,Pvalb,L23,INH,Sst,L4,25.0,50.0,50.0,75.0,AISynphys,Accessed on 2025-07-08 00:00:007,0.0,1
2699,VISp,INH,Pvalb,L23,INH,Sst,L4,50.0,75.0,75.0,100.0,AISynphys,Accessed on 2025-07-08 00:00:007,0.0,1
2700,VISp,INH,Pvalb,L23,INH,Sst,L4,50.0,75.0,100.0,125.0,AISynphys,Accessed on 2025-07-08 00:00:007,0.0,1
2701,VISp,INH,Pvalb,L23,INH,Sst,L4,75.0,100.0,50.0,75.0,AISynphys,Accessed on 2025-07-08 00:00:007,0.0,1
2702,VISp,INH,Pvalb,L23,INH,Sst,L4,100.0,125.0,175.0,200.0,AISynphys,Accessed on 2025-07-08 00:00:007,0.0,1
2703,VISp,INH,Pvalb,L23,INH,Sst,L4,150.0,175.0,100.0,125.0,AISynphys,Accessed on 2025-07-08 00:00:007,0.0,1
2704,VISp,INH,Pvalb,L23,INH,Sst,L5,0.0,25.0,75.0,100.0,AISynphys,Accessed on 2025-07-08 00:00:007,0.0,1
2705,VISp,INH,Pvalb,L23,INH,Sst,L5,0.0,25.0,125.0,150.0,AISynphys,Accessed on 2025-07-08 00:00:007,0.0,1
2706,VISp,INH,Pvalb,L23,INH,Sst,L5,0.0,25.0,300.0,325.0,AISynphys,Accessed on 2025-07-08 00:00:007,0.0,1
2707,VISp,INH,Pvalb,L23,INH,Sst,L5,0.0,25.0,400.0,425.0,AISynphys,Accessed on 2025-07-08 00:00:007,0.0,1
2708,VISp,INH,Pvalb,L23,INH,Sst,L5,25.0,50.0,125.0,150.0,AISynphys,Accessed on 2025-07-08 00:00:007,0.0,1
2709,VISp,INH,Pvalb,L23,INH,Sst,L5,25.0,50.0,175.0,200.0,AISynphys,Accessed on 2025-07-08 00:00:007,0.0,1
2710,VISp,INH,Pvalb,L23,INH,Sst,L5,25.0,50.0,225.0,250.0,AISynphys,Accessed on 2025-07-08 00:00:007,0.0,1
2711,VISp,INH,Pvalb,L23,INH,Sst,L5,50.0,75.0,275.0,300.0,AISynphys,Accessed on 2025-07-08 00:00:007,0.0,1
2712,VISp,INH,Pvalb,L23,INH,Sst,L5,75.0,100.0,25.0,50.0,AISynphys,Accessed on 2025-07-08 00:00:007,0.0,1
2713,VISp,INH,Pvalb,L23,INH,Sst,L5,75.0,100.0,175.0,200.0,AISynphys,Accessed on 2025-07-08 00:00:007,0.0,1
2714,VISp,INH,Pvalb,L23,INH,Sst,L5,125.0,150.0,300.0,325.0,AISynphys,Accessed on 2025-07-08 00:00:007,0.0,1
2715,VISp,INH,Pvalb,L23,INH,Sst,L5,175.0,200.0,325.0,350.0,AISynphys,Accessed on 2025-07-08 00:00:007,0.0,1
2716,VISp,INH,Pvalb,L23,INH,Sst,L5,225.0,250.0,350.0,375.0,AISynphys,Accessed on 2025-07-08 00:00:007,0.0,1
2717,VISp,INH,Pvalb,L23,INH,Sst,L5,300.0,325.0,375.0,400.0,AISynphys,Accessed on 2025-07-08 00:00:007,0.0,1
2718,VISp,INH,Pvalb,L23,INH,Sst,L6a,25.0,50.0,325.0,350.0,AISynphys,Accessed on 2025-07-08 00:00:007,0.0,1
2719,VISp,INH,Pvalb,L23,INH,Sst,L6a,25.0,50.0,425.0,450.0,AISynphys,Accessed on 2025-07-08 00:00:007,0.0,1
2720,VISp,INH,Pvalb,L23,INH,Sst,L6a,25.0,50.0,500.0,525.0,AISynphys,Accessed on 2025-07-08 00:00:007,0.0,1
2721,VISp,INH,Pvalb,L23,INH,Sst,L6a,25.0,50.0,600.0,625.0,AISynphys,Accessed on 2025-07-08 00:00:007,0.0,1
2722,VISp,INH,Pvalb,L23,INH,Sst,L6a,50.0,75.0,550.0,575.0,AISynphys,Accessed on 2025-07-08 00:00:007,0.0,1
2723,VISp,INH,Pvalb,L23,INH,Sst,L6a,50.0,75.0,575.0,600.0,AISynphys,Accessed on 2025-07-08 00:00:007,0.0,1
2724,VISp,INH,Pvalb,L23,INH,Sst,L6a,50.0,75.0,600.0,625.0,AISynphys,Accessed on 2025-07-08 00:00:007,0.0,1
2725,VISp,INH,Pvalb,L23,INH,Sst,L6a,50.0,75.0,650.0,675.0,AISynphys,Accessed on 2025-07-08 00:00:007,0.0,1
2726,VISp,INH,Pvalb,L23,INH,Sst,L6a,75.0,100.0,400.0,425.0,AISynphys,Accessed on 2025-07-08 00:00:007,0.0,1
2727,VISp,INH,Pvalb,L23,INH,Sst,L6a,75.0,100.0,525.0,550.0,AISynphys,Accessed on 2025-07-08 00:00:007,0.0,1
2728,VISp,INH,Pvalb,L23,INH,Sst,L6a,100.0,125.0,375.0,400.0,AISynphys,Accessed on 2025-07-08 00:00:007,0.0,1
2729,VISp,INH,Pvalb,L23,INH,Sst,L6a,125.0,150.0,575.0,600.0,AISynphys,Accessed on 2025-07-08 00:00:007,0.0,1
2730,VISp,INH,Pvalb,L23,INH,Sst,L6a,125.0,150.0,600.0,625.0,AISynphys,Accessed on 2025-07-08 00:00:007,0.0,1
2731,VISp,INH,Pvalb,L23,INH,Sst,L6a,150.0,175.0,475.0,500.0,AISynphys,Accessed on 2025-07-08 00:00:007,0.0,1
2732,VISp,INH,Pvalb,L23,INH,Sst,L6a,150.0,175.0,525.0,550.0,AISynphys,Accessed on 2025-07-08 00:00:007,0.0,1
2733,VISp,INH,Pvalb,L23,INH,Sst,L6a,175.0,200.0,475.0,500.0,AISynphys,Accessed on 2025-07-08 00:00:007,0.0,1
2734,VISp,INH,Pvalb,L23,INH,Vip,L23,0.0,25.0,0.0,25.0,AISynphys,Accessed on 2025-07-08 00:00:007,0.0,5
2735,VISp,INH,Pvalb,L23,INH,Vip,L23,0.0,25.0,25.0,50.0,AISynphys,Accessed on 2025-07-08 00:00:007,0.0,3
2736,VISp,INH,Pvalb,L23,INH,Vip,L23,0.0,25.0,50.0,75.0,AISynphys,Accessed on 2025-07-08 00:00:007,0.0,3
2737,VISp,INH,Pvalb,L23,INH,Vip,L23,0.0,25.0,75.0,100.0,AISynphys,Accessed on 2025-07-08 00:00:007,0.0,2
2738,VISp,INH,Pvalb,L23,INH,Vip,L23,0.0,25.0,100.0,125.0,AISynphys,Accessed on 2025-07-08 00:00:007,0.0,2
2739,VISp,INH,Pvalb,L23,INH,Vip,L23,0.0,25.0,150.0,175.0,AISynphys,Accessed on 2025-07-08 00:00:007,0.0,1
2740,VISp,INH,Pvalb,L23,INH,Vip,L23,25.0,50.0,0.0,25.0,AISynphys,Accessed on 2025-07-08 00:00:007,0.0,4
2741,VISp,INH,Pvalb,L23,INH,Vip,L23,25.0,50.0,25.0,50.0,AISynphys,Accessed on 2025-07-08 00:00:007,0.0,3
2742,VISp,INH,Pvalb,L23,INH,Vip,L23,25.0,50.0,50.0,75.0,AISynphys,Accessed on 2025-07-08 00:00:007,0.0,3
2743,VISp,INH,Pvalb,L23,INH,Vip,L23,25.0,50.0,75.0,100.0,AISynphys,Accessed on 2025-07-08 00:00:007,0.0,2
2744,VISp,INH,Pvalb,L23,INH,Vip,L23,25.0,50.0,100.0,125.0,AISynphys,Accessed on 2025-07-08 00:00:007,0.0,1
2745,VISp,INH,Pvalb,L23,INH,Vip,L23,25.0,50.0,125.0,150.0,AISynphys,Accessed on 2025-07-08 00:00:007,0.0,1
2746,VISp,INH,Pvalb,L23,INH,Vip,L23,25.0,50.0,150.0,175.0,AISynphys,Accessed on 2025-07-08 00:00:007,0.0,1
2747,VISp,INH,Pvalb,L23,INH,Vip,L23,50.0,75.0,0.0,25.0,AISynphys,Accessed on 2025-07-08 00:00:007,0.0,5
2748,VISp,INH,Pvalb,L23,INH,Vip,L23,50.0,75.0,25.0,50.0,AISynphys,Accessed on 2025-07-08 00:00:007,0.0,4
2749,VISp,INH,Pvalb,L23,INH,Vip,L23,50.0,75.0,50.0,75.0,AISynphys,Accessed on 2025-07-08 00:00:007,0.0,1
2750,VISp,INH,Pvalb,L23,INH,Vip,L23,50.0,75.0,75.0,100.0,AISynphys,Accessed on 2025-07-08 00:00:007,0.0,1
2751,VISp,INH,Pvalb,L23,INH,Vip,L23,50.0,75.0,100.0,125.0,AISynphys,Accessed on 2025-07-08 00:00:007,0.0,3
2752,VISp,INH,Pvalb,L23,INH,Vip,L23,50.0,75.0,150.0,175.0,AISynphys,Accessed on 2025-07-08 00:00:007,0.0,1
2753,VISp,INH,Pvalb,L23,INH,Vip,L23,75.0,100.0,0.0,25.0,AISynphys,Accessed on 2025-07-08 00:00:007,0.0,5
2754,VISp,INH,Pvalb,L23,INH,Vip,L23,75.0,100.0,25.0,50.0,AISynphys,Accessed on 2025-07-08 00:00:007,0.0,5
2755,VISp,INH,Pvalb,L23,INH,Vip,L23,75.0,100.0,50.0,75.0,AISynphys,Accessed on 2025-07-08 00:00:007,0.0,1
2756,VISp,INH,Pvalb,L23,INH,Vip,L23,75.0,100.0,75.0,100.0,AISynphys,Accessed on 2025-07-08 00:00:007,0.0,1
2757,VISp,INH,Pvalb,L23,INH,Vip,L23,75.0,100.0,100.0,125.0,AISynphys,Accessed on 2025-07-08 00:00:007,0.0,2
2758,VISp,INH,Pvalb,L23,INH,Vip,L23,100.0,125.0,0.0,25.0,AISynphys,Accessed on 2025-07-08 00:00:007,0.0,4
2759,VISp,INH,Pvalb,L23,INH,Vip,L23,100.0,125.0,25.0,50.0,AISynphys,Accessed on 2025-07-08 00:00:007,0.0,3
2760,VISp,INH,Pvalb,L23,INH,Vip,L23,100.0,125.0,50.0,75.0,AISynphys,Accessed on 2025-07-08 00:00:007,0.0,2
2761,VISp,INH,Pvalb,L23,INH,Vip,L23,100.0,125.0,75.0,100.0,AISynphys,Accessed on 2025-07-08 00:00:007,0.0,2
2762,VISp,INH,Pvalb,L23,INH,Vip,L23,100.0,125.0,125.0,150.0,AISynphys,Accessed on 2025-07-08 00:00:007,0.0,1
2763,VISp,INH,Pvalb,L23,INH,Vip,L23,125.0,150.0,0.0,25.0,AISynphys,Accessed on 2025-07-08 00:00:007,0.0,3
2764,VISp,INH,Pvalb,L23,INH,Vip,L23,125.0,150.0,25.0,50.0,AISynphys,Accessed on 2025-07-08 00:00:007,0.0,1
2765,VISp,INH,Pvalb,L23,INH,Vip,L23,125.0,150.0,50.0,75.0,AISynphys,Accessed on 2025-07-08 00:00:007,0.0,3
2766,VISp,INH,Pvalb,L23,INH,Vip,L23,125.0,150.0,100.0,125.0,AISynphys,Accessed on 2025-07-08 00:00:007,0.0,1
2767,VISp,INH,Pvalb,L23,INH,Vip,L23,150.0,175.0,25.0,50.0,AISynphys,Accessed on 2025-07-08 00:00:007,0.0,3
2768,VISp,INH,Pvalb,L23,INH,Vip,L23,150.0,175.0,50.0,75.0,AISynphys,Accessed on 2025-07-08 00:00:007,0.0,1
2769,VISp,INH,Pvalb,L23,INH,Vip,L23,175.0,200.0,0.0,25.0,AISynphys,Accessed on 2025-07-08 00:00:007,0.0,1
2770,VISp,INH,Pvalb,L23,INH,Vip,L23,175.0,200.0,25.0,50.0,AISynphys,Accessed on 2025-07-08 00:00:007,0.0,1
2771,VISp,INH,Pvalb,L23,INH,Vip,L23,175.0,200.0,75.0,100.0,AISynphys,Accessed on 2025-07-08 00:00:007,0.0,1
2772,VISp,INH,Pvalb,L23,INH,Vip,L4,0.0,25.0,50.0,75.0,AISynphys,Accessed on 2025-07-08 00:00:007,0.0,2
2773,VISp,INH,Pvalb,L23,INH,Vip,L4,0.0,25.0,75.0,100.0,AISynphys,Accessed on 2025-07-08 00:00:007,0.0,1
2774,VISp,INH,Pvalb,L23,INH,Vip,L4,0.0,25.0,125.0,150.0,AISynphys,Accessed on 2025-07-08 00:00:007,0.0,1
2775,VISp,INH,Pvalb,L23,INH,Vip,L4,25.0,50.0,25.0,50.0,AISynphys,Accessed on 2025-07-08 00:00:007,0.0,1
2776,VISp,INH,Pvalb,L23,INH,Vip,L4,25.0,50.0,50.0,75.0,AISynphys,Accessed on 2025-07-08 00:00:007,0.0,1
2777,VISp,INH,Pvalb,L23,INH,Vip,L4,25.0,50.0,100.0,125.0,AISynphys,Accessed on 2025-07-08 00:00:007,0.0,1
2778,VISp,INH,Pvalb,L23,INH,Vip,L4,50.0,75.0,100.0,125.0,AISynphys,Accessed on 2025-07-08 00:00:007,0.0,1
2779,VISp,INH,Pvalb,L23,INH,Vip,L4,50.0,75.0,125.0,150.0,AISynphys,Accessed on 2025-07-08 00:00:007,0.0,2
2780,VISp,INH,Pvalb,L23,INH,Vip,L4,50.0,75.0,150.0,175.0,AISynphys,Accessed on 2025-07-08 00:00:007,0.0,1
2781,VISp,INH,Pvalb,L23,INH,Vip,L4,75.0,100.0,125.0,150.0,AISynphys,Accessed on 2025-07-08 00:00:007,0.0,1
2782,VISp,INH,Pvalb,L23,INH,Vip,L4,100.0,125.0,75.0,100.0,AISynphys,Accessed on 2025-07-08 00:00:007,0.0,1
2783,VISp,INH,Pvalb,L23,INH,Vip,L4,100.0,125.0,125.0,150.0,AISynphys,Accessed on 2025-07-08 00:00:007,0.0,1
2784,VISp,INH,Pvalb,L23,INH,Vip,L5,0.0,25.0,175.0,200.0,AISynphys,Accessed on 2025-07-08 00:00:007,1.0,1
2785,VISp,INH,Pvalb,L23,INH,Vip,L5,0.0,25.0,225.0,250.0,AISynphys,Accessed on 2025-07-08 00:00:007,0.0,1
2786,VISp,INH,Pvalb,L23,INH,Vip,L5,0.0,25.0,375.0,400.0,AISynphys,Accessed on 2025-07-08 00:00:007,0.0,1
2787,VISp,INH,Pvalb,L23,INH,Vip,L5,50.0,75.0,100.0,125.0,AISynphys,Accessed on 2025-07-08 00:00:007,0.0,1
2788,VISp,INH,Pvalb,L23,INH,Vip,L5,75.0,100.0,300.0,325.0,AISynphys,Accessed on 2025-07-08 00:00:007,0.0,1
2789,VISp,INH,Pvalb,L23,INH,Vip,L5,100.0,125.0,175.0,200.0,AISynphys,Accessed on 2025-07-08 00:00:007,0.0,1
2790,VISp,INH,Pvalb,L23,INH,Vip,L6a,50.0,75.0,400.0,425.0,AISynphys,Accessed on 2025-07-08 00:00:007,0.0,1
2791,VISp,INH,Pvalb,L23,INH,Vip,L6a,150.0,175.0,400.0,425.0,AISynphys,Accessed on 2025-07-08 00:00:007,0.0,1
2792,VISp,INH,Pvalb,L23,INH,Vip,L6a,150.0,175.0,425.0,450.0,AISynphys,Accessed on 2025-07-08 00:00:007,0.0,1
2793,VISp,INH,Pvalb,L4,EXC,Nr5a1,L23,0.0,25.0,0.0,25.0,AISynphys,Accessed on 2025-07-08 00:00:007,0.0,1
2794,VISp,INH,Pvalb,L4,EXC,Nr5a1,L23,0.0,25.0,50.0,75.0,AISynphys,Accessed on 2025-07-08 00:00:007,0.0,1
2795,VISp,INH,Pvalb,L4,EXC,Nr5a1,L23,0.0,25.0,100.0,125.0,AISynphys,Accessed on 2025-07-08 00:00:007,0.3333333333333333,3
2796,VISp,INH,Pvalb,L4,EXC,Nr5a1,L23,0.0,25.0,125.0,150.0,AISynphys,Accessed on 2025-07-08 00:00:007,0.0,2
2797,VISp,INH,Pvalb,L4,EXC,Nr5a1,L23,0.0,25.0,150.0,175.0,AISynphys,Accessed on 2025-07-08 00:00:007,0.0,1
2798,VISp,INH,Pvalb,L4,EXC,Nr5a1,L23,25.0,50.0,50.0,75.0,AISynphys,Accessed on 2025-07-08 00:00:007,1.0,1
2799,VISp,INH,Pvalb,L4,EXC,Nr5a1,L23,25.0,50.0,125.0,150.0,AISynphys,Accessed on 2025-07-08 00:00:007,0.0,1
2800,VISp,INH,Pvalb,L4,EXC,Nr5a1,L23,50.0,75.0,25.0,50.0,AISynphys,Accessed on 2025-07-08 00:00:007,1.0,1
2801,VISp,INH,Pvalb,L4,EXC,Nr5a1,L23,50.0,75.0,75.0,100.0,AISynphys,Accessed on 2025-07-08 00:00:007,0.5,2
2802,VISp,INH,Pvalb,L4,EXC,Nr5a1,L23,50.0,75.0,100.0,125.0,AISynphys,Accessed on 2025-07-08 00:00:007,0.5,2
2803,VISp,INH,Pvalb,L4,EXC,Nr5a1,L23,50.0,75.0,175.0,200.0,AISynphys,Accessed on 2025-07-08 00:00:007,0.0,1
2804,VISp,INH,Pvalb,L4,EXC,Nr5a1,L23,75.0,100.0,0.0,25.0,AISynphys,Accessed on 2025-07-08 00:00:007,0.0,1
2805,VISp,INH,Pvalb,L4,EXC,Nr5a1,L23,75.0,100.0,25.0,50.0,AISynphys,Accessed on 2025-07-08 00:00:007,0.0,1
2806,VISp,INH,Pvalb,L4,EXC,Nr5a1,L23,75.0,100.0,50.0,75.0,AISynphys,Accessed on 2025-07-08 00:00:007,0.0,1
2807,VISp,INH,Pvalb,L4,EXC,Nr5a1,L23,100.0,125.0,75.0,100.0,AISynphys,Accessed on 2025-07-08 00:00:007,0.0,1
2808,VISp,INH,Pvalb,L4,EXC,Nr5a1,L23,100.0,125.0,100.0,125.0,AISynphys,Accessed on 2025-07-08 00:00:007,0.0,1
2809,VISp,INH,Pvalb,L4,EXC,Nr5a1,L23,125.0,150.0,75.0,100.0,AISynphys,Accessed on 2025-07-08 00:00:007,0.0,1
2810,VISp,INH,Pvalb,L4,EXC,Nr5a1,L23,150.0,175.0,125.0,150.0,AISynphys,Accessed on 2025-07-08 00:00:007,0.0,1
2811,VISp,INH,Pvalb,L4,EXC,Nr5a1,L23,175.0,200.0,100.0,125.0,AISynphys,Accessed on 2025-07-08 00:00:007,0.0,1
2812,VISp,INH,Pvalb,L4,EXC,Nr5a1,L4,0.0,25.0,0.0,25.0,AISynphys,Accessed on 2025-07-08 00:00:007,0.0,2
2813,VISp,INH,Pvalb,L4,EXC,Nr5a1,L4,0.0,25.0,25.0,50.0,AISynphys,Accessed on 2025-07-08 00:00:007,1.0,1
2814,VISp,INH,Pvalb,L4,EXC,Nr5a1,L4,0.0,25.0,50.0,75.0,AISynphys,Accessed on 2025-07-08 00:00:007,0.0,5
2815,VISp,INH,Pvalb,L4,EXC,Nr5a1,L4,0.0,25.0,75.0,100.0,AISynphys,Accessed on 2025-07-08 00:00:007,0.0,1
2816,VISp,INH,Pvalb,L4,EXC,Nr5a1,L4,25.0,50.0,0.0,25.0,AISynphys,Accessed on 2025-07-08 00:00:007,1.0,1
2817,VISp,INH,Pvalb,L4,EXC,Nr5a1,L4,25.0,50.0,50.0,75.0,AISynphys,Accessed on 2025-07-08 00:00:007,0.0,4
2818,VISp,INH,Pvalb,L4,EXC,Nr5a1,L4,25.0,50.0,75.0,100.0,AISynphys,Accessed on 2025-07-08 00:00:007,0.5,2
2819,VISp,INH,Pvalb,L4,EXC,Nr5a1,L4,25.0,50.0,100.0,125.0,AISynphys,Accessed on 2025-07-08 00:00:007,0.0,1
2820,VISp,INH,Pvalb,L4,EXC,Nr5a1,L4,50.0,75.0,0.0,25.0,AISynphys,Accessed on 2025-07-08 00:00:007,0.0,4
2821,VISp,INH,Pvalb,L4,EXC,Nr5a1,L4,50.0,75.0,25.0,50.0,AISynphys,Accessed on 2025-07-08 00:00:007,0.0,1
2822,VISp,INH,Pvalb,L4,EXC,Nr5a1,L4,50.0,75.0,50.0,75.0,AISynphys,Accessed on 2025-07-08 00:00:007,0.3333333333333333,3
2823,VISp,INH,Pvalb,L4,EXC,Nr5a1,L4,50.0,75.0,75.0,100.0,AISynphys,Accessed on 2025-07-08 00:00:007,0.0,2
2824,VISp,INH,Pvalb,L4,EXC,Nr5a1,L4,75.0,100.0,0.0,25.0,AISynphys,Accessed on 2025-07-08 00:00:007,0.0,1
2825,VISp,INH,Pvalb,L4,EXC,Nr5a1,L4,75.0,100.0,25.0,50.0,AISynphys,Accessed on 2025-07-08 00:00:007,0.0,3
2826,VISp,INH,Pvalb,L4,EXC,Nr5a1,L4,75.0,100.0,75.0,100.0,AISynphys,Accessed on 2025-07-08 00:00:007,0.0,2
2827,VISp,INH,Pvalb,L4,EXC,Nr5a1,L4,75.0,100.0,100.0,125.0,AISynphys,Accessed on 2025-07-08 00:00:007,0.0,1
2828,VISp,INH,Pvalb,L4,EXC,Nr5a1,L4,100.0,125.0,0.0,25.0,AISynphys,Accessed on 2025-07-08 00:00:007,0.0,3
2829,VISp,INH,Pvalb,L4,EXC,Nr5a1,L4,100.0,125.0,25.0,50.0,AISynphys,Accessed on 2025-07-08 00:00:007,0.0,1
2830,VISp,INH,Pvalb,L4,EXC,Nr5a1,L4,100.0,125.0,50.0,75.0,AISynphys,Accessed on 2025-07-08 00:00:007,0.25,4
2831,VISp,INH,Pvalb,L4,EXC,Nr5a1,L4,100.0,125.0,75.0,100.0,AISynphys,Accessed on 2025-07-08 00:00:007,0.0,1
2832,VISp,INH,Pvalb,L4,EXC,Nr5a1,L4,125.0,150.0,0.0,25.0,AISynphys,Accessed on 2025-07-08 00:00:007,0.0,3
2833,VISp,INH,Pvalb,L4,EXC,Nr5a1,L4,125.0,150.0,25.0,50.0,AISynphys,Accessed on 2025-07-08 00:00:007,0.0,5
2834,VISp,INH,Pvalb,L4,EXC,Nr5a1,L4,125.0,150.0,50.0,75.0,AISynphys,Accessed on 2025-07-08 00:00:007,0.0,1
2835,VISp,INH,Pvalb,L4,EXC,Nr5a1,L4,125.0,150.0,100.0,125.0,AISynphys,Accessed on 2025-07-08 00:00:007,0.0,1
2836,VISp,INH,Pvalb,L4,EXC,Nr5a1,L4,150.0,175.0,0.0,25.0,AISynphys,Accessed on 2025-07-08 00:00:007,0.0,2
2837,VISp,INH,Pvalb,L4,EXC,Nr5a1,L4,150.0,175.0,25.0,50.0,AISynphys,Accessed on 2025-07-08 00:00:007,0.5,2
2838,VISp,INH,Pvalb,L4,EXC,Nr5a1,L4,150.0,175.0,50.0,75.0,AISynphys,Accessed on 2025-07-08 00:00:007,0.0,1
2839,VISp,INH,Pvalb,L4,EXC,Nr5a1,L4,175.0,200.0,0.0,25.0,AISynphys,Accessed on 2025-07-08 00:00:007,0.0,2
2840,VISp,INH,Pvalb,L4,EXC,Nr5a1,L4,175.0,200.0,25.0,50.0,AISynphys,Accessed on 2025-07-08 00:00:007,0.0,1
2841,VISp,INH,Pvalb,L4,EXC,Nr5a1,L4,175.0,200.0,75.0,100.0,AISynphys,Accessed on 2025-07-08 00:00:007,0.0,1
2842,VISp,INH,Pvalb,L4,EXC,Nr5a1,L4,225.0,250.0,0.0,25.0,AISynphys,Accessed on 2025-07-08 00:00:007,0.0,1
2843,VISp,INH,Pvalb,L4,EXC,Ntsr1,L6a,0.0,25.0,300.0,325.0,AISynphys,Accessed on 2025-07-08 00:00:007,0.0,1
2844,VISp,INH,Pvalb,L4,EXC,Ntsr1,L6a,25.0,50.0,225.0,250.0,AISynphys,Accessed on 2025-07-08 00:00:007,0.0,1
2845,VISp,INH,Pvalb,L4,EXC,Ntsr1,L6a,25.0,50.0,275.0,300.0,AISynphys,Accessed on 2025-07-08 00:00:007,0.0,1
2846,VISp,INH,Pvalb,L4,EXC,Ntsr1,L6a,25.0,50.0,300.0,325.0,AISynphys,Accessed on 2025-07-08 00:00:007,0.0,1
2847,VISp,INH,Pvalb,L4,EXC,Ntsr1,L6a,50.0,75.0,225.0,250.0,AISynphys,Accessed on 2025-07-08 00:00:007,0.0,1
2848,VISp,INH,Pvalb,L4,EXC,Ntsr1,L6a,75.0,100.0,275.0,300.0,AISynphys,Accessed on 2025-07-08 00:00:007,0.0,1
2849,VISp,INH,Pvalb,L4,EXC,Ntsr1,L6a,100.0,125.0,300.0,325.0,AISynphys,Accessed on 2025-07-08 00:00:007,0.0,1
2850,VISp,INH,Pvalb,L4,EXC,Ntsr1,L6a,100.0,125.0,325.0,350.0,AISynphys,Accessed on 2025-07-08 00:00:007,0.0,2
2851,VISp,INH,Pvalb,L4,EXC,Sim1,L4,25.0,50.0,0.0,25.0,AISynphys,Accessed on 2025-07-08 00:00:007,0.0,2
2852,VISp,INH,Pvalb,L4,EXC,Sim1,L4,50.0,75.0,0.0,25.0,AISynphys,Accessed on 2025-07-08 00:00:007,0.0,1
2853,VISp,INH,Pvalb,L4,EXC,Sim1,L4,75.0,100.0,0.0,25.0,AISynphys,Accessed on 2025-07-08 00:00:007,0.0,1
2854,VISp,INH,Pvalb,L4,EXC,Sim1,L4,125.0,150.0,0.0,25.0,AISynphys,Accessed on 2025-07-08 00:00:007,0.0,1
2855,VISp,INH,Pvalb,L4,EXC,Sim1,L5,0.0,25.0,0.0,25.0,AISynphys,Accessed on 2025-07-08 00:00:007,0.0,1
2856,VISp,INH,Pvalb,L4,EXC,Sim1,L5,0.0,25.0,25.0,50.0,AISynphys,Accessed on 2025-07-08 00:00:007,0.3333333333333333,3
2857,VISp,INH,Pvalb,L4,EXC,Sim1,L5,0.0,25.0,50.0,75.0,AISynphys,Accessed on 2025-07-08 00:00:007,0.0,3
2858,VISp,INH,Pvalb,L4,EXC,Sim1,L5,0.0,25.0,100.0,125.0,AISynphys,Accessed on 2025-07-08 00:00:007,0.0,1
2859,VISp,INH,Pvalb,L4,EXC,Sim1,L5,25.0,50.0,0.0,25.0,AISynphys,Accessed on 2025-07-08 00:00:007,0.0,1
2860,VISp,INH,Pvalb,L4,EXC,Sim1,L5,25.0,50.0,50.0,75.0,AISynphys,Accessed on 2025-07-08 00:00:007,0.0,1
2861,VISp,INH,Pvalb,L4,EXC,Sim1,L5,25.0,50.0,150.0,175.0,AISynphys,Accessed on 2025-07-08 00:00:007,0.0,1
2862,VISp,INH,Pvalb,L4,EXC,Sim1,L5,25.0,50.0,175.0,200.0,AISynphys,Accessed on 2025-07-08 00:00:007,0.0,1
2863,VISp,INH,Pvalb,L4,EXC,Sim1,L5,50.0,75.0,25.0,50.0,AISynphys,Accessed on 2025-07-08 00:00:007,0.5,2
2864,VISp,INH,Pvalb,L4,EXC,Sim1,L5,50.0,75.0,100.0,125.0,AISynphys,Accessed on 2025-07-08 00:00:007,0.0,1
2865,VISp,INH,Pvalb,L4,EXC,Sim1,L5,50.0,75.0,125.0,150.0,AISynphys,Accessed on 2025-07-08 00:00:007,0.0,1
2866,VISp,INH,Pvalb,L4,EXC,Sim1,L5,75.0,100.0,0.0,25.0,AISynphys,Accessed on 2025-07-08 00:00:007,0.0,1
2867,VISp,INH,Pvalb,L4,EXC,Sim1,L5,75.0,100.0,25.0,50.0,AISynphys,Accessed on 2025-07-08 00:00:007,0.0,1
2868,VISp,INH,Pvalb,L4,EXC,Sim1,L5,75.0,100.0,50.0,75.0,AISynphys,Accessed on 2025-07-08 00:00:007,0.0,1
2869,VISp,INH,Pvalb,L4,EXC,Sim1,L5,75.0,100.0,150.0,175.0,AISynphys,Accessed on 2025-07-08 00:00:007,0.0,1
2870,VISp,INH,Pvalb,L4,EXC,Sim1,L5,100.0,125.0,25.0,50.0,AISynphys,Accessed on 2025-07-08 00:00:007,0.0,1
2871,VISp,INH,Pvalb,L4,EXC,Sim1,L5,125.0,150.0,50.0,75.0,AISynphys,Accessed on 2025-07-08 00:00:007,0.0,1
2872,VISp,INH,Pvalb,L4,EXC,Sim1,L5,200.0,225.0,25.0,50.0,AISynphys,Accessed on 2025-07-08 00:00:007,0.0,1
2873,VISp,INH,Pvalb,L4,EXC,Sim1,L5,225.0,250.0,50.0,75.0,AISynphys,Accessed on 2025-07-08 00:00:007,0.0,1
2874,VISp,INH,Pvalb,L4,EXC,Tlx3,L4,0.0,25.0,0.0,25.0,AISynphys,Accessed on 2025-07-08 00:00:007,0.6666666666666666,6
2875,VISp,INH,Pvalb,L4,EXC,Tlx3,L4,0.0,25.0,25.0,50.0,AISynphys,Accessed on 2025-07-08 00:00:007,0.3333333333333333,3
2876,VISp,INH,Pvalb,L4,EXC,Tlx3,L4,0.0,25.0,50.0,75.0,AISynphys,Accessed on 2025-07-08 00:00:007,0.0,1
2877,VISp,INH,Pvalb,L4,EXC,Tlx3,L4,25.0,50.0,0.0,25.0,AISynphys,Accessed on 2025-07-08 00:00:007,0.0,4
2878,VISp,INH,Pvalb,L4,EXC,Tlx3,L4,25.0,50.0,25.0,50.0,AISynphys,Accessed on 2025-07-08 00:00:007,0.0,2
2879,VISp,INH,Pvalb,L4,EXC,Tlx3,L4,50.0,75.0,0.0,25.0,AISynphys,Accessed on 2025-07-08 00:00:007,0.0,3
2880,VISp,INH,Pvalb,L4,EXC,Tlx3,L4,50.0,75.0,25.0,50.0,AISynphys,Accessed on 2025-07-08 00:00:007,0.0,1
2881,VISp,INH,Pvalb,L4,EXC,Tlx3,L4,75.0,100.0,0.0,25.0,AISynphys,Accessed on 2025-07-08 00:00:007,0.0,4
2882,VISp,INH,Pvalb,L4,EXC,Tlx3,L4,75.0,100.0,25.0,50.0,AISynphys,Accessed on 2025-07-08 00:00:007,0.0,1
2883,VISp,INH,Pvalb,L4,EXC,Tlx3,L4,100.0,125.0,0.0,25.0,AISynphys,Accessed on 2025-07-08 00:00:007,0.0,2
2884,VISp,INH,Pvalb,L4,EXC,Tlx3,L4,100.0,125.0,25.0,50.0,AISynphys,Accessed on 2025-07-08 00:00:007,0.0,2
2885,VISp,INH,Pvalb,L4,EXC,Tlx3,L4,125.0,150.0,50.0,75.0,AISynphys,Accessed on 2025-07-08 00:00:007,0.0,1
2886,VISp,INH,Pvalb,L4,EXC,Tlx3,L4,150.0,175.0,0.0,25.0,AISynphys,Accessed on 2025-07-08 00:00:007,0.0,2
2887,VISp,INH,Pvalb,L4,EXC,Tlx3,L4,150.0,175.0,50.0,75.0,AISynphys,Accessed on 2025-07-08 00:00:007,0.0,1
2888,VISp,INH,Pvalb,L4,EXC,Tlx3,L4,175.0,200.0,0.0,25.0,AISynphys,Accessed on 2025-07-08 00:00:007,0.0,1
2889,VISp,INH,Pvalb,L4,EXC,Tlx3,L5,0.0,25.0,50.0,75.0,AISynphys,Accessed on 2025-07-08 00:00:007,0.25,4
2890,VISp,INH,Pvalb,L4,EXC,Tlx3,L5,0.0,25.0,75.0,100.0,AISynphys,Accessed on 2025-07-08 00:00:007,0.0,1
2891,VISp,INH,Pvalb,L4,EXC,Tlx3,L5,0.0,25.0,100.0,125.0,AISynphys,Accessed on 2025-07-08 00:00:007,0.0,3
2892,VISp,INH,Pvalb,L4,EXC,Tlx3,L5,25.0,50.0,0.0,25.0,AISynphys,Accessed on 2025-07-08 00:00:007,0.0,1
2893,VISp,INH,Pvalb,L4,EXC,Tlx3,L5,25.0,50.0,25.0,50.0,AISynphys,Accessed on 2025-07-08 00:00:007,0.3333333333333333,3
2894,VISp,INH,Pvalb,L4,EXC,Tlx3,L5,25.0,50.0,50.0,75.0,AISynphys,Accessed on 2025-07-08 00:00:007,0.25,4
2895,VISp,INH,Pvalb,L4,EXC,Tlx3,L5,25.0,50.0,75.0,100.0,AISynphys,Accessed on 2025-07-08 00:00:007,0.0,2
2896,VISp,INH,Pvalb,L4,EXC,Tlx3,L5,25.0,50.0,100.0,125.0,AISynphys,Accessed on 2025-07-08 00:00:007,0.0,1
2897,VISp,INH,Pvalb,L4,EXC,Tlx3,L5,25.0,50.0,125.0,150.0,AISynphys,Accessed on 2025-07-08 00:00:007,0.0,1
2898,VISp,INH,Pvalb,L4,EXC,Tlx3,L5,50.0,75.0,25.0,50.0,AISynphys,Accessed on 2025-07-08 00:00:007,0.5,2
2899,VISp,INH,Pvalb,L4,EXC,Tlx3,L5,50.0,75.0,50.0,75.0,AISynphys,Accessed on 2025-07-08 00:00:007,0.0,2
2900,VISp,INH,Pvalb,L4,EXC,Tlx3,L5,50.0,75.0,75.0,100.0,AISynphys,Accessed on 2025-07-08 00:00:007,0.0,5
2901,VISp,INH,Pvalb,L4,EXC,Tlx3,L5,50.0,75.0,100.0,125.0,AISynphys,Accessed on 2025-07-08 00:00:007,0.0,1
2902,VISp,INH,Pvalb,L4,EXC,Tlx3,L5,50.0,75.0,150.0,175.0,AISynphys,Accessed on 2025-07-08 00:00:007,0.0,1
2903,VISp,INH,Pvalb,L4,EXC,Tlx3,L5,75.0,100.0,50.0,75.0,AISynphys,Accessed on 2025-07-08 00:00:007,0.0,3
2904,VISp,INH,Pvalb,L4,EXC,Tlx3,L5,75.0,100.0,75.0,100.0,AISynphys,Accessed on 2025-07-08 00:00:007,0.5,2
2905,VISp,INH,Pvalb,L4,EXC,Tlx3,L5,75.0,100.0,100.0,125.0,AISynphys,Accessed on 2025-07-08 00:00:007,0.0,1
2906,VISp,INH,Pvalb,L4,EXC,Tlx3,L5,100.0,125.0,25.0,50.0,AISynphys,Accessed on 2025-07-08 00:00:007,0.0,2
2907,VISp,INH,Pvalb,L4,EXC,Tlx3,L5,100.0,125.0,75.0,100.0,AISynphys,Accessed on 2025-07-08 00:00:007,0.0,1
2908,VISp,INH,Pvalb,L4,EXC,Tlx3,L5,125.0,150.0,50.0,75.0,AISynphys,Accessed on 2025-07-08 00:00:007,0.0,1
2909,VISp,INH,Pvalb,L4,INH,Pvalb,L23,0.0,25.0,25.0,50.0,AISynphys,Accessed on 2025-07-08 00:00:007,0.0,2
2910,VISp,INH,Pvalb,L4,INH,Pvalb,L23,0.0,25.0,50.0,75.0,AISynphys,Accessed on 2025-07-08 00:00:007,0.0,1
2911,VISp,INH,Pvalb,L4,INH,Pvalb,L23,0.0,25.0,75.0,100.0,AISynphys,Accessed on 2025-07-08 00:00:007,0.0,3
2912,VISp,INH,Pvalb,L4,INH,Pvalb,L23,0.0,25.0,100.0,125.0,AISynphys,Accessed on 2025-07-08 00:00:007,0.3333333333333333,3
2913,VISp,INH,Pvalb,L4,INH,Pvalb,L23,0.0,25.0,175.0,200.0,AISynphys,Accessed on 2025-07-08 00:00:007,0.0,2
2914,VISp,INH,Pvalb,L4,INH,Pvalb,L23,25.0,50.0,0.0,25.0,AISynphys,Accessed on 2025-07-08 00:00:007,1.0,1
2915,VISp,INH,Pvalb,L4,INH,Pvalb,L23,25.0,50.0,25.0,50.0,AISynphys,Accessed on 2025-07-08 00:00:007,0.0,1
2916,VISp,INH,Pvalb,L4,INH,Pvalb,L23,25.0,50.0,50.0,75.0,AISynphys,Accessed on 2025-07-08 00:00:007,0.0,2
2917,VISp,INH,Pvalb,L4,INH,Pvalb,L23,25.0,50.0,75.0,100.0,AISynphys,Accessed on 2025-07-08 00:00:007,0.0,2
2918,VISp,INH,Pvalb,L4,INH,Pvalb,L23,25.0,50.0,100.0,125.0,AISynphys,Accessed on 2025-07-08 00:00:007,0.0,1
2919,VISp,INH,Pvalb,L4,INH,Pvalb,L23,25.0,50.0,150.0,175.0,AISynphys,Accessed on 2025-07-08 00:00:007,0.0,1
2920,VISp,INH,Pvalb,L4,INH,Pvalb,L23,50.0,75.0,0.0,25.0,AISynphys,Accessed on 2025-07-08 00:00:007,0.0,2
2921,VISp,INH,Pvalb,L4,INH,Pvalb,L23,50.0,75.0,25.0,50.0,AISynphys,Accessed on 2025-07-08 00:00:007,0.0,1
2922,VISp,INH,Pvalb,L4,INH,Pvalb,L23,50.0,75.0,100.0,125.0,AISynphys,Accessed on 2025-07-08 00:00:007,1.0,1
2923,VISp,INH,Pvalb,L4,INH,Pvalb,L23,50.0,75.0,125.0,150.0,AISynphys,Accessed on 2025-07-08 00:00:007,0.0,2
2924,VISp,INH,Pvalb,L4,INH,Pvalb,L23,50.0,75.0,150.0,175.0,AISynphys,Accessed on 2025-07-08 00:00:007,0.5,2
2925,VISp,INH,Pvalb,L4,INH,Pvalb,L23,75.0,100.0,50.0,75.0,AISynphys,Accessed on 2025-07-08 00:00:007,0.0,1
2926,VISp,INH,Pvalb,L4,INH,Pvalb,L23,75.0,100.0,100.0,125.0,AISynphys,Accessed on 2025-07-08 00:00:007,0.0,1
2927,VISp,INH,Pvalb,L4,INH,Pvalb,L23,75.0,100.0,125.0,150.0,AISynphys,Accessed on 2025-07-08 00:00:007,0.0,1
2928,VISp,INH,Pvalb,L4,INH,Pvalb,L23,100.0,125.0,100.0,125.0,AISynphys,Accessed on 2025-07-08 00:00:007,0.0,1
2929,VISp,INH,Pvalb,L4,INH,Pvalb,L23,125.0,150.0,50.0,75.0,AISynphys,Accessed on 2025-07-08 00:00:007,0.0,1
2930,VISp,INH,Pvalb,L4,INH,Pvalb,L23,125.0,150.0,75.0,100.0,AISynphys,Accessed on 2025-07-08 00:00:007,1.0,1
2931,VISp,INH,Pvalb,L4,INH,Pvalb,L23,125.0,150.0,100.0,125.0,AISynphys,Accessed on 2025-07-08 00:00:007,0.0,1
2932,VISp,INH,Pvalb,L4,INH,Pvalb,L23,125.0,150.0,175.0,200.0,AISynphys,Accessed on 2025-07-08 00:00:007,0.0,1
2933,VISp,INH,Pvalb,L4,INH,Pvalb,L23,125.0,150.0,250.0,275.0,AISynphys,Accessed on 2025-07-08 00:00:007,0.0,1
2934,VISp,INH,Pvalb,L4,INH,Pvalb,L23,150.0,175.0,0.0,25.0,AISynphys,Accessed on 2025-07-08 00:00:007,0.0,1
2935,VISp,INH,Pvalb,L4,INH,Pvalb,L23,150.0,175.0,75.0,100.0,AISynphys,Accessed on 2025-07-08 00:00:007,1.0,2
2936,VISp,INH,Pvalb,L4,INH,Pvalb,L23,175.0,200.0,75.0,100.0,AISynphys,Accessed on 2025-07-08 00:00:007,0.0,1
2937,VISp,INH,Pvalb,L4,INH,Pvalb,L4,0.0,25.0,0.0,25.0,AISynphys,Accessed on 2025-07-08 00:00:007,0.45,20
2938,VISp,INH,Pvalb,L4,INH,Pvalb,L4,0.0,25.0,25.0,50.0,AISynphys,Accessed on 2025-07-08 00:00:007,0.25,8
2939,VISp,INH,Pvalb,L4,INH,Pvalb,L4,0.0,25.0,50.0,75.0,AISynphys,Accessed on 2025-07-08 00:00:007,1.0,2
2940,VISp,INH,Pvalb,L4,INH,Pvalb,L4,0.0,25.0,75.0,100.0,AISynphys,Accessed on 2025-07-08 00:00:007,0.6666666666666666,6
2941,VISp,INH,Pvalb,L4,INH,Pvalb,L4,25.0,50.0,0.0,25.0,AISynphys,Accessed on 2025-07-08 00:00:007,0.4583333333333333,24
2942,VISp,INH,Pvalb,L4,INH,Pvalb,L4,25.0,50.0,25.0,50.0,AISynphys,Accessed on 2025-07-08 00:00:007,0.75,4
2943,VISp,INH,Pvalb,L4,INH,Pvalb,L4,25.0,50.0,50.0,75.0,AISynphys,Accessed on 2025-07-08 00:00:007,0.25,8
2944,VISp,INH,Pvalb,L4,INH,Pvalb,L4,50.0,75.0,0.0,25.0,AISynphys,Accessed on 2025-07-08 00:00:007,0.4166666666666667,12
2945,VISp,INH,Pvalb,L4,INH,Pvalb,L4,50.0,75.0,25.0,50.0,AISynphys,Accessed on 2025-07-08 00:00:007,0.3,10
2946,VISp,INH,Pvalb,L4,INH,Pvalb,L4,50.0,75.0,50.0,75.0,AISynphys,Accessed on 2025-07-08 00:00:007,1.0,2
2947,VISp,INH,Pvalb,L4,INH,Pvalb,L4,50.0,75.0,75.0,100.0,AISynphys,Accessed on 2025-07-08 00:00:007,0.0,4
2948,VISp,INH,Pvalb,L4,INH,Pvalb,L4,75.0,100.0,0.0,25.0,AISynphys,Accessed on 2025-07-08 00:00:007,0.35714285714285715,14
2949,VISp,INH,Pvalb,L4,INH,Pvalb,L4,75.0,100.0,25.0,50.0,AISynphys,Accessed on 2025-07-08 00:00:007,0.3333333333333333,6
2950,VISp,INH,Pvalb,L4,INH,Pvalb,L4,75.0,100.0,50.0,75.0,AISynphys,Accessed on 2025-07-08 00:00:007,0.25,4
2951,VISp,INH,Pvalb,L4,INH,Pvalb,L4,75.0,100.0,75.0,100.0,AISynphys,Accessed on 2025-07-08 00:00:007,0.0,2
2952,VISp,INH,Pvalb,L4,INH,Pvalb,L4,100.0,125.0,0.0,25.0,AISynphys,Accessed on 2025-07-08 00:00:007,0.0,2
2953,VISp,INH,Pvalb,L4,INH,Pvalb,L4,100.0,125.0,25.0,50.0,AISynphys,Accessed on 2025-07-08 00:00:007,0.25,4
2954,VISp,INH,Pvalb,L4,INH,Pvalb,L4,100.0,125.0,50.0,75.0,AISynphys,Accessed on 2025-07-08 00:00:007,0.5,4
2955,VISp,INH,Pvalb,L4,INH,Pvalb,L4,100.0,125.0,75.0,100.0,AISynphys,Accessed on 2025-07-08 00:00:007,0.0,2
2956,VISp,INH,Pvalb,L4,INH,Pvalb,L4,125.0,150.0,0.0,25.0,AISynphys,Accessed on 2025-07-08 00:00:007,0.0,2
2957,VISp,INH,Pvalb,L4,INH,Pvalb,L4,150.0,175.0,25.0,50.0,AISynphys,Accessed on 2025-07-08 00:00:007,0.0,2
2958,VISp,INH,Pvalb,L4,INH,Pvalb,L4,175.0,200.0,0.0,25.0,AISynphys,Accessed on 2025-07-08 00:00:007,0.0,4
2959,VISp,INH,Pvalb,L4,INH,Pvalb,L4,200.0,225.0,0.0,25.0,AISynphys,Accessed on 2025-07-08 00:00:007,0.25,4
2960,VISp,INH,Pvalb,L4,INH,Pvalb,L4,250.0,275.0,0.0,25.0,AISynphys,Accessed on 2025-07-08 00:00:007,0.0,2
2961,VISp,INH,Pvalb,L4,INH,Pvalb,L5,0.0,25.0,0.0,25.0,AISynphys,Accessed on 2025-07-08 00:00:007,1.0,1
2962,VISp,INH,Pvalb,L4,INH,Pvalb,L5,0.0,25.0,25.0,50.0,AISynphys,Accessed on 2025-07-08 00:00:007,0.0,4
2963,VISp,INH,Pvalb,L4,INH,Pvalb,L5,0.0,25.0,50.0,75.0,AISynphys,Accessed on 2025-07-08 00:00:007,0.0,5
2964,VISp,INH,Pvalb,L4,INH,Pvalb,L5,0.0,25.0,75.0,100.0,AISynphys,Accessed on 2025-07-08 00:00:007,0.4444444444444444,9
2965,VISp,INH,Pvalb,L4,INH,Pvalb,L5,0.0,25.0,100.0,125.0,AISynphys,Accessed on 2025-07-08 00:00:007,0.0,6
2966,VISp,INH,Pvalb,L4,INH,Pvalb,L5,0.0,25.0,150.0,175.0,AISynphys,Accessed on 2025-07-08 00:00:007,0.0,1
2967,VISp,INH,Pvalb,L4,INH,Pvalb,L5,0.0,25.0,175.0,200.0,AISynphys,Accessed on 2025-07-08 00:00:007,0.0,1
2968,VISp,INH,Pvalb,L4,INH,Pvalb,L5,0.0,25.0,200.0,225.0,AISynphys,Accessed on 2025-07-08 00:00:007,0.0,1
2969,VISp,INH,Pvalb,L4,INH,Pvalb,L5,25.0,50.0,0.0,25.0,AISynphys,Accessed on 2025-07-08 00:00:007,0.0,3
2970,VISp,INH,Pvalb,L4,INH,Pvalb,L5,25.0,50.0,25.0,50.0,AISynphys,Accessed on 2025-07-08 00:00:007,0.4,5
2971,VISp,INH,Pvalb,L4,INH,Pvalb,L5,25.0,50.0,50.0,75.0,AISynphys,Accessed on 2025-07-08 00:00:007,0.375,8
2972,VISp,INH,Pvalb,L4,INH,Pvalb,L5,25.0,50.0,75.0,100.0,AISynphys,Accessed on 2025-07-08 00:00:007,0.0,3
2973,VISp,INH,Pvalb,L4,INH,Pvalb,L5,25.0,50.0,100.0,125.0,AISynphys,Accessed on 2025-07-08 00:00:007,0.0,3
2974,VISp,INH,Pvalb,L4,INH,Pvalb,L5,25.0,50.0,150.0,175.0,AISynphys,Accessed on 2025-07-08 00:00:007,1.0,1
2975,VISp,INH,Pvalb,L4,INH,Pvalb,L5,25.0,50.0,175.0,200.0,AISynphys,Accessed on 2025-07-08 00:00:007,0.0,1
2976,VISp,INH,Pvalb,L4,INH,Pvalb,L5,25.0,50.0,200.0,225.0,AISynphys,Accessed on 2025-07-08 00:00:007,0.0,1
2977,VISp,INH,Pvalb,L4,INH,Pvalb,L5,50.0,75.0,0.0,25.0,AISynphys,Accessed on 2025-07-08 00:00:007,0.0,3
2978,VISp,INH,Pvalb,L4,INH,Pvalb,L5,50.0,75.0,25.0,50.0,AISynphys,Accessed on 2025-07-08 00:00:007,0.125,8
2979,VISp,INH,Pvalb,L4,INH,Pvalb,L5,50.0,75.0,50.0,75.0,AISynphys,Accessed on 2025-07-08 00:00:007,0.0,3
2980,VISp,INH,Pvalb,L4,INH,Pvalb,L5,50.0,75.0,75.0,100.0,AISynphys,Accessed on 2025-07-08 00:00:007,0.0,3
2981,VISp,INH,Pvalb,L4,INH,Pvalb,L5,50.0,75.0,100.0,125.0,AISynphys,Accessed on 2025-07-08 00:00:007,0.3333333333333333,3
2982,VISp,INH,Pvalb,L4,INH,Pvalb,L5,50.0,75.0,150.0,175.0,AISynphys,Accessed on 2025-07-08 00:00:007,0.0,1
2983,VISp,INH,Pvalb,L4,INH,Pvalb,L5,50.0,75.0,250.0,275.0,AISynphys,Accessed on 2025-07-08 00:00:007,0.0,1
2984,VISp,INH,Pvalb,L4,INH,Pvalb,L5,75.0,100.0,0.0,25.0,AISynphys,Accessed on 2025-07-08 00:00:007,0.0,2
2985,VISp,INH,Pvalb,L4,INH,Pvalb,L5,75.0,100.0,25.0,50.0,AISynphys,Accessed on 2025-07-08 00:00:007,0.0,7
2986,VISp,INH,Pvalb,L4,INH,Pvalb,L5,75.0,100.0,50.0,75.0,AISynphys,Accessed on 2025-07-08 00:00:007,0.0,3
2987,VISp,INH,Pvalb,L4,INH,Pvalb,L5,75.0,100.0,75.0,100.0,AISynphys,Accessed on 2025-07-08 00:00:007,0.0,2
2988,VISp,INH,Pvalb,L4,INH,Pvalb,L5,75.0,100.0,100.0,125.0,AISynphys,Accessed on 2025-07-08 00:00:007,0.0,2
2989,VISp,INH,Pvalb,L4,INH,Pvalb,L5,100.0,125.0,0.0,25.0,AISynphys,Accessed on 2025-07-08 00:00:007,0.0,1
2990,VISp,INH,Pvalb,L4,INH,Pvalb,L5,100.0,125.0,25.0,50.0,AISynphys,Accessed on 2025-07-08 00:00:007,0.25,4
2991,VISp,INH,Pvalb,L4,INH,Pvalb,L5,100.0,125.0,50.0,75.0,AISynphys,Accessed on 2025-07-08 00:00:007,0.0,1
2992,VISp,INH,Pvalb,L4,INH,Pvalb,L5,100.0,125.0,75.0,100.0,AISynphys,Accessed on 2025-07-08 00:00:007,0.0,2
2993,VISp,INH,Pvalb,L4,INH,Pvalb,L5,100.0,125.0,100.0,125.0,AISynphys,Accessed on 2025-07-08 00:00:007,0.0,4
2994,VISp,INH,Pvalb,L4,INH,Pvalb,L5,100.0,125.0,175.0,200.0,AISynphys,Accessed on 2025-07-08 00:00:007,0.0,1
2995,VISp,INH,Pvalb,L4,INH,Pvalb,L5,125.0,150.0,0.0,25.0,AISynphys,Accessed on 2025-07-08 00:00:007,0.0,1
2996,VISp,INH,Pvalb,L4,INH,Pvalb,L5,125.0,150.0,25.0,50.0,AISynphys,Accessed on 2025-07-08 00:00:007,0.0,2
2997,VISp,INH,Pvalb,L4,INH,Pvalb,L5,125.0,150.0,75.0,100.0,AISynphys,Accessed on 2025-07-08 00:00:007,0.0,2
2998,VISp,INH,Pvalb,L4,INH,Pvalb,L5,150.0,175.0,0.0,25.0,AISynphys,Accessed on 2025-07-08 00:00:007,0.0,1
2999,VISp,INH,Pvalb,L4,INH,Pvalb,L5,150.0,175.0,25.0,50.0,AISynphys,Accessed on 2025-07-08 00:00:007,0.0,1
3000,VISp,INH,Pvalb,L4,INH,Pvalb,L5,150.0,175.0,50.0,75.0,AISynphys,Accessed on 2025-07-08 00:00:007,0.0,3
3001,VISp,INH,Pvalb,L4,INH,Pvalb,L5,150.0,175.0,75.0,100.0,AISynphys,Accessed on 2025-07-08 00:00:007,0.0,3
3002,VISp,INH,Pvalb,L4,INH,Pvalb,L5,175.0,200.0,0.0,25.0,AISynphys,Accessed on 2025-07-08 00:00:007,0.0,1
3003,VISp,INH,Pvalb,L4,INH,Pvalb,L5,175.0,200.0,25.0,50.0,AISynphys,Accessed on 2025-07-08 00:00:007,0.0,1
3004,VISp,INH,Pvalb,L4,INH,Pvalb,L5,175.0,200.0,200.0,225.0,AISynphys,Accessed on 2025-07-08 00:00:007,0.0,1
3005,VISp,INH,Pvalb,L4,INH,Pvalb,L5,200.0,225.0,50.0,75.0,AISynphys,Accessed on 2025-07-08 00:00:007,0.0,1
3006,VISp,INH,Pvalb,L4,INH,Pvalb,L5,200.0,225.0,75.0,100.0,AISynphys,Accessed on 2025-07-08 00:00:007,0.0,1
3007,VISp,INH,Pvalb,L4,INH,Pvalb,L5,225.0,250.0,0.0,25.0,AISynphys,Accessed on 2025-07-08 00:00:007,0.0,1
3008,VISp,INH,Pvalb,L4,INH,Pvalb,L5,250.0,275.0,50.0,75.0,AISynphys,Accessed on 2025-07-08 00:00:007,0.0,1
3009,VISp,INH,Pvalb,L4,INH,Pvalb,L5,275.0,300.0,200.0,225.0,AISynphys,Accessed on 2025-07-08 00:00:007,0.0,1
3010,VISp,INH,Pvalb,L4,INH,Pvalb,L6a,25.0,50.0,125.0,150.0,AISynphys,Accessed on 2025-07-08 00:00:007,0.0,1
3011,VISp,INH,Pvalb,L4,INH,Pvalb,L6a,25.0,50.0,150.0,175.0,AISynphys,Accessed on 2025-07-08 00:00:007,1.0,1
3012,VISp,INH,Pvalb,L4,INH,Pvalb,L6a,50.0,75.0,225.0,250.0,AISynphys,Accessed on 2025-07-08 00:00:007,0.0,1
3013,VISp,INH,Pvalb,L4,INH,Pvalb,L6a,150.0,175.0,200.0,225.0,AISynphys,Accessed on 2025-07-08 00:00:007,0.0,1
3014,VISp,INH,Pvalb,L4,INH,Pvalb,L6a,175.0,200.0,375.0,400.0,AISynphys,Accessed on 2025-07-08 00:00:007,0.0,1
3015,VISp,INH,Pvalb,L4,INH,Sst,L23,0.0,25.0,0.0,25.0,AISynphys,Accessed on 2025-07-08 00:00:007,0.0,1
3016,VISp,INH,Pvalb,L4,INH,Sst,L23,0.0,25.0,25.0,50.0,AISynphys,Accessed on 2025-07-08 00:00:007,0.0,1
3017,VISp,INH,Pvalb,L4,INH,Sst,L23,0.0,25.0,100.0,125.0,AISynphys,Accessed on 2025-07-08 00:00:007,0.0,3
3018,VISp,INH,Pvalb,L4,INH,Sst,L23,25.0,50.0,0.0,25.0,AISynphys,Accessed on 2025-07-08 00:00:007,1.0,1
3019,VISp,INH,Pvalb,L4,INH,Sst,L23,25.0,50.0,25.0,50.0,AISynphys,Accessed on 2025-07-08 00:00:007,0.0,1
3020,VISp,INH,Pvalb,L4,INH,Sst,L23,25.0,50.0,50.0,75.0,AISynphys,Accessed on 2025-07-08 00:00:007,0.0,1
3021,VISp,INH,Pvalb,L4,INH,Sst,L23,25.0,50.0,75.0,100.0,AISynphys,Accessed on 2025-07-08 00:00:007,0.0,3
3022,VISp,INH,Pvalb,L4,INH,Sst,L23,50.0,75.0,0.0,25.0,AISynphys,Accessed on 2025-07-08 00:00:007,0.0,1
3023,VISp,INH,Pvalb,L4,INH,Sst,L23,50.0,75.0,75.0,100.0,AISynphys,Accessed on 2025-07-08 00:00:007,0.0,4
3024,VISp,INH,Pvalb,L4,INH,Sst,L23,75.0,100.0,25.0,50.0,AISynphys,Accessed on 2025-07-08 00:00:007,0.0,1
3025,VISp,INH,Pvalb,L4,INH,Sst,L23,75.0,100.0,50.0,75.0,AISynphys,Accessed on 2025-07-08 00:00:007,0.0,1
3026,VISp,INH,Pvalb,L4,INH,Sst,L23,100.0,125.0,75.0,100.0,AISynphys,Accessed on 2025-07-08 00:00:007,0.0,2
3027,VISp,INH,Pvalb,L4,INH,Sst,L23,100.0,125.0,150.0,175.0,AISynphys,Accessed on 2025-07-08 00:00:007,0.0,1
3028,VISp,INH,Pvalb,L4,INH,Sst,L23,125.0,150.0,150.0,175.0,AISynphys,Accessed on 2025-07-08 00:00:007,0.0,1
3029,VISp,INH,Pvalb,L4,INH,Sst,L4,0.0,25.0,0.0,25.0,AISynphys,Accessed on 2025-07-08 00:00:007,0.25,4
3030,VISp,INH,Pvalb,L4,INH,Sst,L4,0.0,25.0,25.0,50.0,AISynphys,Accessed on 2025-07-08 00:00:007,0.0,2
3031,VISp,INH,Pvalb,L4,INH,Sst,L4,0.0,25.0,50.0,75.0,AISynphys,Accessed on 2025-07-08 00:00:007,0.0,3
3032,VISp,INH,Pvalb,L4,INH,Sst,L4,0.0,25.0,75.0,100.0,AISynphys,Accessed on 2025-07-08 00:00:007,0.0,1
3033,VISp,INH,Pvalb,L4,INH,Sst,L4,25.0,50.0,0.0,25.0,AISynphys,Accessed on 2025-07-08 00:00:007,0.0,3
3034,VISp,INH,Pvalb,L4,INH,Sst,L4,25.0,50.0,25.0,50.0,AISynphys,Accessed on 2025-07-08 00:00:007,0.0,1
3035,VISp,INH,Pvalb,L4,INH,Sst,L4,25.0,50.0,50.0,75.0,AISynphys,Accessed on 2025-07-08 00:00:007,0.0,1
3036,VISp,INH,Pvalb,L4,INH,Sst,L4,50.0,75.0,0.0,25.0,AISynphys,Accessed on 2025-07-08 00:00:007,0.0,5
3037,VISp,INH,Pvalb,L4,INH,Sst,L4,50.0,75.0,25.0,50.0,AISynphys,Accessed on 2025-07-08 00:00:007,0.0,3
3038,VISp,INH,Pvalb,L4,INH,Sst,L4,50.0,75.0,50.0,75.0,AISynphys,Accessed on 2025-07-08 00:00:007,0.0,1
3039,VISp,INH,Pvalb,L4,INH,Sst,L4,50.0,75.0,75.0,100.0,AISynphys,Accessed on 2025-07-08 00:00:007,0.0,1
3040,VISp,INH,Pvalb,L4,INH,Sst,L4,75.0,100.0,0.0,25.0,AISynphys,Accessed on 2025-07-08 00:00:007,0.0,1
3041,VISp,INH,Pvalb,L4,INH,Sst,L4,75.0,100.0,25.0,50.0,AISynphys,Accessed on 2025-07-08 00:00:007,0.0,2
3042,VISp,INH,Pvalb,L4,INH,Sst,L4,75.0,100.0,50.0,75.0,AISynphys,Accessed on 2025-07-08 00:00:007,0.0,2
3043,VISp,INH,Pvalb,L4,INH,Sst,L4,100.0,125.0,25.0,50.0,AISynphys,Accessed on 2025-07-08 00:00:007,0.0,1
3044,VISp,INH,Pvalb,L4,INH,Sst,L4,125.0,150.0,0.0,25.0,AISynphys,Accessed on 2025-07-08 00:00:007,0.0,1
3045,VISp,INH,Pvalb,L4,INH,Sst,L4,125.0,150.0,25.0,50.0,AISynphys,Accessed on 2025-07-08 00:00:007,0.0,2
3046,VISp,INH,Pvalb,L4,INH,Sst,L4,125.0,150.0,50.0,75.0,AISynphys,Accessed on 2025-07-08 00:00:007,0.0,1
3047,VISp,INH,Pvalb,L4,INH,Sst,L4,150.0,175.0,25.0,50.0,AISynphys,Accessed on 2025-07-08 00:00:007,0.0,2
3048,VISp,INH,Pvalb,L4,INH,Sst,L4,175.0,200.0,50.0,75.0,AISynphys,Accessed on 2025-07-08 00:00:007,0.0,1
3049,VISp,INH,Pvalb,L4,INH,Sst,L5,0.0,25.0,0.0,25.0,AISynphys,Accessed on 2025-07-08 00:00:007,0.0,1
3050,VISp,INH,Pvalb,L4,INH,Sst,L5,0.0,25.0,50.0,75.0,AISynphys,Accessed on 2025-07-08 00:00:007,0.0,2
3051,VISp,INH,Pvalb,L4,INH,Sst,L5,0.0,25.0,75.0,100.0,AISynphys,Accessed on 2025-07-08 00:00:007,0.0,2
3052,VISp,INH,Pvalb,L4,INH,Sst,L5,0.0,25.0,125.0,150.0,AISynphys,Accessed on 2025-07-08 00:00:007,0.0,1
3053,VISp,INH,Pvalb,L4,INH,Sst,L5,0.0,25.0,175.0,200.0,AISynphys,Accessed on 2025-07-08 00:00:007,0.0,1
3054,VISp,INH,Pvalb,L4,INH,Sst,L5,25.0,50.0,25.0,50.0,AISynphys,Accessed on 2025-07-08 00:00:007,0.0,1
3055,VISp,INH,Pvalb,L4,INH,Sst,L5,25.0,50.0,50.0,75.0,AISynphys,Accessed on 2025-07-08 00:00:007,0.0,2
3056,VISp,INH,Pvalb,L4,INH,Sst,L5,25.0,50.0,75.0,100.0,AISynphys,Accessed on 2025-07-08 00:00:007,0.0,1
3057,VISp,INH,Pvalb,L4,INH,Sst,L5,25.0,50.0,100.0,125.0,AISynphys,Accessed on 2025-07-08 00:00:007,0.0,3
3058,VISp,INH,Pvalb,L4,INH,Sst,L5,25.0,50.0,125.0,150.0,AISynphys,Accessed on 2025-07-08 00:00:007,0.0,1
3059,VISp,INH,Pvalb,L4,INH,Sst,L5,25.0,50.0,150.0,175.0,AISynphys,Accessed on 2025-07-08 00:00:007,0.0,1
3060,VISp,INH,Pvalb,L4,INH,Sst,L5,25.0,50.0,175.0,200.0,AISynphys,Accessed on 2025-07-08 00:00:007,0.0,1
3061,VISp,INH,Pvalb,L4,INH,Sst,L5,50.0,75.0,75.0,100.0,AISynphys,Accessed on 2025-07-08 00:00:007,0.0,2
3062,VISp,INH,Pvalb,L4,INH,Sst,L5,50.0,75.0,125.0,150.0,AISynphys,Accessed on 2025-07-08 00:00:007,0.0,1
3063,VISp,INH,Pvalb,L4,INH,Sst,L5,50.0,75.0,150.0,175.0,AISynphys,Accessed on 2025-07-08 00:00:007,0.0,1
3064,VISp,INH,Pvalb,L4,INH,Sst,L5,50.0,75.0,175.0,200.0,AISynphys,Accessed on 2025-07-08 00:00:007,0.0,1
3065,VISp,INH,Pvalb,L4,INH,Sst,L5,75.0,100.0,25.0,50.0,AISynphys,Accessed on 2025-07-08 00:00:007,0.0,1
3066,VISp,INH,Pvalb,L4,INH,Sst,L5,75.0,100.0,50.0,75.0,AISynphys,Accessed on 2025-07-08 00:00:007,0.0,3
3067,VISp,INH,Pvalb,L4,INH,Sst,L5,75.0,100.0,100.0,125.0,AISynphys,Accessed on 2025-07-08 00:00:007,0.0,2
3068,VISp,INH,Pvalb,L4,INH,Sst,L5,75.0,100.0,125.0,150.0,AISynphys,Accessed on 2025-07-08 00:00:007,0.0,2
3069,VISp,INH,Pvalb,L4,INH,Sst,L5,75.0,100.0,150.0,175.0,AISynphys,Accessed on 2025-07-08 00:00:007,0.0,1
3070,VISp,INH,Pvalb,L4,INH,Sst,L5,100.0,125.0,75.0,100.0,AISynphys,Accessed on 2025-07-08 00:00:007,0.0,1
3071,VISp,INH,Pvalb,L4,INH,Sst,L5,100.0,125.0,150.0,175.0,AISynphys,Accessed on 2025-07-08 00:00:007,0.0,1
3072,VISp,INH,Pvalb,L4,INH,Sst,L5,100.0,125.0,225.0,250.0,AISynphys,Accessed on 2025-07-08 00:00:007,0.0,1
3073,VISp,INH,Pvalb,L4,INH,Sst,L5,125.0,150.0,50.0,75.0,AISynphys,Accessed on 2025-07-08 00:00:007,0.0,1
3074,VISp,INH,Pvalb,L4,INH,Sst,L5,125.0,150.0,100.0,125.0,AISynphys,Accessed on 2025-07-08 00:00:007,0.0,1
3075,VISp,INH,Pvalb,L4,INH,Sst,L5,150.0,175.0,50.0,75.0,AISynphys,Accessed on 2025-07-08 00:00:007,0.0,1
3076,VISp,INH,Pvalb,L4,INH,Sst,L5,175.0,200.0,25.0,50.0,AISynphys,Accessed on 2025-07-08 00:00:007,0.0,2
3077,VISp,INH,Pvalb,L4,INH,Sst,L5,175.0,200.0,50.0,75.0,AISynphys,Accessed on 2025-07-08 00:00:007,0.0,1
3078,VISp,INH,Pvalb,L4,INH,Sst,L5,175.0,200.0,125.0,150.0,AISynphys,Accessed on 2025-07-08 00:00:007,0.0,1
3079,VISp,INH,Pvalb,L4,INH,Sst,L5,200.0,225.0,75.0,100.0,AISynphys,Accessed on 2025-07-08 00:00:007,0.0,1
3080,VISp,INH,Pvalb,L4,INH,Sst,L6a,50.0,75.0,250.0,275.0,AISynphys,Accessed on 2025-07-08 00:00:007,0.0,1
3081,VISp,INH,Pvalb,L4,INH,Sst,L6a,100.0,125.0,225.0,250.0,AISynphys,Accessed on 2025-07-08 00:00:007,0.0,1
3082,VISp,INH,Pvalb,L4,INH,Vip,L1,0.0,25.0,200.0,225.0,AISynphys,Accessed on 2025-07-08 00:00:007,0.0,1
3083,VISp,INH,Pvalb,L4,INH,Vip,L23,0.0,25.0,25.0,50.0,AISynphys,Accessed on 2025-07-08 00:00:007,0.5,2
3084,VISp,INH,Pvalb,L4,INH,Vip,L23,0.0,25.0,100.0,125.0,AISynphys,Accessed on 2025-07-08 00:00:007,0.0,1
3085,VISp,INH,Pvalb,L4,INH,Vip,L23,0.0,25.0,150.0,175.0,AISynphys,Accessed on 2025-07-08 00:00:007,0.0,1
3086,VISp,INH,Pvalb,L4,INH,Vip,L23,25.0,50.0,25.0,50.0,AISynphys,Accessed on 2025-07-08 00:00:007,0.0,5
3087,VISp,INH,Pvalb,L4,INH,Vip,L23,25.0,50.0,75.0,100.0,AISynphys,Accessed on 2025-07-08 00:00:007,0.0,3
3088,VISp,INH,Pvalb,L4,INH,Vip,L23,25.0,50.0,100.0,125.0,AISynphys,Accessed on 2025-07-08 00:00:007,0.0,2
3089,VISp,INH,Pvalb,L4,INH,Vip,L23,25.0,50.0,125.0,150.0,AISynphys,Accessed on 2025-07-08 00:00:007,0.0,2
3090,VISp,INH,Pvalb,L4,INH,Vip,L23,50.0,75.0,50.0,75.0,AISynphys,Accessed on 2025-07-08 00:00:007,0.0,3
3091,VISp,INH,Pvalb,L4,INH,Vip,L23,50.0,75.0,150.0,175.0,AISynphys,Accessed on 2025-07-08 00:00:007,0.0,1
3092,VISp,INH,Pvalb,L4,INH,Vip,L23,50.0,75.0,175.0,200.0,AISynphys,Accessed on 2025-07-08 00:00:007,0.0,1
3093,VISp,INH,Pvalb,L4,INH,Vip,L23,50.0,75.0,200.0,225.0,AISynphys,Accessed on 2025-07-08 00:00:007,0.0,1
3094,VISp,INH,Pvalb,L4,INH,Vip,L23,75.0,100.0,25.0,50.0,AISynphys,Accessed on 2025-07-08 00:00:007,0.0,1
3095,VISp,INH,Pvalb,L4,INH,Vip,L23,100.0,125.0,75.0,100.0,AISynphys,Accessed on 2025-07-08 00:00:007,0.0,1
3096,VISp,INH,Pvalb,L4,INH,Vip,L23,125.0,150.0,25.0,50.0,AISynphys,Accessed on 2025-07-08 00:00:007,0.0,1
3097,VISp,INH,Pvalb,L4,INH,Vip,L23,125.0,150.0,100.0,125.0,AISynphys,Accessed on 2025-07-08 00:00:007,0.0,2
3098,VISp,INH,Pvalb,L4,INH,Vip,L23,150.0,175.0,25.0,50.0,AISynphys,Accessed on 2025-07-08 00:00:007,0.0,1
3099,VISp,INH,Pvalb,L4,INH,Vip,L23,150.0,175.0,200.0,225.0,AISynphys,Accessed on 2025-07-08 00:00:007,0.0,1
3100,VISp,INH,Pvalb,L4,INH,Vip,L23,175.0,200.0,75.0,100.0,AISynphys,Accessed on 2025-07-08 00:00:007,0.0,1
3101,VISp,INH,Pvalb,L4,INH,Vip,L23,200.0,225.0,75.0,100.0,AISynphys,Accessed on 2025-07-08 00:00:007,0.0,1
3102,VISp,INH,Pvalb,L4,INH,Vip,L23,250.0,275.0,25.0,50.0,AISynphys,Accessed on 2025-07-08 00:00:007,0.0,1
3103,VISp,INH,Pvalb,L4,INH,Vip,L4,0.0,25.0,0.0,25.0,AISynphys,Accessed on 2025-07-08 00:00:007,0.125,8
3104,VISp,INH,Pvalb,L4,INH,Vip,L4,0.0,25.0,25.0,50.0,AISynphys,Accessed on 2025-07-08 00:00:007,0.0,6
3105,VISp,INH,Pvalb,L4,INH,Vip,L4,0.0,25.0,50.0,75.0,AISynphys,Accessed on 2025-07-08 00:00:007,0.5,4
3106,VISp,INH,Pvalb,L4,INH,Vip,L4,0.0,25.0,75.0,100.0,AISynphys,Accessed on 2025-07-08 00:00:007,0.0,3
3107,VISp,INH,Pvalb,L4,INH,Vip,L4,25.0,50.0,0.0,25.0,AISynphys,Accessed on 2025-07-08 00:00:007,0.0,4
3108,VISp,INH,Pvalb,L4,INH,Vip,L4,25.0,50.0,25.0,50.0,AISynphys,Accessed on 2025-07-08 00:00:007,0.25,4
3109,VISp,INH,Pvalb,L4,INH,Vip,L4,25.0,50.0,50.0,75.0,AISynphys,Accessed on 2025-07-08 00:00:007,0.0,5
3110,VISp,INH,Pvalb,L4,INH,Vip,L4,50.0,75.0,0.0,25.0,AISynphys,Accessed on 2025-07-08 00:00:007,0.0,11
3111,VISp,INH,Pvalb,L4,INH,Vip,L4,50.0,75.0,25.0,50.0,AISynphys,Accessed on 2025-07-08 00:00:007,0.0,1
3112,VISp,INH,Pvalb,L4,INH,Vip,L4,50.0,75.0,50.0,75.0,AISynphys,Accessed on 2025-07-08 00:00:007,0.0,1
3113,VISp,INH,Pvalb,L4,INH,Vip,L4,50.0,75.0,75.0,100.0,AISynphys,Accessed on 2025-07-08 00:00:007,0.0,1
3114,VISp,INH,Pvalb,L4,INH,Vip,L4,75.0,100.0,0.0,25.0,AISynphys,Accessed on 2025-07-08 00:00:007,0.0,4
3115,VISp,INH,Pvalb,L4,INH,Vip,L4,75.0,100.0,25.0,50.0,AISynphys,Accessed on 2025-07-08 00:00:007,0.0,2
3116,VISp,INH,Pvalb,L4,INH,Vip,L4,75.0,100.0,100.0,125.0,AISynphys,Accessed on 2025-07-08 00:00:007,0.0,1
3117,VISp,INH,Pvalb,L4,INH,Vip,L4,75.0,100.0,125.0,150.0,AISynphys,Accessed on 2025-07-08 00:00:007,0.0,1
3118,VISp,INH,Pvalb,L4,INH,Vip,L4,100.0,125.0,0.0,25.0,AISynphys,Accessed on 2025-07-08 00:00:007,0.0,5
3119,VISp,INH,Pvalb,L4,INH,Vip,L4,100.0,125.0,25.0,50.0,AISynphys,Accessed on 2025-07-08 00:00:007,0.0,1
3120,VISp,INH,Pvalb,L4,INH,Vip,L4,100.0,125.0,50.0,75.0,AISynphys,Accessed on 2025-07-08 00:00:007,0.0,1
3121,VISp,INH,Pvalb,L4,INH,Vip,L4,125.0,150.0,0.0,25.0,AISynphys,Accessed on 2025-07-08 00:00:007,0.0,1
3122,VISp,INH,Pvalb,L4,INH,Vip,L4,125.0,150.0,25.0,50.0,AISynphys,Accessed on 2025-07-08 00:00:007,0.0,1
3123,VISp,INH,Pvalb,L4,INH,Vip,L4,125.0,150.0,50.0,75.0,AISynphys,Accessed on 2025-07-08 00:00:007,0.0,1
3124,VISp,INH,Pvalb,L4,INH,Vip,L4,125.0,150.0,75.0,100.0,AISynphys,Accessed on 2025-07-08 00:00:007,0.0,1
3125,VISp,INH,Pvalb,L4,INH,Vip,L4,150.0,175.0,0.0,25.0,AISynphys,Accessed on 2025-07-08 00:00:007,0.0,1
3126,VISp,INH,Pvalb,L4,INH,Vip,L4,150.0,175.0,25.0,50.0,AISynphys,Accessed on 2025-07-08 00:00:007,0.0,1
3127,VISp,INH,Pvalb,L4,INH,Vip,L4,175.0,200.0,0.0,25.0,AISynphys,Accessed on 2025-07-08 00:00:007,0.0,1
3128,VISp,INH,Pvalb,L4,INH,Vip,L4,200.0,225.0,0.0,25.0,AISynphys,Accessed on 2025-07-08 00:00:007,0.0,1
3129,VISp,INH,Pvalb,L4,INH,Vip,L5,0.0,25.0,25.0,50.0,AISynphys,Accessed on 2025-07-08 00:00:007,0.0,1
3130,VISp,INH,Pvalb,L4,INH,Vip,L5,0.0,25.0,50.0,75.0,AISynphys,Accessed on 2025-07-08 00:00:007,0.0,3
3131,VISp,INH,Pvalb,L4,INH,Vip,L5,0.0,25.0,75.0,100.0,AISynphys,Accessed on 2025-07-08 00:00:007,0.0,2
3132,VISp,INH,Pvalb,L4,INH,Vip,L5,25.0,50.0,0.0,25.0,AISynphys,Accessed on 2025-07-08 00:00:007,0.0,1
3133,VISp,INH,Pvalb,L4,INH,Vip,L5,25.0,50.0,25.0,50.0,AISynphys,Accessed on 2025-07-08 00:00:007,0.0,1
3134,VISp,INH,Pvalb,L4,INH,Vip,L5,25.0,50.0,75.0,100.0,AISynphys,Accessed on 2025-07-08 00:00:007,0.0,1
3135,VISp,INH,Pvalb,L4,INH,Vip,L5,25.0,50.0,125.0,150.0,AISynphys,Accessed on 2025-07-08 00:00:007,0.0,1
3136,VISp,INH,Pvalb,L4,INH,Vip,L5,25.0,50.0,150.0,175.0,AISynphys,Accessed on 2025-07-08 00:00:007,0.0,1
3137,VISp,INH,Pvalb,L4,INH,Vip,L5,50.0,75.0,25.0,50.0,AISynphys,Accessed on 2025-07-08 00:00:007,0.0,1
3138,VISp,INH,Pvalb,L4,INH,Vip,L5,50.0,75.0,75.0,100.0,AISynphys,Accessed on 2025-07-08 00:00:007,0.0,1
3139,VISp,INH,Pvalb,L4,INH,Vip,L5,50.0,75.0,125.0,150.0,AISynphys,Accessed on 2025-07-08 00:00:007,0.0,4
3140,VISp,INH,Pvalb,L4,INH,Vip,L5,75.0,100.0,0.0,25.0,AISynphys,Accessed on 2025-07-08 00:00:007,0.0,1
3141,VISp,INH,Pvalb,L4,INH,Vip,L5,75.0,100.0,50.0,75.0,AISynphys,Accessed on 2025-07-08 00:00:007,0.0,1
3142,VISp,INH,Pvalb,L4,INH,Vip,L5,75.0,100.0,125.0,150.0,AISynphys,Accessed on 2025-07-08 00:00:007,0.0,2
3143,VISp,INH,Pvalb,L4,INH,Vip,L5,75.0,100.0,200.0,225.0,AISynphys,Accessed on 2025-07-08 00:00:007,0.0,1
3144,VISp,INH,Pvalb,L4,INH,Vip,L5,100.0,125.0,50.0,75.0,AISynphys,Accessed on 2025-07-08 00:00:007,0.0,1
3145,VISp,INH,Pvalb,L4,INH,Vip,L5,100.0,125.0,150.0,175.0,AISynphys,Accessed on 2025-07-08 00:00:007,0.0,1
3146,VISp,INH,Pvalb,L4,INH,Vip,L5,125.0,150.0,75.0,100.0,AISynphys,Accessed on 2025-07-08 00:00:007,0.0,2
3147,VISp,INH,Pvalb,L4,INH,Vip,L5,175.0,200.0,50.0,75.0,AISynphys,Accessed on 2025-07-08 00:00:007,0.0,1
3148,VISp,INH,Pvalb,L4,INH,Vip,L5,175.0,200.0,75.0,100.0,AISynphys,Accessed on 2025-07-08 00:00:007,0.0,1
3149,VISp,INH,Pvalb,L4,INH,Vip,L5,175.0,200.0,125.0,150.0,AISynphys,Accessed on 2025-07-08 00:00:007,0.0,1
3150,VISp,INH,Pvalb,L4,INH,Vip,L5,200.0,225.0,25.0,50.0,AISynphys,Accessed on 2025-07-08 00:00:007,0.0,1
3151,VISp,INH,Pvalb,L4,INH,Vip,L5,200.0,225.0,50.0,75.0,AISynphys,Accessed on 2025-07-08 00:00:007,0.0,1
3152,VISp,INH,Pvalb,L4,INH,Vip,L5,225.0,250.0,125.0,150.0,AISynphys,Accessed on 2025-07-08 00:00:007,0.0,1
3153,VISp,INH,Pvalb,L5,EXC,Nr5a1,L23,0.0,25.0,100.0,125.0,AISynphys,Accessed on 2025-07-08 00:00:007,0.0,1
3154,VISp,INH,Pvalb,L5,EXC,Nr5a1,L23,0.0,25.0,125.0,150.0,AISynphys,Accessed on 2025-07-08 00:00:007,0.0,2
3155,VISp,INH,Pvalb,L5,EXC,Nr5a1,L23,0.0,25.0,200.0,225.0,AISynphys,Accessed on 2025-07-08 00:00:007,0.0,1
3156,VISp,INH,Pvalb,L5,EXC,Nr5a1,L23,25.0,50.0,100.0,125.0,AISynphys,Accessed on 2025-07-08 00:00:007,0.5,2
3157,VISp,INH,Pvalb,L5,EXC,Nr5a1,L23,25.0,50.0,125.0,150.0,AISynphys,Accessed on 2025-07-08 00:00:007,0.0,2
3158,VISp,INH,Pvalb,L5,EXC,Nr5a1,L23,25.0,50.0,150.0,175.0,AISynphys,Accessed on 2025-07-08 00:00:007,0.0,1
3159,VISp,INH,Pvalb,L5,EXC,Nr5a1,L23,50.0,75.0,75.0,100.0,AISynphys,Accessed on 2025-07-08 00:00:007,0.0,1
3160,VISp,INH,Pvalb,L5,EXC,Nr5a1,L23,50.0,75.0,100.0,125.0,AISynphys,Accessed on 2025-07-08 00:00:007,0.0,1
3161,VISp,INH,Pvalb,L5,EXC,Nr5a1,L23,50.0,75.0,125.0,150.0,AISynphys,Accessed on 2025-07-08 00:00:007,0.0,1
3162,VISp,INH,Pvalb,L5,EXC,Nr5a1,L23,50.0,75.0,200.0,225.0,AISynphys,Accessed on 2025-07-08 00:00:007,0.0,1
3163,VISp,INH,Pvalb,L5,EXC,Nr5a1,L23,75.0,100.0,125.0,150.0,AISynphys,Accessed on 2025-07-08 00:00:007,0.0,1
3164,VISp,INH,Pvalb,L5,EXC,Nr5a1,L23,75.0,100.0,150.0,175.0,AISynphys,Accessed on 2025-07-08 00:00:007,0.0,1
3165,VISp,INH,Pvalb,L5,EXC,Nr5a1,L23,100.0,125.0,175.0,200.0,AISynphys,Accessed on 2025-07-08 00:00:007,0.0,2
3166,VISp,INH,Pvalb,L5,EXC,Nr5a1,L23,125.0,150.0,150.0,175.0,AISynphys,Accessed on 2025-07-08 00:00:007,0.0,1
3167,VISp,INH,Pvalb,L5,EXC,Nr5a1,L4,0.0,25.0,75.0,100.0,AISynphys,Accessed on 2025-07-08 00:00:007,0.75,4
3168,VISp,INH,Pvalb,L5,EXC,Nr5a1,L4,0.0,25.0,100.0,125.0,AISynphys,Accessed on 2025-07-08 00:00:007,0.0,2
3169,VISp,INH,Pvalb,L5,EXC,Nr5a1,L4,0.0,25.0,125.0,150.0,AISynphys,Accessed on 2025-07-08 00:00:007,0.0,1
3170,VISp,INH,Pvalb,L5,EXC,Nr5a1,L4,25.0,50.0,50.0,75.0,AISynphys,Accessed on 2025-07-08 00:00:007,0.0,2
3171,VISp,INH,Pvalb,L5,EXC,Nr5a1,L4,25.0,50.0,75.0,100.0,AISynphys,Accessed on 2025-07-08 00:00:007,0.0,1
3172,VISp,INH,Pvalb,L5,EXC,Nr5a1,L4,25.0,50.0,100.0,125.0,AISynphys,Accessed on 2025-07-08 00:00:007,0.5,2
3173,VISp,INH,Pvalb,L5,EXC,Nr5a1,L4,25.0,50.0,125.0,150.0,AISynphys,Accessed on 2025-07-08 00:00:007,0.0,4
3174,VISp,INH,Pvalb,L5,EXC,Nr5a1,L4,25.0,50.0,150.0,175.0,AISynphys,Accessed on 2025-07-08 00:00:007,0.0,2
3175,VISp,INH,Pvalb,L5,EXC,Nr5a1,L4,50.0,75.0,25.0,50.0,AISynphys,Accessed on 2025-07-08 00:00:007,1.0,1
3176,VISp,INH,Pvalb,L5,EXC,Nr5a1,L4,50.0,75.0,50.0,75.0,AISynphys,Accessed on 2025-07-08 00:00:007,0.0,1
3177,VISp,INH,Pvalb,L5,EXC,Nr5a1,L4,50.0,75.0,75.0,100.0,AISynphys,Accessed on 2025-07-08 00:00:007,0.0,3
3178,VISp,INH,Pvalb,L5,EXC,Nr5a1,L4,50.0,75.0,100.0,125.0,AISynphys,Accessed on 2025-07-08 00:00:007,1.0,1
3179,VISp,INH,Pvalb,L5,EXC,Nr5a1,L4,50.0,75.0,150.0,175.0,AISynphys,Accessed on 2025-07-08 00:00:007,0.0,1
3180,VISp,INH,Pvalb,L5,EXC,Nr5a1,L4,50.0,75.0,175.0,200.0,AISynphys,Accessed on 2025-07-08 00:00:007,0.0,2
3181,VISp,INH,Pvalb,L5,EXC,Nr5a1,L4,75.0,100.0,50.0,75.0,AISynphys,Accessed on 2025-07-08 00:00:007,0.5,2
3182,VISp,INH,Pvalb,L5,EXC,Nr5a1,L4,100.0,125.0,100.0,125.0,AISynphys,Accessed on 2025-07-08 00:00:007,0.0,1
3183,VISp,INH,Pvalb,L5,EXC,Nr5a1,L4,100.0,125.0,150.0,175.0,AISynphys,Accessed on 2025-07-08 00:00:007,0.0,2
3184,VISp,INH,Pvalb,L5,EXC,Nr5a1,L4,125.0,150.0,125.0,150.0,AISynphys,Accessed on 2025-07-08 00:00:007,0.0,1
3185,VISp,INH,Pvalb,L5,EXC,Nr5a1,L4,125.0,150.0,150.0,175.0,AISynphys,Accessed on 2025-07-08 00:00:007,0.0,1
3186,VISp,INH,Pvalb,L5,EXC,Nr5a1,L4,150.0,175.0,75.0,100.0,AISynphys,Accessed on 2025-07-08 00:00:007,0.0,1
3187,VISp,INH,Pvalb,L5,EXC,Nr5a1,L4,175.0,200.0,75.0,100.0,AISynphys,Accessed on 2025-07-08 00:00:007,0.0,1
3188,VISp,INH,Pvalb,L5,EXC,Nr5a1,L5,50.0,75.0,25.0,50.0,AISynphys,Accessed on 2025-07-08 00:00:007,1.0,1
3189,VISp,INH,Pvalb,L5,EXC,Nr5a1,L5,50.0,75.0,75.0,100.0,AISynphys,Accessed on 2025-07-08 00:00:007,0.0,1
3190,VISp,INH,Pvalb,L5,EXC,Ntsr1,L5,0.0,25.0,25.0,50.0,AISynphys,Accessed on 2025-07-08 00:00:007,0.0,1
3191,VISp,INH,Pvalb,L5,EXC,Ntsr1,L5,75.0,100.0,0.0,25.0,AISynphys,Accessed on 2025-07-08 00:00:007,0.0,1
3192,VISp,INH,Pvalb,L5,EXC,Ntsr1,L5,75.0,100.0,25.0,50.0,AISynphys,Accessed on 2025-07-08 00:00:007,0.0,1
3193,VISp,INH,Pvalb,L5,EXC,Ntsr1,L5,150.0,175.0,50.0,75.0,AISynphys,Accessed on 2025-07-08 00:00:007,0.0,1
3194,VISp,INH,Pvalb,L5,EXC,Ntsr1,L6a,0.0,25.0,50.0,75.0,AISynphys,Accessed on 2025-07-08 00:00:007,0.0,1
3195,VISp,INH,Pvalb,L5,EXC,Ntsr1,L6a,0.0,25.0,75.0,100.0,AISynphys,Accessed on 2025-07-08 00:00:007,0.0,1
3196,VISp,INH,Pvalb,L5,EXC,Ntsr1,L6a,0.0,25.0,100.0,125.0,AISynphys,Accessed on 2025-07-08 00:00:007,0.0,2
3197,VISp,INH,Pvalb,L5,EXC,Ntsr1,L6a,25.0,50.0,0.0,25.0,AISynphys,Accessed on 2025-07-08 00:00:007,0.0,1
3198,VISp,INH,Pvalb,L5,EXC,Ntsr1,L6a,25.0,50.0,25.0,50.0,AISynphys,Accessed on 2025-07-08 00:00:007,0.0,1
3199,VISp,INH,Pvalb,L5,EXC,Ntsr1,L6a,25.0,50.0,250.0,275.0,AISynphys,Accessed on 2025-07-08 00:00:007,0.0,2
3200,VISp,INH,Pvalb,L5,EXC,Ntsr1,L6a,50.0,75.0,75.0,100.0,AISynphys,Accessed on 2025-07-08 00:00:007,0.0,2
3201,VISp,INH,Pvalb,L5,EXC,Ntsr1,L6a,50.0,75.0,150.0,175.0,AISynphys,Accessed on 2025-07-08 00:00:007,0.0,1
3202,VISp,INH,Pvalb,L5,EXC,Ntsr1,L6a,75.0,100.0,25.0,50.0,AISynphys,Accessed on 2025-07-08 00:00:007,0.0,2
3203,VISp,INH,Pvalb,L5,EXC,Ntsr1,L6a,75.0,100.0,50.0,75.0,AISynphys,Accessed on 2025-07-08 00:00:007,0.0,1
3204,VISp,INH,Pvalb,L5,EXC,Ntsr1,L6a,75.0,100.0,75.0,100.0,AISynphys,Accessed on 2025-07-08 00:00:007,0.0,1
3205,VISp,INH,Pvalb,L5,EXC,Ntsr1,L6a,75.0,100.0,100.0,125.0,AISynphys,Accessed on 2025-07-08 00:00:007,0.0,1
3206,VISp,INH,Pvalb,L5,EXC,Ntsr1,L6a,75.0,100.0,150.0,175.0,AISynphys,Accessed on 2025-07-08 00:00:007,0.0,1
3207,VISp,INH,Pvalb,L5,EXC,Ntsr1,L6a,75.0,100.0,225.0,250.0,AISynphys,Accessed on 2025-07-08 00:00:007,0.0,1
3208,VISp,INH,Pvalb,L5,EXC,Ntsr1,L6a,75.0,100.0,350.0,375.0,AISynphys,Accessed on 2025-07-08 00:00:007,0.0,1
3209,VISp,INH,Pvalb,L5,EXC,Ntsr1,L6a,100.0,125.0,75.0,100.0,AISynphys,Accessed on 2025-07-08 00:00:007,0.0,1
3210,VISp,INH,Pvalb,L5,EXC,Ntsr1,L6a,125.0,150.0,125.0,150.0,AISynphys,Accessed on 2025-07-08 00:00:007,0.0,1
3211,VISp,INH,Pvalb,L5,EXC,Ntsr1,L6a,125.0,150.0,225.0,250.0,AISynphys,Accessed on 2025-07-08 00:00:007,0.0,1
3212,VISp,INH,Pvalb,L5,EXC,Ntsr1,L6a,150.0,175.0,100.0,125.0,AISynphys,Accessed on 2025-07-08 00:00:007,0.0,1
3213,VISp,INH,Pvalb,L5,EXC,Rorb,L4,25.0,50.0,50.0,75.0,AISynphys,Accessed on 2025-07-08 00:00:007,0.0,1
3214,VISp,INH,Pvalb,L5,EXC,Sim1,L4,25.0,50.0,0.0,25.0,AISynphys,Accessed on 2025-07-08 00:00:007,0.0,1
3215,VISp,INH,Pvalb,L5,EXC,Sim1,L4,25.0,50.0,25.0,50.0,AISynphys,Accessed on 2025-07-08 00:00:007,0.0,1
3216,VISp,INH,Pvalb,L5,EXC,Sim1,L4,25.0,50.0,50.0,75.0,AISynphys,Accessed on 2025-07-08 00:00:007,1.0,1
3217,VISp,INH,Pvalb,L5,EXC,Sim1,L4,50.0,75.0,100.0,125.0,AISynphys,Accessed on 2025-07-08 00:00:007,0.0,1
3218,VISp,INH,Pvalb,L5,EXC,Sim1,L4,75.0,100.0,0.0,25.0,AISynphys,Accessed on 2025-07-08 00:00:007,0.0,1
3219,VISp,INH,Pvalb,L5,EXC,Sim1,L4,75.0,100.0,50.0,75.0,AISynphys,Accessed on 2025-07-08 00:00:007,0.0,1
3220,VISp,INH,Pvalb,L5,EXC,Sim1,L4,100.0,125.0,50.0,75.0,AISynphys,Accessed on 2025-07-08 00:00:007,0.0,1
3221,VISp,INH,Pvalb,L5,EXC,Sim1,L4,125.0,150.0,0.0,25.0,AISynphys,Accessed on 2025-07-08 00:00:007,0.0,1
3222,VISp,INH,Pvalb,L5,EXC,Sim1,L5,0.0,25.0,0.0,25.0,AISynphys,Accessed on 2025-07-08 00:00:007,0.1,10
3223,VISp,INH,Pvalb,L5,EXC,Sim1,L5,0.0,25.0,25.0,50.0,AISynphys,Accessed on 2025-07-08 00:00:007,0.16666666666666666,12
3224,VISp,INH,Pvalb,L5,EXC,Sim1,L5,0.0,25.0,50.0,75.0,AISynphys,Accessed on 2025-07-08 00:00:007,0.3333333333333333,3
3225,VISp,INH,Pvalb,L5,EXC,Sim1,L5,0.0,25.0,75.0,100.0,AISynphys,Accessed on 2025-07-08 00:00:007,0.0,3
3226,VISp,INH,Pvalb,L5,EXC,Sim1,L5,25.0,50.0,0.0,25.0,AISynphys,Accessed on 2025-07-08 00:00:007,0.25,4
3227,VISp,INH,Pvalb,L5,EXC,Sim1,L5,25.0,50.0,25.0,50.0,AISynphys,Accessed on 2025-07-08 00:00:007,0.16666666666666666,6
3228,VISp,INH,Pvalb,L5,EXC,Sim1,L5,25.0,50.0,50.0,75.0,AISynphys,Accessed on 2025-07-08 00:00:007,0.0,2
3229,VISp,INH,Pvalb,L5,EXC,Sim1,L5,25.0,50.0,75.0,100.0,AISynphys,Accessed on 2025-07-08 00:00:007,0.0,1
3230,VISp,INH,Pvalb,L5,EXC,Sim1,L5,50.0,75.0,0.0,25.0,AISynphys,Accessed on 2025-07-08 00:00:007,0.3333333333333333,6
3231,VISp,INH,Pvalb,L5,EXC,Sim1,L5,50.0,75.0,25.0,50.0,AISynphys,Accessed on 2025-07-08 00:00:007,0.2857142857142857,7
3232,VISp,INH,Pvalb,L5,EXC,Sim1,L5,50.0,75.0,50.0,75.0,AISynphys,Accessed on 2025-07-08 00:00:007,0.0,1
3233,VISp,INH,Pvalb,L5,EXC,Sim1,L5,50.0,75.0,75.0,100.0,AISynphys,Accessed on 2025-07-08 00:00:007,0.0,3
3234,VISp,INH,Pvalb,L5,EXC,Sim1,L5,50.0,75.0,125.0,150.0,AISynphys,Accessed on 2025-07-08 00:00:007,0.0,1
3235,VISp,INH,Pvalb,L5,EXC,Sim1,L5,75.0,100.0,0.0,25.0,AISynphys,Accessed on 2025-07-08 00:00:007,0.0,5
3236,VISp,INH,Pvalb,L5,EXC,Sim1,L5,75.0,100.0,25.0,50.0,AISynphys,Accessed on 2025-07-08 00:00:007,0.0,3
3237,VISp,INH,Pvalb,L5,EXC,Sim1,L5,75.0,100.0,50.0,75.0,AISynphys,Accessed on 2025-07-08 00:00:007,0.0,3
3238,VISp,INH,Pvalb,L5,EXC,Sim1,L5,75.0,100.0,75.0,100.0,AISynphys,Accessed on 2025-07-08 00:00:007,0.0,2
3239,VISp,INH,Pvalb,L5,EXC,Sim1,L5,75.0,100.0,100.0,125.0,AISynphys,Accessed on 2025-07-08 00:00:007,1.0,1
3240,VISp,INH,Pvalb,L5,EXC,Sim1,L5,75.0,100.0,150.0,175.0,AISynphys,Accessed on 2025-07-08 00:00:007,0.0,1
3241,VISp,INH,Pvalb,L5,EXC,Sim1,L5,100.0,125.0,0.0,25.0,AISynphys,Accessed on 2025-07-08 00:00:007,0.0,3
3242,VISp,INH,Pvalb,L5,EXC,Sim1,L5,100.0,125.0,25.0,50.0,AISynphys,Accessed on 2025-07-08 00:00:007,0.0,6
3243,VISp,INH,Pvalb,L5,EXC,Sim1,L5,100.0,125.0,50.0,75.0,AISynphys,Accessed on 2025-07-08 00:00:007,0.0,3
3244,VISp,INH,Pvalb,L5,EXC,Sim1,L5,125.0,150.0,0.0,25.0,AISynphys,Accessed on 2025-07-08 00:00:007,0.0,2
3245,VISp,INH,Pvalb,L5,EXC,Sim1,L5,125.0,150.0,25.0,50.0,AISynphys,Accessed on 2025-07-08 00:00:007,0.0,1
3246,VISp,INH,Pvalb,L5,EXC,Sim1,L5,125.0,150.0,50.0,75.0,AISynphys,Accessed on 2025-07-08 00:00:007,0.3333333333333333,3
3247,VISp,INH,Pvalb,L5,EXC,Sim1,L5,125.0,150.0,100.0,125.0,AISynphys,Accessed on 2025-07-08 00:00:007,0.0,1
3248,VISp,INH,Pvalb,L5,EXC,Sim1,L5,150.0,175.0,0.0,25.0,AISynphys,Accessed on 2025-07-08 00:00:007,0.0,1
3249,VISp,INH,Pvalb,L5,EXC,Sim1,L5,150.0,175.0,25.0,50.0,AISynphys,Accessed on 2025-07-08 00:00:007,0.0,3
3250,VISp,INH,Pvalb,L5,EXC,Sim1,L5,175.0,200.0,25.0,50.0,AISynphys,Accessed on 2025-07-08 00:00:007,0.0,1
3251,VISp,INH,Pvalb,L5,EXC,Sim1,L5,175.0,200.0,50.0,75.0,AISynphys,Accessed on 2025-07-08 00:00:007,0.0,1
3252,VISp,INH,Pvalb,L5,EXC,Sim1,L5,275.0,300.0,0.0,25.0,AISynphys,Accessed on 2025-07-08 00:00:007,0.0,1
3253,VISp,INH,Pvalb,L5,EXC,Tlx3,L23,0.0,25.0,0.0,25.0,AISynphys,Accessed on 2025-07-08 00:00:007,0.0,1
3254,VISp,INH,Pvalb,L5,EXC,Tlx3,L4,0.0,25.0,0.0,25.0,AISynphys,Accessed on 2025-07-08 00:00:007,0.5,2
3255,VISp,INH,Pvalb,L5,EXC,Tlx3,L4,0.0,25.0,25.0,50.0,AISynphys,Accessed on 2025-07-08 00:00:007,0.0,1
3256,VISp,INH,Pvalb,L5,EXC,Tlx3,L4,0.0,25.0,50.0,75.0,AISynphys,Accessed on 2025-07-08 00:00:007,0.2,5
3257,VISp,INH,Pvalb,L5,EXC,Tlx3,L4,0.0,25.0,100.0,125.0,AISynphys,Accessed on 2025-07-08 00:00:007,0.0,2
3258,VISp,INH,Pvalb,L5,EXC,Tlx3,L4,25.0,50.0,0.0,25.0,AISynphys,Accessed on 2025-07-08 00:00:007,0.0,2
3259,VISp,INH,Pvalb,L5,EXC,Tlx3,L4,25.0,50.0,25.0,50.0,AISynphys,Accessed on 2025-07-08 00:00:007,0.0,3
3260,VISp,INH,Pvalb,L5,EXC,Tlx3,L4,25.0,50.0,50.0,75.0,AISynphys,Accessed on 2025-07-08 00:00:007,0.0,2
3261,VISp,INH,Pvalb,L5,EXC,Tlx3,L4,25.0,50.0,75.0,100.0,AISynphys,Accessed on 2025-07-08 00:00:007,0.0,2
3262,VISp,INH,Pvalb,L5,EXC,Tlx3,L4,25.0,50.0,100.0,125.0,AISynphys,Accessed on 2025-07-08 00:00:007,0.0,1
3263,VISp,INH,Pvalb,L5,EXC,Tlx3,L4,25.0,50.0,200.0,225.0,AISynphys,Accessed on 2025-07-08 00:00:007,0.0,1
3264,VISp,INH,Pvalb,L5,EXC,Tlx3,L4,50.0,75.0,0.0,25.0,AISynphys,Accessed on 2025-07-08 00:00:007,0.0,2
3265,VISp,INH,Pvalb,L5,EXC,Tlx3,L4,50.0,75.0,25.0,50.0,AISynphys,Accessed on 2025-07-08 00:00:007,0.0,2
3266,VISp,INH,Pvalb,L5,EXC,Tlx3,L4,50.0,75.0,50.0,75.0,AISynphys,Accessed on 2025-07-08 00:00:007,0.0,1
3267,VISp,INH,Pvalb,L5,EXC,Tlx3,L4,50.0,75.0,150.0,175.0,AISynphys,Accessed on 2025-07-08 00:00:007,0.0,1
3268,VISp,INH,Pvalb,L5,EXC,Tlx3,L4,75.0,100.0,25.0,50.0,AISynphys,Accessed on 2025-07-08 00:00:007,1.0,2
3269,VISp,INH,Pvalb,L5,EXC,Tlx3,L4,75.0,100.0,50.0,75.0,AISynphys,Accessed on 2025-07-08 00:00:007,1.0,1
3270,VISp,INH,Pvalb,L5,EXC,Tlx3,L4,75.0,100.0,75.0,100.0,AISynphys,Accessed on 2025-07-08 00:00:007,0.0,1
3271,VISp,INH,Pvalb,L5,EXC,Tlx3,L4,75.0,100.0,100.0,125.0,AISynphys,Accessed on 2025-07-08 00:00:007,0.0,1
3272,VISp,INH,Pvalb,L5,EXC,Tlx3,L4,100.0,125.0,0.0,25.0,AISynphys,Accessed on 2025-07-08 00:00:007,0.0,1
3273,VISp,INH,Pvalb,L5,EXC,Tlx3,L4,100.0,125.0,25.0,50.0,AISynphys,Accessed on 2025-07-08 00:00:007,0.0,1
3274,VISp,INH,Pvalb,L5,EXC,Tlx3,L4,100.0,125.0,50.0,75.0,AISynphys,Accessed on 2025-07-08 00:00:007,1.0,1
3275,VISp,INH,Pvalb,L5,EXC,Tlx3,L4,100.0,125.0,250.0,275.0,AISynphys,Accessed on 2025-07-08 00:00:007,0.0,1
3276,VISp,INH,Pvalb,L5,EXC,Tlx3,L4,125.0,150.0,75.0,100.0,AISynphys,Accessed on 2025-07-08 00:00:007,1.0,1
3277,VISp,INH,Pvalb,L5,EXC,Tlx3,L4,150.0,175.0,25.0,50.0,AISynphys,Accessed on 2025-07-08 00:00:007,0.0,1
3278,VISp,INH,Pvalb,L5,EXC,Tlx3,L4,200.0,225.0,25.0,50.0,AISynphys,Accessed on 2025-07-08 00:00:007,0.0,1
3279,VISp,INH,Pvalb,L5,EXC,Tlx3,L5,0.0,25.0,0.0,25.0,AISynphys,Accessed on 2025-07-08 00:00:007,0.1111111111111111,9
3280,VISp,INH,Pvalb,L5,EXC,Tlx3,L5,0.0,25.0,25.0,50.0,AISynphys,Accessed on 2025-07-08 00:00:007,0.09090909090909091,11
3281,VISp,INH,Pvalb,L5,EXC,Tlx3,L5,0.0,25.0,50.0,75.0,AISynphys,Accessed on 2025-07-08 00:00:007,0.25,4
3282,VISp,INH,Pvalb,L5,EXC,Tlx3,L5,0.0,25.0,75.0,100.0,AISynphys,Accessed on 2025-07-08 00:00:007,0.0,5
3283,VISp,INH,Pvalb,L5,EXC,Tlx3,L5,0.0,25.0,125.0,150.0,AISynphys,Accessed on 2025-07-08 00:00:007,0.0,1
3284,VISp,INH,Pvalb,L5,EXC,Tlx3,L5,0.0,25.0,150.0,175.0,AISynphys,Accessed on 2025-07-08 00:00:007,0.0,1
3285,VISp,INH,Pvalb,L5,EXC,Tlx3,L5,25.0,50.0,0.0,25.0,AISynphys,Accessed on 2025-07-08 00:00:007,0.18181818181818182,11
3286,VISp,INH,Pvalb,L5,EXC,Tlx3,L5,25.0,50.0,25.0,50.0,AISynphys,Accessed on 2025-07-08 00:00:007,0.2222222222222222,9
3287,VISp,INH,Pvalb,L5,EXC,Tlx3,L5,25.0,50.0,50.0,75.0,AISynphys,Accessed on 2025-07-08 00:00:007,0.125,8
3288,VISp,INH,Pvalb,L5,EXC,Tlx3,L5,25.0,50.0,75.0,100.0,AISynphys,Accessed on 2025-07-08 00:00:007,0.0,7
3289,VISp,INH,Pvalb,L5,EXC,Tlx3,L5,25.0,50.0,125.0,150.0,AISynphys,Accessed on 2025-07-08 00:00:007,0.0,2
3290,VISp,INH,Pvalb,L5,EXC,Tlx3,L5,25.0,50.0,150.0,175.0,AISynphys,Accessed on 2025-07-08 00:00:007,0.0,2
3291,VISp,INH,Pvalb,L5,EXC,Tlx3,L5,50.0,75.0,0.0,25.0,AISynphys,Accessed on 2025-07-08 00:00:007,0.07142857142857142,14
3292,VISp,INH,Pvalb,L5,EXC,Tlx3,L5,50.0,75.0,25.0,50.0,AISynphys,Accessed on 2025-07-08 00:00:007,0.0,8
3293,VISp,INH,Pvalb,L5,EXC,Tlx3,L5,50.0,75.0,50.0,75.0,AISynphys,Accessed on 2025-07-08 00:00:007,0.0,6
3294,VISp,INH,Pvalb,L5,EXC,Tlx3,L5,50.0,75.0,75.0,100.0,AISynphys,Accessed on 2025-07-08 00:00:007,0.2,5
3295,VISp,INH,Pvalb,L5,EXC,Tlx3,L5,50.0,75.0,100.0,125.0,AISynphys,Accessed on 2025-07-08 00:00:007,0.5,4
3296,VISp,INH,Pvalb,L5,EXC,Tlx3,L5,50.0,75.0,125.0,150.0,AISynphys,Accessed on 2025-07-08 00:00:007,0.0,1
3297,VISp,INH,Pvalb,L5,EXC,Tlx3,L5,75.0,100.0,0.0,25.0,AISynphys,Accessed on 2025-07-08 00:00:007,0.4,5
3298,VISp,INH,Pvalb,L5,EXC,Tlx3,L5,75.0,100.0,25.0,50.0,AISynphys,Accessed on 2025-07-08 00:00:007,0.16666666666666666,6
3299,VISp,INH,Pvalb,L5,EXC,Tlx3,L5,75.0,100.0,50.0,75.0,AISynphys,Accessed on 2025-07-08 00:00:007,0.0,2
3300,VISp,INH,Pvalb,L5,EXC,Tlx3,L5,75.0,100.0,75.0,100.0,AISynphys,Accessed on 2025-07-08 00:00:007,0.0,2
3301,VISp,INH,Pvalb,L5,EXC,Tlx3,L5,75.0,100.0,100.0,125.0,AISynphys,Accessed on 2025-07-08 00:00:007,0.0,2
3302,VISp,INH,Pvalb,L5,EXC,Tlx3,L5,75.0,100.0,225.0,250.0,AISynphys,Accessed on 2025-07-08 00:00:007,0.0,1
3303,VISp,INH,Pvalb,L5,EXC,Tlx3,L5,100.0,125.0,0.0,25.0,AISynphys,Accessed on 2025-07-08 00:00:007,0.0,7
3304,VISp,INH,Pvalb,L5,EXC,Tlx3,L5,100.0,125.0,25.0,50.0,AISynphys,Accessed on 2025-07-08 00:00:007,0.125,8
3305,VISp,INH,Pvalb,L5,EXC,Tlx3,L5,100.0,125.0,50.0,75.0,AISynphys,Accessed on 2025-07-08 00:00:007,0.0,5
3306,VISp,INH,Pvalb,L5,EXC,Tlx3,L5,100.0,125.0,75.0,100.0,AISynphys,Accessed on 2025-07-08 00:00:007,0.0,1
3307,VISp,INH,Pvalb,L5,EXC,Tlx3,L5,100.0,125.0,150.0,175.0,AISynphys,Accessed on 2025-07-08 00:00:007,0.0,1
3308,VISp,INH,Pvalb,L5,EXC,Tlx3,L5,125.0,150.0,0.0,25.0,AISynphys,Accessed on 2025-07-08 00:00:007,0.0,4
3309,VISp,INH,Pvalb,L5,EXC,Tlx3,L5,125.0,150.0,25.0,50.0,AISynphys,Accessed on 2025-07-08 00:00:007,0.0,1
3310,VISp,INH,Pvalb,L5,EXC,Tlx3,L5,125.0,150.0,50.0,75.0,AISynphys,Accessed on 2025-07-08 00:00:007,0.0,2
3311,VISp,INH,Pvalb,L5,EXC,Tlx3,L5,125.0,150.0,75.0,100.0,AISynphys,Accessed on 2025-07-08 00:00:007,0.0,3
3312,VISp,INH,Pvalb,L5,EXC,Tlx3,L5,125.0,150.0,125.0,150.0,AISynphys,Accessed on 2025-07-08 00:00:007,0.0,1
3313,VISp,INH,Pvalb,L5,EXC,Tlx3,L5,150.0,175.0,0.0,25.0,AISynphys,Accessed on 2025-07-08 00:00:007,0.0,4
3314,VISp,INH,Pvalb,L5,EXC,Tlx3,L5,150.0,175.0,25.0,50.0,AISynphys,Accessed on 2025-07-08 00:00:007,0.0,2
3315,VISp,INH,Pvalb,L5,EXC,Tlx3,L5,150.0,175.0,50.0,75.0,AISynphys,Accessed on 2025-07-08 00:00:007,0.0,2
3316,VISp,INH,Pvalb,L5,EXC,Tlx3,L5,150.0,175.0,125.0,150.0,AISynphys,Accessed on 2025-07-08 00:00:007,0.0,1
3317,VISp,INH,Pvalb,L5,EXC,Tlx3,L5,150.0,175.0,225.0,250.0,AISynphys,Accessed on 2025-07-08 00:00:007,0.0,1
3318,VISp,INH,Pvalb,L5,EXC,Tlx3,L5,175.0,200.0,0.0,25.0,AISynphys,Accessed on 2025-07-08 00:00:007,0.0,1
3319,VISp,INH,Pvalb,L5,EXC,Tlx3,L5,175.0,200.0,25.0,50.0,AISynphys,Accessed on 2025-07-08 00:00:007,0.0,1
3320,VISp,INH,Pvalb,L5,EXC,Tlx3,L5,175.0,200.0,225.0,250.0,AISynphys,Accessed on 2025-07-08 00:00:007,0.0,1
3321,VISp,INH,Pvalb,L5,EXC,Tlx3,L5,200.0,225.0,0.0,25.0,AISynphys,Accessed on 2025-07-08 00:00:007,0.0,1
3322,VISp,INH,Pvalb,L5,INH,Pvalb,L23,0.0,25.0,100.0,125.0,AISynphys,Accessed on 2025-07-08 00:00:007,0.0,1
3323,VISp,INH,Pvalb,L5,INH,Pvalb,L23,0.0,25.0,125.0,150.0,AISynphys,Accessed on 2025-07-08 00:00:007,0.0,3
3324,VISp,INH,Pvalb,L5,INH,Pvalb,L23,0.0,25.0,175.0,200.0,AISynphys,Accessed on 2025-07-08 00:00:007,0.0,1
3325,VISp,INH,Pvalb,L5,INH,Pvalb,L23,0.0,25.0,250.0,275.0,AISynphys,Accessed on 2025-07-08 00:00:007,0.0,1
3326,VISp,INH,Pvalb,L5,INH,Pvalb,L23,0.0,25.0,275.0,300.0,AISynphys,Accessed on 2025-07-08 00:00:007,0.0,1
3327,VISp,INH,Pvalb,L5,INH,Pvalb,L23,0.0,25.0,325.0,350.0,AISynphys,Accessed on 2025-07-08 00:00:007,0.0,1
3328,VISp,INH,Pvalb,L5,INH,Pvalb,L23,25.0,50.0,100.0,125.0,AISynphys,Accessed on 2025-07-08 00:00:007,1.0,1
3329,VISp,INH,Pvalb,L5,INH,Pvalb,L23,25.0,50.0,125.0,150.0,AISynphys,Accessed on 2025-07-08 00:00:007,1.0,1
3330,VISp,INH,Pvalb,L5,INH,Pvalb,L23,25.0,50.0,175.0,200.0,AISynphys,Accessed on 2025-07-08 00:00:007,0.3333333333333333,3
3331,VISp,INH,Pvalb,L5,INH,Pvalb,L23,25.0,50.0,200.0,225.0,AISynphys,Accessed on 2025-07-08 00:00:007,1.0,1
3332,VISp,INH,Pvalb,L5,INH,Pvalb,L23,25.0,50.0,250.0,275.0,AISynphys,Accessed on 2025-07-08 00:00:007,0.0,2
3333,VISp,INH,Pvalb,L5,INH,Pvalb,L23,25.0,50.0,275.0,300.0,AISynphys,Accessed on 2025-07-08 00:00:007,0.0,1
3334,VISp,INH,Pvalb,L5,INH,Pvalb,L23,25.0,50.0,325.0,350.0,AISynphys,Accessed on 2025-07-08 00:00:007,0.0,1
3335,VISp,INH,Pvalb,L5,INH,Pvalb,L23,50.0,75.0,125.0,150.0,AISynphys,Accessed on 2025-07-08 00:00:007,0.0,1
3336,VISp,INH,Pvalb,L5,INH,Pvalb,L23,50.0,75.0,175.0,200.0,AISynphys,Accessed on 2025-07-08 00:00:007,0.0,1
3337,VISp,INH,Pvalb,L5,INH,Pvalb,L23,50.0,75.0,200.0,225.0,AISynphys,Accessed on 2025-07-08 00:00:007,0.0,1
3338,VISp,INH,Pvalb,L5,INH,Pvalb,L23,50.0,75.0,225.0,250.0,AISynphys,Accessed on 2025-07-08 00:00:007,0.0,1
3339,VISp,INH,Pvalb,L5,INH,Pvalb,L23,50.0,75.0,400.0,425.0,AISynphys,Accessed on 2025-07-08 00:00:007,0.0,1
3340,VISp,INH,Pvalb,L5,INH,Pvalb,L23,75.0,100.0,75.0,100.0,AISynphys,Accessed on 2025-07-08 00:00:007,0.0,1
3341,VISp,INH,Pvalb,L5,INH,Pvalb,L23,75.0,100.0,125.0,150.0,AISynphys,Accessed on 2025-07-08 00:00:007,0.0,1
3342,VISp,INH,Pvalb,L5,INH,Pvalb,L23,75.0,100.0,175.0,200.0,AISynphys,Accessed on 2025-07-08 00:00:007,0.0,1
3343,VISp,INH,Pvalb,L5,INH,Pvalb,L23,75.0,100.0,350.0,375.0,AISynphys,Accessed on 2025-07-08 00:00:007,0.0,1
3344,VISp,INH,Pvalb,L5,INH,Pvalb,L23,75.0,100.0,375.0,400.0,AISynphys,Accessed on 2025-07-08 00:00:007,0.0,1
3345,VISp,INH,Pvalb,L5,INH,Pvalb,L23,100.0,125.0,50.0,75.0,AISynphys,Accessed on 2025-07-08 00:00:007,1.0,1
3346,VISp,INH,Pvalb,L5,INH,Pvalb,L23,100.0,125.0,100.0,125.0,AISynphys,Accessed on 2025-07-08 00:00:007,0.0,1
3347,VISp,INH,Pvalb,L5,INH,Pvalb,L23,100.0,125.0,150.0,175.0,AISynphys,Accessed on 2025-07-08 00:00:007,0.0,1
3348,VISp,INH,Pvalb,L5,INH,Pvalb,L23,100.0,125.0,175.0,200.0,AISynphys,Accessed on 2025-07-08 00:00:007,0.0,1
3349,VISp,INH,Pvalb,L5,INH,Pvalb,L23,100.0,125.0,300.0,325.0,AISynphys,Accessed on 2025-07-08 00:00:007,0.0,1
3350,VISp,INH,Pvalb,L5,INH,Pvalb,L23,150.0,175.0,175.0,200.0,AISynphys,Accessed on 2025-07-08 00:00:007,0.0,1
3351,VISp,INH,Pvalb,L5,INH,Pvalb,L23,150.0,175.0,300.0,325.0,AISynphys,Accessed on 2025-07-08 00:00:007,0.0,1
3352,VISp,INH,Pvalb,L5,INH,Pvalb,L23,175.0,200.0,150.0,175.0,AISynphys,Accessed on 2025-07-08 00:00:007,0.0,1
3353,VISp,INH,Pvalb,L5,INH,Pvalb,L23,175.0,200.0,275.0,300.0,AISynphys,Accessed on 2025-07-08 00:00:007,0.0,1
3354,VISp,INH,Pvalb,L5,INH,Pvalb,L23,200.0,225.0,350.0,375.0,AISynphys,Accessed on 2025-07-08 00:00:007,0.0,1
3355,VISp,INH,Pvalb,L5,INH,Pvalb,L23,200.0,225.0,525.0,550.0,AISynphys,Accessed on 2025-07-08 00:00:007,0.0,1
3356,VISp,INH,Pvalb,L5,INH,Pvalb,L23,300.0,325.0,450.0,475.0,AISynphys,Accessed on 2025-07-08 00:00:007,0.0,1
3357,VISp,INH,Pvalb,L5,INH,Pvalb,L23,325.0,350.0,350.0,375.0,AISynphys,Accessed on 2025-07-08 00:00:007,0.0,1
3358,VISp,INH,Pvalb,L5,INH,Pvalb,L4,0.0,25.0,0.0,25.0,AISynphys,Accessed on 2025-07-08 00:00:007,0.0,1
3359,VISp,INH,Pvalb,L5,INH,Pvalb,L4,0.0,25.0,25.0,50.0,AISynphys,Accessed on 2025-07-08 00:00:007,0.5,4
3360,VISp,INH,Pvalb,L5,INH,Pvalb,L4,0.0,25.0,50.0,75.0,AISynphys,Accessed on 2025-07-08 00:00:007,0.0,5
3361,VISp,INH,Pvalb,L5,INH,Pvalb,L4,0.0,25.0,75.0,100.0,AISynphys,Accessed on 2025-07-08 00:00:007,0.3333333333333333,9
3362,VISp,INH,Pvalb,L5,INH,Pvalb,L4,0.0,25.0,100.0,125.0,AISynphys,Accessed on 2025-07-08 00:00:007,0.16666666666666666,6
3363,VISp,INH,Pvalb,L5,INH,Pvalb,L4,0.0,25.0,150.0,175.0,AISynphys,Accessed on 2025-07-08 00:00:007,0.0,1
3364,VISp,INH,Pvalb,L5,INH,Pvalb,L4,0.0,25.0,175.0,200.0,AISynphys,Accessed on 2025-07-08 00:00:007,0.0,1
3365,VISp,INH,Pvalb,L5,INH,Pvalb,L4,0.0,25.0,200.0,225.0,AISynphys,Accessed on 2025-07-08 00:00:007,0.0,1
3366,VISp,INH,Pvalb,L5,INH,Pvalb,L4,25.0,50.0,0.0,25.0,AISynphys,Accessed on 2025-07-08 00:00:007,0.0,3
3367,VISp,INH,Pvalb,L5,INH,Pvalb,L4,25.0,50.0,25.0,50.0,AISynphys,Accessed on 2025-07-08 00:00:007,0.4,5
3368,VISp,INH,Pvalb,L5,INH,Pvalb,L4,25.0,50.0,50.0,75.0,AISynphys,Accessed on 2025-07-08 00:00:007,0.25,8
3369,VISp,INH,Pvalb,L5,INH,Pvalb,L4,25.0,50.0,75.0,100.0,AISynphys,Accessed on 2025-07-08 00:00:007,0.3333333333333333,3
3370,VISp,INH,Pvalb,L5,INH,Pvalb,L4,25.0,50.0,100.0,125.0,AISynphys,Accessed on 2025-07-08 00:00:007,0.0,3
3371,VISp,INH,Pvalb,L5,INH,Pvalb,L4,25.0,50.0,150.0,175.0,AISynphys,Accessed on 2025-07-08 00:00:007,1.0,1
3372,VISp,INH,Pvalb,L5,INH,Pvalb,L4,25.0,50.0,175.0,200.0,AISynphys,Accessed on 2025-07-08 00:00:007,0.0,1
3373,VISp,INH,Pvalb,L5,INH,Pvalb,L4,25.0,50.0,200.0,225.0,AISynphys,Accessed on 2025-07-08 00:00:007,0.0,1
3374,VISp,INH,Pvalb,L5,INH,Pvalb,L4,50.0,75.0,0.0,25.0,AISynphys,Accessed on 2025-07-08 00:00:007,0.0,3
3375,VISp,INH,Pvalb,L5,INH,Pvalb,L4,50.0,75.0,25.0,50.0,AISynphys,Accessed on 2025-07-08 00:00:007,0.375,8
3376,VISp,INH,Pvalb,L5,INH,Pvalb,L4,50.0,75.0,50.0,75.0,AISynphys,Accessed on 2025-07-08 00:00:007,0.6666666666666666,3
3377,VISp,INH,Pvalb,L5,INH,Pvalb,L4,50.0,75.0,75.0,100.0,AISynphys,Accessed on 2025-07-08 00:00:007,0.0,3
3378,VISp,INH,Pvalb,L5,INH,Pvalb,L4,50.0,75.0,100.0,125.0,AISynphys,Accessed on 2025-07-08 00:00:007,0.0,3
3379,VISp,INH,Pvalb,L5,INH,Pvalb,L4,50.0,75.0,150.0,175.0,AISynphys,Accessed on 2025-07-08 00:00:007,0.0,1
3380,VISp,INH,Pvalb,L5,INH,Pvalb,L4,50.0,75.0,250.0,275.0,AISynphys,Accessed on 2025-07-08 00:00:007,0.0,1
3381,VISp,INH,Pvalb,L5,INH,Pvalb,L4,75.0,100.0,0.0,25.0,AISynphys,Accessed on 2025-07-08 00:00:007,1.0,2
3382,VISp,INH,Pvalb,L5,INH,Pvalb,L4,75.0,100.0,25.0,50.0,AISynphys,Accessed on 2025-07-08 00:00:007,0.42857142857142855,7
3383,VISp,INH,Pvalb,L5,INH,Pvalb,L4,75.0,100.0,50.0,75.0,AISynphys,Accessed on 2025-07-08 00:00:007,0.0,3
3384,VISp,INH,Pvalb,L5,INH,Pvalb,L4,75.0,100.0,75.0,100.0,AISynphys,Accessed on 2025-07-08 00:00:007,0.0,2
3385,VISp,INH,Pvalb,L5,INH,Pvalb,L4,75.0,100.0,100.0,125.0,AISynphys,Accessed on 2025-07-08 00:00:007,0.0,2
3386,VISp,INH,Pvalb,L5,INH,Pvalb,L4,100.0,125.0,0.0,25.0,AISynphys,Accessed on 2025-07-08 00:00:007,1.0,1
3387,VISp,INH,Pvalb,L5,INH,Pvalb,L4,100.0,125.0,25.0,50.0,AISynphys,Accessed on 2025-07-08 00:00:007,0.25,4
3388,VISp,INH,Pvalb,L5,INH,Pvalb,L4,100.0,125.0,50.0,75.0,AISynphys,Accessed on 2025-07-08 00:00:007,0.0,1
3389,VISp,INH,Pvalb,L5,INH,Pvalb,L4,100.0,125.0,75.0,100.0,AISynphys,Accessed on 2025-07-08 00:00:007,0.0,2
3390,VISp,INH,Pvalb,L5,INH,Pvalb,L4,100.0,125.0,100.0,125.0,AISynphys,Accessed on 2025-07-08 00:00:007,0.0,4
3391,VISp,INH,Pvalb,L5,INH,Pvalb,L4,100.0,125.0,175.0,200.0,AISynphys,Accessed on 2025-07-08 00:00:007,0.0,1
3392,VISp,INH,Pvalb,L5,INH,Pvalb,L4,125.0,150.0,0.0,25.0,AISynphys,Accessed on 2025-07-08 00:00:007,0.0,1
3393,VISp,INH,Pvalb,L5,INH,Pvalb,L4,125.0,150.0,25.0,50.0,AISynphys,Accessed on 2025-07-08 00:00:007,0.0,2
3394,VISp,INH,Pvalb,L5,INH,Pvalb,L4,125.0,150.0,75.0,100.0,AISynphys,Accessed on 2025-07-08 00:00:007,0.0,2
3395,VISp,INH,Pvalb,L5,INH,Pvalb,L4,150.0,175.0,0.0,25.0,AISynphys,Accessed on 2025-07-08 00:00:007,0.0,1
3396,VISp,INH,Pvalb,L5,INH,Pvalb,L4,150.0,175.0,25.0,50.0,AISynphys,Accessed on 2025-07-08 00:00:007,0.0,1
3397,VISp,INH,Pvalb,L5,INH,Pvalb,L4,150.0,175.0,50.0,75.0,AISynphys,Accessed on 2025-07-08 00:00:007,0.0,3
3398,VISp,INH,Pvalb,L5,INH,Pvalb,L4,150.0,175.0,75.0,100.0,AISynphys,Accessed on 2025-07-08 00:00:007,0.6666666666666666,3
3399,VISp,INH,Pvalb,L5,INH,Pvalb,L4,175.0,200.0,0.0,25.0,AISynphys,Accessed on 2025-07-08 00:00:007,0.0,1
3400,VISp,INH,Pvalb,L5,INH,Pvalb,L4,175.0,200.0,25.0,50.0,AISynphys,Accessed on 2025-07-08 00:00:007,0.0,1
3401,VISp,INH,Pvalb,L5,INH,Pvalb,L4,175.0,200.0,200.0,225.0,AISynphys,Accessed on 2025-07-08 00:00:007,0.0,1
3402,VISp,INH,Pvalb,L5,INH,Pvalb,L4,200.0,225.0,50.0,75.0,AISynphys,Accessed on 2025-07-08 00:00:007,0.0,1
3403,VISp,INH,Pvalb,L5,INH,Pvalb,L4,200.0,225.0,75.0,100.0,AISynphys,Accessed on 2025-07-08 00:00:007,0.0,1
3404,VISp,INH,Pvalb,L5,INH,Pvalb,L4,225.0,250.0,0.0,25.0,AISynphys,Accessed on 2025-07-08 00:00:007,0.0,1
3405,VISp,INH,Pvalb,L5,INH,Pvalb,L4,250.0,275.0,50.0,75.0,AISynphys,Accessed on 2025-07-08 00:00:007,0.0,1
3406,VISp,INH,Pvalb,L5,INH,Pvalb,L4,275.0,300.0,200.0,225.0,AISynphys,Accessed on 2025-07-08 00:00:007,0.0,1
3407,VISp,INH,Pvalb,L5,INH,Pvalb,L5,0.0,25.0,0.0,25.0,AISynphys,Accessed on 2025-07-08 00:00:007,0.09375,32
3408,VISp,INH,Pvalb,L5,INH,Pvalb,L5,0.0,25.0,25.0,50.0,AISynphys,Accessed on 2025-07-08 00:00:007,0.1111111111111111,36
3409,VISp,INH,Pvalb,L5,INH,Pvalb,L5,0.0,25.0,50.0,75.0,AISynphys,Accessed on 2025-07-08 00:00:007,0.11538461538461539,26
3410,VISp,INH,Pvalb,L5,INH,Pvalb,L5,0.0,25.0,75.0,100.0,AISynphys,Accessed on 2025-07-08 00:00:007,0.05555555555555555,18
3411,VISp,INH,Pvalb,L5,INH,Pvalb,L5,0.0,25.0,100.0,125.0,AISynphys,Accessed on 2025-07-08 00:00:007,0.0,8
3412,VISp,INH,Pvalb,L5,INH,Pvalb,L5,0.0,25.0,125.0,150.0,AISynphys,Accessed on 2025-07-08 00:00:007,0.16666666666666666,6
3413,VISp,INH,Pvalb,L5,INH,Pvalb,L5,0.0,25.0,150.0,175.0,AISynphys,Accessed on 2025-07-08 00:00:007,0.0,2
3414,VISp,INH,Pvalb,L5,INH,Pvalb,L5,25.0,50.0,0.0,25.0,AISynphys,Accessed on 2025-07-08 00:00:007,0.19230769230769232,52
3415,VISp,INH,Pvalb,L5,INH,Pvalb,L5,25.0,50.0,25.0,50.0,AISynphys,Accessed on 2025-07-08 00:00:007,0.19444444444444445,36
3416,VISp,INH,Pvalb,L5,INH,Pvalb,L5,25.0,50.0,50.0,75.0,AISynphys,Accessed on 2025-07-08 00:00:007,0.05,20
3417,VISp,INH,Pvalb,L5,INH,Pvalb,L5,25.0,50.0,75.0,100.0,AISynphys,Accessed on 2025-07-08 00:00:007,0.07142857142857142,14
3418,VISp,INH,Pvalb,L5,INH,Pvalb,L5,25.0,50.0,100.0,125.0,AISynphys,Accessed on 2025-07-08 00:00:007,0.0,14
3419,VISp,INH,Pvalb,L5,INH,Pvalb,L5,25.0,50.0,150.0,175.0,AISynphys,Accessed on 2025-07-08 00:00:007,0.0,4
3420,VISp,INH,Pvalb,L5,INH,Pvalb,L5,25.0,50.0,175.0,200.0,AISynphys,Accessed on 2025-07-08 00:00:007,0.0,4
3421,VISp,INH,Pvalb,L5,INH,Pvalb,L5,50.0,75.0,0.0,25.0,AISynphys,Accessed on 2025-07-08 00:00:007,0.20588235294117646,34
3422,VISp,INH,Pvalb,L5,INH,Pvalb,L5,50.0,75.0,25.0,50.0,AISynphys,Accessed on 2025-07-08 00:00:007,0.15625,32
3423,VISp,INH,Pvalb,L5,INH,Pvalb,L5,50.0,75.0,50.0,75.0,AISynphys,Accessed on 2025-07-08 00:00:007,0.2857142857142857,14
3424,VISp,INH,Pvalb,L5,INH,Pvalb,L5,50.0,75.0,75.0,100.0,AISynphys,Accessed on 2025-07-08 00:00:007,0.08333333333333333,12
3425,VISp,INH,Pvalb,L5,INH,Pvalb,L5,50.0,75.0,100.0,125.0,AISynphys,Accessed on 2025-07-08 00:00:007,0.0,2
3426,VISp,INH,Pvalb,L5,INH,Pvalb,L5,50.0,75.0,125.0,150.0,AISynphys,Accessed on 2025-07-08 00:00:007,0.0,10
3427,VISp,INH,Pvalb,L5,INH,Pvalb,L5,50.0,75.0,150.0,175.0,AISynphys,Accessed on 2025-07-08 00:00:007,0.0,6
3428,VISp,INH,Pvalb,L5,INH,Pvalb,L5,75.0,100.0,0.0,25.0,AISynphys,Accessed on 2025-07-08 00:00:007,0.1,30
3429,VISp,INH,Pvalb,L5,INH,Pvalb,L5,75.0,100.0,25.0,50.0,AISynphys,Accessed on 2025-07-08 00:00:007,0.21428571428571427,28
3430,VISp,INH,Pvalb,L5,INH,Pvalb,L5,75.0,100.0,50.0,75.0,AISynphys,Accessed on 2025-07-08 00:00:007,0.16666666666666666,6
3431,VISp,INH,Pvalb,L5,INH,Pvalb,L5,75.0,100.0,75.0,100.0,AISynphys,Accessed on 2025-07-08 00:00:007,0.0,16
3432,VISp,INH,Pvalb,L5,INH,Pvalb,L5,75.0,100.0,100.0,125.0,AISynphys,Accessed on 2025-07-08 00:00:007,0.0,2
3433,VISp,INH,Pvalb,L5,INH,Pvalb,L5,75.0,100.0,150.0,175.0,AISynphys,Accessed on 2025-07-08 00:00:007,0.0,2
3434,VISp,INH,Pvalb,L5,INH,Pvalb,L5,100.0,125.0,0.0,25.0,AISynphys,Accessed on 2025-07-08 00:00:007,0.10714285714285714,28
3435,VISp,INH,Pvalb,L5,INH,Pvalb,L5,100.0,125.0,25.0,50.0,AISynphys,Accessed on 2025-07-08 00:00:007,0.125,24
3436,VISp,INH,Pvalb,L5,INH,Pvalb,L5,100.0,125.0,50.0,75.0,AISynphys,Accessed on 2025-07-08 00:00:007,0.0625,16
3437,VISp,INH,Pvalb,L5,INH,Pvalb,L5,100.0,125.0,75.0,100.0,AISynphys,Accessed on 2025-07-08 00:00:007,0.25,4
3438,VISp,INH,Pvalb,L5,INH,Pvalb,L5,100.0,125.0,100.0,125.0,AISynphys,Accessed on 2025-07-08 00:00:007,0.0,4
3439,VISp,INH,Pvalb,L5,INH,Pvalb,L5,100.0,125.0,125.0,150.0,AISynphys,Accessed on 2025-07-08 00:00:007,0.0,4
3440,VISp,INH,Pvalb,L5,INH,Pvalb,L5,100.0,125.0,150.0,175.0,AISynphys,Accessed on 2025-07-08 00:00:007,0.0,2
3441,VISp,INH,Pvalb,L5,INH,Pvalb,L5,100.0,125.0,175.0,200.0,AISynphys,Accessed on 2025-07-08 00:00:007,0.5,2
3442,VISp,INH,Pvalb,L5,INH,Pvalb,L5,125.0,150.0,0.0,25.0,AISynphys,Accessed on 2025-07-08 00:00:007,0.05555555555555555,18
3443,VISp,INH,Pvalb,L5,INH,Pvalb,L5,125.0,150.0,25.0,50.0,AISynphys,Accessed on 2025-07-08 00:00:007,0.0,12
3444,VISp,INH,Pvalb,L5,INH,Pvalb,L5,125.0,150.0,50.0,75.0,AISynphys,Accessed on 2025-07-08 00:00:007,0.0,10
3445,VISp,INH,Pvalb,L5,INH,Pvalb,L5,125.0,150.0,75.0,100.0,AISynphys,Accessed on 2025-07-08 00:00:007,0.0,6
3446,VISp,INH,Pvalb,L5,INH,Pvalb,L5,125.0,150.0,100.0,125.0,AISynphys,Accessed on 2025-07-08 00:00:007,0.0,2
3447,VISp,INH,Pvalb,L5,INH,Pvalb,L5,125.0,150.0,125.0,150.0,AISynphys,Accessed on 2025-07-08 00:00:007,0.0,2
3448,VISp,INH,Pvalb,L5,INH,Pvalb,L5,125.0,150.0,175.0,200.0,AISynphys,Accessed on 2025-07-08 00:00:007,0.0,2
3449,VISp,INH,Pvalb,L5,INH,Pvalb,L5,150.0,175.0,0.0,25.0,AISynphys,Accessed on 2025-07-08 00:00:007,0.07142857142857142,14
3450,VISp,INH,Pvalb,L5,INH,Pvalb,L5,150.0,175.0,25.0,50.0,AISynphys,Accessed on 2025-07-08 00:00:007,0.16666666666666666,12
3451,VISp,INH,Pvalb,L5,INH,Pvalb,L5,150.0,175.0,50.0,75.0,AISynphys,Accessed on 2025-07-08 00:00:007,0.25,4
3452,VISp,INH,Pvalb,L5,INH,Pvalb,L5,150.0,175.0,75.0,100.0,AISynphys,Accessed on 2025-07-08 00:00:007,0.0,2
3453,VISp,INH,Pvalb,L5,INH,Pvalb,L5,175.0,200.0,0.0,25.0,AISynphys,Accessed on 2025-07-08 00:00:007,0.0,2
3454,VISp,INH,Pvalb,L5,INH,Pvalb,L5,175.0,200.0,25.0,50.0,AISynphys,Accessed on 2025-07-08 00:00:007,0.0,10
3455,VISp,INH,Pvalb,L5,INH,Pvalb,L5,175.0,200.0,50.0,75.0,AISynphys,Accessed on 2025-07-08 00:00:007,0.25,4
3456,VISp,INH,Pvalb,L5,INH,Pvalb,L5,175.0,200.0,75.0,100.0,AISynphys,Accessed on 2025-07-08 00:00:007,0.0,2
3457,VISp,INH,Pvalb,L5,INH,Pvalb,L5,175.0,200.0,100.0,125.0,AISynphys,Accessed on 2025-07-08 00:00:007,0.0,2
3458,VISp,INH,Pvalb,L5,INH,Pvalb,L5,175.0,200.0,125.0,150.0,AISynphys,Accessed on 2025-07-08 00:00:007,0.0,4
3459,VISp,INH,Pvalb,L5,INH,Pvalb,L5,200.0,225.0,0.0,25.0,AISynphys,Accessed on 2025-07-08 00:00:007,0.5,2
3460,VISp,INH,Pvalb,L5,INH,Pvalb,L5,200.0,225.0,50.0,75.0,AISynphys,Accessed on 2025-07-08 00:00:007,0.0,2
3461,VISp,INH,Pvalb,L5,INH,Pvalb,L5,200.0,225.0,75.0,100.0,AISynphys,Accessed on 2025-07-08 00:00:007,0.0,2
3462,VISp,INH,Pvalb,L5,INH,Pvalb,L5,200.0,225.0,125.0,150.0,AISynphys,Accessed on 2025-07-08 00:00:007,0.0,2
3463,VISp,INH,Pvalb,L5,INH,Pvalb,L5,225.0,250.0,0.0,25.0,AISynphys,Accessed on 2025-07-08 00:00:007,0.0,2
3464,VISp,INH,Pvalb,L5,INH,Pvalb,L5,225.0,250.0,50.0,75.0,AISynphys,Accessed on 2025-07-08 00:00:007,0.0,2
3465,VISp,INH,Pvalb,L5,INH,Pvalb,L5,275.0,300.0,0.0,25.0,AISynphys,Accessed on 2025-07-08 00:00:007,0.0,2
3466,VISp,INH,Pvalb,L5,INH,Pvalb,L6a,0.0,25.0,0.0,25.0,AISynphys,Accessed on 2025-07-08 00:00:007,0.0,1
3467,VISp,INH,Pvalb,L5,INH,Pvalb,L6a,0.0,25.0,25.0,50.0,AISynphys,Accessed on 2025-07-08 00:00:007,0.0,1
3468,VISp,INH,Pvalb,L5,INH,Pvalb,L6a,0.0,25.0,50.0,75.0,AISynphys,Accessed on 2025-07-08 00:00:007,0.0,6
3469,VISp,INH,Pvalb,L5,INH,Pvalb,L6a,0.0,25.0,75.0,100.0,AISynphys,Accessed on 2025-07-08 00:00:007,0.5,2
3470,VISp,INH,Pvalb,L5,INH,Pvalb,L6a,0.0,25.0,100.0,125.0,AISynphys,Accessed on 2025-07-08 00:00:007,0.0,3
3471,VISp,INH,Pvalb,L5,INH,Pvalb,L6a,0.0,25.0,125.0,150.0,AISynphys,Accessed on 2025-07-08 00:00:007,0.0,3
3472,VISp,INH,Pvalb,L5,INH,Pvalb,L6a,0.0,25.0,150.0,175.0,AISynphys,Accessed on 2025-07-08 00:00:007,0.0,2
3473,VISp,INH,Pvalb,L5,INH,Pvalb,L6a,0.0,25.0,175.0,200.0,AISynphys,Accessed on 2025-07-08 00:00:007,0.0,1
3474,VISp,INH,Pvalb,L5,INH,Pvalb,L6a,25.0,50.0,25.0,50.0,AISynphys,Accessed on 2025-07-08 00:00:007,0.0,3
3475,VISp,INH,Pvalb,L5,INH,Pvalb,L6a,25.0,50.0,50.0,75.0,AISynphys,Accessed on 2025-07-08 00:00:007,0.0,3
3476,VISp,INH,Pvalb,L5,INH,Pvalb,L6a,25.0,50.0,75.0,100.0,AISynphys,Accessed on 2025-07-08 00:00:007,0.0,5
3477,VISp,INH,Pvalb,L5,INH,Pvalb,L6a,25.0,50.0,100.0,125.0,AISynphys,Accessed on 2025-07-08 00:00:007,0.0,2
3478,VISp,INH,Pvalb,L5,INH,Pvalb,L6a,25.0,50.0,125.0,150.0,AISynphys,Accessed on 2025-07-08 00:00:007,0.0,1
3479,VISp,INH,Pvalb,L5,INH,Pvalb,L6a,25.0,50.0,150.0,175.0,AISynphys,Accessed on 2025-07-08 00:00:007,0.0,3
3480,VISp,INH,Pvalb,L5,INH,Pvalb,L6a,25.0,50.0,175.0,200.0,AISynphys,Accessed on 2025-07-08 00:00:007,0.0,1
3481,VISp,INH,Pvalb,L5,INH,Pvalb,L6a,25.0,50.0,200.0,225.0,AISynphys,Accessed on 2025-07-08 00:00:007,0.0,1
3482,VISp,INH,Pvalb,L5,INH,Pvalb,L6a,50.0,75.0,25.0,50.0,AISynphys,Accessed on 2025-07-08 00:00:007,0.0,3
3483,VISp,INH,Pvalb,L5,INH,Pvalb,L6a,50.0,75.0,50.0,75.0,AISynphys,Accessed on 2025-07-08 00:00:007,0.0,3
3484,VISp,INH,Pvalb,L5,INH,Pvalb,L6a,50.0,75.0,75.0,100.0,AISynphys,Accessed on 2025-07-08 00:00:007,0.0,3
3485,VISp,INH,Pvalb,L5,INH,Pvalb,L6a,50.0,75.0,100.0,125.0,AISynphys,Accessed on 2025-07-08 00:00:007,0.0,2
3486,VISp,INH,Pvalb,L5,INH,Pvalb,L6a,50.0,75.0,150.0,175.0,AISynphys,Accessed on 2025-07-08 00:00:007,0.0,1
3487,VISp,INH,Pvalb,L5,INH,Pvalb,L6a,50.0,75.0,225.0,250.0,AISynphys,Accessed on 2025-07-08 00:00:007,0.0,1
3488,VISp,INH,Pvalb,L5,INH,Pvalb,L6a,50.0,75.0,325.0,350.0,AISynphys,Accessed on 2025-07-08 00:00:007,0.0,1
3489,VISp,INH,Pvalb,L5,INH,Pvalb,L6a,75.0,100.0,25.0,50.0,AISynphys,Accessed on 2025-07-08 00:00:007,0.0,3
3490,VISp,INH,Pvalb,L5,INH,Pvalb,L6a,75.0,100.0,50.0,75.0,AISynphys,Accessed on 2025-07-08 00:00:007,0.0,1
3491,VISp,INH,Pvalb,L5,INH,Pvalb,L6a,75.0,100.0,75.0,100.0,AISynphys,Accessed on 2025-07-08 00:00:007,0.0,1
3492,VISp,INH,Pvalb,L5,INH,Pvalb,L6a,75.0,100.0,100.0,125.0,AISynphys,Accessed on 2025-07-08 00:00:007,0.0,2
3493,VISp,INH,Pvalb,L5,INH,Pvalb,L6a,75.0,100.0,150.0,175.0,AISynphys,Accessed on 2025-07-08 00:00:007,0.0,1
3494,VISp,INH,Pvalb,L5,INH,Pvalb,L6a,75.0,100.0,225.0,250.0,AISynphys,Accessed on 2025-07-08 00:00:007,0.0,1
3495,VISp,INH,Pvalb,L5,INH,Pvalb,L6a,75.0,100.0,250.0,275.0,AISynphys,Accessed on 2025-07-08 00:00:007,0.0,1
3496,VISp,INH,Pvalb,L5,INH,Pvalb,L6a,75.0,100.0,300.0,325.0,AISynphys,Accessed on 2025-07-08 00:00:007,0.0,1
3497,VISp,INH,Pvalb,L5,INH,Pvalb,L6a,100.0,125.0,0.0,25.0,AISynphys,Accessed on 2025-07-08 00:00:007,0.0,1
3498,VISp,INH,Pvalb,L5,INH,Pvalb,L6a,100.0,125.0,25.0,50.0,AISynphys,Accessed on 2025-07-08 00:00:007,0.3333333333333333,3
3499,VISp,INH,Pvalb,L5,INH,Pvalb,L6a,100.0,125.0,75.0,100.0,AISynphys,Accessed on 2025-07-08 00:00:007,0.5,2
3500,VISp,INH,Pvalb,L5,INH,Pvalb,L6a,100.0,125.0,100.0,125.0,AISynphys,Accessed on 2025-07-08 00:00:007,0.0,5
3501,VISp,INH,Pvalb,L5,INH,Pvalb,L6a,100.0,125.0,125.0,150.0,AISynphys,Accessed on 2025-07-08 00:00:007,0.0,1
3502,VISp,INH,Pvalb,L5,INH,Pvalb,L6a,100.0,125.0,150.0,175.0,AISynphys,Accessed on 2025-07-08 00:00:007,0.0,1
3503,VISp,INH,Pvalb,L5,INH,Pvalb,L6a,125.0,150.0,25.0,50.0,AISynphys,Accessed on 2025-07-08 00:00:007,0.3333333333333333,3
3504,VISp,INH,Pvalb,L5,INH,Pvalb,L6a,125.0,150.0,50.0,75.0,AISynphys,Accessed on 2025-07-08 00:00:007,0.0,2
3505,VISp,INH,Pvalb,L5,INH,Pvalb,L6a,125.0,150.0,75.0,100.0,AISynphys,Accessed on 2025-07-08 00:00:007,0.0,1
3506,VISp,INH,Pvalb,L5,INH,Pvalb,L6a,125.0,150.0,100.0,125.0,AISynphys,Accessed on 2025-07-08 00:00:007,0.0,2
3507,VISp,INH,Pvalb,L5,INH,Pvalb,L6a,125.0,150.0,125.0,150.0,AISynphys,Accessed on 2025-07-08 00:00:007,0.0,2
3508,VISp,INH,Pvalb,L5,INH,Pvalb,L6a,125.0,150.0,150.0,175.0,AISynphys,Accessed on 2025-07-08 00:00:007,0.0,1
3509,VISp,INH,Pvalb,L5,INH,Pvalb,L6a,150.0,175.0,25.0,50.0,AISynphys,Accessed on 2025-07-08 00:00:007,0.0,1
3510,VISp,INH,Pvalb,L5,INH,Pvalb,L6a,150.0,175.0,50.0,75.0,AISynphys,Accessed on 2025-07-08 00:00:007,0.0,1
3511,VISp,INH,Pvalb,L5,INH,Pvalb,L6a,150.0,175.0,75.0,100.0,AISynphys,Accessed on 2025-07-08 00:00:007,0.0,1
3512,VISp,INH,Pvalb,L5,INH,Pvalb,L6a,150.0,175.0,100.0,125.0,AISynphys,Accessed on 2025-07-08 00:00:007,0.0,1
3513,VISp,INH,Pvalb,L5,INH,Pvalb,L6a,150.0,175.0,150.0,175.0,AISynphys,Accessed on 2025-07-08 00:00:007,0.0,1
3514,VISp,INH,Pvalb,L5,INH,Pvalb,L6a,150.0,175.0,200.0,225.0,AISynphys,Accessed on 2025-07-08 00:00:007,0.0,1
3515,VISp,INH,Pvalb,L5,INH,Pvalb,L6a,175.0,200.0,0.0,25.0,AISynphys,Accessed on 2025-07-08 00:00:007,0.0,2
3516,VISp,INH,Pvalb,L5,INH,Pvalb,L6a,175.0,200.0,25.0,50.0,AISynphys,Accessed on 2025-07-08 00:00:007,0.0,1
3517,VISp,INH,Pvalb,L5,INH,Pvalb,L6a,175.0,200.0,75.0,100.0,AISynphys,Accessed on 2025-07-08 00:00:007,0.0,2
3518,VISp,INH,Pvalb,L5,INH,Pvalb,L6a,175.0,200.0,100.0,125.0,AISynphys,Accessed on 2025-07-08 00:00:007,0.5,2
3519,VISp,INH,Pvalb,L5,INH,Pvalb,L6a,175.0,200.0,125.0,150.0,AISynphys,Accessed on 2025-07-08 00:00:007,0.0,1
3520,VISp,INH,Pvalb,L5,INH,Pvalb,L6a,200.0,225.0,25.0,50.0,AISynphys,Accessed on 2025-07-08 00:00:007,0.0,2
3521,VISp,INH,Pvalb,L5,INH,Pvalb,L6a,200.0,225.0,175.0,200.0,AISynphys,Accessed on 2025-07-08 00:00:007,0.0,2
3522,VISp,INH,Pvalb,L5,INH,Pvalb,L6a,225.0,250.0,50.0,75.0,AISynphys,Accessed on 2025-07-08 00:00:007,0.0,1
3523,VISp,INH,Pvalb,L5,INH,Pvalb,L6a,225.0,250.0,225.0,250.0,AISynphys,Accessed on 2025-07-08 00:00:007,0.0,1
3524,VISp,INH,Pvalb,L5,INH,"Pvalb,Sst",L5,50.0,75.0,0.0,25.0,AISynphys,Accessed on 2025-07-08 00:00:007,0.0,1
3525,VISp,INH,Pvalb,L5,INH,Sst,L23,0.0,25.0,150.0,175.0,AISynphys,Accessed on 2025-07-08 00:00:007,0.0,1
3526,VISp,INH,Pvalb,L5,INH,Sst,L23,0.0,25.0,350.0,375.0,AISynphys,Accessed on 2025-07-08 00:00:007,0.0,1
3527,VISp,INH,Pvalb,L5,INH,Sst,L23,25.0,50.0,150.0,175.0,AISynphys,Accessed on 2025-07-08 00:00:007,0.0,2
3528,VISp,INH,Pvalb,L5,INH,Sst,L23,25.0,50.0,300.0,325.0,AISynphys,Accessed on 2025-07-08 00:00:007,0.0,1
3529,VISp,INH,Pvalb,L5,INH,Sst,L23,50.0,75.0,50.0,75.0,AISynphys,Accessed on 2025-07-08 00:00:007,0.0,1
3530,VISp,INH,Pvalb,L5,INH,Sst,L23,50.0,75.0,125.0,150.0,AISynphys,Accessed on 2025-07-08 00:00:007,0.0,1
3531,VISp,INH,Pvalb,L5,INH,Sst,L23,75.0,100.0,100.0,125.0,AISynphys,Accessed on 2025-07-08 00:00:007,0.0,1
3532,VISp,INH,Pvalb,L5,INH,Sst,L23,75.0,100.0,125.0,150.0,AISynphys,Accessed on 2025-07-08 00:00:007,0.0,2
3533,VISp,INH,Pvalb,L5,INH,Sst,L23,100.0,125.0,50.0,75.0,AISynphys,Accessed on 2025-07-08 00:00:007,0.0,1
3534,VISp,INH,Pvalb,L5,INH,Sst,L23,200.0,225.0,125.0,150.0,AISynphys,Accessed on 2025-07-08 00:00:007,0.0,1
3535,VISp,INH,Pvalb,L5,INH,Sst,L23,275.0,300.0,500.0,525.0,AISynphys,Accessed on 2025-07-08 00:00:007,0.0,1
3536,VISp,INH,Pvalb,L5,INH,Sst,L4,0.0,25.0,0.0,25.0,AISynphys,Accessed on 2025-07-08 00:00:007,0.0,1
3537,VISp,INH,Pvalb,L5,INH,Sst,L4,0.0,25.0,25.0,50.0,AISynphys,Accessed on 2025-07-08 00:00:007,0.0,1
3538,VISp,INH,Pvalb,L5,INH,Sst,L4,0.0,25.0,75.0,100.0,AISynphys,Accessed on 2025-07-08 00:00:007,0.0,3
3539,VISp,INH,Pvalb,L5,INH,Sst,L4,0.0,25.0,125.0,150.0,AISynphys,Accessed on 2025-07-08 00:00:007,0.0,1
3540,VISp,INH,Pvalb,L5,INH,Sst,L4,25.0,50.0,75.0,100.0,AISynphys,Accessed on 2025-07-08 00:00:007,0.0,1
3541,VISp,INH,Pvalb,L5,INH,Sst,L4,25.0,50.0,125.0,150.0,AISynphys,Accessed on 2025-07-08 00:00:007,0.0,2
3542,VISp,INH,Pvalb,L5,INH,Sst,L4,25.0,50.0,200.0,225.0,AISynphys,Accessed on 2025-07-08 00:00:007,0.0,1
3543,VISp,INH,Pvalb,L5,INH,Sst,L4,50.0,75.0,50.0,75.0,AISynphys,Accessed on 2025-07-08 00:00:007,0.0,1
3544,VISp,INH,Pvalb,L5,INH,Sst,L4,75.0,100.0,75.0,100.0,AISynphys,Accessed on 2025-07-08 00:00:007,0.0,1
3545,VISp,INH,Pvalb,L5,INH,Sst,L4,75.0,100.0,150.0,175.0,AISynphys,Accessed on 2025-07-08 00:00:007,0.0,1
3546,VISp,INH,Pvalb,L5,INH,Sst,L4,125.0,150.0,75.0,100.0,AISynphys,Accessed on 2025-07-08 00:00:007,0.0,1
3547,VISp,INH,Pvalb,L5,INH,Sst,L4,175.0,200.0,25.0,50.0,AISynphys,Accessed on 2025-07-08 00:00:007,0.0,1
3548,VISp,INH,Pvalb,L5,INH,Sst,L4,200.0,225.0,75.0,100.0,AISynphys,Accessed on 2025-07-08 00:00:007,0.0,1
3549,VISp,INH,Pvalb,L5,INH,Sst,L4,200.0,225.0,200.0,225.0,AISynphys,Accessed on 2025-07-08 00:00:007,0.0,1
3550,VISp,INH,Pvalb,L5,INH,Sst,L5,0.0,25.0,0.0,25.0,AISynphys,Accessed on 2025-07-08 00:00:007,0.0,18
3551,VISp,INH,Pvalb,L5,INH,Sst,L5,0.0,25.0,25.0,50.0,AISynphys,Accessed on 2025-07-08 00:00:007,0.0,10
3552,VISp,INH,Pvalb,L5,INH,Sst,L5,0.0,25.0,50.0,75.0,AISynphys,Accessed on 2025-07-08 00:00:007,0.14285714285714285,7
3553,VISp,INH,Pvalb,L5,INH,Sst,L5,0.0,25.0,75.0,100.0,AISynphys,Accessed on 2025-07-08 00:00:007,0.0,7
3554,VISp,INH,Pvalb,L5,INH,Sst,L5,0.0,25.0,100.0,125.0,AISynphys,Accessed on 2025-07-08 00:00:007,0.0,4
3555,VISp,INH,Pvalb,L5,INH,Sst,L5,0.0,25.0,125.0,150.0,AISynphys,Accessed on 2025-07-08 00:00:007,0.0,3
3556,VISp,INH,Pvalb,L5,INH,Sst,L5,25.0,50.0,0.0,25.0,AISynphys,Accessed on 2025-07-08 00:00:007,0.0,15
3557,VISp,INH,Pvalb,L5,INH,Sst,L5,25.0,50.0,25.0,50.0,AISynphys,Accessed on 2025-07-08 00:00:007,0.0,10
3558,VISp,INH,Pvalb,L5,INH,Sst,L5,25.0,50.0,50.0,75.0,AISynphys,Accessed on 2025-07-08 00:00:007,0.0,7
3559,VISp,INH,Pvalb,L5,INH,Sst,L5,25.0,50.0,75.0,100.0,AISynphys,Accessed on 2025-07-08 00:00:007,0.0,7
3560,VISp,INH,Pvalb,L5,INH,Sst,L5,25.0,50.0,100.0,125.0,AISynphys,Accessed on 2025-07-08 00:00:007,0.0,4
3561,VISp,INH,Pvalb,L5,INH,Sst,L5,25.0,50.0,125.0,150.0,AISynphys,Accessed on 2025-07-08 00:00:007,0.0,2
3562,VISp,INH,Pvalb,L5,INH,Sst,L5,50.0,75.0,0.0,25.0,AISynphys,Accessed on 2025-07-08 00:00:007,0.07142857142857142,14
3563,VISp,INH,Pvalb,L5,INH,Sst,L5,50.0,75.0,25.0,50.0,AISynphys,Accessed on 2025-07-08 00:00:007,0.0,12
3564,VISp,INH,Pvalb,L5,INH,Sst,L5,50.0,75.0,50.0,75.0,AISynphys,Accessed on 2025-07-08 00:00:007,0.14285714285714285,7
3565,VISp,INH,Pvalb,L5,INH,Sst,L5,50.0,75.0,75.0,100.0,AISynphys,Accessed on 2025-07-08 00:00:007,0.0,4
3566,VISp,INH,Pvalb,L5,INH,Sst,L5,50.0,75.0,100.0,125.0,AISynphys,Accessed on 2025-07-08 00:00:007,0.3333333333333333,3
3567,VISp,INH,Pvalb,L5,INH,Sst,L5,50.0,75.0,125.0,150.0,AISynphys,Accessed on 2025-07-08 00:00:007,0.0,2
3568,VISp,INH,Pvalb,L5,INH,Sst,L5,50.0,75.0,150.0,175.0,AISynphys,Accessed on 2025-07-08 00:00:007,0.0,1
3569,VISp,INH,Pvalb,L5,INH,Sst,L5,75.0,100.0,0.0,25.0,AISynphys,Accessed on 2025-07-08 00:00:007,0.0,13
3570,VISp,INH,Pvalb,L5,INH,Sst,L5,75.0,100.0,25.0,50.0,AISynphys,Accessed on 2025-07-08 00:00:007,0.0,8
3571,VISp,INH,Pvalb,L5,INH,Sst,L5,75.0,100.0,50.0,75.0,AISynphys,Accessed on 2025-07-08 00:00:007,0.0,4
3572,VISp,INH,Pvalb,L5,INH,Sst,L5,75.0,100.0,75.0,100.0,AISynphys,Accessed on 2025-07-08 00:00:007,0.0,3
3573,VISp,INH,Pvalb,L5,INH,Sst,L5,75.0,100.0,100.0,125.0,AISynphys,Accessed on 2025-07-08 00:00:007,0.0,4
3574,VISp,INH,Pvalb,L5,INH,Sst,L5,100.0,125.0,0.0,25.0,AISynphys,Accessed on 2025-07-08 00:00:007,0.0,8
3575,VISp,INH,Pvalb,L5,INH,Sst,L5,100.0,125.0,25.0,50.0,AISynphys,Accessed on 2025-07-08 00:00:007,0.0,4
3576,VISp,INH,Pvalb,L5,INH,Sst,L5,100.0,125.0,50.0,75.0,AISynphys,Accessed on 2025-07-08 00:00:007,0.0,9
3577,VISp,INH,Pvalb,L5,INH,Sst,L5,100.0,125.0,75.0,100.0,AISynphys,Accessed on 2025-07-08 00:00:007,0.0,1
3578,VISp,INH,Pvalb,L5,INH,Sst,L5,100.0,125.0,125.0,150.0,AISynphys,Accessed on 2025-07-08 00:00:007,0.0,2
3579,VISp,INH,Pvalb,L5,INH,Sst,L5,100.0,125.0,150.0,175.0,AISynphys,Accessed on 2025-07-08 00:00:007,0.0,1
3580,VISp,INH,Pvalb,L5,INH,Sst,L5,100.0,125.0,175.0,200.0,AISynphys,Accessed on 2025-07-08 00:00:007,0.0,1
3581,VISp,INH,Pvalb,L5,INH,Sst,L5,125.0,150.0,0.0,25.0,AISynphys,Accessed on 2025-07-08 00:00:007,0.1111111111111111,9
3582,VISp,INH,Pvalb,L5,INH,Sst,L5,125.0,150.0,25.0,50.0,AISynphys,Accessed on 2025-07-08 00:00:007,0.25,4
3583,VISp,INH,Pvalb,L5,INH,Sst,L5,125.0,150.0,50.0,75.0,AISynphys,Accessed on 2025-07-08 00:00:007,0.0,2
3584,VISp,INH,Pvalb,L5,INH,Sst,L5,125.0,150.0,75.0,100.0,AISynphys,Accessed on 2025-07-08 00:00:007,0.0,5
3585,VISp,INH,Pvalb,L5,INH,Sst,L5,125.0,150.0,100.0,125.0,AISynphys,Accessed on 2025-07-08 00:00:007,0.0,1
3586,VISp,INH,Pvalb,L5,INH,Sst,L5,125.0,150.0,150.0,175.0,AISynphys,Accessed on 2025-07-08 00:00:007,0.0,1
3587,VISp,INH,Pvalb,L5,INH,Sst,L5,150.0,175.0,0.0,25.0,AISynphys,Accessed on 2025-07-08 00:00:007,0.0,5
3588,VISp,INH,Pvalb,L5,INH,Sst,L5,150.0,175.0,25.0,50.0,AISynphys,Accessed on 2025-07-08 00:00:007,0.0,4
3589,VISp,INH,Pvalb,L5,INH,Sst,L5,150.0,175.0,50.0,75.0,AISynphys,Accessed on 2025-07-08 00:00:007,0.0,2
3590,VISp,INH,Pvalb,L5,INH,Sst,L5,150.0,175.0,75.0,100.0,AISynphys,Accessed on 2025-07-08 00:00:007,0.0,2
3591,VISp,INH,Pvalb,L5,INH,Sst,L5,150.0,175.0,100.0,125.0,AISynphys,Accessed on 2025-07-08 00:00:007,0.0,2
3592,VISp,INH,Pvalb,L5,INH,Sst,L5,150.0,175.0,125.0,150.0,AISynphys,Accessed on 2025-07-08 00:00:007,0.0,1
3593,VISp,INH,Pvalb,L5,INH,Sst,L5,175.0,200.0,0.0,25.0,AISynphys,Accessed on 2025-07-08 00:00:007,0.0,3
3594,VISp,INH,Pvalb,L5,INH,Sst,L5,175.0,200.0,50.0,75.0,AISynphys,Accessed on 2025-07-08 00:00:007,0.0,1
3595,VISp,INH,Pvalb,L5,INH,Sst,L5,200.0,225.0,0.0,25.0,AISynphys,Accessed on 2025-07-08 00:00:007,0.0,4
3596,VISp,INH,Pvalb,L5,INH,Sst,L5,200.0,225.0,25.0,50.0,AISynphys,Accessed on 2025-07-08 00:00:007,0.0,2
3597,VISp,INH,Pvalb,L5,INH,Sst,L5,200.0,225.0,125.0,150.0,AISynphys,Accessed on 2025-07-08 00:00:007,0.0,1
3598,VISp,INH,Pvalb,L5,INH,Sst,L5,225.0,250.0,25.0,50.0,AISynphys,Accessed on 2025-07-08 00:00:007,0.0,1
3599,VISp,INH,Pvalb,L5,INH,Sst,L5,250.0,275.0,0.0,25.0,AISynphys,Accessed on 2025-07-08 00:00:007,0.0,1
3600,VISp,INH,Pvalb,L5,INH,Sst,L6a,0.0,25.0,25.0,50.0,AISynphys,Accessed on 2025-07-08 00:00:007,0.0,1
3601,VISp,INH,Pvalb,L5,INH,Sst,L6a,0.0,25.0,50.0,75.0,AISynphys,Accessed on 2025-07-08 00:00:007,0.0,1
3602,VISp,INH,Pvalb,L5,INH,Sst,L6a,0.0,25.0,75.0,100.0,AISynphys,Accessed on 2025-07-08 00:00:007,0.0,3
3603,VISp,INH,Pvalb,L5,INH,Sst,L6a,0.0,25.0,100.0,125.0,AISynphys,Accessed on 2025-07-08 00:00:007,1.0,1
3604,VISp,INH,Pvalb,L5,INH,Sst,L6a,0.0,25.0,125.0,150.0,AISynphys,Accessed on 2025-07-08 00:00:007,0.0,1
3605,VISp,INH,Pvalb,L5,INH,Sst,L6a,0.0,25.0,150.0,175.0,AISynphys,Accessed on 2025-07-08 00:00:007,0.0,1
3606,VISp,INH,Pvalb,L5,INH,Sst,L6a,25.0,50.0,25.0,50.0,AISynphys,Accessed on 2025-07-08 00:00:007,0.0,2
3607,VISp,INH,Pvalb,L5,INH,Sst,L6a,25.0,50.0,50.0,75.0,AISynphys,Accessed on 2025-07-08 00:00:007,0.0,1
3608,VISp,INH,Pvalb,L5,INH,Sst,L6a,25.0,50.0,75.0,100.0,AISynphys,Accessed on 2025-07-08 00:00:007,0.0,2
3609,VISp,INH,Pvalb,L5,INH,Sst,L6a,25.0,50.0,100.0,125.0,AISynphys,Accessed on 2025-07-08 00:00:007,0.0,1
3610,VISp,INH,Pvalb,L5,INH,Sst,L6a,25.0,50.0,125.0,150.0,AISynphys,Accessed on 2025-07-08 00:00:007,0.0,2
3611,VISp,INH,Pvalb,L5,INH,Sst,L6a,50.0,75.0,100.0,125.0,AISynphys,Accessed on 2025-07-08 00:00:007,0.0,1
3612,VISp,INH,Pvalb,L5,INH,Sst,L6a,50.0,75.0,150.0,175.0,AISynphys,Accessed on 2025-07-08 00:00:007,0.0,1
3613,VISp,INH,Pvalb,L5,INH,Sst,L6a,75.0,100.0,50.0,75.0,AISynphys,Accessed on 2025-07-08 00:00:007,0.0,1
3614,VISp,INH,Pvalb,L5,INH,Sst,L6a,75.0,100.0,75.0,100.0,AISynphys,Accessed on 2025-07-08 00:00:007,0.0,3
3615,VISp,INH,Pvalb,L5,INH,Sst,L6a,75.0,100.0,100.0,125.0,AISynphys,Accessed on 2025-07-08 00:00:007,0.0,1
3616,VISp,INH,Pvalb,L5,INH,Sst,L6a,75.0,100.0,150.0,175.0,AISynphys,Accessed on 2025-07-08 00:00:007,0.0,1
3617,VISp,INH,Pvalb,L5,INH,Sst,L6a,100.0,125.0,25.0,50.0,AISynphys,Accessed on 2025-07-08 00:00:007,0.0,2
3618,VISp,INH,Pvalb,L5,INH,Sst,L6a,100.0,125.0,50.0,75.0,AISynphys,Accessed on 2025-07-08 00:00:007,0.0,1
3619,VISp,INH,Pvalb,L5,INH,Sst,L6a,100.0,125.0,125.0,150.0,AISynphys,Accessed on 2025-07-08 00:00:007,0.0,1
3620,VISp,INH,Pvalb,L5,INH,Sst,L6a,100.0,125.0,150.0,175.0,AISynphys,Accessed on 2025-07-08 00:00:007,0.0,1
3621,VISp,INH,Pvalb,L5,INH,Sst,L6a,100.0,125.0,225.0,250.0,AISynphys,Accessed on 2025-07-08 00:00:007,0.0,1
3622,VISp,INH,Pvalb,L5,INH,Sst,L6a,125.0,150.0,125.0,150.0,AISynphys,Accessed on 2025-07-08 00:00:007,0.0,1
3623,VISp,INH,Pvalb,L5,INH,Sst,L6a,125.0,150.0,150.0,175.0,AISynphys,Accessed on 2025-07-08 00:00:007,0.0,1
3624,VISp,INH,Pvalb,L5,INH,Sst,L6a,150.0,175.0,50.0,75.0,AISynphys,Accessed on 2025-07-08 00:00:007,0.0,1
3625,VISp,INH,Pvalb,L5,INH,Sst,L6a,150.0,175.0,100.0,125.0,AISynphys,Accessed on 2025-07-08 00:00:007,0.0,1
3626,VISp,INH,Pvalb,L5,INH,Sst,L6a,200.0,225.0,125.0,150.0,AISynphys,Accessed on 2025-07-08 00:00:007,0.0,1
3627,VISp,INH,Pvalb,L5,INH,Sst,L6a,275.0,300.0,150.0,175.0,AISynphys,Accessed on 2025-07-08 00:00:007,0.0,1
3628,VISp,INH,Pvalb,L5,INH,Vip,L23,0.0,25.0,50.0,75.0,AISynphys,Accessed on 2025-07-08 00:00:007,0.0,1
3629,VISp,INH,Pvalb,L5,INH,Vip,L23,0.0,25.0,125.0,150.0,AISynphys,Accessed on 2025-07-08 00:00:007,0.0,1
3630,VISp,INH,Pvalb,L5,INH,Vip,L23,0.0,25.0,150.0,175.0,AISynphys,Accessed on 2025-07-08 00:00:007,0.0,1
3631,VISp,INH,Pvalb,L5,INH,Vip,L23,0.0,25.0,175.0,200.0,AISynphys,Accessed on 2025-07-08 00:00:007,0.0,2
3632,VISp,INH,Pvalb,L5,INH,Vip,L23,0.0,25.0,250.0,275.0,AISynphys,Accessed on 2025-07-08 00:00:007,0.0,1
3633,VISp,INH,Pvalb,L5,INH,Vip,L23,0.0,25.0,275.0,300.0,AISynphys,Accessed on 2025-07-08 00:00:007,0.0,1
3634,VISp,INH,Pvalb,L5,INH,Vip,L23,0.0,25.0,300.0,325.0,AISynphys,Accessed on 2025-07-08 00:00:007,0.0,1
3635,VISp,INH,Pvalb,L5,INH,Vip,L23,25.0,50.0,75.0,100.0,AISynphys,Accessed on 2025-07-08 00:00:007,0.0,1
3636,VISp,INH,Pvalb,L5,INH,Vip,L23,25.0,50.0,125.0,150.0,AISynphys,Accessed on 2025-07-08 00:00:007,0.0,1
3637,VISp,INH,Pvalb,L5,INH,Vip,L23,25.0,50.0,225.0,250.0,AISynphys,Accessed on 2025-07-08 00:00:007,0.0,2
3638,VISp,INH,Pvalb,L5,INH,Vip,L23,50.0,75.0,75.0,100.0,AISynphys,Accessed on 2025-07-08 00:00:007,0.0,2
3639,VISp,INH,Pvalb,L5,INH,Vip,L23,50.0,75.0,100.0,125.0,AISynphys,Accessed on 2025-07-08 00:00:007,0.0,1
3640,VISp,INH,Pvalb,L5,INH,Vip,L23,50.0,75.0,125.0,150.0,AISynphys,Accessed on 2025-07-08 00:00:007,0.0,1
3641,VISp,INH,Pvalb,L5,INH,Vip,L23,50.0,75.0,175.0,200.0,AISynphys,Accessed on 2025-07-08 00:00:007,0.0,2
3642,VISp,INH,Pvalb,L5,INH,Vip,L23,50.0,75.0,275.0,300.0,AISynphys,Accessed on 2025-07-08 00:00:007,0.0,1
3643,VISp,INH,Pvalb,L5,INH,Vip,L23,75.0,100.0,125.0,150.0,AISynphys,Accessed on 2025-07-08 00:00:007,0.0,1
3644,VISp,INH,Pvalb,L5,INH,Vip,L23,75.0,100.0,175.0,200.0,AISynphys,Accessed on 2025-07-08 00:00:007,0.0,1
3645,VISp,INH,Pvalb,L5,INH,Vip,L23,75.0,100.0,225.0,250.0,AISynphys,Accessed on 2025-07-08 00:00:007,0.0,1
3646,VISp,INH,Pvalb,L5,INH,Vip,L23,75.0,100.0,300.0,325.0,AISynphys,Accessed on 2025-07-08 00:00:007,0.0,1
3647,VISp,INH,Pvalb,L5,INH,Vip,L23,100.0,125.0,125.0,150.0,AISynphys,Accessed on 2025-07-08 00:00:007,0.0,2
3648,VISp,INH,Pvalb,L5,INH,Vip,L23,100.0,125.0,150.0,175.0,AISynphys,Accessed on 2025-07-08 00:00:007,0.0,1
3649,VISp,INH,Pvalb,L5,INH,Vip,L23,125.0,150.0,50.0,75.0,AISynphys,Accessed on 2025-07-08 00:00:007,0.0,1
3650,VISp,INH,Pvalb,L5,INH,Vip,L23,125.0,150.0,75.0,100.0,AISynphys,Accessed on 2025-07-08 00:00:007,0.0,1
3651,VISp,INH,Pvalb,L5,INH,Vip,L23,125.0,150.0,125.0,150.0,AISynphys,Accessed on 2025-07-08 00:00:007,0.0,1
3652,VISp,INH,Pvalb,L5,INH,Vip,L23,250.0,275.0,250.0,275.0,AISynphys,Accessed on 2025-07-08 00:00:007,0.0,1
3653,VISp,INH,Pvalb,L5,INH,Vip,L23,275.0,300.0,475.0,500.0,AISynphys,Accessed on 2025-07-08 00:00:007,0.0,1
3654,VISp,INH,Pvalb,L5,INH,Vip,L4,0.0,25.0,25.0,50.0,AISynphys,Accessed on 2025-07-08 00:00:007,0.0,2
3655,VISp,INH,Pvalb,L5,INH,Vip,L4,0.0,25.0,50.0,75.0,AISynphys,Accessed on 2025-07-08 00:00:007,0.0,3
3656,VISp,INH,Pvalb,L5,INH,Vip,L4,0.0,25.0,75.0,100.0,AISynphys,Accessed on 2025-07-08 00:00:007,0.0,2
3657,VISp,INH,Pvalb,L5,INH,Vip,L4,0.0,25.0,100.0,125.0,AISynphys,Accessed on 2025-07-08 00:00:007,0.5,2
3658,VISp,INH,Pvalb,L5,INH,Vip,L4,0.0,25.0,125.0,150.0,AISynphys,Accessed on 2025-07-08 00:00:007,0.0,2
3659,VISp,INH,Pvalb,L5,INH,Vip,L4,25.0,50.0,25.0,50.0,AISynphys,Accessed on 2025-07-08 00:00:007,0.5,2
3660,VISp,INH,Pvalb,L5,INH,Vip,L4,25.0,50.0,50.0,75.0,AISynphys,Accessed on 2025-07-08 00:00:007,0.0,7
3661,VISp,INH,Pvalb,L5,INH,Vip,L4,25.0,50.0,75.0,100.0,AISynphys,Accessed on 2025-07-08 00:00:007,0.0,1
3662,VISp,INH,Pvalb,L5,INH,Vip,L4,25.0,50.0,100.0,125.0,AISynphys,Accessed on 2025-07-08 00:00:007,0.0,4
3663,VISp,INH,Pvalb,L5,INH,Vip,L4,25.0,50.0,125.0,150.0,AISynphys,Accessed on 2025-07-08 00:00:007,0.0,1
3664,VISp,INH,Pvalb,L5,INH,Vip,L4,25.0,50.0,200.0,225.0,AISynphys,Accessed on 2025-07-08 00:00:007,0.0,1
3665,VISp,INH,Pvalb,L5,INH,Vip,L4,50.0,75.0,25.0,50.0,AISynphys,Accessed on 2025-07-08 00:00:007,0.0,1
3666,VISp,INH,Pvalb,L5,INH,Vip,L4,50.0,75.0,50.0,75.0,AISynphys,Accessed on 2025-07-08 00:00:007,0.0,2
3667,VISp,INH,Pvalb,L5,INH,Vip,L4,50.0,75.0,100.0,125.0,AISynphys,Accessed on 2025-07-08 00:00:007,0.0,3
3668,VISp,INH,Pvalb,L5,INH,Vip,L4,50.0,75.0,150.0,175.0,AISynphys,Accessed on 2025-07-08 00:00:007,0.0,3
3669,VISp,INH,Pvalb,L5,INH,Vip,L4,50.0,75.0,175.0,200.0,AISynphys,Accessed on 2025-07-08 00:00:007,0.0,1
3670,VISp,INH,Pvalb,L5,INH,Vip,L4,75.0,100.0,25.0,50.0,AISynphys,Accessed on 2025-07-08 00:00:007,0.0,1
3671,VISp,INH,Pvalb,L5,INH,Vip,L4,75.0,100.0,50.0,75.0,AISynphys,Accessed on 2025-07-08 00:00:007,0.0,1
3672,VISp,INH,Pvalb,L5,INH,Vip,L4,75.0,100.0,100.0,125.0,AISynphys,Accessed on 2025-07-08 00:00:007,0.0,4
3673,VISp,INH,Pvalb,L5,INH,Vip,L4,75.0,100.0,125.0,150.0,AISynphys,Accessed on 2025-07-08 00:00:007,0.0,1
3674,VISp,INH,Pvalb,L5,INH,Vip,L4,75.0,100.0,150.0,175.0,AISynphys,Accessed on 2025-07-08 00:00:007,0.0,1
3675,VISp,INH,Pvalb,L5,INH,Vip,L4,100.0,125.0,25.0,50.0,AISynphys,Accessed on 2025-07-08 00:00:007,0.0,1
3676,VISp,INH,Pvalb,L5,INH,Vip,L4,100.0,125.0,50.0,75.0,AISynphys,Accessed on 2025-07-08 00:00:007,0.0,1
3677,VISp,INH,Pvalb,L5,INH,Vip,L4,100.0,125.0,75.0,100.0,AISynphys,Accessed on 2025-07-08 00:00:007,0.0,2
3678,VISp,INH,Pvalb,L5,INH,Vip,L4,100.0,125.0,125.0,150.0,AISynphys,Accessed on 2025-07-08 00:00:007,0.0,2
3679,VISp,INH,Pvalb,L5,INH,Vip,L4,100.0,125.0,150.0,175.0,AISynphys,Accessed on 2025-07-08 00:00:007,0.0,1
3680,VISp,INH,Pvalb,L5,INH,Vip,L4,100.0,125.0,250.0,275.0,AISynphys,Accessed on 2025-07-08 00:00:007,0.0,1
3681,VISp,INH,Pvalb,L5,INH,Vip,L4,125.0,150.0,25.0,50.0,AISynphys,Accessed on 2025-07-08 00:00:007,0.0,1
3682,VISp,INH,Pvalb,L5,INH,Vip,L4,125.0,150.0,100.0,125.0,AISynphys,Accessed on 2025-07-08 00:00:007,0.0,1
3683,VISp,INH,Pvalb,L5,INH,Vip,L4,150.0,175.0,25.0,50.0,AISynphys,Accessed on 2025-07-08 00:00:007,0.0,1
3684,VISp,INH,Pvalb,L5,INH,Vip,L4,150.0,175.0,100.0,125.0,AISynphys,Accessed on 2025-07-08 00:00:007,0.0,1
3685,VISp,INH,Pvalb,L5,INH,Vip,L4,175.0,200.0,75.0,100.0,AISynphys,Accessed on 2025-07-08 00:00:007,0.0,1
3686,VISp,INH,Pvalb,L5,INH,Vip,L4,200.0,225.0,75.0,100.0,AISynphys,Accessed on 2025-07-08 00:00:007,0.0,1
3687,VISp,INH,Pvalb,L5,INH,Vip,L4,250.0,275.0,200.0,225.0,AISynphys,Accessed on 2025-07-08 00:00:007,0.0,1
3688,VISp,INH,Pvalb,L5,INH,Vip,L5,0.0,25.0,0.0,25.0,AISynphys,Accessed on 2025-07-08 00:00:007,0.0,9
3689,VISp,INH,Pvalb,L5,INH,Vip,L5,0.0,25.0,25.0,50.0,AISynphys,Accessed on 2025-07-08 00:00:007,0.25,4
3690,VISp,INH,Pvalb,L5,INH,Vip,L5,0.0,25.0,50.0,75.0,AISynphys,Accessed on 2025-07-08 00:00:007,0.1,10
3691,VISp,INH,Pvalb,L5,INH,Vip,L5,0.0,25.0,75.0,100.0,AISynphys,Accessed on 2025-07-08 00:00:007,0.0,6
3692,VISp,INH,Pvalb,L5,INH,Vip,L5,0.0,25.0,100.0,125.0,AISynphys,Accessed on 2025-07-08 00:00:007,0.0,2
3693,VISp,INH,Pvalb,L5,INH,Vip,L5,0.0,25.0,125.0,150.0,AISynphys,Accessed on 2025-07-08 00:00:007,0.0,2
3694,VISp,INH,Pvalb,L5,INH,Vip,L5,0.0,25.0,150.0,175.0,AISynphys,Accessed on 2025-07-08 00:00:007,0.0,3
3695,VISp,INH,Pvalb,L5,INH,Vip,L5,0.0,25.0,175.0,200.0,AISynphys,Accessed on 2025-07-08 00:00:007,0.0,1
3696,VISp,INH,Pvalb,L5,INH,Vip,L5,25.0,50.0,0.0,25.0,AISynphys,Accessed on 2025-07-08 00:00:007,0.0,6
3697,VISp,INH,Pvalb,L5,INH,Vip,L5,25.0,50.0,25.0,50.0,AISynphys,Accessed on 2025-07-08 00:00:007,0.0,11
3698,VISp,INH,Pvalb,L5,INH,Vip,L5,25.0,50.0,50.0,75.0,AISynphys,Accessed on 2025-07-08 00:00:007,0.0,8
3699,VISp,INH,Pvalb,L5,INH,Vip,L5,25.0,50.0,75.0,100.0,AISynphys,Accessed on 2025-07-08 00:00:007,0.0,5
3700,VISp,INH,Pvalb,L5,INH,Vip,L5,25.0,50.0,100.0,125.0,AISynphys,Accessed on 2025-07-08 00:00:007,0.0,1
3701,VISp,INH,Pvalb,L5,INH,Vip,L5,25.0,50.0,125.0,150.0,AISynphys,Accessed on 2025-07-08 00:00:007,0.0,2
3702,VISp,INH,Pvalb,L5,INH,Vip,L5,25.0,50.0,150.0,175.0,AISynphys,Accessed on 2025-07-08 00:00:007,0.0,1
3703,VISp,INH,Pvalb,L5,INH,Vip,L5,50.0,75.0,0.0,25.0,AISynphys,Accessed on 2025-07-08 00:00:007,0.0,8
3704,VISp,INH,Pvalb,L5,INH,Vip,L5,50.0,75.0,25.0,50.0,AISynphys,Accessed on 2025-07-08 00:00:007,0.0,4
3705,VISp,INH,Pvalb,L5,INH,Vip,L5,50.0,75.0,50.0,75.0,AISynphys,Accessed on 2025-07-08 00:00:007,0.2,5
3706,VISp,INH,Pvalb,L5,INH,Vip,L5,50.0,75.0,75.0,100.0,AISynphys,Accessed on 2025-07-08 00:00:007,0.0,4
3707,VISp,INH,Pvalb,L5,INH,Vip,L5,50.0,75.0,100.0,125.0,AISynphys,Accessed on 2025-07-08 00:00:007,0.0,3
3708,VISp,INH,Pvalb,L5,INH,Vip,L5,50.0,75.0,125.0,150.0,AISynphys,Accessed on 2025-07-08 00:00:007,0.0,1
3709,VISp,INH,Pvalb,L5,INH,Vip,L5,75.0,100.0,0.0,25.0,AISynphys,Accessed on 2025-07-08 00:00:007,0.0,3
3710,VISp,INH,Pvalb,L5,INH,Vip,L5,75.0,100.0,25.0,50.0,AISynphys,Accessed on 2025-07-08 00:00:007,0.0,7
3711,VISp,INH,Pvalb,L5,INH,Vip,L5,75.0,100.0,50.0,75.0,AISynphys,Accessed on 2025-07-08 00:00:007,0.0,5
3712,VISp,INH,Pvalb,L5,INH,Vip,L5,75.0,100.0,75.0,100.0,AISynphys,Accessed on 2025-07-08 00:00:007,0.0,3
3713,VISp,INH,Pvalb,L5,INH,Vip,L5,75.0,100.0,150.0,175.0,AISynphys,Accessed on 2025-07-08 00:00:007,0.0,1
3714,VISp,INH,Pvalb,L5,INH,Vip,L5,75.0,100.0,200.0,225.0,AISynphys,Accessed on 2025-07-08 00:00:007,0.0,1
3715,VISp,INH,Pvalb,L5,INH,Vip,L5,100.0,125.0,0.0,25.0,AISynphys,Accessed on 2025-07-08 00:00:007,0.0,5
3716,VISp,INH,Pvalb,L5,INH,Vip,L5,100.0,125.0,25.0,50.0,AISynphys,Accessed on 2025-07-08 00:00:007,0.0,6
3717,VISp,INH,Pvalb,L5,INH,Vip,L5,100.0,125.0,50.0,75.0,AISynphys,Accessed on 2025-07-08 00:00:007,0.0,1
3718,VISp,INH,Pvalb,L5,INH,Vip,L5,100.0,125.0,75.0,100.0,AISynphys,Accessed on 2025-07-08 00:00:007,0.0,2
3719,VISp,INH,Pvalb,L5,INH,Vip,L5,100.0,125.0,100.0,125.0,AISynphys,Accessed on 2025-07-08 00:00:007,0.0,1
3720,VISp,INH,Pvalb,L5,INH,Vip,L5,125.0,150.0,0.0,25.0,AISynphys,Accessed on 2025-07-08 00:00:007,0.0,4
3721,VISp,INH,Pvalb,L5,INH,Vip,L5,125.0,150.0,25.0,50.0,AISynphys,Accessed on 2025-07-08 00:00:007,0.0,3
3722,VISp,INH,Pvalb,L5,INH,Vip,L5,125.0,150.0,50.0,75.0,AISynphys,Accessed on 2025-07-08 00:00:007,0.0,6
3723,VISp,INH,Pvalb,L5,INH,Vip,L5,125.0,150.0,75.0,100.0,AISynphys,Accessed on 2025-07-08 00:00:007,0.0,1
3724,VISp,INH,Pvalb,L5,INH,Vip,L5,125.0,150.0,100.0,125.0,AISynphys,Accessed on 2025-07-08 00:00:007,0.0,1
3725,VISp,INH,Pvalb,L5,INH,Vip,L5,125.0,150.0,125.0,150.0,AISynphys,Accessed on 2025-07-08 00:00:007,0.0,1
3726,VISp,INH,Pvalb,L5,INH,Vip,L5,125.0,150.0,150.0,175.0,AISynphys,Accessed on 2025-07-08 00:00:007,0.0,2
3727,VISp,INH,Pvalb,L5,INH,Vip,L5,150.0,175.0,0.0,25.0,AISynphys,Accessed on 2025-07-08 00:00:007,0.0,2
3728,VISp,INH,Pvalb,L5,INH,Vip,L5,150.0,175.0,25.0,50.0,AISynphys,Accessed on 2025-07-08 00:00:007,0.0,2
3729,VISp,INH,Pvalb,L5,INH,Vip,L5,150.0,175.0,50.0,75.0,AISynphys,Accessed on 2025-07-08 00:00:007,0.5,2
3730,VISp,INH,Pvalb,L5,INH,Vip,L5,150.0,175.0,75.0,100.0,AISynphys,Accessed on 2025-07-08 00:00:007,0.0,1
3731,VISp,INH,Pvalb,L5,INH,Vip,L5,150.0,175.0,150.0,175.0,AISynphys,Accessed on 2025-07-08 00:00:007,0.0,1
3732,VISp,INH,Pvalb,L5,INH,Vip,L5,175.0,200.0,25.0,50.0,AISynphys,Accessed on 2025-07-08 00:00:007,0.0,2
3733,VISp,INH,Pvalb,L5,INH,Vip,L5,175.0,200.0,50.0,75.0,AISynphys,Accessed on 2025-07-08 00:00:007,0.0,1
3734,VISp,INH,Pvalb,L5,INH,Vip,L5,200.0,225.0,25.0,50.0,AISynphys,Accessed on 2025-07-08 00:00:007,0.0,1
3735,VISp,INH,Pvalb,L5,INH,Vip,L5,200.0,225.0,50.0,75.0,AISynphys,Accessed on 2025-07-08 00:00:007,0.0,1
3736,VISp,INH,Pvalb,L5,INH,Vip,L5,200.0,225.0,100.0,125.0,AISynphys,Accessed on 2025-07-08 00:00:007,0.0,1
3737,VISp,INH,Pvalb,L5,INH,Vip,L5,200.0,225.0,125.0,150.0,AISynphys,Accessed on 2025-07-08 00:00:007,0.0,1
3738,VISp,INH,Pvalb,L5,INH,Vip,L5,225.0,250.0,25.0,50.0,AISynphys,Accessed on 2025-07-08 00:00:007,0.0,1
3739,VISp,INH,Pvalb,L5,INH,Vip,L5,250.0,275.0,25.0,50.0,AISynphys,Accessed on 2025-07-08 00:00:007,0.0,1
3740,VISp,INH,Pvalb,L5,INH,Vip,L5,325.0,350.0,0.0,25.0,AISynphys,Accessed on 2025-07-08 00:00:007,0.0,1
3741,VISp,INH,Pvalb,L5,INH,Vip,L6a,0.0,25.0,25.0,50.0,AISynphys,Accessed on 2025-07-08 00:00:007,0.0,1
3742,VISp,INH,Pvalb,L5,INH,Vip,L6a,0.0,25.0,50.0,75.0,AISynphys,Accessed on 2025-07-08 00:00:007,0.0,2
3743,VISp,INH,Pvalb,L5,INH,Vip,L6a,0.0,25.0,75.0,100.0,AISynphys,Accessed on 2025-07-08 00:00:007,0.0,1
3744,VISp,INH,Pvalb,L5,INH,Vip,L6a,0.0,25.0,100.0,125.0,AISynphys,Accessed on 2025-07-08 00:00:007,0.0,2
3745,VISp,INH,Pvalb,L5,INH,Vip,L6a,0.0,25.0,125.0,150.0,AISynphys,Accessed on 2025-07-08 00:00:007,0.0,1
3746,VISp,INH,Pvalb,L5,INH,Vip,L6a,25.0,50.0,75.0,100.0,AISynphys,Accessed on 2025-07-08 00:00:007,0.0,1
3747,VISp,INH,Pvalb,L5,INH,Vip,L6a,25.0,50.0,100.0,125.0,AISynphys,Accessed on 2025-07-08 00:00:007,0.0,1
3748,VISp,INH,Pvalb,L5,INH,Vip,L6a,25.0,50.0,125.0,150.0,AISynphys,Accessed on 2025-07-08 00:00:007,0.0,2
3749,VISp,INH,Pvalb,L5,INH,Vip,L6a,25.0,50.0,175.0,200.0,AISynphys,Accessed on 2025-07-08 00:00:007,0.0,1
3750,VISp,INH,Pvalb,L5,INH,Vip,L6a,50.0,75.0,125.0,150.0,AISynphys,Accessed on 2025-07-08 00:00:007,0.0,1
3751,VISp,INH,Pvalb,L5,INH,Vip,L6a,50.0,75.0,150.0,175.0,AISynphys,Accessed on 2025-07-08 00:00:007,0.0,1
3752,VISp,INH,Pvalb,L5,INH,Vip,L6a,75.0,100.0,50.0,75.0,AISynphys,Accessed on 2025-07-08 00:00:007,0.0,1
3753,VISp,INH,Pvalb,L5,INH,Vip,L6a,75.0,100.0,100.0,125.0,AISynphys,Accessed on 2025-07-08 00:00:007,0.0,3
3754,VISp,INH,Pvalb,L5,INH,Vip,L6a,100.0,125.0,50.0,75.0,AISynphys,Accessed on 2025-07-08 00:00:007,0.0,1
3755,VISp,INH,Pvalb,L5,INH,Vip,L6a,100.0,125.0,125.0,150.0,AISynphys,Accessed on 2025-07-08 00:00:007,0.0,1
3756,VISp,INH,Pvalb,L5,INH,Vip,L6a,125.0,150.0,25.0,50.0,AISynphys,Accessed on 2025-07-08 00:00:007,0.0,1
3757,VISp,INH,Pvalb,L5,INH,Vip,L6a,125.0,150.0,50.0,75.0,AISynphys,Accessed on 2025-07-08 00:00:007,0.0,2
3758,VISp,INH,Pvalb,L5,INH,Vip,L6a,125.0,150.0,150.0,175.0,AISynphys,Accessed on 2025-07-08 00:00:007,0.0,2
3759,VISp,INH,Pvalb,L5,INH,Vip,L6a,175.0,200.0,200.0,225.0,AISynphys,Accessed on 2025-07-08 00:00:007,0.0,1
3760,VISp,INH,Pvalb,L6a,EXC,Ntsr1,L5,150.0,175.0,0.0,25.0,AISynphys,Accessed on 2025-07-08 00:00:007,0.0,1
3761,VISp,INH,Pvalb,L6a,EXC,Ntsr1,L6a,0.0,25.0,0.0,25.0,AISynphys,Accessed on 2025-07-08 00:00:007,0.3333333333333333,6
3762,VISp,INH,Pvalb,L6a,EXC,Ntsr1,L6a,0.0,25.0,25.0,50.0,AISynphys,Accessed on 2025-07-08 00:00:007,0.0,9
3763,VISp,INH,Pvalb,L6a,EXC,Ntsr1,L6a,0.0,25.0,50.0,75.0,AISynphys,Accessed on 2025-07-08 00:00:007,0.0,2
3764,VISp,INH,Pvalb,L6a,EXC,Ntsr1,L6a,0.0,25.0,75.0,100.0,AISynphys,Accessed on 2025-07-08 00:00:007,0.0,1
3765,VISp,INH,Pvalb,L6a,EXC,Ntsr1,L6a,0.0,25.0,125.0,150.0,AISynphys,Accessed on 2025-07-08 00:00:007,0.0,1
3766,VISp,INH,Pvalb,L6a,EXC,Ntsr1,L6a,25.0,50.0,0.0,25.0,AISynphys,Accessed on 2025-07-08 00:00:007,0.0,9
3767,VISp,INH,Pvalb,L6a,EXC,Ntsr1,L6a,25.0,50.0,25.0,50.0,AISynphys,Accessed on 2025-07-08 00:00:007,0.25,4
3768,VISp,INH,Pvalb,L6a,EXC,Ntsr1,L6a,25.0,50.0,50.0,75.0,AISynphys,Accessed on 2025-07-08 00:00:007,0.6666666666666666,3
3769,VISp,INH,Pvalb,L6a,EXC,Ntsr1,L6a,25.0,50.0,75.0,100.0,AISynphys,Accessed on 2025-07-08 00:00:007,0.0,1
3770,VISp,INH,Pvalb,L6a,EXC,Ntsr1,L6a,50.0,75.0,0.0,25.0,AISynphys,Accessed on 2025-07-08 00:00:007,0.0,6
3771,VISp,INH,Pvalb,L6a,EXC,Ntsr1,L6a,50.0,75.0,25.0,50.0,AISynphys,Accessed on 2025-07-08 00:00:007,0.2,5
3772,VISp,INH,Pvalb,L6a,EXC,Ntsr1,L6a,50.0,75.0,50.0,75.0,AISynphys,Accessed on 2025-07-08 00:00:007,0.0,3
3773,VISp,INH,Pvalb,L6a,EXC,Ntsr1,L6a,50.0,75.0,100.0,125.0,AISynphys,Accessed on 2025-07-08 00:00:007,0.0,1
3774,VISp,INH,Pvalb,L6a,EXC,Ntsr1,L6a,75.0,100.0,0.0,25.0,AISynphys,Accessed on 2025-07-08 00:00:007,0.5,4
3775,VISp,INH,Pvalb,L6a,EXC,Ntsr1,L6a,75.0,100.0,25.0,50.0,AISynphys,Accessed on 2025-07-08 00:00:007,0.2222222222222222,9
3776,VISp,INH,Pvalb,L6a,EXC,Ntsr1,L6a,75.0,100.0,50.0,75.0,AISynphys,Accessed on 2025-07-08 00:00:007,0.4,5
3777,VISp,INH,Pvalb,L6a,EXC,Ntsr1,L6a,75.0,100.0,75.0,100.0,AISynphys,Accessed on 2025-07-08 00:00:007,0.0,1
3778,VISp,INH,Pvalb,L6a,EXC,Ntsr1,L6a,75.0,100.0,100.0,125.0,AISynphys,Accessed on 2025-07-08 00:00:007,0.0,2
3779,VISp,INH,Pvalb,L6a,EXC,Ntsr1,L6a,100.0,125.0,0.0,25.0,AISynphys,Accessed on 2025-07-08 00:00:007,0.0,3
3780,VISp,INH,Pvalb,L6a,EXC,Ntsr1,L6a,100.0,125.0,25.0,50.0,AISynphys,Accessed on 2025-07-08 00:00:007,0.5,2
3781,VISp,INH,Pvalb,L6a,EXC,Ntsr1,L6a,100.0,125.0,50.0,75.0,AISynphys,Accessed on 2025-07-08 00:00:007,0.0,3
3782,VISp,INH,Pvalb,L6a,EXC,Ntsr1,L6a,100.0,125.0,75.0,100.0,AISynphys,Accessed on 2025-07-08 00:00:007,0.0,1
3783,VISp,INH,Pvalb,L6a,EXC,Ntsr1,L6a,100.0,125.0,100.0,125.0,AISynphys,Accessed on 2025-07-08 00:00:007,0.0,2
3784,VISp,INH,Pvalb,L6a,EXC,Ntsr1,L6a,125.0,150.0,0.0,25.0,AISynphys,Accessed on 2025-07-08 00:00:007,0.25,8
3785,VISp,INH,Pvalb,L6a,EXC,Ntsr1,L6a,125.0,150.0,25.0,50.0,AISynphys,Accessed on 2025-07-08 00:00:007,0.0,2
3786,VISp,INH,Pvalb,L6a,EXC,Ntsr1,L6a,125.0,150.0,50.0,75.0,AISynphys,Accessed on 2025-07-08 00:00:007,0.0,2
3787,VISp,INH,Pvalb,L6a,EXC,Ntsr1,L6a,125.0,150.0,75.0,100.0,AISynphys,Accessed on 2025-07-08 00:00:007,0.0,1
3788,VISp,INH,Pvalb,L6a,EXC,Ntsr1,L6a,150.0,175.0,0.0,25.0,AISynphys,Accessed on 2025-07-08 00:00:007,0.0,2
3789,VISp,INH,Pvalb,L6a,EXC,Ntsr1,L6a,150.0,175.0,25.0,50.0,AISynphys,Accessed on 2025-07-08 00:00:007,0.3333333333333333,3
3790,VISp,INH,Pvalb,L6a,EXC,Ntsr1,L6a,150.0,175.0,50.0,75.0,AISynphys,Accessed on 2025-07-08 00:00:007,0.0,1
3791,VISp,INH,Pvalb,L6a,EXC,Ntsr1,L6a,150.0,175.0,75.0,100.0,AISynphys,Accessed on 2025-07-08 00:00:007,0.0,1
3792,VISp,INH,Pvalb,L6a,EXC,Ntsr1,L6a,175.0,200.0,0.0,25.0,AISynphys,Accessed on 2025-07-08 00:00:007,0.0,2
3793,VISp,INH,Pvalb,L6a,EXC,Ntsr1,L6a,175.0,200.0,25.0,50.0,AISynphys,Accessed on 2025-07-08 00:00:007,0.0,2
3794,VISp,INH,Pvalb,L6a,EXC,Ntsr1,L6a,200.0,225.0,25.0,50.0,AISynphys,Accessed on 2025-07-08 00:00:007,0.0,1
3795,VISp,INH,Pvalb,L6a,EXC,Ntsr1,L6a,200.0,225.0,50.0,75.0,AISynphys,Accessed on 2025-07-08 00:00:007,0.0,1
3796,VISp,INH,Pvalb,L6a,EXC,Ntsr1,L6a,225.0,250.0,25.0,50.0,AISynphys,Accessed on 2025-07-08 00:00:007,0.0,1
3797,VISp,INH,Pvalb,L6a,EXC,Ntsr1,L6b,0.0,25.0,25.0,50.0,AISynphys,Accessed on 2025-07-08 00:00:007,0.0,1
3798,VISp,INH,Pvalb,L6a,EXC,Ntsr1,L6b,0.0,25.0,50.0,75.0,AISynphys,Accessed on 2025-07-08 00:00:007,0.0,2
3799,VISp,INH,Pvalb,L6a,EXC,Ntsr1,L6b,50.0,75.0,50.0,75.0,AISynphys,Accessed on 2025-07-08 00:00:007,0.0,1
3800,VISp,INH,Pvalb,L6a,EXC,Ntsr1,L6b,75.0,100.0,25.0,50.0,AISynphys,Accessed on 2025-07-08 00:00:007,0.0,2
3801,VISp,INH,Pvalb,L6a,EXC,Ntsr1,L6b,175.0,200.0,75.0,100.0,AISynphys,Accessed on 2025-07-08 00:00:007,0.0,1
3802,VISp,INH,Pvalb,L6a,EXC,Ntsr1,L6b,175.0,200.0,100.0,125.0,AISynphys,Accessed on 2025-07-08 00:00:007,0.0,1
3803,VISp,INH,Pvalb,L6a,EXC,Sim1,L5,100.0,125.0,50.0,75.0,AISynphys,Accessed on 2025-07-08 00:00:007,0.0,1
3804,VISp,INH,Pvalb,L6a,EXC,Tlx3,L4,50.0,75.0,275.0,300.0,AISynphys,Accessed on 2025-07-08 00:00:007,0.0,1
3805,VISp,INH,Pvalb,L6a,EXC,Tlx3,L5,0.0,25.0,25.0,50.0,AISynphys,Accessed on 2025-07-08 00:00:007,0.0,1
3806,VISp,INH,Pvalb,L6a,EXC,Tlx3,L5,0.0,25.0,100.0,125.0,AISynphys,Accessed on 2025-07-08 00:00:007,0.0,2
3807,VISp,INH,Pvalb,L6a,EXC,Tlx3,L5,25.0,50.0,50.0,75.0,AISynphys,Accessed on 2025-07-08 00:00:007,0.0,1
3808,VISp,INH,Pvalb,L6a,EXC,Tlx3,L5,50.0,75.0,25.0,50.0,AISynphys,Accessed on 2025-07-08 00:00:007,0.0,1
3809,VISp,INH,Pvalb,L6a,EXC,Tlx3,L5,50.0,75.0,125.0,150.0,AISynphys,Accessed on 2025-07-08 00:00:007,0.5,2
3810,VISp,INH,Pvalb,L6a,EXC,Tlx3,L5,50.0,75.0,250.0,275.0,AISynphys,Accessed on 2025-07-08 00:00:007,0.0,1
3811,VISp,INH,Pvalb,L6a,EXC,Tlx3,L5,50.0,75.0,275.0,300.0,AISynphys,Accessed on 2025-07-08 00:00:007,0.0,1
3812,VISp,INH,Pvalb,L6a,EXC,Tlx3,L5,100.0,125.0,100.0,125.0,AISynphys,Accessed on 2025-07-08 00:00:007,0.0,1
3813,VISp,INH,Pvalb,L6a,EXC,Tlx3,L5,100.0,125.0,250.0,275.0,AISynphys,Accessed on 2025-07-08 00:00:007,0.0,1
3814,VISp,INH,Pvalb,L6a,EXC,Tlx3,L5,125.0,150.0,250.0,275.0,AISynphys,Accessed on 2025-07-08 00:00:007,0.0,1
3815,VISp,INH,Pvalb,L6a,EXC,Tlx3,L5,150.0,175.0,50.0,75.0,AISynphys,Accessed on 2025-07-08 00:00:007,0.0,1
3816,VISp,INH,Pvalb,L6a,EXC,Tlx3,L5,150.0,175.0,125.0,150.0,AISynphys,Accessed on 2025-07-08 00:00:007,0.0,1
3817,VISp,INH,Pvalb,L6a,EXC,Tlx3,L5,250.0,275.0,75.0,100.0,AISynphys,Accessed on 2025-07-08 00:00:007,0.0,1
3818,VISp,INH,Pvalb,L6a,INH,Pvalb,L23,0.0,25.0,475.0,500.0,AISynphys,Accessed on 2025-07-08 00:00:007,0.0,1
3819,VISp,INH,Pvalb,L6a,INH,Pvalb,L23,25.0,50.0,200.0,225.0,AISynphys,Accessed on 2025-07-08 00:00:007,1.0,1
3820,VISp,INH,Pvalb,L6a,INH,Pvalb,L23,25.0,50.0,350.0,375.0,AISynphys,Accessed on 2025-07-08 00:00:007,0.0,1
3821,VISp,INH,Pvalb,L6a,INH,Pvalb,L23,25.0,50.0,450.0,475.0,AISynphys,Accessed on 2025-07-08 00:00:007,0.0,1
3822,VISp,INH,Pvalb,L6a,INH,Pvalb,L23,25.0,50.0,500.0,525.0,AISynphys,Accessed on 2025-07-08 00:00:007,0.0,1
3823,VISp,INH,Pvalb,L6a,INH,Pvalb,L23,25.0,50.0,625.0,650.0,AISynphys,Accessed on 2025-07-08 00:00:007,0.0,1
3824,VISp,INH,Pvalb,L6a,INH,Pvalb,L23,50.0,75.0,475.0,500.0,AISynphys,Accessed on 2025-07-08 00:00:007,0.0,2
3825,VISp,INH,Pvalb,L6a,INH,Pvalb,L23,50.0,75.0,550.0,575.0,AISynphys,Accessed on 2025-07-08 00:00:007,0.0,1
3826,VISp,INH,Pvalb,L6a,INH,Pvalb,L23,75.0,100.0,175.0,200.0,AISynphys,Accessed on 2025-07-08 00:00:007,0.0,1
3827,VISp,INH,Pvalb,L6a,INH,Pvalb,L23,75.0,100.0,425.0,450.0,AISynphys,Accessed on 2025-07-08 00:00:007,0.0,1
3828,VISp,INH,Pvalb,L6a,INH,Pvalb,L23,125.0,150.0,350.0,375.0,AISynphys,Accessed on 2025-07-08 00:00:007,0.0,1
3829,VISp,INH,Pvalb,L6a,INH,Pvalb,L23,125.0,150.0,550.0,575.0,AISynphys,Accessed on 2025-07-08 00:00:007,0.0,2
3830,VISp,INH,Pvalb,L6a,INH,Pvalb,L23,150.0,175.0,550.0,575.0,AISynphys,Accessed on 2025-07-08 00:00:007,0.0,2
3831,VISp,INH,Pvalb,L6a,INH,Pvalb,L23,200.0,225.0,475.0,500.0,AISynphys,Accessed on 2025-07-08 00:00:007,0.0,1
3832,VISp,INH,Pvalb,L6a,INH,Pvalb,L23,200.0,225.0,575.0,600.0,AISynphys,Accessed on 2025-07-08 00:00:007,0.0,1
3833,VISp,INH,Pvalb,L6a,INH,Pvalb,L23,225.0,250.0,550.0,575.0,AISynphys,Accessed on 2025-07-08 00:00:007,0.0,1
3834,VISp,INH,Pvalb,L6a,INH,Pvalb,L23,225.0,250.0,575.0,600.0,AISynphys,Accessed on 2025-07-08 00:00:007,0.0,1
3835,VISp,INH,Pvalb,L6a,INH,Pvalb,L23,325.0,350.0,475.0,500.0,AISynphys,Accessed on 2025-07-08 00:00:007,0.0,1
3836,VISp,INH,Pvalb,L6a,INH,Pvalb,L4,25.0,50.0,125.0,150.0,AISynphys,Accessed on 2025-07-08 00:00:007,0.0,1
3837,VISp,INH,Pvalb,L6a,INH,Pvalb,L4,25.0,50.0,150.0,175.0,AISynphys,Accessed on 2025-07-08 00:00:007,1.0,1
3838,VISp,INH,Pvalb,L6a,INH,Pvalb,L4,50.0,75.0,225.0,250.0,AISynphys,Accessed on 2025-07-08 00:00:007,0.0,1
3839,VISp,INH,Pvalb,L6a,INH,Pvalb,L4,150.0,175.0,200.0,225.0,AISynphys,Accessed on 2025-07-08 00:00:007,0.0,1
3840,VISp,INH,Pvalb,L6a,INH,Pvalb,L4,175.0,200.0,375.0,400.0,AISynphys,Accessed on 2025-07-08 00:00:007,0.0,1
3841,VISp,INH,Pvalb,L6a,INH,Pvalb,L5,0.0,25.0,0.0,25.0,AISynphys,Accessed on 2025-07-08 00:00:007,0.0,1
3842,VISp,INH,Pvalb,L6a,INH,Pvalb,L5,0.0,25.0,25.0,50.0,AISynphys,Accessed on 2025-07-08 00:00:007,0.0,1
3843,VISp,INH,Pvalb,L6a,INH,Pvalb,L5,0.0,25.0,50.0,75.0,AISynphys,Accessed on 2025-07-08 00:00:007,0.0,6
3844,VISp,INH,Pvalb,L6a,INH,Pvalb,L5,0.0,25.0,75.0,100.0,AISynphys,Accessed on 2025-07-08 00:00:007,0.0,2
3845,VISp,INH,Pvalb,L6a,INH,Pvalb,L5,0.0,25.0,100.0,125.0,AISynphys,Accessed on 2025-07-08 00:00:007,0.0,3
3846,VISp,INH,Pvalb,L6a,INH,Pvalb,L5,0.0,25.0,125.0,150.0,AISynphys,Accessed on 2025-07-08 00:00:007,0.0,3
3847,VISp,INH,Pvalb,L6a,INH,Pvalb,L5,0.0,25.0,150.0,175.0,AISynphys,Accessed on 2025-07-08 00:00:007,0.0,2
3848,VISp,INH,Pvalb,L6a,INH,Pvalb,L5,0.0,25.0,175.0,200.0,AISynphys,Accessed on 2025-07-08 00:00:007,0.0,1
3849,VISp,INH,Pvalb,L6a,INH,Pvalb,L5,25.0,50.0,25.0,50.0,AISynphys,Accessed on 2025-07-08 00:00:007,0.0,3
3850,VISp,INH,Pvalb,L6a,INH,Pvalb,L5,25.0,50.0,50.0,75.0,AISynphys,Accessed on 2025-07-08 00:00:007,0.0,3
3851,VISp,INH,Pvalb,L6a,INH,Pvalb,L5,25.0,50.0,75.0,100.0,AISynphys,Accessed on 2025-07-08 00:00:007,0.0,5
3852,VISp,INH,Pvalb,L6a,INH,Pvalb,L5,25.0,50.0,100.0,125.0,AISynphys,Accessed on 2025-07-08 00:00:007,0.0,2
3853,VISp,INH,Pvalb,L6a,INH,Pvalb,L5,25.0,50.0,125.0,150.0,AISynphys,Accessed on 2025-07-08 00:00:007,0.0,1
3854,VISp,INH,Pvalb,L6a,INH,Pvalb,L5,25.0,50.0,150.0,175.0,AISynphys,Accessed on 2025-07-08 00:00:007,0.0,3
3855,VISp,INH,Pvalb,L6a,INH,Pvalb,L5,25.0,50.0,175.0,200.0,AISynphys,Accessed on 2025-07-08 00:00:007,0.0,1
3856,VISp,INH,Pvalb,L6a,INH,Pvalb,L5,25.0,50.0,200.0,225.0,AISynphys,Accessed on 2025-07-08 00:00:007,0.0,1
3857,VISp,INH,Pvalb,L6a,INH,Pvalb,L5,50.0,75.0,25.0,50.0,AISynphys,Accessed on 2025-07-08 00:00:007,0.0,3
3858,VISp,INH,Pvalb,L6a,INH,Pvalb,L5,50.0,75.0,50.0,75.0,AISynphys,Accessed on 2025-07-08 00:00:007,0.3333333333333333,3
3859,VISp,INH,Pvalb,L6a,INH,Pvalb,L5,50.0,75.0,75.0,100.0,AISynphys,Accessed on 2025-07-08 00:00:007,0.3333333333333333,3
3860,VISp,INH,Pvalb,L6a,INH,Pvalb,L5,50.0,75.0,100.0,125.0,AISynphys,Accessed on 2025-07-08 00:00:007,0.0,2
3861,VISp,INH,Pvalb,L6a,INH,Pvalb,L5,50.0,75.0,150.0,175.0,AISynphys,Accessed on 2025-07-08 00:00:007,0.0,1
3862,VISp,INH,Pvalb,L6a,INH,Pvalb,L5,50.0,75.0,225.0,250.0,AISynphys,Accessed on 2025-07-08 00:00:007,0.0,1
3863,VISp,INH,Pvalb,L6a,INH,Pvalb,L5,50.0,75.0,325.0,350.0,AISynphys,Accessed on 2025-07-08 00:00:007,0.0,1
3864,VISp,INH,Pvalb,L6a,INH,Pvalb,L5,75.0,100.0,25.0,50.0,AISynphys,Accessed on 2025-07-08 00:00:007,0.3333333333333333,3
3865,VISp,INH,Pvalb,L6a,INH,Pvalb,L5,75.0,100.0,50.0,75.0,AISynphys,Accessed on 2025-07-08 00:00:007,0.0,1
3866,VISp,INH,Pvalb,L6a,INH,Pvalb,L5,75.0,100.0,75.0,100.0,AISynphys,Accessed on 2025-07-08 00:00:007,0.0,1
3867,VISp,INH,Pvalb,L6a,INH,Pvalb,L5,75.0,100.0,100.0,125.0,AISynphys,Accessed on 2025-07-08 00:00:007,0.0,2
3868,VISp,INH,Pvalb,L6a,INH,Pvalb,L5,75.0,100.0,150.0,175.0,AISynphys,Accessed on 2025-07-08 00:00:007,0.0,1
3869,VISp,INH,Pvalb,L6a,INH,Pvalb,L5,75.0,100.0,225.0,250.0,AISynphys,Accessed on 2025-07-08 00:00:007,0.0,1
3870,VISp,INH,Pvalb,L6a,INH,Pvalb,L5,75.0,100.0,250.0,275.0,AISynphys,Accessed on 2025-07-08 00:00:007,0.0,1
3871,VISp,INH,Pvalb,L6a,INH,Pvalb,L5,75.0,100.0,300.0,325.0,AISynphys,Accessed on 2025-07-08 00:00:007,0.0,1
3872,VISp,INH,Pvalb,L6a,INH,Pvalb,L5,100.0,125.0,0.0,25.0,AISynphys,Accessed on 2025-07-08 00:00:007,0.0,1
3873,VISp,INH,Pvalb,L6a,INH,Pvalb,L5,100.0,125.0,25.0,50.0,AISynphys,Accessed on 2025-07-08 00:00:007,0.0,3
3874,VISp,INH,Pvalb,L6a,INH,Pvalb,L5,100.0,125.0,75.0,100.0,AISynphys,Accessed on 2025-07-08 00:00:007,0.5,2
3875,VISp,INH,Pvalb,L6a,INH,Pvalb,L5,100.0,125.0,100.0,125.0,AISynphys,Accessed on 2025-07-08 00:00:007,0.0,5
3876,VISp,INH,Pvalb,L6a,INH,Pvalb,L5,100.0,125.0,125.0,150.0,AISynphys,Accessed on 2025-07-08 00:00:007,0.0,1
3877,VISp,INH,Pvalb,L6a,INH,Pvalb,L5,100.0,125.0,150.0,175.0,AISynphys,Accessed on 2025-07-08 00:00:007,0.0,1
3878,VISp,INH,Pvalb,L6a,INH,Pvalb,L5,125.0,150.0,25.0,50.0,AISynphys,Accessed on 2025-07-08 00:00:007,0.0,3
3879,VISp,INH,Pvalb,L6a,INH,Pvalb,L5,125.0,150.0,50.0,75.0,AISynphys,Accessed on 2025-07-08 00:00:007,0.0,2
3880,VISp,INH,Pvalb,L6a,INH,Pvalb,L5,125.0,150.0,75.0,100.0,AISynphys,Accessed on 2025-07-08 00:00:007,0.0,1
3881,VISp,INH,Pvalb,L6a,INH,Pvalb,L5,125.0,150.0,100.0,125.0,AISynphys,Accessed on 2025-07-08 00:00:007,0.0,2
3882,VISp,INH,Pvalb,L6a,INH,Pvalb,L5,125.0,150.0,125.0,150.0,AISynphys,Accessed on 2025-07-08 00:00:007,0.0,2
3883,VISp,INH,Pvalb,L6a,INH,Pvalb,L5,125.0,150.0,150.0,175.0,AISynphys,Accessed on 2025-07-08 00:00:007,0.0,1
3884,VISp,INH,Pvalb,L6a,INH,Pvalb,L5,150.0,175.0,25.0,50.0,AISynphys,Accessed on 2025-07-08 00:00:007,0.0,1
3885,VISp,INH,Pvalb,L6a,INH,Pvalb,L5,150.0,175.0,50.0,75.0,AISynphys,Accessed on 2025-07-08 00:00:007,0.0,1
3886,VISp,INH,Pvalb,L6a,INH,Pvalb,L5,150.0,175.0,75.0,100.0,AISynphys,Accessed on 2025-07-08 00:00:007,0.0,1
3887,VISp,INH,Pvalb,L6a,INH,Pvalb,L5,150.0,175.0,100.0,125.0,AISynphys,Accessed on 2025-07-08 00:00:007,0.0,1
3888,VISp,INH,Pvalb,L6a,INH,Pvalb,L5,150.0,175.0,150.0,175.0,AISynphys,Accessed on 2025-07-08 00:00:007,0.0,1
3889,VISp,INH,Pvalb,L6a,INH,Pvalb,L5,150.0,175.0,200.0,225.0,AISynphys,Accessed on 2025-07-08 00:00:007,0.0,1
3890,VISp,INH,Pvalb,L6a,INH,Pvalb,L5,175.0,200.0,0.0,25.0,AISynphys,Accessed on 2025-07-08 00:00:007,0.0,2
3891,VISp,INH,Pvalb,L6a,INH,Pvalb,L5,175.0,200.0,25.0,50.0,AISynphys,Accessed on 2025-07-08 00:00:007,0.0,1
3892,VISp,INH,Pvalb,L6a,INH,Pvalb,L5,175.0,200.0,75.0,100.0,AISynphys,Accessed on 2025-07-08 00:00:007,0.0,2
3893,VISp,INH,Pvalb,L6a,INH,Pvalb,L5,175.0,200.0,100.0,125.0,AISynphys,Accessed on 2025-07-08 00:00:007,0.0,2
3894,VISp,INH,Pvalb,L6a,INH,Pvalb,L5,175.0,200.0,125.0,150.0,AISynphys,Accessed on 2025-07-08 00:00:007,0.0,1
3895,VISp,INH,Pvalb,L6a,INH,Pvalb,L5,200.0,225.0,25.0,50.0,AISynphys,Accessed on 2025-07-08 00:00:007,0.0,2
3896,VISp,INH,Pvalb,L6a,INH,Pvalb,L5,200.0,225.0,175.0,200.0,AISynphys,Accessed on 2025-07-08 00:00:007,0.0,2
3897,VISp,INH,Pvalb,L6a,INH,Pvalb,L5,225.0,250.0,50.0,75.0,AISynphys,Accessed on 2025-07-08 00:00:007,0.0,1
3898,VISp,INH,Pvalb,L6a,INH,Pvalb,L5,225.0,250.0,225.0,250.0,AISynphys,Accessed on 2025-07-08 00:00:007,0.0,1
3899,VISp,INH,Pvalb,L6a,INH,Pvalb,L6a,0.0,25.0,0.0,25.0,AISynphys,Accessed on 2025-07-08 00:00:007,0.42857142857142855,14
3900,VISp,INH,Pvalb,L6a,INH,Pvalb,L6a,0.0,25.0,25.0,50.0,AISynphys,Accessed on 2025-07-08 00:00:007,0.09090909090909091,22
3901,VISp,INH,Pvalb,L6a,INH,Pvalb,L6a,0.0,25.0,50.0,75.0,AISynphys,Accessed on 2025-07-08 00:00:007,0.16666666666666666,6
3902,VISp,INH,Pvalb,L6a,INH,Pvalb,L6a,0.0,25.0,75.0,100.0,AISynphys,Accessed on 2025-07-08 00:00:007,0.5,2
3903,VISp,INH,Pvalb,L6a,INH,Pvalb,L6a,0.0,25.0,100.0,125.0,AISynphys,Accessed on 2025-07-08 00:00:007,0.0,4
3904,VISp,INH,Pvalb,L6a,INH,Pvalb,L6a,0.0,25.0,125.0,150.0,AISynphys,Accessed on 2025-07-08 00:00:007,0.0,2
3905,VISp,INH,Pvalb,L6a,INH,Pvalb,L6a,25.0,50.0,0.0,25.0,AISynphys,Accessed on 2025-07-08 00:00:007,0.14285714285714285,14
3906,VISp,INH,Pvalb,L6a,INH,Pvalb,L6a,25.0,50.0,25.0,50.0,AISynphys,Accessed on 2025-07-08 00:00:007,0.1875,16
3907,VISp,INH,Pvalb,L6a,INH,Pvalb,L6a,25.0,50.0,50.0,75.0,AISynphys,Accessed on 2025-07-08 00:00:007,0.08333333333333333,12
3908,VISp,INH,Pvalb,L6a,INH,Pvalb,L6a,25.0,50.0,75.0,100.0,AISynphys,Accessed on 2025-07-08 00:00:007,0.375,8
3909,VISp,INH,Pvalb,L6a,INH,Pvalb,L6a,25.0,50.0,100.0,125.0,AISynphys,Accessed on 2025-07-08 00:00:007,0.0,2
3910,VISp,INH,Pvalb,L6a,INH,Pvalb,L6a,50.0,75.0,0.0,25.0,AISynphys,Accessed on 2025-07-08 00:00:007,0.3333333333333333,12
3911,VISp,INH,Pvalb,L6a,INH,Pvalb,L6a,50.0,75.0,25.0,50.0,AISynphys,Accessed on 2025-07-08 00:00:007,0.16666666666666666,18
3912,VISp,INH,Pvalb,L6a,INH,Pvalb,L6a,50.0,75.0,50.0,75.0,AISynphys,Accessed on 2025-07-08 00:00:007,0.16666666666666666,6
3913,VISp,INH,Pvalb,L6a,INH,Pvalb,L6a,50.0,75.0,75.0,100.0,AISynphys,Accessed on 2025-07-08 00:00:007,0.1,10
3914,VISp,INH,Pvalb,L6a,INH,Pvalb,L6a,75.0,100.0,0.0,25.0,AISynphys,Accessed on 2025-07-08 00:00:007,0.35,20
3915,VISp,INH,Pvalb,L6a,INH,Pvalb,L6a,75.0,100.0,25.0,50.0,AISynphys,Accessed on 2025-07-08 00:00:007,0.5,12
3916,VISp,INH,Pvalb,L6a,INH,Pvalb,L6a,75.0,100.0,50.0,75.0,AISynphys,Accessed on 2025-07-08 00:00:007,0.0,4
3917,VISp,INH,Pvalb,L6a,INH,Pvalb,L6a,75.0,100.0,75.0,100.0,AISynphys,Accessed on 2025-07-08 00:00:007,1.0,2
3918,VISp,INH,Pvalb,L6a,INH,Pvalb,L6a,75.0,100.0,125.0,150.0,AISynphys,Accessed on 2025-07-08 00:00:007,0.0,4
3919,VISp,INH,Pvalb,L6a,INH,Pvalb,L6a,100.0,125.0,0.0,25.0,AISynphys,Accessed on 2025-07-08 00:00:007,0.0,12
3920,VISp,INH,Pvalb,L6a,INH,Pvalb,L6a,100.0,125.0,25.0,50.0,AISynphys,Accessed on 2025-07-08 00:00:007,0.4375,16
3921,VISp,INH,Pvalb,L6a,INH,Pvalb,L6a,100.0,125.0,50.0,75.0,AISynphys,Accessed on 2025-07-08 00:00:007,0.25,4
3922,VISp,INH,Pvalb,L6a,INH,Pvalb,L6a,100.0,125.0,100.0,125.0,AISynphys,Accessed on 2025-07-08 00:00:007,0.0,2
3923,VISp,INH,Pvalb,L6a,INH,Pvalb,L6a,125.0,150.0,0.0,25.0,AISynphys,Accessed on 2025-07-08 00:00:007,0.5,8
3924,VISp,INH,Pvalb,L6a,INH,Pvalb,L6a,125.0,150.0,25.0,50.0,AISynphys,Accessed on 2025-07-08 00:00:007,0.0,6
3925,VISp,INH,Pvalb,L6a,INH,Pvalb,L6a,125.0,150.0,50.0,75.0,AISynphys,Accessed on 2025-07-08 00:00:007,0.0,2
3926,VISp,INH,Pvalb,L6a,INH,Pvalb,L6a,125.0,150.0,100.0,125.0,AISynphys,Accessed on 2025-07-08 00:00:007,0.0,2
3927,VISp,INH,Pvalb,L6a,INH,Pvalb,L6a,150.0,175.0,0.0,25.0,AISynphys,Accessed on 2025-07-08 00:00:007,0.0,6
3928,VISp,INH,Pvalb,L6a,INH,Pvalb,L6a,150.0,175.0,25.0,50.0,AISynphys,Accessed on 2025-07-08 00:00:007,0.25,8
3929,VISp,INH,Pvalb,L6a,INH,Pvalb,L6a,150.0,175.0,75.0,100.0,AISynphys,Accessed on 2025-07-08 00:00:007,0.16666666666666666,6
3930,VISp,INH,Pvalb,L6a,INH,Pvalb,L6a,175.0,200.0,0.0,25.0,AISynphys,Accessed on 2025-07-08 00:00:007,0.0,4
3931,VISp,INH,Pvalb,L6a,INH,Pvalb,L6a,175.0,200.0,25.0,50.0,AISynphys,Accessed on 2025-07-08 00:00:007,0.0,4
3932,VISp,INH,Pvalb,L6a,INH,Pvalb,L6a,175.0,200.0,75.0,100.0,AISynphys,Accessed on 2025-07-08 00:00:007,0.0,2
3933,VISp,INH,Pvalb,L6a,INH,Pvalb,L6a,225.0,250.0,0.0,25.0,AISynphys,Accessed on 2025-07-08 00:00:007,0.0,2
3934,VISp,INH,Pvalb,L6a,INH,Pvalb,L6a,225.0,250.0,50.0,75.0,AISynphys,Accessed on 2025-07-08 00:00:007,0.0,4
3935,VISp,INH,Pvalb,L6a,INH,Pvalb,L6a,250.0,275.0,0.0,25.0,AISynphys,Accessed on 2025-07-08 00:00:007,0.0,4
3936,VISp,INH,Pvalb,L6a,INH,Pvalb,L6a,250.0,275.0,25.0,50.0,AISynphys,Accessed on 2025-07-08 00:00:007,0.0,2
3937,VISp,INH,Pvalb,L6a,INH,Pvalb,L6a,250.0,275.0,75.0,100.0,AISynphys,Accessed on 2025-07-08 00:00:007,0.0,2
3938,VISp,INH,Pvalb,L6a,INH,Pvalb,L6b,25.0,50.0,50.0,75.0,AISynphys,Accessed on 2025-07-08 00:00:007,0.5,2
3939,VISp,INH,Pvalb,L6a,INH,Pvalb,L6b,100.0,125.0,0.0,25.0,AISynphys,Accessed on 2025-07-08 00:00:007,0.0,1
3940,VISp,INH,Pvalb,L6a,INH,Pvalb,L6b,150.0,175.0,100.0,125.0,AISynphys,Accessed on 2025-07-08 00:00:007,0.0,1
3941,VISp,INH,Pvalb,L6a,INH,Pvalb,L6b,175.0,200.0,0.0,25.0,AISynphys,Accessed on 2025-07-08 00:00:007,0.0,1
3942,VISp,INH,Pvalb,L6a,INH,"Pvalb,Sim1",L5,0.0,25.0,125.0,150.0,AISynphys,Accessed on 2025-07-08 00:00:007,0.0,2
3943,VISp,INH,Pvalb,L6a,INH,"Pvalb,Sim1",L5,75.0,100.0,150.0,175.0,AISynphys,Accessed on 2025-07-08 00:00:007,0.0,2
3944,VISp,INH,Pvalb,L6a,INH,"Pvalb,Sst",L5,0.0,25.0,75.0,100.0,AISynphys,Accessed on 2025-07-08 00:00:007,0.0,1
3945,VISp,INH,Pvalb,L6a,INH,"Pvalb,Sst",L5,50.0,75.0,100.0,125.0,AISynphys,Accessed on 2025-07-08 00:00:007,0.0,1
3946,VISp,INH,Pvalb,L6a,INH,Sst,L23,0.0,25.0,550.0,575.0,AISynphys,Accessed on 2025-07-08 00:00:007,0.0,1
3947,VISp,INH,Pvalb,L6a,INH,Sst,L23,25.0,50.0,575.0,600.0,AISynphys,Accessed on 2025-07-08 00:00:007,0.0,1
3948,VISp,INH,Pvalb,L6a,INH,Sst,L23,50.0,75.0,575.0,600.0,AISynphys,Accessed on 2025-07-08 00:00:007,0.0,1
3949,VISp,INH,Pvalb,L6a,INH,Sst,L23,50.0,75.0,700.0,725.0,AISynphys,Accessed on 2025-07-08 00:00:007,0.0,1
3950,VISp,INH,Pvalb,L6a,INH,Sst,L23,100.0,125.0,625.0,650.0,AISynphys,Accessed on 2025-07-08 00:00:007,0.0,1
3951,VISp,INH,Pvalb,L6a,INH,Sst,L23,125.0,150.0,625.0,650.0,AISynphys,Accessed on 2025-07-08 00:00:007,0.0,1
3952,VISp,INH,Pvalb,L6a,INH,Sst,L23,175.0,200.0,550.0,575.0,AISynphys,Accessed on 2025-07-08 00:00:007,0.0,1
3953,VISp,INH,Pvalb,L6a,INH,Sst,L23,175.0,200.0,600.0,625.0,AISynphys,Accessed on 2025-07-08 00:00:007,0.0,1
3954,VISp,INH,Pvalb,L6a,INH,Sst,L23,225.0,250.0,625.0,650.0,AISynphys,Accessed on 2025-07-08 00:00:007,0.0,1
3955,VISp,INH,Pvalb,L6a,INH,Sst,L4,50.0,75.0,250.0,275.0,AISynphys,Accessed on 2025-07-08 00:00:007,0.0,1
3956,VISp,INH,Pvalb,L6a,INH,Sst,L4,50.0,75.0,475.0,500.0,AISynphys,Accessed on 2025-07-08 00:00:007,0.0,1
3957,VISp,INH,Pvalb,L6a,INH,Sst,L4,100.0,125.0,200.0,225.0,AISynphys,Accessed on 2025-07-08 00:00:007,0.0,1
3958,VISp,INH,Pvalb,L6a,INH,Sst,L4,125.0,150.0,175.0,200.0,AISynphys,Accessed on 2025-07-08 00:00:007,0.0,1
3959,VISp,INH,Pvalb,L6a,INH,Sst,L5,0.0,25.0,0.0,25.0,AISynphys,Accessed on 2025-07-08 00:00:007,0.0,1
3960,VISp,INH,Pvalb,L6a,INH,Sst,L5,0.0,25.0,25.0,50.0,AISynphys,Accessed on 2025-07-08 00:00:007,0.0,3
3961,VISp,INH,Pvalb,L6a,INH,Sst,L5,0.0,25.0,50.0,75.0,AISynphys,Accessed on 2025-07-08 00:00:007,0.0,5
3962,VISp,INH,Pvalb,L6a,INH,Sst,L5,0.0,25.0,75.0,100.0,AISynphys,Accessed on 2025-07-08 00:00:007,0.0,1
3963,VISp,INH,Pvalb,L6a,INH,Sst,L5,0.0,25.0,100.0,125.0,AISynphys,Accessed on 2025-07-08 00:00:007,0.25,4
3964,VISp,INH,Pvalb,L6a,INH,Sst,L5,0.0,25.0,125.0,150.0,AISynphys,Accessed on 2025-07-08 00:00:007,0.0,7
3965,VISp,INH,Pvalb,L6a,INH,Sst,L5,0.0,25.0,150.0,175.0,AISynphys,Accessed on 2025-07-08 00:00:007,0.0,2
3966,VISp,INH,Pvalb,L6a,INH,Sst,L5,0.0,25.0,200.0,225.0,AISynphys,Accessed on 2025-07-08 00:00:007,0.0,1
3967,VISp,INH,Pvalb,L6a,INH,Sst,L5,25.0,50.0,25.0,50.0,AISynphys,Accessed on 2025-07-08 00:00:007,0.0,3
3968,VISp,INH,Pvalb,L6a,INH,Sst,L5,25.0,50.0,50.0,75.0,AISynphys,Accessed on 2025-07-08 00:00:007,0.0,3
3969,VISp,INH,Pvalb,L6a,INH,Sst,L5,25.0,50.0,75.0,100.0,AISynphys,Accessed on 2025-07-08 00:00:007,0.0,1
3970,VISp,INH,Pvalb,L6a,INH,Sst,L5,25.0,50.0,100.0,125.0,AISynphys,Accessed on 2025-07-08 00:00:007,0.0,2
3971,VISp,INH,Pvalb,L6a,INH,Sst,L5,25.0,50.0,125.0,150.0,AISynphys,Accessed on 2025-07-08 00:00:007,0.0,3
3972,VISp,INH,Pvalb,L6a,INH,Sst,L5,25.0,50.0,175.0,200.0,AISynphys,Accessed on 2025-07-08 00:00:007,0.0,1
3973,VISp,INH,Pvalb,L6a,INH,Sst,L5,50.0,75.0,25.0,50.0,AISynphys,Accessed on 2025-07-08 00:00:007,0.0,3
3974,VISp,INH,Pvalb,L6a,INH,Sst,L5,50.0,75.0,50.0,75.0,AISynphys,Accessed on 2025-07-08 00:00:007,0.0,2
3975,VISp,INH,Pvalb,L6a,INH,Sst,L5,50.0,75.0,75.0,100.0,AISynphys,Accessed on 2025-07-08 00:00:007,0.0,4
3976,VISp,INH,Pvalb,L6a,INH,Sst,L5,50.0,75.0,100.0,125.0,AISynphys,Accessed on 2025-07-08 00:00:007,0.0,2
3977,VISp,INH,Pvalb,L6a,INH,Sst,L5,50.0,75.0,125.0,150.0,AISynphys,Accessed on 2025-07-08 00:00:007,0.0,3
3978,VISp,INH,Pvalb,L6a,INH,Sst,L5,50.0,75.0,175.0,200.0,AISynphys,Accessed on 2025-07-08 00:00:007,0.0,1
3979,VISp,INH,Pvalb,L6a,INH,Sst,L5,75.0,100.0,50.0,75.0,AISynphys,Accessed on 2025-07-08 00:00:007,0.0,1
3980,VISp,INH,Pvalb,L6a,INH,Sst,L5,75.0,100.0,75.0,100.0,AISynphys,Accessed on 2025-07-08 00:00:007,0.0,2
3981,VISp,INH,Pvalb,L6a,INH,Sst,L5,75.0,100.0,100.0,125.0,AISynphys,Accessed on 2025-07-08 00:00:007,0.0,3
3982,VISp,INH,Pvalb,L6a,INH,Sst,L5,75.0,100.0,225.0,250.0,AISynphys,Accessed on 2025-07-08 00:00:007,0.0,1
3983,VISp,INH,Pvalb,L6a,INH,Sst,L5,100.0,125.0,0.0,25.0,AISynphys,Accessed on 2025-07-08 00:00:007,0.0,1
3984,VISp,INH,Pvalb,L6a,INH,Sst,L5,100.0,125.0,50.0,75.0,AISynphys,Accessed on 2025-07-08 00:00:007,0.0,1
3985,VISp,INH,Pvalb,L6a,INH,Sst,L5,100.0,125.0,100.0,125.0,AISynphys,Accessed on 2025-07-08 00:00:007,0.0,1
3986,VISp,INH,Pvalb,L6a,INH,Sst,L5,100.0,125.0,200.0,225.0,AISynphys,Accessed on 2025-07-08 00:00:007,0.0,1
3987,VISp,INH,Pvalb,L6a,INH,Sst,L5,125.0,150.0,25.0,50.0,AISynphys,Accessed on 2025-07-08 00:00:007,0.0,1
3988,VISp,INH,Pvalb,L6a,INH,Sst,L5,125.0,150.0,50.0,75.0,AISynphys,Accessed on 2025-07-08 00:00:007,0.0,1
3989,VISp,INH,Pvalb,L6a,INH,Sst,L5,125.0,150.0,75.0,100.0,AISynphys,Accessed on 2025-07-08 00:00:007,0.0,1
3990,VISp,INH,Pvalb,L6a,INH,Sst,L5,150.0,175.0,25.0,50.0,AISynphys,Accessed on 2025-07-08 00:00:007,0.0,2
3991,VISp,INH,Pvalb,L6a,INH,Sst,L5,175.0,200.0,25.0,50.0,AISynphys,Accessed on 2025-07-08 00:00:007,0.0,1
3992,VISp,INH,Pvalb,L6a,INH,Sst,L5,175.0,200.0,50.0,75.0,AISynphys,Accessed on 2025-07-08 00:00:007,0.0,1
3993,VISp,INH,Pvalb,L6a,INH,Sst,L6a,0.0,25.0,0.0,25.0,AISynphys,Accessed on 2025-07-08 00:00:007,0.0,9
3994,VISp,INH,Pvalb,L6a,INH,Sst,L6a,0.0,25.0,25.0,50.0,AISynphys,Accessed on 2025-07-08 00:00:007,0.0,12
3995,VISp,INH,Pvalb,L6a,INH,Sst,L6a,0.0,25.0,50.0,75.0,AISynphys,Accessed on 2025-07-08 00:00:007,0.0,8
3996,VISp,INH,Pvalb,L6a,INH,Sst,L6a,0.0,25.0,75.0,100.0,AISynphys,Accessed on 2025-07-08 00:00:007,0.0,5
3997,VISp,INH,Pvalb,L6a,INH,Sst,L6a,0.0,25.0,100.0,125.0,AISynphys,Accessed on 2025-07-08 00:00:007,0.0,2
3998,VISp,INH,Pvalb,L6a,INH,Sst,L6a,0.0,25.0,125.0,150.0,AISynphys,Accessed on 2025-07-08 00:00:007,0.0,1
3999,VISp,INH,Pvalb,L6a,INH,Sst,L6a,0.0,25.0,150.0,175.0,AISynphys,Accessed on 2025-07-08 00:00:007,0.0,1
4000,VISp,INH,Pvalb,L6a,INH,Sst,L6a,25.0,50.0,0.0,25.0,AISynphys,Accessed on 2025-07-08 00:00:007,0.0,6
4001,VISp,INH,Pvalb,L6a,INH,Sst,L6a,25.0,50.0,25.0,50.0,AISynphys,Accessed on 2025-07-08 00:00:007,0.0,5
4002,VISp,INH,Pvalb,L6a,INH,Sst,L6a,25.0,50.0,50.0,75.0,AISynphys,Accessed on 2025-07-08 00:00:007,0.1,10
4003,VISp,INH,Pvalb,L6a,INH,Sst,L6a,25.0,50.0,75.0,100.0,AISynphys,Accessed on 2025-07-08 00:00:007,0.0,4
4004,VISp,INH,Pvalb,L6a,INH,Sst,L6a,25.0,50.0,100.0,125.0,AISynphys,Accessed on 2025-07-08 00:00:007,0.0,1
4005,VISp,INH,Pvalb,L6a,INH,Sst,L6a,25.0,50.0,125.0,150.0,AISynphys,Accessed on 2025-07-08 00:00:007,0.0,1
4006,VISp,INH,Pvalb,L6a,INH,Sst,L6a,50.0,75.0,0.0,25.0,AISynphys,Accessed on 2025-07-08 00:00:007,0.0,7
4007,VISp,INH,Pvalb,L6a,INH,Sst,L6a,50.0,75.0,25.0,50.0,AISynphys,Accessed on 2025-07-08 00:00:007,0.0,4
4008,VISp,INH,Pvalb,L6a,INH,Sst,L6a,50.0,75.0,50.0,75.0,AISynphys,Accessed on 2025-07-08 00:00:007,0.0,4
4009,VISp,INH,Pvalb,L6a,INH,Sst,L6a,50.0,75.0,75.0,100.0,AISynphys,Accessed on 2025-07-08 00:00:007,0.0,4
4010,VISp,INH,Pvalb,L6a,INH,Sst,L6a,50.0,75.0,100.0,125.0,AISynphys,Accessed on 2025-07-08 00:00:007,0.0,1
4011,VISp,INH,Pvalb,L6a,INH,Sst,L6a,75.0,100.0,0.0,25.0,AISynphys,Accessed on 2025-07-08 00:00:007,0.0,8
4012,VISp,INH,Pvalb,L6a,INH,Sst,L6a,75.0,100.0,25.0,50.0,AISynphys,Accessed on 2025-07-08 00:00:007,0.0,2
4013,VISp,INH,Pvalb,L6a,INH,Sst,L6a,75.0,100.0,50.0,75.0,AISynphys,Accessed on 2025-07-08 00:00:007,0.0,4
4014,VISp,INH,Pvalb,L6a,INH,Sst,L6a,75.0,100.0,75.0,100.0,AISynphys,Accessed on 2025-07-08 00:00:007,0.0,3
4015,VISp,INH,Pvalb,L6a,INH,Sst,L6a,75.0,100.0,125.0,150.0,AISynphys,Accessed on 2025-07-08 00:00:007,0.0,2
4016,VISp,INH,Pvalb,L6a,INH,Sst,L6a,75.0,100.0,175.0,200.0,AISynphys,Accessed on 2025-07-08 00:00:007,0.0,1
4017,VISp,INH,Pvalb,L6a,INH,Sst,L6a,100.0,125.0,25.0,50.0,AISynphys,Accessed on 2025-07-08 00:00:007,0.0,7
4018,VISp,INH,Pvalb,L6a,INH,Sst,L6a,100.0,125.0,50.0,75.0,AISynphys,Accessed on 2025-07-08 00:00:007,0.0,4
4019,VISp,INH,Pvalb,L6a,INH,Sst,L6a,100.0,125.0,75.0,100.0,AISynphys,Accessed on 2025-07-08 00:00:007,0.0,1
4020,VISp,INH,Pvalb,L6a,INH,Sst,L6a,125.0,150.0,0.0,25.0,AISynphys,Accessed on 2025-07-08 00:00:007,0.25,4
4021,VISp,INH,Pvalb,L6a,INH,Sst,L6a,125.0,150.0,25.0,50.0,AISynphys,Accessed on 2025-07-08 00:00:007,0.0,3
4022,VISp,INH,Pvalb,L6a,INH,Sst,L6a,125.0,150.0,75.0,100.0,AISynphys,Accessed on 2025-07-08 00:00:007,0.0,1
4023,VISp,INH,Pvalb,L6a,INH,Sst,L6a,125.0,150.0,100.0,125.0,AISynphys,Accessed on 2025-07-08 00:00:007,0.0,1
4024,VISp,INH,Pvalb,L6a,INH,Sst,L6a,150.0,175.0,0.0,25.0,AISynphys,Accessed on 2025-07-08 00:00:007,0.0,1
4025,VISp,INH,Pvalb,L6a,INH,Sst,L6a,150.0,175.0,25.0,50.0,AISynphys,Accessed on 2025-07-08 00:00:007,0.0,1
4026,VISp,INH,Pvalb,L6a,INH,Sst,L6a,150.0,175.0,50.0,75.0,AISynphys,Accessed on 2025-07-08 00:00:007,0.0,1
4027,VISp,INH,Pvalb,L6a,INH,Sst,L6a,150.0,175.0,75.0,100.0,AISynphys,Accessed on 2025-07-08 00:00:007,0.0,1
4028,VISp,INH,Pvalb,L6a,INH,Sst,L6a,175.0,200.0,0.0,25.0,AISynphys,Accessed on 2025-07-08 00:00:007,0.0,1
4029,VISp,INH,Pvalb,L6a,INH,Sst,L6a,175.0,200.0,25.0,50.0,AISynphys,Accessed on 2025-07-08 00:00:007,0.0,1
4030,VISp,INH,Pvalb,L6a,INH,Sst,L6b,0.0,25.0,100.0,125.0,AISynphys,Accessed on 2025-07-08 00:00:007,0.0,2
4031,VISp,INH,Pvalb,L6a,INH,Sst,L6b,0.0,25.0,175.0,200.0,AISynphys,Accessed on 2025-07-08 00:00:007,0.0,2
4032,VISp,INH,Pvalb,L6a,INH,Sst,L6b,25.0,50.0,75.0,100.0,AISynphys,Accessed on 2025-07-08 00:00:007,0.0,1
4033,VISp,INH,Pvalb,L6a,INH,Sst,L6b,25.0,50.0,150.0,175.0,AISynphys,Accessed on 2025-07-08 00:00:007,0.0,1
4034,VISp,INH,Pvalb,L6a,INH,Sst,L6b,25.0,50.0,200.0,225.0,AISynphys,Accessed on 2025-07-08 00:00:007,0.0,1
4035,VISp,INH,Pvalb,L6a,INH,Sst,L6b,50.0,75.0,75.0,100.0,AISynphys,Accessed on 2025-07-08 00:00:007,0.0,1
4036,VISp,INH,Pvalb,L6a,INH,Sst,L6b,50.0,75.0,125.0,150.0,AISynphys,Accessed on 2025-07-08 00:00:007,0.0,1
4037,VISp,INH,Pvalb,L6a,INH,Sst,L6b,50.0,75.0,175.0,200.0,AISynphys,Accessed on 2025-07-08 00:00:007,0.0,1
4038,VISp,INH,Pvalb,L6a,INH,Sst,L6b,50.0,75.0,200.0,225.0,AISynphys,Accessed on 2025-07-08 00:00:007,0.0,1
4039,VISp,INH,Pvalb,L6a,INH,Sst,L6b,75.0,100.0,200.0,225.0,AISynphys,Accessed on 2025-07-08 00:00:007,0.0,1
4040,VISp,INH,Pvalb,L6a,INH,Sst,L6b,100.0,125.0,50.0,75.0,AISynphys,Accessed on 2025-07-08 00:00:007,0.0,1
4041,VISp,INH,Pvalb,L6a,INH,Sst,L6b,100.0,125.0,100.0,125.0,AISynphys,Accessed on 2025-07-08 00:00:007,0.0,1
4042,VISp,INH,Pvalb,L6a,INH,Sst,L6b,125.0,150.0,75.0,100.0,AISynphys,Accessed on 2025-07-08 00:00:007,0.0,1
4043,VISp,INH,Pvalb,L6a,INH,Sst,L6b,150.0,175.0,100.0,125.0,AISynphys,Accessed on 2025-07-08 00:00:007,0.0,1
4044,VISp,INH,Pvalb,L6a,INH,Vip,L23,0.0,25.0,500.0,525.0,AISynphys,Accessed on 2025-07-08 00:00:007,0.0,1
4045,VISp,INH,Pvalb,L6a,INH,Vip,L23,25.0,50.0,550.0,575.0,AISynphys,Accessed on 2025-07-08 00:00:007,0.0,1
4046,VISp,INH,Pvalb,L6a,INH,Vip,L23,50.0,75.0,400.0,425.0,AISynphys,Accessed on 2025-07-08 00:00:007,0.0,1
4047,VISp,INH,Pvalb,L6a,INH,Vip,L23,50.0,75.0,475.0,500.0,AISynphys,Accessed on 2025-07-08 00:00:007,0.0,1
4048,VISp,INH,Pvalb,L6a,INH,Vip,L23,125.0,150.0,475.0,500.0,AISynphys,Accessed on 2025-07-08 00:00:007,0.0,1
4049,VISp,INH,Pvalb,L6a,INH,Vip,L23,125.0,150.0,650.0,675.0,AISynphys,Accessed on 2025-07-08 00:00:007,0.0,1
4050,VISp,INH,Pvalb,L6a,INH,Vip,L23,150.0,175.0,375.0,400.0,AISynphys,Accessed on 2025-07-08 00:00:007,0.0,1
4051,VISp,INH,Pvalb,L6a,INH,Vip,L23,150.0,175.0,625.0,650.0,AISynphys,Accessed on 2025-07-08 00:00:007,0.0,1
4052,VISp,INH,Pvalb,L6a,INH,Vip,L23,175.0,200.0,475.0,500.0,AISynphys,Accessed on 2025-07-08 00:00:007,0.0,1
4053,VISp,INH,Pvalb,L6a,INH,Vip,L23,175.0,200.0,600.0,625.0,AISynphys,Accessed on 2025-07-08 00:00:007,0.0,1
4054,VISp,INH,Pvalb,L6a,INH,Vip,L23,175.0,200.0,675.0,700.0,AISynphys,Accessed on 2025-07-08 00:00:007,0.0,1
4055,VISp,INH,Pvalb,L6a,INH,Vip,L23,200.0,225.0,675.0,700.0,AISynphys,Accessed on 2025-07-08 00:00:007,0.0,1
4056,VISp,INH,Pvalb,L6a,INH,Vip,L23,275.0,300.0,525.0,550.0,AISynphys,Accessed on 2025-07-08 00:00:007,0.0,1
4057,VISp,INH,Pvalb,L6a,INH,Vip,L4,0.0,25.0,350.0,375.0,AISynphys,Accessed on 2025-07-08 00:00:007,0.0,1
4058,VISp,INH,Pvalb,L6a,INH,Vip,L4,0.0,25.0,375.0,400.0,AISynphys,Accessed on 2025-07-08 00:00:007,0.0,1
4059,VISp,INH,Pvalb,L6a,INH,Vip,L4,25.0,50.0,325.0,350.0,AISynphys,Accessed on 2025-07-08 00:00:007,0.0,1
4060,VISp,INH,Pvalb,L6a,INH,Vip,L4,25.0,50.0,350.0,375.0,AISynphys,Accessed on 2025-07-08 00:00:007,0.0,1
4061,VISp,INH,Pvalb,L6a,INH,Vip,L4,25.0,50.0,400.0,425.0,AISynphys,Accessed on 2025-07-08 00:00:007,0.0,1
4062,VISp,INH,Pvalb,L6a,INH,Vip,L4,50.0,75.0,275.0,300.0,AISynphys,Accessed on 2025-07-08 00:00:007,0.0,1
4063,VISp,INH,Pvalb,L6a,INH,Vip,L4,50.0,75.0,325.0,350.0,AISynphys,Accessed on 2025-07-08 00:00:007,0.0,2
4064,VISp,INH,Pvalb,L6a,INH,Vip,L4,50.0,75.0,375.0,400.0,AISynphys,Accessed on 2025-07-08 00:00:007,0.0,1
4065,VISp,INH,Pvalb,L6a,INH,Vip,L4,50.0,75.0,400.0,425.0,AISynphys,Accessed on 2025-07-08 00:00:007,0.0,1
4066,VISp,INH,Pvalb,L6a,INH,Vip,L4,75.0,100.0,325.0,350.0,AISynphys,Accessed on 2025-07-08 00:00:007,0.0,1
4067,VISp,INH,Pvalb,L6a,INH,Vip,L4,75.0,100.0,375.0,400.0,AISynphys,Accessed on 2025-07-08 00:00:007,0.0,1
4068,VISp,INH,Pvalb,L6a,INH,Vip,L4,100.0,125.0,275.0,300.0,AISynphys,Accessed on 2025-07-08 00:00:007,0.0,1
4069,VISp,INH,Pvalb,L6a,INH,Vip,L4,125.0,150.0,350.0,375.0,AISynphys,Accessed on 2025-07-08 00:00:007,0.0,1
4070,VISp,INH,Pvalb,L6a,INH,Vip,L4,175.0,200.0,300.0,325.0,AISynphys,Accessed on 2025-07-08 00:00:007,0.0,1
4071,VISp,INH,Pvalb,L6a,INH,Vip,L5,0.0,25.0,25.0,50.0,AISynphys,Accessed on 2025-07-08 00:00:007,0.0,1
4072,VISp,INH,Pvalb,L6a,INH,Vip,L5,0.0,25.0,50.0,75.0,AISynphys,Accessed on 2025-07-08 00:00:007,0.0,1
4073,VISp,INH,Pvalb,L6a,INH,Vip,L5,0.0,25.0,250.0,275.0,AISynphys,Accessed on 2025-07-08 00:00:007,0.0,1
4074,VISp,INH,Pvalb,L6a,INH,Vip,L5,25.0,50.0,25.0,50.0,AISynphys,Accessed on 2025-07-08 00:00:007,0.3333333333333333,3
4075,VISp,INH,Pvalb,L6a,INH,Vip,L5,25.0,50.0,50.0,75.0,AISynphys,Accessed on 2025-07-08 00:00:007,0.0,1
4076,VISp,INH,Pvalb,L6a,INH,Vip,L5,25.0,50.0,75.0,100.0,AISynphys,Accessed on 2025-07-08 00:00:007,0.0,1
4077,VISp,INH,Pvalb,L6a,INH,Vip,L5,25.0,50.0,125.0,150.0,AISynphys,Accessed on 2025-07-08 00:00:007,0.0,1
4078,VISp,INH,Pvalb,L6a,INH,Vip,L5,25.0,50.0,150.0,175.0,AISynphys,Accessed on 2025-07-08 00:00:007,0.0,1
4079,VISp,INH,Pvalb,L6a,INH,Vip,L5,25.0,50.0,175.0,200.0,AISynphys,Accessed on 2025-07-08 00:00:007,0.0,1
4080,VISp,INH,Pvalb,L6a,INH,Vip,L5,50.0,75.0,50.0,75.0,AISynphys,Accessed on 2025-07-08 00:00:007,0.0,1
4081,VISp,INH,Pvalb,L6a,INH,Vip,L5,50.0,75.0,75.0,100.0,AISynphys,Accessed on 2025-07-08 00:00:007,0.0,2
4082,VISp,INH,Pvalb,L6a,INH,Vip,L5,50.0,75.0,225.0,250.0,AISynphys,Accessed on 2025-07-08 00:00:007,0.0,1
4083,VISp,INH,Pvalb,L6a,INH,Vip,L5,50.0,75.0,250.0,275.0,AISynphys,Accessed on 2025-07-08 00:00:007,0.0,1
4084,VISp,INH,Pvalb,L6a,INH,Vip,L5,75.0,100.0,75.0,100.0,AISynphys,Accessed on 2025-07-08 00:00:007,0.0,1
4085,VISp,INH,Pvalb,L6a,INH,Vip,L5,75.0,100.0,125.0,150.0,AISynphys,Accessed on 2025-07-08 00:00:007,0.0,1
4086,VISp,INH,Pvalb,L6a,INH,Vip,L5,75.0,100.0,150.0,175.0,AISynphys,Accessed on 2025-07-08 00:00:007,0.0,2
4087,VISp,INH,Pvalb,L6a,INH,Vip,L5,100.0,125.0,25.0,50.0,AISynphys,Accessed on 2025-07-08 00:00:007,0.0,1
4088,VISp,INH,Pvalb,L6a,INH,Vip,L5,100.0,125.0,125.0,150.0,AISynphys,Accessed on 2025-07-08 00:00:007,0.0,1
4089,VISp,INH,Pvalb,L6a,INH,Vip,L5,100.0,125.0,200.0,225.0,AISynphys,Accessed on 2025-07-08 00:00:007,0.0,1
4090,VISp,INH,Pvalb,L6a,INH,Vip,L5,125.0,150.0,50.0,75.0,AISynphys,Accessed on 2025-07-08 00:00:007,0.0,1
4091,VISp,INH,Pvalb,L6a,INH,Vip,L5,125.0,150.0,125.0,150.0,AISynphys,Accessed on 2025-07-08 00:00:007,0.0,1
4092,VISp,INH,Pvalb,L6a,INH,Vip,L5,125.0,150.0,150.0,175.0,AISynphys,Accessed on 2025-07-08 00:00:007,0.0,1
4093,VISp,INH,Pvalb,L6a,INH,Vip,L5,125.0,150.0,175.0,200.0,AISynphys,Accessed on 2025-07-08 00:00:007,0.0,1
4094,VISp,INH,Pvalb,L6a,INH,Vip,L5,150.0,175.0,125.0,150.0,AISynphys,Accessed on 2025-07-08 00:00:007,0.0,2
4095,VISp,INH,Pvalb,L6a,INH,Vip,L5,150.0,175.0,150.0,175.0,AISynphys,Accessed on 2025-07-08 00:00:007,0.0,1
4096,VISp,INH,Pvalb,L6a,INH,Vip,L5,175.0,200.0,25.0,50.0,AISynphys,Accessed on 2025-07-08 00:00:007,0.0,1
4097,VISp,INH,Pvalb,L6a,INH,Vip,L5,175.0,200.0,50.0,75.0,AISynphys,Accessed on 2025-07-08 00:00:007,0.0,1
4098,VISp,INH,Pvalb,L6a,INH,Vip,L5,175.0,200.0,75.0,100.0,AISynphys,Accessed on 2025-07-08 00:00:007,0.0,1
4099,VISp,INH,Pvalb,L6a,INH,Vip,L6a,0.0,25.0,0.0,25.0,AISynphys,Accessed on 2025-07-08 00:00:007,0.0,3
4100,VISp,INH,Pvalb,L6a,INH,Vip,L6a,0.0,25.0,25.0,50.0,AISynphys,Accessed on 2025-07-08 00:00:007,0.0,2
4101,VISp,INH,Pvalb,L6a,INH,Vip,L6a,0.0,25.0,50.0,75.0,AISynphys,Accessed on 2025-07-08 00:00:007,0.0,4
4102,VISp,INH,Pvalb,L6a,INH,Vip,L6a,0.0,25.0,75.0,100.0,AISynphys,Accessed on 2025-07-08 00:00:007,0.0,1
4103,VISp,INH,Pvalb,L6a,INH,Vip,L6a,0.0,25.0,100.0,125.0,AISynphys,Accessed on 2025-07-08 00:00:007,0.0,1
4104,VISp,INH,Pvalb,L6a,INH,Vip,L6a,0.0,25.0,125.0,150.0,AISynphys,Accessed on 2025-07-08 00:00:007,0.0,1
4105,VISp,INH,Pvalb,L6a,INH,Vip,L6a,25.0,50.0,0.0,25.0,AISynphys,Accessed on 2025-07-08 00:00:007,0.0,5
4106,VISp,INH,Pvalb,L6a,INH,Vip,L6a,25.0,50.0,25.0,50.0,AISynphys,Accessed on 2025-07-08 00:00:007,0.0,1
4107,VISp,INH,Pvalb,L6a,INH,Vip,L6a,25.0,50.0,50.0,75.0,AISynphys,Accessed on 2025-07-08 00:00:007,0.0,2
4108,VISp,INH,Pvalb,L6a,INH,Vip,L6a,25.0,50.0,75.0,100.0,AISynphys,Accessed on 2025-07-08 00:00:007,0.0,3
4109,VISp,INH,Pvalb,L6a,INH,Vip,L6a,25.0,50.0,100.0,125.0,AISynphys,Accessed on 2025-07-08 00:00:007,0.0,1
4110,VISp,INH,Pvalb,L6a,INH,Vip,L6a,50.0,75.0,0.0,25.0,AISynphys,Accessed on 2025-07-08 00:00:007,0.0,6
4111,VISp,INH,Pvalb,L6a,INH,Vip,L6a,50.0,75.0,25.0,50.0,AISynphys,Accessed on 2025-07-08 00:00:007,0.0,1
4112,VISp,INH,Pvalb,L6a,INH,Vip,L6a,50.0,75.0,50.0,75.0,AISynphys,Accessed on 2025-07-08 00:00:007,0.0,2
4113,VISp,INH,Pvalb,L6a,INH,Vip,L6a,50.0,75.0,75.0,100.0,AISynphys,Accessed on 2025-07-08 00:00:007,0.0,3
4114,VISp,INH,Pvalb,L6a,INH,Vip,L6a,50.0,75.0,100.0,125.0,AISynphys,Accessed on 2025-07-08 00:00:007,0.0,5
4115,VISp,INH,Pvalb,L6a,INH,Vip,L6a,75.0,100.0,0.0,25.0,AISynphys,Accessed on 2025-07-08 00:00:007,0.0,4
4116,VISp,INH,Pvalb,L6a,INH,Vip,L6a,75.0,100.0,25.0,50.0,AISynphys,Accessed on 2025-07-08 00:00:007,0.0,2
4117,VISp,INH,Pvalb,L6a,INH,Vip,L6a,75.0,100.0,50.0,75.0,AISynphys,Accessed on 2025-07-08 00:00:007,0.0,2
4118,VISp,INH,Pvalb,L6a,INH,Vip,L6a,75.0,100.0,75.0,100.0,AISynphys,Accessed on 2025-07-08 00:00:007,0.0,2
4119,VISp,INH,Pvalb,L6a,INH,Vip,L6a,75.0,100.0,100.0,125.0,AISynphys,Accessed on 2025-07-08 00:00:007,0.0,2
4120,VISp,INH,Pvalb,L6a,INH,Vip,L6a,100.0,125.0,0.0,25.0,AISynphys,Accessed on 2025-07-08 00:00:007,0.0,6
4121,VISp,INH,Pvalb,L6a,INH,Vip,L6a,100.0,125.0,25.0,50.0,AISynphys,Accessed on 2025-07-08 00:00:007,0.0,3
4122,VISp,INH,Pvalb,L6a,INH,Vip,L6a,100.0,125.0,50.0,75.0,AISynphys,Accessed on 2025-07-08 00:00:007,0.0,2
4123,VISp,INH,Pvalb,L6a,INH,Vip,L6a,100.0,125.0,75.0,100.0,AISynphys,Accessed on 2025-07-08 00:00:007,0.0,5
4124,VISp,INH,Pvalb,L6a,INH,Vip,L6a,100.0,125.0,100.0,125.0,AISynphys,Accessed on 2025-07-08 00:00:007,0.0,1
4125,VISp,INH,Pvalb,L6a,INH,Vip,L6a,125.0,150.0,0.0,25.0,AISynphys,Accessed on 2025-07-08 00:00:007,0.0,1
4126,VISp,INH,Pvalb,L6a,INH,Vip,L6a,125.0,150.0,25.0,50.0,AISynphys,Accessed on 2025-07-08 00:00:007,0.2,5
4127,VISp,INH,Pvalb,L6a,INH,Vip,L6a,125.0,150.0,100.0,125.0,AISynphys,Accessed on 2025-07-08 00:00:007,0.0,1
4128,VISp,INH,Pvalb,L6a,INH,Vip,L6a,150.0,175.0,0.0,25.0,AISynphys,Accessed on 2025-07-08 00:00:007,0.0,5
4129,VISp,INH,Pvalb,L6a,INH,Vip,L6a,150.0,175.0,25.0,50.0,AISynphys,Accessed on 2025-07-08 00:00:007,0.0,4
4130,VISp,INH,Pvalb,L6a,INH,Vip,L6a,150.0,175.0,50.0,75.0,AISynphys,Accessed on 2025-07-08 00:00:007,0.0,1
4131,VISp,INH,Pvalb,L6a,INH,Vip,L6a,150.0,175.0,100.0,125.0,AISynphys,Accessed on 2025-07-08 00:00:007,0.0,2
4132,VISp,INH,Pvalb,L6a,INH,Vip,L6a,175.0,200.0,25.0,50.0,AISynphys,Accessed on 2025-07-08 00:00:007,0.0,1
4133,VISp,INH,Pvalb,L6a,INH,Vip,L6a,175.0,200.0,75.0,100.0,AISynphys,Accessed on 2025-07-08 00:00:007,0.0,1
4134,VISp,INH,Pvalb,L6a,INH,Vip,L6a,175.0,200.0,125.0,150.0,AISynphys,Accessed on 2025-07-08 00:00:007,0.0,1
4135,VISp,INH,Pvalb,L6a,INH,Vip,L6a,175.0,200.0,175.0,200.0,AISynphys,Accessed on 2025-07-08 00:00:007,0.0,1
4136,VISp,INH,Pvalb,L6a,INH,Vip,L6a,200.0,225.0,0.0,25.0,AISynphys,Accessed on 2025-07-08 00:00:007,0.0,2
4137,VISp,INH,Pvalb,L6a,INH,Vip,L6a,200.0,225.0,50.0,75.0,AISynphys,Accessed on 2025-07-08 00:00:007,0.0,5
4138,VISp,INH,Pvalb,L6a,INH,Vip,L6a,200.0,225.0,100.0,125.0,AISynphys,Accessed on 2025-07-08 00:00:007,0.0,2
4139,VISp,INH,Pvalb,L6a,INH,Vip,L6a,225.0,250.0,25.0,50.0,AISynphys,Accessed on 2025-07-08 00:00:007,0.0,2
4140,VISp,INH,Pvalb,L6a,INH,Vip,L6a,225.0,250.0,50.0,75.0,AISynphys,Accessed on 2025-07-08 00:00:007,0.0,2
4141,VISp,INH,Pvalb,L6a,INH,Vip,L6a,250.0,275.0,0.0,25.0,AISynphys,Accessed on 2025-07-08 00:00:007,0.0,1
4142,VISp,INH,Pvalb,L6a,INH,Vip,L6a,250.0,275.0,50.0,75.0,AISynphys,Accessed on 2025-07-08 00:00:007,0.0,1
4143,VISp,INH,Pvalb,L6a,INH,Vip,L6b,0.0,25.0,75.0,100.0,AISynphys,Accessed on 2025-07-08 00:00:007,0.0,1
4144,VISp,INH,Pvalb,L6a,INH,Vip,L6b,25.0,50.0,75.0,100.0,AISynphys,Accessed on 2025-07-08 00:00:007,0.0,1
4145,VISp,INH,Pvalb,L6a,INH,Vip,L6b,50.0,75.0,125.0,150.0,AISynphys,Accessed on 2025-07-08 00:00:007,0.0,1
4146,VISp,INH,Pvalb,L6a,INH,Vip,L6b,50.0,75.0,150.0,175.0,AISynphys,Accessed on 2025-07-08 00:00:007,0.0,1
4147,VISp,INH,Pvalb,L6a,INH,Vip,L6b,75.0,100.0,100.0,125.0,AISynphys,Accessed on 2025-07-08 00:00:007,0.0,1
4148,VISp,INH,Pvalb,L6a,INH,Vip,L6b,150.0,175.0,25.0,50.0,AISynphys,Accessed on 2025-07-08 00:00:007,0.0,1
4149,VISp,INH,Pvalb,L6a,INH,Vip,L6b,150.0,175.0,50.0,75.0,AISynphys,Accessed on 2025-07-08 00:00:007,0.0,1
4150,VISp,INH,Pvalb,L6a,INH,Vip,L6b,175.0,200.0,75.0,100.0,AISynphys,Accessed on 2025-07-08 00:00:007,0.0,1
4151,VISp,INH,Pvalb,L6a,INH,Vip,L6b,225.0,250.0,25.0,50.0,AISynphys,Accessed on 2025-07-08 00:00:007,0.0,1
4152,VISp,INH,Pvalb,L6a,INH,Vip,L6b,400.0,425.0,200.0,225.0,AISynphys,Accessed on 2025-07-08 00:00:007,0.0,1
4153,VISp,INH,Pvalb,L6a,INH,Vip,L6b,425.0,450.0,175.0,200.0,AISynphys,Accessed on 2025-07-08 00:00:007,0.0,1
4154,VISp,INH,Pvalb,L6b,INH,Pvalb,L6a,25.0,50.0,50.0,75.0,AISynphys,Accessed on 2025-07-08 00:00:007,0.0,2
4155,VISp,INH,Pvalb,L6b,INH,Pvalb,L6a,100.0,125.0,0.0,25.0,AISynphys,Accessed on 2025-07-08 00:00:007,0.0,1
4156,VISp,INH,Pvalb,L6b,INH,Pvalb,L6a,150.0,175.0,100.0,125.0,AISynphys,Accessed on 2025-07-08 00:00:007,0.0,1
4157,VISp,INH,Pvalb,L6b,INH,Pvalb,L6a,175.0,200.0,0.0,25.0,AISynphys,Accessed on 2025-07-08 00:00:007,0.0,1
4158,VISp,INH,Pvalb,L6b,INH,Sst,L6a,175.0,200.0,50.0,75.0,AISynphys,Accessed on 2025-07-08 00:00:007,0.0,1
4159,VISp,INH,Pvalb,L6b,INH,Sst,L6a,175.0,200.0,75.0,100.0,AISynphys,Accessed on 2025-07-08 00:00:007,0.0,1
4160,VISp,INH,Pvalb,L6b,INH,Sst,L6b,75.0,100.0,25.0,50.0,AISynphys,Accessed on 2025-07-08 00:00:007,0.0,1
4161,VISp,INH,Pvalb,L6b,INH,Sst,L6b,125.0,150.0,0.0,25.0,AISynphys,Accessed on 2025-07-08 00:00:007,0.0,1
4162,VISp,INH,Pvalb,L6b,INH,Sst,L6b,150.0,175.0,0.0,25.0,AISynphys,Accessed on 2025-07-08 00:00:007,0.0,1
4163,VISp,INH,Pvalb,L6b,INH,Vip,L6a,25.0,50.0,100.0,125.0,AISynphys,Accessed on 2025-07-08 00:00:007,0.0,1
4164,VISp,INH,Pvalb,L6b,INH,Vip,L6a,100.0,125.0,75.0,100.0,AISynphys,Accessed on 2025-07-08 00:00:007,0.0,1
4165,VISp,INH,Pvalb,L6b,INH,Vip,L6b,50.0,75.0,0.0,25.0,AISynphys,Accessed on 2025-07-08 00:00:007,0.0,1
4166,VISp,INH,"Pvalb,Sim1",L5,INH,Pvalb,L6a,0.0,25.0,125.0,150.0,AISynphys,Accessed on 2025-07-08 00:00:007,0.5,2
4167,VISp,INH,"Pvalb,Sim1",L5,INH,Pvalb,L6a,75.0,100.0,150.0,175.0,AISynphys,Accessed on 2025-07-08 00:00:007,0.5,2
4168,VISp,INH,"Pvalb,Sim1",L5,INH,"Pvalb,Sim1",L5,100.0,125.0,0.0,25.0,AISynphys,Accessed on 2025-07-08 00:00:007,0.0,2
4169,VISp,INH,"Pvalb,Sst",L5,INH,Pvalb,L5,50.0,75.0,0.0,25.0,AISynphys,Accessed on 2025-07-08 00:00:007,1.0,1
4170,VISp,INH,"Pvalb,Sst",L5,INH,Pvalb,L6a,0.0,25.0,75.0,100.0,AISynphys,Accessed on 2025-07-08 00:00:007,0.0,1
4171,VISp,INH,"Pvalb,Sst",L5,INH,Pvalb,L6a,50.0,75.0,100.0,125.0,AISynphys,Accessed on 2025-07-08 00:00:007,1.0,1
4172,VISp,INH,"Pvalb,Sst",L5,INH,Sst,L5,125.0,150.0,0.0,25.0,AISynphys,Accessed on 2025-07-08 00:00:007,0.0,1
4173,VISp,INH,Sst,L1,EXC,Ntsr1,L6a,50.0,75.0,675.0,700.0,AISynphys,Accessed on 2025-07-08 00:00:007,0.0,1
4174,VISp,INH,Sst,L1,EXC,Ntsr1,L6b,25.0,50.0,725.0,750.0,AISynphys,Accessed on 2025-07-08 00:00:007,0.0,1
4175,VISp,INH,Sst,L1,EXC,Tlx3,L5,0.0,25.0,400.0,425.0,AISynphys,Accessed on 2025-07-08 00:00:007,0.0,2
4176,VISp,INH,Sst,L1,EXC,Tlx3,L5,50.0,75.0,375.0,400.0,AISynphys,Accessed on 2025-07-08 00:00:007,0.0,1
4177,VISp,INH,Sst,L1,EXC,Tlx3,L5,150.0,175.0,400.0,425.0,AISynphys,Accessed on 2025-07-08 00:00:007,0.0,1
4178,VISp,INH,Sst,L1,INH,Pvalb,L23,25.0,50.0,125.0,150.0,AISynphys,Accessed on 2025-07-08 00:00:007,0.0,1
4179,VISp,INH,Sst,L1,INH,Pvalb,L23,25.0,50.0,150.0,175.0,AISynphys,Accessed on 2025-07-08 00:00:007,0.0,1
4180,VISp,INH,Sst,L1,INH,Pvalb,L23,50.0,75.0,100.0,125.0,AISynphys,Accessed on 2025-07-08 00:00:007,1.0,1
4181,VISp,INH,Sst,L1,INH,Sst,L23,0.0,25.0,0.0,25.0,AISynphys,Accessed on 2025-07-08 00:00:007,0.0,1
4182,VISp,INH,Sst,L1,INH,Sst,L23,0.0,25.0,75.0,100.0,AISynphys,Accessed on 2025-07-08 00:00:007,0.0,1
4183,VISp,INH,Sst,L1,INH,Sst,L23,50.0,75.0,0.0,25.0,AISynphys,Accessed on 2025-07-08 00:00:007,0.0,1
4184,VISp,INH,Sst,L1,INH,Sst,L23,50.0,75.0,50.0,75.0,AISynphys,Accessed on 2025-07-08 00:00:007,1.0,1
4185,VISp,INH,Sst,L1,INH,Sst,L23,50.0,75.0,100.0,125.0,AISynphys,Accessed on 2025-07-08 00:00:007,0.0,1
4186,VISp,INH,Sst,L1,INH,Sst,L23,50.0,75.0,200.0,225.0,AISynphys,Accessed on 2025-07-08 00:00:007,0.0,1
4187,VISp,INH,Sst,L1,INH,Sst,L23,75.0,100.0,25.0,50.0,AISynphys,Accessed on 2025-07-08 00:00:007,0.0,1
4188,VISp,INH,Sst,L1,INH,Sst,L23,100.0,125.0,0.0,25.0,AISynphys,Accessed on 2025-07-08 00:00:007,1.0,1
4189,VISp,INH,Sst,L1,INH,Sst,L23,100.0,125.0,150.0,175.0,AISynphys,Accessed on 2025-07-08 00:00:007,0.0,1
4190,VISp,INH,Sst,L1,INH,Sst,L23,175.0,200.0,75.0,100.0,AISynphys,Accessed on 2025-07-08 00:00:007,0.0,1
4191,VISp,INH,Sst,L1,INH,Sst,L5,50.0,75.0,425.0,450.0,AISynphys,Accessed on 2025-07-08 00:00:007,0.0,1
4192,VISp,INH,Sst,L1,INH,Sst,L6b,50.0,75.0,725.0,750.0,AISynphys,Accessed on 2025-07-08 00:00:007,0.0,1
4193,VISp,INH,Sst,L1,INH,Vip,L23,0.0,25.0,150.0,175.0,AISynphys,Accessed on 2025-07-08 00:00:007,0.0,1
4194,VISp,INH,Sst,L1,INH,Vip,L23,0.0,25.0,200.0,225.0,AISynphys,Accessed on 2025-07-08 00:00:007,0.0,1
4195,VISp,INH,Sst,L1,INH,Vip,L23,100.0,125.0,50.0,75.0,AISynphys,Accessed on 2025-07-08 00:00:007,0.0,2
4196,VISp,INH,Sst,L1,INH,Vip,L4,100.0,125.0,275.0,300.0,AISynphys,Accessed on 2025-07-08 00:00:007,0.0,1
4197,VISp,INH,Sst,L1,INH,Vip,L4,150.0,175.0,275.0,300.0,AISynphys,Accessed on 2025-07-08 00:00:007,0.0,1
4198,VISp,INH,Sst,L23,EXC,Nr5a1,L23,0.0,25.0,0.0,25.0,AISynphys,Accessed on 2025-07-08 00:00:007,0.5,2
4199,VISp,INH,Sst,L23,EXC,Nr5a1,L23,0.0,25.0,25.0,50.0,AISynphys,Accessed on 2025-07-08 00:00:007,0.0,1
4200,VISp,INH,Sst,L23,EXC,Nr5a1,L23,0.0,25.0,50.0,75.0,AISynphys,Accessed on 2025-07-08 00:00:007,0.0,1
4201,VISp,INH,Sst,L23,EXC,Nr5a1,L23,25.0,50.0,25.0,50.0,AISynphys,Accessed on 2025-07-08 00:00:007,0.3333333333333333,3
4202,VISp,INH,Sst,L23,EXC,Nr5a1,L23,50.0,75.0,0.0,25.0,AISynphys,Accessed on 2025-07-08 00:00:007,0.0,1
4203,VISp,INH,Sst,L23,EXC,Nr5a1,L23,75.0,100.0,25.0,50.0,AISynphys,Accessed on 2025-07-08 00:00:007,0.0,2
4204,VISp,INH,Sst,L23,EXC,Nr5a1,L23,100.0,125.0,0.0,25.0,AISynphys,Accessed on 2025-07-08 00:00:007,0.0,1
4205,VISp,INH,Sst,L23,EXC,Nr5a1,L23,100.0,125.0,100.0,125.0,AISynphys,Accessed on 2025-07-08 00:00:007,0.0,1
4206,VISp,INH,Sst,L23,EXC,Nr5a1,L4,0.0,25.0,25.0,50.0,AISynphys,Accessed on 2025-07-08 00:00:007,0.0,2
4207,VISp,INH,Sst,L23,EXC,Nr5a1,L4,0.0,25.0,50.0,75.0,AISynphys,Accessed on 2025-07-08 00:00:007,0.0,1
4208,VISp,INH,Sst,L23,EXC,Nr5a1,L4,0.0,25.0,75.0,100.0,AISynphys,Accessed on 2025-07-08 00:00:007,0.0,1
4209,VISp,INH,Sst,L23,EXC,Nr5a1,L4,0.0,25.0,125.0,150.0,AISynphys,Accessed on 2025-07-08 00:00:007,0.0,1
4210,VISp,INH,Sst,L23,EXC,Nr5a1,L4,25.0,50.0,0.0,25.0,AISynphys,Accessed on 2025-07-08 00:00:007,0.0,1
4211,VISp,INH,Sst,L23,EXC,Nr5a1,L4,25.0,50.0,25.0,50.0,AISynphys,Accessed on 2025-07-08 00:00:007,0.0,3
4212,VISp,INH,Sst,L23,EXC,Nr5a1,L4,25.0,50.0,50.0,75.0,AISynphys,Accessed on 2025-07-08 00:00:007,0.0,5
4213,VISp,INH,Sst,L23,EXC,Nr5a1,L4,25.0,50.0,75.0,100.0,AISynphys,Accessed on 2025-07-08 00:00:007,0.0,3
4214,VISp,INH,Sst,L23,EXC,Nr5a1,L4,25.0,50.0,125.0,150.0,AISynphys,Accessed on 2025-07-08 00:00:007,0.0,2
4215,VISp,INH,Sst,L23,EXC,Nr5a1,L4,50.0,75.0,0.0,25.0,AISynphys,Accessed on 2025-07-08 00:00:007,1.0,1
4216,VISp,INH,Sst,L23,EXC,Nr5a1,L4,50.0,75.0,25.0,50.0,AISynphys,Accessed on 2025-07-08 00:00:007,0.0,2
4217,VISp,INH,Sst,L23,EXC,Nr5a1,L4,50.0,75.0,50.0,75.0,AISynphys,Accessed on 2025-07-08 00:00:007,0.0,3
4218,VISp,INH,Sst,L23,EXC,Nr5a1,L4,50.0,75.0,100.0,125.0,AISynphys,Accessed on 2025-07-08 00:00:007,0.0,2
4219,VISp,INH,Sst,L23,EXC,Nr5a1,L4,50.0,75.0,150.0,175.0,AISynphys,Accessed on 2025-07-08 00:00:007,0.0,2
4220,VISp,INH,Sst,L23,EXC,Nr5a1,L4,50.0,75.0,175.0,200.0,AISynphys,Accessed on 2025-07-08 00:00:007,0.0,2
4221,VISp,INH,Sst,L23,EXC,Nr5a1,L4,75.0,100.0,0.0,25.0,AISynphys,Accessed on 2025-07-08 00:00:007,0.0,1
4222,VISp,INH,Sst,L23,EXC,Nr5a1,L4,75.0,100.0,50.0,75.0,AISynphys,Accessed on 2025-07-08 00:00:007,0.0,4
4223,VISp,INH,Sst,L23,EXC,Nr5a1,L4,75.0,100.0,75.0,100.0,AISynphys,Accessed on 2025-07-08 00:00:007,0.0,2
4224,VISp,INH,Sst,L23,EXC,Nr5a1,L4,100.0,125.0,25.0,50.0,AISynphys,Accessed on 2025-07-08 00:00:007,0.0,3
4225,VISp,INH,Sst,L23,EXC,Nr5a1,L4,100.0,125.0,50.0,75.0,AISynphys,Accessed on 2025-07-08 00:00:007,0.0,2
4226,VISp,INH,Sst,L23,EXC,Nr5a1,L4,100.0,125.0,100.0,125.0,AISynphys,Accessed on 2025-07-08 00:00:007,0.0,1
4227,VISp,INH,Sst,L23,EXC,Nr5a1,L4,100.0,125.0,175.0,200.0,AISynphys,Accessed on 2025-07-08 00:00:007,0.0,1
4228,VISp,INH,Sst,L23,EXC,Nr5a1,L4,125.0,150.0,75.0,100.0,AISynphys,Accessed on 2025-07-08 00:00:007,0.0,1
4229,VISp,INH,Sst,L23,EXC,Nr5a1,L4,125.0,150.0,150.0,175.0,AISynphys,Accessed on 2025-07-08 00:00:007,0.0,1
4230,VISp,INH,Sst,L23,EXC,Ntsr1,L6a,25.0,50.0,625.0,650.0,AISynphys,Accessed on 2025-07-08 00:00:007,0.0,1
4231,VISp,INH,Sst,L23,EXC,Ntsr1,L6a,50.0,75.0,625.0,650.0,AISynphys,Accessed on 2025-07-08 00:00:007,0.0,1
4232,VISp,INH,Sst,L23,EXC,Ntsr1,L6a,50.0,75.0,700.0,725.0,AISynphys,Accessed on 2025-07-08 00:00:007,0.0,1
4233,VISp,INH,Sst,L23,EXC,Ntsr1,L6a,75.0,100.0,475.0,500.0,AISynphys,Accessed on 2025-07-08 00:00:007,0.0,2
4234,VISp,INH,Sst,L23,EXC,Ntsr1,L6a,75.0,100.0,675.0,700.0,AISynphys,Accessed on 2025-07-08 00:00:007,0.0,1
4235,VISp,INH,Sst,L23,EXC,Ntsr1,L6a,200.0,225.0,550.0,575.0,AISynphys,Accessed on 2025-07-08 00:00:007,0.0,1
4236,VISp,INH,Sst,L23,EXC,Ntsr1,L6a,250.0,275.0,550.0,575.0,AISynphys,Accessed on 2025-07-08 00:00:007,0.0,1
4237,VISp,INH,Sst,L23,EXC,Tlx3,L5,0.0,25.0,375.0,400.0,AISynphys,Accessed on 2025-07-08 00:00:007,0.0,1
4238,VISp,INH,Sst,L23,EXC,Tlx3,L5,25.0,50.0,225.0,250.0,AISynphys,Accessed on 2025-07-08 00:00:007,0.0,1
4239,VISp,INH,Sst,L23,EXC,Tlx3,L5,25.0,50.0,250.0,275.0,AISynphys,Accessed on 2025-07-08 00:00:007,0.0,1
4240,VISp,INH,Sst,L23,EXC,Tlx3,L5,25.0,50.0,425.0,450.0,AISynphys,Accessed on 2025-07-08 00:00:007,0.0,2
4241,VISp,INH,Sst,L23,EXC,Tlx3,L5,25.0,50.0,450.0,475.0,AISynphys,Accessed on 2025-07-08 00:00:007,0.0,1
4242,VISp,INH,Sst,L23,EXC,Tlx3,L5,50.0,75.0,225.0,250.0,AISynphys,Accessed on 2025-07-08 00:00:007,0.0,1
4243,VISp,INH,Sst,L23,EXC,Tlx3,L5,50.0,75.0,250.0,275.0,AISynphys,Accessed on 2025-07-08 00:00:007,0.0,2
4244,VISp,INH,Sst,L23,EXC,Tlx3,L5,75.0,100.0,325.0,350.0,AISynphys,Accessed on 2025-07-08 00:00:007,0.0,1
4245,VISp,INH,Sst,L23,EXC,Tlx3,L5,75.0,100.0,350.0,375.0,AISynphys,Accessed on 2025-07-08 00:00:007,0.0,1
4246,VISp,INH,Sst,L23,EXC,Tlx3,L5,100.0,125.0,175.0,200.0,AISynphys,Accessed on 2025-07-08 00:00:007,0.0,1
4247,VISp,INH,Sst,L23,EXC,Tlx3,L5,100.0,125.0,250.0,275.0,AISynphys,Accessed on 2025-07-08 00:00:007,0.0,1
4248,VISp,INH,Sst,L23,EXC,Tlx3,L5,125.0,150.0,175.0,200.0,AISynphys,Accessed on 2025-07-08 00:00:007,0.0,1
4249,VISp,INH,Sst,L23,EXC,Tlx3,L5,150.0,175.0,175.0,200.0,AISynphys,Accessed on 2025-07-08 00:00:007,0.0,1
4250,VISp,INH,Sst,L23,EXC,Tlx3,L5,200.0,225.0,225.0,250.0,AISynphys,Accessed on 2025-07-08 00:00:007,0.0,1
4251,VISp,INH,Sst,L23,INH,Pvalb,L23,0.0,25.0,0.0,25.0,AISynphys,Accessed on 2025-07-08 00:00:007,0.14285714285714285,7
4252,VISp,INH,Sst,L23,INH,Pvalb,L23,0.0,25.0,25.0,50.0,AISynphys,Accessed on 2025-07-08 00:00:007,0.25,4
4253,VISp,INH,Sst,L23,INH,Pvalb,L23,0.0,25.0,50.0,75.0,AISynphys,Accessed on 2025-07-08 00:00:007,0.2,10
4254,VISp,INH,Sst,L23,INH,Pvalb,L23,0.0,25.0,75.0,100.0,AISynphys,Accessed on 2025-07-08 00:00:007,0.0,4
4255,VISp,INH,Sst,L23,INH,Pvalb,L23,25.0,50.0,0.0,25.0,AISynphys,Accessed on 2025-07-08 00:00:007,0.2,5
4256,VISp,INH,Sst,L23,INH,Pvalb,L23,25.0,50.0,25.0,50.0,AISynphys,Accessed on 2025-07-08 00:00:007,0.14285714285714285,7
4257,VISp,INH,Sst,L23,INH,Pvalb,L23,25.0,50.0,50.0,75.0,AISynphys,Accessed on 2025-07-08 00:00:007,0.0,1
4258,VISp,INH,Sst,L23,INH,Pvalb,L23,25.0,50.0,75.0,100.0,AISynphys,Accessed on 2025-07-08 00:00:007,0.25,4
4259,VISp,INH,Sst,L23,INH,Pvalb,L23,25.0,50.0,100.0,125.0,AISynphys,Accessed on 2025-07-08 00:00:007,0.0,2
4260,VISp,INH,Sst,L23,INH,Pvalb,L23,25.0,50.0,125.0,150.0,AISynphys,Accessed on 2025-07-08 00:00:007,0.0,2
4261,VISp,INH,Sst,L23,INH,Pvalb,L23,25.0,50.0,175.0,200.0,AISynphys,Accessed on 2025-07-08 00:00:007,0.0,1
4262,VISp,INH,Sst,L23,INH,Pvalb,L23,50.0,75.0,0.0,25.0,AISynphys,Accessed on 2025-07-08 00:00:007,0.16666666666666666,6
4263,VISp,INH,Sst,L23,INH,Pvalb,L23,50.0,75.0,25.0,50.0,AISynphys,Accessed on 2025-07-08 00:00:007,0.0,5
4264,VISp,INH,Sst,L23,INH,Pvalb,L23,50.0,75.0,50.0,75.0,AISynphys,Accessed on 2025-07-08 00:00:007,0.0,7
4265,VISp,INH,Sst,L23,INH,Pvalb,L23,50.0,75.0,75.0,100.0,AISynphys,Accessed on 2025-07-08 00:00:007,0.0,2
4266,VISp,INH,Sst,L23,INH,Pvalb,L23,50.0,75.0,100.0,125.0,AISynphys,Accessed on 2025-07-08 00:00:007,0.0,1
4267,VISp,INH,Sst,L23,INH,Pvalb,L23,75.0,100.0,0.0,25.0,AISynphys,Accessed on 2025-07-08 00:00:007,0.0,2
4268,VISp,INH,Sst,L23,INH,Pvalb,L23,75.0,100.0,25.0,50.0,AISynphys,Accessed on 2025-07-08 00:00:007,0.16666666666666666,6
4269,VISp,INH,Sst,L23,INH,Pvalb,L23,75.0,100.0,50.0,75.0,AISynphys,Accessed on 2025-07-08 00:00:007,0.125,8
4270,VISp,INH,Sst,L23,INH,Pvalb,L23,75.0,100.0,75.0,100.0,AISynphys,Accessed on 2025-07-08 00:00:007,0.0,3
4271,VISp,INH,Sst,L23,INH,Pvalb,L23,75.0,100.0,100.0,125.0,AISynphys,Accessed on 2025-07-08 00:00:007,0.0,3
4272,VISp,INH,Sst,L23,INH,Pvalb,L23,75.0,100.0,175.0,200.0,AISynphys,Accessed on 2025-07-08 00:00:007,0.0,1
4273,VISp,INH,Sst,L23,INH,Pvalb,L23,100.0,125.0,0.0,25.0,AISynphys,Accessed on 2025-07-08 00:00:007,0.25,4
4274,VISp,INH,Sst,L23,INH,Pvalb,L23,100.0,125.0,25.0,50.0,AISynphys,Accessed on 2025-07-08 00:00:007,0.0,1
4275,VISp,INH,Sst,L23,INH,Pvalb,L23,100.0,125.0,50.0,75.0,AISynphys,Accessed on 2025-07-08 00:00:007,0.0,3
4276,VISp,INH,Sst,L23,INH,Pvalb,L23,100.0,125.0,75.0,100.0,AISynphys,Accessed on 2025-07-08 00:00:007,0.0,1
4277,VISp,INH,Sst,L23,INH,Pvalb,L23,125.0,150.0,0.0,25.0,AISynphys,Accessed on 2025-07-08 00:00:007,0.0,3
4278,VISp,INH,Sst,L23,INH,Pvalb,L23,125.0,150.0,25.0,50.0,AISynphys,Accessed on 2025-07-08 00:00:007,0.0,3
4279,VISp,INH,Sst,L23,INH,Pvalb,L23,125.0,150.0,50.0,75.0,AISynphys,Accessed on 2025-07-08 00:00:007,0.0,3
4280,VISp,INH,Sst,L23,INH,Pvalb,L23,125.0,150.0,75.0,100.0,AISynphys,Accessed on 2025-07-08 00:00:007,1.0,1
4281,VISp,INH,Sst,L23,INH,Pvalb,L23,125.0,150.0,100.0,125.0,AISynphys,Accessed on 2025-07-08 00:00:007,0.0,1
4282,VISp,INH,Sst,L23,INH,Pvalb,L23,125.0,150.0,150.0,175.0,AISynphys,Accessed on 2025-07-08 00:00:007,0.0,1
4283,VISp,INH,Sst,L23,INH,Pvalb,L23,150.0,175.0,0.0,25.0,AISynphys,Accessed on 2025-07-08 00:00:007,0.0,1
4284,VISp,INH,Sst,L23,INH,Pvalb,L23,150.0,175.0,25.0,50.0,AISynphys,Accessed on 2025-07-08 00:00:007,0.0,2
4285,VISp,INH,Sst,L23,INH,Pvalb,L23,150.0,175.0,50.0,75.0,AISynphys,Accessed on 2025-07-08 00:00:007,0.0,2
4286,VISp,INH,Sst,L23,INH,Pvalb,L23,150.0,175.0,75.0,100.0,AISynphys,Accessed on 2025-07-08 00:00:007,0.0,1
4287,VISp,INH,Sst,L23,INH,Pvalb,L23,150.0,175.0,100.0,125.0,AISynphys,Accessed on 2025-07-08 00:00:007,0.0,1
4288,VISp,INH,Sst,L23,INH,Pvalb,L23,175.0,200.0,0.0,25.0,AISynphys,Accessed on 2025-07-08 00:00:007,0.0,1
4289,VISp,INH,Sst,L23,INH,Pvalb,L23,175.0,200.0,25.0,50.0,AISynphys,Accessed on 2025-07-08 00:00:007,0.0,1
4290,VISp,INH,Sst,L23,INH,Pvalb,L23,175.0,200.0,50.0,75.0,AISynphys,Accessed on 2025-07-08 00:00:007,0.0,1
4291,VISp,INH,Sst,L23,INH,Pvalb,L23,175.0,200.0,100.0,125.0,AISynphys,Accessed on 2025-07-08 00:00:007,0.0,1
4292,VISp,INH,Sst,L23,INH,Pvalb,L23,200.0,225.0,0.0,25.0,AISynphys,Accessed on 2025-07-08 00:00:007,0.0,2
4293,VISp,INH,Sst,L23,INH,Pvalb,L23,200.0,225.0,25.0,50.0,AISynphys,Accessed on 2025-07-08 00:00:007,0.0,1
4294,VISp,INH,Sst,L23,INH,Pvalb,L23,200.0,225.0,75.0,100.0,AISynphys,Accessed on 2025-07-08 00:00:007,0.0,1
4295,VISp,INH,Sst,L23,INH,Pvalb,L23,225.0,250.0,25.0,50.0,AISynphys,Accessed on 2025-07-08 00:00:007,0.0,1
4296,VISp,INH,Sst,L23,INH,Pvalb,L23,225.0,250.0,50.0,75.0,AISynphys,Accessed on 2025-07-08 00:00:007,0.0,1
4297,VISp,INH,Sst,L23,INH,Pvalb,L4,0.0,25.0,0.0,25.0,AISynphys,Accessed on 2025-07-08 00:00:007,0.0,1
4298,VISp,INH,Sst,L23,INH,Pvalb,L4,0.0,25.0,25.0,50.0,AISynphys,Accessed on 2025-07-08 00:00:007,0.0,1
4299,VISp,INH,Sst,L23,INH,Pvalb,L4,0.0,25.0,100.0,125.0,AISynphys,Accessed on 2025-07-08 00:00:007,0.3333333333333333,3
4300,VISp,INH,Sst,L23,INH,Pvalb,L4,25.0,50.0,0.0,25.0,AISynphys,Accessed on 2025-07-08 00:00:007,1.0,1
4301,VISp,INH,Sst,L23,INH,Pvalb,L4,25.0,50.0,25.0,50.0,AISynphys,Accessed on 2025-07-08 00:00:007,0.0,1
4302,VISp,INH,Sst,L23,INH,Pvalb,L4,25.0,50.0,50.0,75.0,AISynphys,Accessed on 2025-07-08 00:00:007,0.0,1
4303,VISp,INH,Sst,L23,INH,Pvalb,L4,25.0,50.0,75.0,100.0,AISynphys,Accessed on 2025-07-08 00:00:007,0.3333333333333333,3
4304,VISp,INH,Sst,L23,INH,Pvalb,L4,50.0,75.0,0.0,25.0,AISynphys,Accessed on 2025-07-08 00:00:007,0.0,1
4305,VISp,INH,Sst,L23,INH,Pvalb,L4,50.0,75.0,75.0,100.0,AISynphys,Accessed on 2025-07-08 00:00:007,0.25,4
4306,VISp,INH,Sst,L23,INH,Pvalb,L4,75.0,100.0,25.0,50.0,AISynphys,Accessed on 2025-07-08 00:00:007,1.0,1
4307,VISp,INH,Sst,L23,INH,Pvalb,L4,75.0,100.0,50.0,75.0,AISynphys,Accessed on 2025-07-08 00:00:007,0.0,1
4308,VISp,INH,Sst,L23,INH,Pvalb,L4,100.0,125.0,75.0,100.0,AISynphys,Accessed on 2025-07-08 00:00:007,0.0,2
4309,VISp,INH,Sst,L23,INH,Pvalb,L4,100.0,125.0,150.0,175.0,AISynphys,Accessed on 2025-07-08 00:00:007,0.0,1
4310,VISp,INH,Sst,L23,INH,Pvalb,L4,125.0,150.0,150.0,175.0,AISynphys,Accessed on 2025-07-08 00:00:007,0.0,1
4311,VISp,INH,Sst,L23,INH,Pvalb,L5,0.0,25.0,150.0,175.0,AISynphys,Accessed on 2025-07-08 00:00:007,0.0,1
4312,VISp,INH,Sst,L23,INH,Pvalb,L5,0.0,25.0,350.0,375.0,AISynphys,Accessed on 2025-07-08 00:00:007,0.0,1
4313,VISp,INH,Sst,L23,INH,Pvalb,L5,25.0,50.0,150.0,175.0,AISynphys,Accessed on 2025-07-08 00:00:007,0.0,2
4314,VISp,INH,Sst,L23,INH,Pvalb,L5,25.0,50.0,300.0,325.0,AISynphys,Accessed on 2025-07-08 00:00:007,0.0,1
4315,VISp,INH,Sst,L23,INH,Pvalb,L5,50.0,75.0,50.0,75.0,AISynphys,Accessed on 2025-07-08 00:00:007,1.0,1
4316,VISp,INH,Sst,L23,INH,Pvalb,L5,50.0,75.0,125.0,150.0,AISynphys,Accessed on 2025-07-08 00:00:007,0.0,1
4317,VISp,INH,Sst,L23,INH,Pvalb,L5,75.0,100.0,100.0,125.0,AISynphys,Accessed on 2025-07-08 00:00:007,0.0,1
4318,VISp,INH,Sst,L23,INH,Pvalb,L5,75.0,100.0,125.0,150.0,AISynphys,Accessed on 2025-07-08 00:00:007,0.0,2
4319,VISp,INH,Sst,L23,INH,Pvalb,L5,100.0,125.0,50.0,75.0,AISynphys,Accessed on 2025-07-08 00:00:007,0.0,1
4320,VISp,INH,Sst,L23,INH,Pvalb,L5,200.0,225.0,125.0,150.0,AISynphys,Accessed on 2025-07-08 00:00:007,0.0,1
4321,VISp,INH,Sst,L23,INH,Pvalb,L5,275.0,300.0,500.0,525.0,AISynphys,Accessed on 2025-07-08 00:00:007,0.0,1
4322,VISp,INH,Sst,L23,INH,Pvalb,L6a,0.0,25.0,550.0,575.0,AISynphys,Accessed on 2025-07-08 00:00:007,0.0,1
4323,VISp,INH,Sst,L23,INH,Pvalb,L6a,25.0,50.0,575.0,600.0,AISynphys,Accessed on 2025-07-08 00:00:007,0.0,1
4324,VISp,INH,Sst,L23,INH,Pvalb,L6a,50.0,75.0,575.0,600.0,AISynphys,Accessed on 2025-07-08 00:00:007,0.0,1
4325,VISp,INH,Sst,L23,INH,Pvalb,L6a,50.0,75.0,700.0,725.0,AISynphys,Accessed on 2025-07-08 00:00:007,0.0,1
4326,VISp,INH,Sst,L23,INH,Pvalb,L6a,100.0,125.0,625.0,650.0,AISynphys,Accessed on 2025-07-08 00:00:007,0.0,1
4327,VISp,INH,Sst,L23,INH,Pvalb,L6a,125.0,150.0,625.0,650.0,AISynphys,Accessed on 2025-07-08 00:00:007,0.0,1
4328,VISp,INH,Sst,L23,INH,Pvalb,L6a,175.0,200.0,550.0,575.0,AISynphys,Accessed on 2025-07-08 00:00:007,0.0,1
4329,VISp,INH,Sst,L23,INH,Pvalb,L6a,175.0,200.0,600.0,625.0,AISynphys,Accessed on 2025-07-08 00:00:007,0.0,1
4330,VISp,INH,Sst,L23,INH,Pvalb,L6a,225.0,250.0,625.0,650.0,AISynphys,Accessed on 2025-07-08 00:00:007,0.0,1
4331,VISp,INH,Sst,L23,INH,Sst,L1,0.0,25.0,0.0,25.0,AISynphys,Accessed on 2025-07-08 00:00:007,0.0,1
4332,VISp,INH,Sst,L23,INH,Sst,L1,0.0,25.0,75.0,100.0,AISynphys,Accessed on 2025-07-08 00:00:007,0.0,1
4333,VISp,INH,Sst,L23,INH,Sst,L1,50.0,75.0,0.0,25.0,AISynphys,Accessed on 2025-07-08 00:00:007,0.0,1
4334,VISp,INH,Sst,L23,INH,Sst,L1,50.0,75.0,50.0,75.0,AISynphys,Accessed on 2025-07-08 00:00:007,1.0,1
4335,VISp,INH,Sst,L23,INH,Sst,L1,50.0,75.0,100.0,125.0,AISynphys,Accessed on 2025-07-08 00:00:007,0.0,1
4336,VISp,INH,Sst,L23,INH,Sst,L1,50.0,75.0,200.0,225.0,AISynphys,Accessed on 2025-07-08 00:00:007,0.0,1
4337,VISp,INH,Sst,L23,INH,Sst,L1,75.0,100.0,25.0,50.0,AISynphys,Accessed on 2025-07-08 00:00:007,0.0,1
4338,VISp,INH,Sst,L23,INH,Sst,L1,100.0,125.0,0.0,25.0,AISynphys,Accessed on 2025-07-08 00:00:007,0.0,1
4339,VISp,INH,Sst,L23,INH,Sst,L1,100.0,125.0,150.0,175.0,AISynphys,Accessed on 2025-07-08 00:00:007,0.0,1
4340,VISp,INH,Sst,L23,INH,Sst,L1,175.0,200.0,75.0,100.0,AISynphys,Accessed on 2025-07-08 00:00:007,0.0,1
4341,VISp,INH,Sst,L23,INH,Sst,L23,0.0,25.0,0.0,25.0,AISynphys,Accessed on 2025-07-08 00:00:007,0.0,10
4342,VISp,INH,Sst,L23,INH,Sst,L23,0.0,25.0,25.0,50.0,AISynphys,Accessed on 2025-07-08 00:00:007,0.0,10
4343,VISp,INH,Sst,L23,INH,Sst,L23,0.0,25.0,50.0,75.0,AISynphys,Accessed on 2025-07-08 00:00:007,0.0,8
4344,VISp,INH,Sst,L23,INH,Sst,L23,0.0,25.0,75.0,100.0,AISynphys,Accessed on 2025-07-08 00:00:007,0.0,6
4345,VISp,INH,Sst,L23,INH,Sst,L23,0.0,25.0,100.0,125.0,AISynphys,Accessed on 2025-07-08 00:00:007,0.0,8
4346,VISp,INH,Sst,L23,INH,Sst,L23,25.0,50.0,0.0,25.0,AISynphys,Accessed on 2025-07-08 00:00:007,0.0,12
4347,VISp,INH,Sst,L23,INH,Sst,L23,25.0,50.0,25.0,50.0,AISynphys,Accessed on 2025-07-08 00:00:007,0.0,18
4348,VISp,INH,Sst,L23,INH,Sst,L23,25.0,50.0,50.0,75.0,AISynphys,Accessed on 2025-07-08 00:00:007,0.0,20
4349,VISp,INH,Sst,L23,INH,Sst,L23,25.0,50.0,75.0,100.0,AISynphys,Accessed on 2025-07-08 00:00:007,0.0,10
4350,VISp,INH,Sst,L23,INH,Sst,L23,25.0,50.0,100.0,125.0,AISynphys,Accessed on 2025-07-08 00:00:007,0.0,2
4351,VISp,INH,Sst,L23,INH,Sst,L23,50.0,75.0,0.0,25.0,AISynphys,Accessed on 2025-07-08 00:00:007,0.0625,16
4352,VISp,INH,Sst,L23,INH,Sst,L23,50.0,75.0,25.0,50.0,AISynphys,Accessed on 2025-07-08 00:00:007,0.0,16
4353,VISp,INH,Sst,L23,INH,Sst,L23,50.0,75.0,50.0,75.0,AISynphys,Accessed on 2025-07-08 00:00:007,0.0,2
4354,VISp,INH,Sst,L23,INH,Sst,L23,50.0,75.0,75.0,100.0,AISynphys,Accessed on 2025-07-08 00:00:007,0.0,4
4355,VISp,INH,Sst,L23,INH,Sst,L23,50.0,75.0,125.0,150.0,AISynphys,Accessed on 2025-07-08 00:00:007,0.0,4
4356,VISp,INH,Sst,L23,INH,Sst,L23,75.0,100.0,0.0,25.0,AISynphys,Accessed on 2025-07-08 00:00:007,0.3333333333333333,6
4357,VISp,INH,Sst,L23,INH,Sst,L23,75.0,100.0,25.0,50.0,AISynphys,Accessed on 2025-07-08 00:00:007,0.0,6
4358,VISp,INH,Sst,L23,INH,Sst,L23,75.0,100.0,50.0,75.0,AISynphys,Accessed on 2025-07-08 00:00:007,0.0,10
4359,VISp,INH,Sst,L23,INH,Sst,L23,75.0,100.0,75.0,100.0,AISynphys,Accessed on 2025-07-08 00:00:007,0.0,6
4360,VISp,INH,Sst,L23,INH,Sst,L23,75.0,100.0,100.0,125.0,AISynphys,Accessed on 2025-07-08 00:00:007,0.0,2
4361,VISp,INH,Sst,L23,INH,Sst,L23,100.0,125.0,0.0,25.0,AISynphys,Accessed on 2025-07-08 00:00:007,0.0,10
4362,VISp,INH,Sst,L23,INH,Sst,L23,100.0,125.0,25.0,50.0,AISynphys,Accessed on 2025-07-08 00:00:007,0.16666666666666666,6
4363,VISp,INH,Sst,L23,INH,Sst,L23,100.0,125.0,50.0,75.0,AISynphys,Accessed on 2025-07-08 00:00:007,0.0,14
4364,VISp,INH,Sst,L23,INH,Sst,L23,100.0,125.0,100.0,125.0,AISynphys,Accessed on 2025-07-08 00:00:007,0.0,2
4365,VISp,INH,Sst,L23,INH,Sst,L23,100.0,125.0,125.0,150.0,AISynphys,Accessed on 2025-07-08 00:00:007,0.0,4
4366,VISp,INH,Sst,L23,INH,Sst,L23,125.0,150.0,0.0,25.0,AISynphys,Accessed on 2025-07-08 00:00:007,0.0,12
4367,VISp,INH,Sst,L23,INH,Sst,L23,125.0,150.0,25.0,50.0,AISynphys,Accessed on 2025-07-08 00:00:007,0.0,4
4368,VISp,INH,Sst,L23,INH,Sst,L23,125.0,150.0,75.0,100.0,AISynphys,Accessed on 2025-07-08 00:00:007,0.0,2
4369,VISp,INH,Sst,L23,INH,Sst,L23,125.0,150.0,100.0,125.0,AISynphys,Accessed on 2025-07-08 00:00:007,0.0,4
4370,VISp,INH,Sst,L23,INH,Sst,L23,125.0,150.0,125.0,150.0,AISynphys,Accessed on 2025-07-08 00:00:007,0.0,2
4371,VISp,INH,Sst,L23,INH,Sst,L23,150.0,175.0,0.0,25.0,AISynphys,Accessed on 2025-07-08 00:00:007,0.0,2
4372,VISp,INH,Sst,L23,INH,Sst,L23,150.0,175.0,25.0,50.0,AISynphys,Accessed on 2025-07-08 00:00:007,0.0,4
4373,VISp,INH,Sst,L23,INH,Sst,L23,150.0,175.0,50.0,75.0,AISynphys,Accessed on 2025-07-08 00:00:007,0.0,4
4374,VISp,INH,Sst,L23,INH,Sst,L23,150.0,175.0,125.0,150.0,AISynphys,Accessed on 2025-07-08 00:00:007,0.0,2
4375,VISp,INH,Sst,L23,INH,Sst,L23,175.0,200.0,0.0,25.0,AISynphys,Accessed on 2025-07-08 00:00:007,0.0,2
4376,VISp,INH,Sst,L23,INH,Sst,L23,175.0,200.0,50.0,75.0,AISynphys,Accessed on 2025-07-08 00:00:007,0.0,2
4377,VISp,INH,Sst,L23,INH,Sst,L23,175.0,200.0,75.0,100.0,AISynphys,Accessed on 2025-07-08 00:00:007,0.0,2
4378,VISp,INH,Sst,L23,INH,Sst,L23,175.0,200.0,125.0,150.0,AISynphys,Accessed on 2025-07-08 00:00:007,0.0,2
4379,VISp,INH,Sst,L23,INH,Sst,L23,200.0,225.0,0.0,25.0,AISynphys,Accessed on 2025-07-08 00:00:007,0.0,4
4380,VISp,INH,Sst,L23,INH,Sst,L23,200.0,225.0,25.0,50.0,AISynphys,Accessed on 2025-07-08 00:00:007,0.0,2
4381,VISp,INH,Sst,L23,INH,Sst,L23,250.0,275.0,175.0,200.0,AISynphys,Accessed on 2025-07-08 00:00:007,0.0,2
4382,VISp,INH,Sst,L23,INH,Sst,L4,0.0,25.0,0.0,25.0,AISynphys,Accessed on 2025-07-08 00:00:007,0.0,1
4383,VISp,INH,Sst,L23,INH,Sst,L4,0.0,25.0,25.0,50.0,AISynphys,Accessed on 2025-07-08 00:00:007,0.0,4
4384,VISp,INH,Sst,L23,INH,Sst,L4,0.0,25.0,50.0,75.0,AISynphys,Accessed on 2025-07-08 00:00:007,0.0,1
4385,VISp,INH,Sst,L23,INH,Sst,L4,0.0,25.0,75.0,100.0,AISynphys,Accessed on 2025-07-08 00:00:007,0.0,2
4386,VISp,INH,Sst,L23,INH,Sst,L4,0.0,25.0,100.0,125.0,AISynphys,Accessed on 2025-07-08 00:00:007,0.0,1
4387,VISp,INH,Sst,L23,INH,Sst,L4,0.0,25.0,125.0,150.0,AISynphys,Accessed on 2025-07-08 00:00:007,0.0,1
4388,VISp,INH,Sst,L23,INH,Sst,L4,25.0,50.0,25.0,50.0,AISynphys,Accessed on 2025-07-08 00:00:007,0.0,1
4389,VISp,INH,Sst,L23,INH,Sst,L4,25.0,50.0,75.0,100.0,AISynphys,Accessed on 2025-07-08 00:00:007,0.0,2
4390,VISp,INH,Sst,L23,INH,Sst,L4,25.0,50.0,125.0,150.0,AISynphys,Accessed on 2025-07-08 00:00:007,0.0,1
4391,VISp,INH,Sst,L23,INH,Sst,L4,25.0,50.0,150.0,175.0,AISynphys,Accessed on 2025-07-08 00:00:007,0.0,1
4392,VISp,INH,Sst,L23,INH,Sst,L4,25.0,50.0,175.0,200.0,AISynphys,Accessed on 2025-07-08 00:00:007,0.0,1
4393,VISp,INH,Sst,L23,INH,Sst,L4,50.0,75.0,25.0,50.0,AISynphys,Accessed on 2025-07-08 00:00:007,0.0,1
4394,VISp,INH,Sst,L23,INH,Sst,L4,50.0,75.0,50.0,75.0,AISynphys,Accessed on 2025-07-08 00:00:007,0.0,1
4395,VISp,INH,Sst,L23,INH,Sst,L4,50.0,75.0,75.0,100.0,AISynphys,Accessed on 2025-07-08 00:00:007,0.0,3
4396,VISp,INH,Sst,L23,INH,Sst,L4,50.0,75.0,100.0,125.0,AISynphys,Accessed on 2025-07-08 00:00:007,0.0,3
4397,VISp,INH,Sst,L23,INH,Sst,L4,50.0,75.0,150.0,175.0,AISynphys,Accessed on 2025-07-08 00:00:007,0.0,1
4398,VISp,INH,Sst,L23,INH,Sst,L4,75.0,100.0,25.0,50.0,AISynphys,Accessed on 2025-07-08 00:00:007,0.0,1
4399,VISp,INH,Sst,L23,INH,Sst,L4,75.0,100.0,50.0,75.0,AISynphys,Accessed on 2025-07-08 00:00:007,0.0,1
4400,VISp,INH,Sst,L23,INH,Sst,L4,75.0,100.0,75.0,100.0,AISynphys,Accessed on 2025-07-08 00:00:007,0.0,5
4401,VISp,INH,Sst,L23,INH,Sst,L4,75.0,100.0,100.0,125.0,AISynphys,Accessed on 2025-07-08 00:00:007,0.0,1
4402,VISp,INH,Sst,L23,INH,Sst,L4,75.0,100.0,150.0,175.0,AISynphys,Accessed on 2025-07-08 00:00:007,0.0,2
4403,VISp,INH,Sst,L23,INH,Sst,L4,100.0,125.0,25.0,50.0,AISynphys,Accessed on 2025-07-08 00:00:007,0.0,1
4404,VISp,INH,Sst,L23,INH,Sst,L4,100.0,125.0,50.0,75.0,AISynphys,Accessed on 2025-07-08 00:00:007,0.0,1
4405,VISp,INH,Sst,L23,INH,Sst,L4,100.0,125.0,100.0,125.0,AISynphys,Accessed on 2025-07-08 00:00:007,0.0,1
4406,VISp,INH,Sst,L23,INH,Sst,L4,100.0,125.0,125.0,150.0,AISynphys,Accessed on 2025-07-08 00:00:007,0.0,1
4407,VISp,INH,Sst,L23,INH,Sst,L4,100.0,125.0,150.0,175.0,AISynphys,Accessed on 2025-07-08 00:00:007,0.0,1
4408,VISp,INH,Sst,L23,INH,Sst,L4,125.0,150.0,0.0,25.0,AISynphys,Accessed on 2025-07-08 00:00:007,0.0,1
4409,VISp,INH,Sst,L23,INH,Sst,L4,125.0,150.0,25.0,50.0,AISynphys,Accessed on 2025-07-08 00:00:007,0.0,1
4410,VISp,INH,Sst,L23,INH,Sst,L4,125.0,150.0,50.0,75.0,AISynphys,Accessed on 2025-07-08 00:00:007,0.0,2
4411,VISp,INH,Sst,L23,INH,Sst,L4,125.0,150.0,75.0,100.0,AISynphys,Accessed on 2025-07-08 00:00:007,0.0,1
4412,VISp,INH,Sst,L23,INH,Sst,L4,125.0,150.0,100.0,125.0,AISynphys,Accessed on 2025-07-08 00:00:007,0.0,1
4413,VISp,INH,Sst,L23,INH,Sst,L4,125.0,150.0,175.0,200.0,AISynphys,Accessed on 2025-07-08 00:00:007,0.0,1
4414,VISp,INH,Sst,L23,INH,Sst,L4,150.0,175.0,25.0,50.0,AISynphys,Accessed on 2025-07-08 00:00:007,0.0,1
4415,VISp,INH,Sst,L23,INH,Sst,L5,0.0,25.0,100.0,125.0,AISynphys,Accessed on 2025-07-08 00:00:007,0.0,1
4416,VISp,INH,Sst,L23,INH,Sst,L5,0.0,25.0,125.0,150.0,AISynphys,Accessed on 2025-07-08 00:00:007,0.0,1
4417,VISp,INH,Sst,L23,INH,Sst,L5,0.0,25.0,150.0,175.0,AISynphys,Accessed on 2025-07-08 00:00:007,0.0,3
4418,VISp,INH,Sst,L23,INH,Sst,L5,0.0,25.0,200.0,225.0,AISynphys,Accessed on 2025-07-08 00:00:007,0.0,2
4419,VISp,INH,Sst,L23,INH,Sst,L5,0.0,25.0,225.0,250.0,AISynphys,Accessed on 2025-07-08 00:00:007,0.0,1
4420,VISp,INH,Sst,L23,INH,Sst,L5,0.0,25.0,300.0,325.0,AISynphys,Accessed on 2025-07-08 00:00:007,0.0,1
4421,VISp,INH,Sst,L23,INH,Sst,L5,0.0,25.0,325.0,350.0,AISynphys,Accessed on 2025-07-08 00:00:007,0.0,1
4422,VISp,INH,Sst,L23,INH,Sst,L5,0.0,25.0,375.0,400.0,AISynphys,Accessed on 2025-07-08 00:00:007,0.0,1
4423,VISp,INH,Sst,L23,INH,Sst,L5,0.0,25.0,400.0,425.0,AISynphys,Accessed on 2025-07-08 00:00:007,0.0,1
4424,VISp,INH,Sst,L23,INH,Sst,L5,0.0,25.0,425.0,450.0,AISynphys,Accessed on 2025-07-08 00:00:007,0.0,1
4425,VISp,INH,Sst,L23,INH,Sst,L5,25.0,50.0,75.0,100.0,AISynphys,Accessed on 2025-07-08 00:00:007,0.0,2
4426,VISp,INH,Sst,L23,INH,Sst,L5,25.0,50.0,100.0,125.0,AISynphys,Accessed on 2025-07-08 00:00:007,0.0,1
4427,VISp,INH,Sst,L23,INH,Sst,L5,25.0,50.0,125.0,150.0,AISynphys,Accessed on 2025-07-08 00:00:007,0.0,1
4428,VISp,INH,Sst,L23,INH,Sst,L5,25.0,50.0,250.0,275.0,AISynphys,Accessed on 2025-07-08 00:00:007,0.0,1
4429,VISp,INH,Sst,L23,INH,Sst,L5,25.0,50.0,275.0,300.0,AISynphys,Accessed on 2025-07-08 00:00:007,0.0,2
4430,VISp,INH,Sst,L23,INH,Sst,L5,25.0,50.0,325.0,350.0,AISynphys,Accessed on 2025-07-08 00:00:007,0.0,1
4431,VISp,INH,Sst,L23,INH,Sst,L5,25.0,50.0,350.0,375.0,AISynphys,Accessed on 2025-07-08 00:00:007,0.0,2
4432,VISp,INH,Sst,L23,INH,Sst,L5,25.0,50.0,375.0,400.0,AISynphys,Accessed on 2025-07-08 00:00:007,0.0,2
4433,VISp,INH,Sst,L23,INH,Sst,L5,25.0,50.0,475.0,500.0,AISynphys,Accessed on 2025-07-08 00:00:007,0.0,1
4434,VISp,INH,Sst,L23,INH,Sst,L5,25.0,50.0,550.0,575.0,AISynphys,Accessed on 2025-07-08 00:00:007,0.0,1
4435,VISp,INH,Sst,L23,INH,Sst,L5,50.0,75.0,50.0,75.0,AISynphys,Accessed on 2025-07-08 00:00:007,0.0,1
4436,VISp,INH,Sst,L23,INH,Sst,L5,50.0,75.0,125.0,150.0,AISynphys,Accessed on 2025-07-08 00:00:007,0.0,2
4437,VISp,INH,Sst,L23,INH,Sst,L5,50.0,75.0,150.0,175.0,AISynphys,Accessed on 2025-07-08 00:00:007,0.0,1
4438,VISp,INH,Sst,L23,INH,Sst,L5,50.0,75.0,225.0,250.0,AISynphys,Accessed on 2025-07-08 00:00:007,0.0,2
4439,VISp,INH,Sst,L23,INH,Sst,L5,50.0,75.0,275.0,300.0,AISynphys,Accessed on 2025-07-08 00:00:007,0.0,1
4440,VISp,INH,Sst,L23,INH,Sst,L5,50.0,75.0,325.0,350.0,AISynphys,Accessed on 2025-07-08 00:00:007,0.0,1
4441,VISp,INH,Sst,L23,INH,Sst,L5,50.0,75.0,350.0,375.0,AISynphys,Accessed on 2025-07-08 00:00:007,0.0,2
4442,VISp,INH,Sst,L23,INH,Sst,L5,50.0,75.0,375.0,400.0,AISynphys,Accessed on 2025-07-08 00:00:007,0.0,1
4443,VISp,INH,Sst,L23,INH,Sst,L5,50.0,75.0,400.0,425.0,AISynphys,Accessed on 2025-07-08 00:00:007,0.0,1
4444,VISp,INH,Sst,L23,INH,Sst,L5,50.0,75.0,425.0,450.0,AISynphys,Accessed on 2025-07-08 00:00:007,0.0,2
4445,VISp,INH,Sst,L23,INH,Sst,L5,50.0,75.0,450.0,475.0,AISynphys,Accessed on 2025-07-08 00:00:007,0.0,1
4446,VISp,INH,Sst,L23,INH,Sst,L5,50.0,75.0,475.0,500.0,AISynphys,Accessed on 2025-07-08 00:00:007,0.0,2
4447,VISp,INH,Sst,L23,INH,Sst,L5,50.0,75.0,550.0,575.0,AISynphys,Accessed on 2025-07-08 00:00:007,0.0,1
4448,VISp,INH,Sst,L23,INH,Sst,L5,75.0,100.0,50.0,75.0,AISynphys,Accessed on 2025-07-08 00:00:007,0.0,1
4449,VISp,INH,Sst,L23,INH,Sst,L5,75.0,100.0,200.0,225.0,AISynphys,Accessed on 2025-07-08 00:00:007,0.0,1
4450,VISp,INH,Sst,L23,INH,Sst,L5,75.0,100.0,300.0,325.0,AISynphys,Accessed on 2025-07-08 00:00:007,0.0,1
4451,VISp,INH,Sst,L23,INH,Sst,L5,75.0,100.0,350.0,375.0,AISynphys,Accessed on 2025-07-08 00:00:007,0.0,1
4452,VISp,INH,Sst,L23,INH,Sst,L5,100.0,125.0,350.0,375.0,AISynphys,Accessed on 2025-07-08 00:00:007,0.0,1
4453,VISp,INH,Sst,L23,INH,Sst,L5,100.0,125.0,500.0,525.0,AISynphys,Accessed on 2025-07-08 00:00:007,0.0,1
4454,VISp,INH,Sst,L23,INH,Sst,L5,125.0,150.0,125.0,150.0,AISynphys,Accessed on 2025-07-08 00:00:007,0.0,1
4455,VISp,INH,Sst,L23,INH,Sst,L5,125.0,150.0,175.0,200.0,AISynphys,Accessed on 2025-07-08 00:00:007,0.0,1
4456,VISp,INH,Sst,L23,INH,Sst,L5,125.0,150.0,275.0,300.0,AISynphys,Accessed on 2025-07-08 00:00:007,0.0,1
4457,VISp,INH,Sst,L23,INH,Sst,L5,150.0,175.0,250.0,275.0,AISynphys,Accessed on 2025-07-08 00:00:007,0.0,1
4458,VISp,INH,Sst,L23,INH,Sst,L5,150.0,175.0,325.0,350.0,AISynphys,Accessed on 2025-07-08 00:00:007,0.0,1
4459,VISp,INH,Sst,L23,INH,Sst,L5,175.0,200.0,400.0,425.0,AISynphys,Accessed on 2025-07-08 00:00:007,0.0,1
4460,VISp,INH,Sst,L23,INH,Sst,L6a,0.0,25.0,550.0,575.0,AISynphys,Accessed on 2025-07-08 00:00:007,0.0,1
4461,VISp,INH,Sst,L23,INH,Sst,L6a,25.0,50.0,375.0,400.0,AISynphys,Accessed on 2025-07-08 00:00:007,0.0,1
4462,VISp,INH,Sst,L23,INH,Sst,L6a,25.0,50.0,425.0,450.0,AISynphys,Accessed on 2025-07-08 00:00:007,0.0,1
4463,VISp,INH,Sst,L23,INH,Sst,L6a,25.0,50.0,550.0,575.0,AISynphys,Accessed on 2025-07-08 00:00:007,0.0,1
4464,VISp,INH,Sst,L23,INH,Sst,L6a,25.0,50.0,575.0,600.0,AISynphys,Accessed on 2025-07-08 00:00:007,0.0,2
4465,VISp,INH,Sst,L23,INH,Sst,L6a,25.0,50.0,625.0,650.0,AISynphys,Accessed on 2025-07-08 00:00:007,0.0,1
4466,VISp,INH,Sst,L23,INH,Sst,L6a,50.0,75.0,300.0,325.0,AISynphys,Accessed on 2025-07-08 00:00:007,0.0,1
4467,VISp,INH,Sst,L23,INH,Sst,L6a,50.0,75.0,375.0,400.0,AISynphys,Accessed on 2025-07-08 00:00:007,0.0,1
4468,VISp,INH,Sst,L23,INH,Sst,L6a,50.0,75.0,450.0,475.0,AISynphys,Accessed on 2025-07-08 00:00:007,0.0,1
4469,VISp,INH,Sst,L23,INH,Sst,L6a,50.0,75.0,575.0,600.0,AISynphys,Accessed on 2025-07-08 00:00:007,0.0,1
4470,VISp,INH,Sst,L23,INH,Sst,L6a,50.0,75.0,625.0,650.0,AISynphys,Accessed on 2025-07-08 00:00:007,0.0,2
4471,VISp,INH,Sst,L23,INH,Sst,L6a,50.0,75.0,775.0,800.0,AISynphys,Accessed on 2025-07-08 00:00:007,0.0,1
4472,VISp,INH,Sst,L23,INH,Sst,L6a,75.0,100.0,525.0,550.0,AISynphys,Accessed on 2025-07-08 00:00:007,0.0,1
4473,VISp,INH,Sst,L23,INH,Sst,L6a,75.0,100.0,625.0,650.0,AISynphys,Accessed on 2025-07-08 00:00:007,0.0,1
4474,VISp,INH,Sst,L23,INH,Sst,L6a,100.0,125.0,650.0,675.0,AISynphys,Accessed on 2025-07-08 00:00:007,0.0,1
4475,VISp,INH,Sst,L23,INH,Sst,L6a,125.0,150.0,425.0,450.0,AISynphys,Accessed on 2025-07-08 00:00:007,0.0,1
4476,VISp,INH,Sst,L23,INH,Sst,L6a,125.0,150.0,675.0,700.0,AISynphys,Accessed on 2025-07-08 00:00:007,0.0,1
4477,VISp,INH,Sst,L23,INH,Sst,L6a,150.0,175.0,375.0,400.0,AISynphys,Accessed on 2025-07-08 00:00:007,0.0,1
4478,VISp,INH,Sst,L23,INH,Sst,L6a,150.0,175.0,450.0,475.0,AISynphys,Accessed on 2025-07-08 00:00:007,0.0,1
4479,VISp,INH,Sst,L23,INH,Sst,L6a,150.0,175.0,550.0,575.0,AISynphys,Accessed on 2025-07-08 00:00:007,0.0,1
4480,VISp,INH,Sst,L23,INH,Sst,L6a,175.0,200.0,425.0,450.0,AISynphys,Accessed on 2025-07-08 00:00:007,0.0,2
4481,VISp,INH,Sst,L23,INH,Sst,L6a,175.0,200.0,575.0,600.0,AISynphys,Accessed on 2025-07-08 00:00:007,0.0,1
4482,VISp,INH,Sst,L23,INH,Sst,L6a,175.0,200.0,625.0,650.0,AISynphys,Accessed on 2025-07-08 00:00:007,0.0,1
4483,VISp,INH,Sst,L23,INH,Sst,L6a,225.0,250.0,700.0,725.0,AISynphys,Accessed on 2025-07-08 00:00:007,0.0,1
4484,VISp,INH,Sst,L23,INH,Sst,L6a,250.0,275.0,400.0,425.0,AISynphys,Accessed on 2025-07-08 00:00:007,0.0,1
4485,VISp,INH,Sst,L23,INH,Vip,L1,0.0,25.0,125.0,150.0,AISynphys,Accessed on 2025-07-08 00:00:007,0.0,1
4486,VISp,INH,Sst,L23,INH,Vip,L1,25.0,50.0,50.0,75.0,AISynphys,Accessed on 2025-07-08 00:00:007,0.0,1
4487,VISp,INH,Sst,L23,INH,Vip,L1,25.0,50.0,75.0,100.0,AISynphys,Accessed on 2025-07-08 00:00:007,0.0,1
4488,VISp,INH,Sst,L23,INH,Vip,L1,75.0,100.0,125.0,150.0,AISynphys,Accessed on 2025-07-08 00:00:007,0.0,1
4489,VISp,INH,Sst,L23,INH,Vip,L1,100.0,125.0,50.0,75.0,AISynphys,Accessed on 2025-07-08 00:00:007,0.0,1
4490,VISp,INH,Sst,L23,INH,Vip,L1,125.0,150.0,25.0,50.0,AISynphys,Accessed on 2025-07-08 00:00:007,0.0,1
4491,VISp,INH,Sst,L23,INH,Vip,L23,0.0,25.0,0.0,25.0,AISynphys,Accessed on 2025-07-08 00:00:007,0.0625,16
4492,VISp,INH,Sst,L23,INH,Vip,L23,0.0,25.0,25.0,50.0,AISynphys,Accessed on 2025-07-08 00:00:007,0.0,4
4493,VISp,INH,Sst,L23,INH,Vip,L23,0.0,25.0,50.0,75.0,AISynphys,Accessed on 2025-07-08 00:00:007,0.1111111111111111,9
4494,VISp,INH,Sst,L23,INH,Vip,L23,0.0,25.0,75.0,100.0,AISynphys,Accessed on 2025-07-08 00:00:007,0.0,1
4495,VISp,INH,Sst,L23,INH,Vip,L23,0.0,25.0,100.0,125.0,AISynphys,Accessed on 2025-07-08 00:00:007,0.0,1
4496,VISp,INH,Sst,L23,INH,Vip,L23,25.0,50.0,0.0,25.0,AISynphys,Accessed on 2025-07-08 00:00:007,0.2,10
4497,VISp,INH,Sst,L23,INH,Vip,L23,25.0,50.0,25.0,50.0,AISynphys,Accessed on 2025-07-08 00:00:007,0.14285714285714285,7
4498,VISp,INH,Sst,L23,INH,Vip,L23,25.0,50.0,50.0,75.0,AISynphys,Accessed on 2025-07-08 00:00:007,0.5,6
4499,VISp,INH,Sst,L23,INH,Vip,L23,25.0,50.0,75.0,100.0,AISynphys,Accessed on 2025-07-08 00:00:007,0.0,4
4500,VISp,INH,Sst,L23,INH,Vip,L23,25.0,50.0,100.0,125.0,AISynphys,Accessed on 2025-07-08 00:00:007,1.0,1
4501,VISp,INH,Sst,L23,INH,Vip,L23,25.0,50.0,125.0,150.0,AISynphys,Accessed on 2025-07-08 00:00:007,0.0,1
4502,VISp,INH,Sst,L23,INH,Vip,L23,50.0,75.0,0.0,25.0,AISynphys,Accessed on 2025-07-08 00:00:007,0.3,10
4503,VISp,INH,Sst,L23,INH,Vip,L23,50.0,75.0,25.0,50.0,AISynphys,Accessed on 2025-07-08 00:00:007,0.4,5
4504,VISp,INH,Sst,L23,INH,Vip,L23,50.0,75.0,50.0,75.0,AISynphys,Accessed on 2025-07-08 00:00:007,0.0,5
4505,VISp,INH,Sst,L23,INH,Vip,L23,50.0,75.0,75.0,100.0,AISynphys,Accessed on 2025-07-08 00:00:007,0.5,2
4506,VISp,INH,Sst,L23,INH,Vip,L23,50.0,75.0,100.0,125.0,AISynphys,Accessed on 2025-07-08 00:00:007,0.0,1
4507,VISp,INH,Sst,L23,INH,Vip,L23,50.0,75.0,125.0,150.0,AISynphys,Accessed on 2025-07-08 00:00:007,0.0,1
4508,VISp,INH,Sst,L23,INH,Vip,L23,50.0,75.0,150.0,175.0,AISynphys,Accessed on 2025-07-08 00:00:007,0.0,1
4509,VISp,INH,Sst,L23,INH,Vip,L23,75.0,100.0,0.0,25.0,AISynphys,Accessed on 2025-07-08 00:00:007,0.2,5
4510,VISp,INH,Sst,L23,INH,Vip,L23,75.0,100.0,25.0,50.0,AISynphys,Accessed on 2025-07-08 00:00:007,0.0,2
4511,VISp,INH,Sst,L23,INH,Vip,L23,75.0,100.0,50.0,75.0,AISynphys,Accessed on 2025-07-08 00:00:007,0.4,5
4512,VISp,INH,Sst,L23,INH,Vip,L23,75.0,100.0,75.0,100.0,AISynphys,Accessed on 2025-07-08 00:00:007,0.0,1
4513,VISp,INH,Sst,L23,INH,Vip,L23,75.0,100.0,100.0,125.0,AISynphys,Accessed on 2025-07-08 00:00:007,0.3333333333333333,3
4514,VISp,INH,Sst,L23,INH,Vip,L23,75.0,100.0,150.0,175.0,AISynphys,Accessed on 2025-07-08 00:00:007,0.0,1
4515,VISp,INH,Sst,L23,INH,Vip,L23,100.0,125.0,0.0,25.0,AISynphys,Accessed on 2025-07-08 00:00:007,0.3333333333333333,6
4516,VISp,INH,Sst,L23,INH,Vip,L23,100.0,125.0,25.0,50.0,AISynphys,Accessed on 2025-07-08 00:00:007,0.0,5
4517,VISp,INH,Sst,L23,INH,Vip,L23,100.0,125.0,50.0,75.0,AISynphys,Accessed on 2025-07-08 00:00:007,0.0,2
4518,VISp,INH,Sst,L23,INH,Vip,L23,100.0,125.0,75.0,100.0,AISynphys,Accessed on 2025-07-08 00:00:007,0.0,1
4519,VISp,INH,Sst,L23,INH,Vip,L23,100.0,125.0,100.0,125.0,AISynphys,Accessed on 2025-07-08 00:00:007,0.0,1
4520,VISp,INH,Sst,L23,INH,Vip,L23,100.0,125.0,125.0,150.0,AISynphys,Accessed on 2025-07-08 00:00:007,0.0,1
4521,VISp,INH,Sst,L23,INH,Vip,L23,125.0,150.0,25.0,50.0,AISynphys,Accessed on 2025-07-08 00:00:007,0.0,5
4522,VISp,INH,Sst,L23,INH,Vip,L23,125.0,150.0,50.0,75.0,AISynphys,Accessed on 2025-07-08 00:00:007,0.0,3
4523,VISp,INH,Sst,L23,INH,Vip,L23,125.0,150.0,75.0,100.0,AISynphys,Accessed on 2025-07-08 00:00:007,0.0,1
4524,VISp,INH,Sst,L23,INH,Vip,L23,125.0,150.0,100.0,125.0,AISynphys,Accessed on 2025-07-08 00:00:007,0.0,1
4525,VISp,INH,Sst,L23,INH,Vip,L23,125.0,150.0,125.0,150.0,AISynphys,Accessed on 2025-07-08 00:00:007,0.0,2
4526,VISp,INH,Sst,L23,INH,Vip,L23,150.0,175.0,0.0,25.0,AISynphys,Accessed on 2025-07-08 00:00:007,0.0,1
4527,VISp,INH,Sst,L23,INH,Vip,L23,150.0,175.0,25.0,50.0,AISynphys,Accessed on 2025-07-08 00:00:007,0.0,4
4528,VISp,INH,Sst,L23,INH,Vip,L23,150.0,175.0,75.0,100.0,AISynphys,Accessed on 2025-07-08 00:00:007,0.0,1
4529,VISp,INH,Sst,L23,INH,Vip,L23,175.0,200.0,0.0,25.0,AISynphys,Accessed on 2025-07-08 00:00:007,0.0,4
4530,VISp,INH,Sst,L23,INH,Vip,L23,175.0,200.0,50.0,75.0,AISynphys,Accessed on 2025-07-08 00:00:007,0.0,1
4531,VISp,INH,Sst,L23,INH,Vip,L23,175.0,200.0,75.0,100.0,AISynphys,Accessed on 2025-07-08 00:00:007,0.0,1
4532,VISp,INH,Sst,L23,INH,Vip,L23,200.0,225.0,75.0,100.0,AISynphys,Accessed on 2025-07-08 00:00:007,0.0,2
4533,VISp,INH,Sst,L23,INH,Vip,L4,0.0,25.0,50.0,75.0,AISynphys,Accessed on 2025-07-08 00:00:007,0.0,1
4534,VISp,INH,Sst,L23,INH,Vip,L4,0.0,25.0,75.0,100.0,AISynphys,Accessed on 2025-07-08 00:00:007,0.0,1
4535,VISp,INH,Sst,L23,INH,Vip,L4,0.0,25.0,100.0,125.0,AISynphys,Accessed on 2025-07-08 00:00:007,0.0,1
4536,VISp,INH,Sst,L23,INH,Vip,L4,25.0,50.0,50.0,75.0,AISynphys,Accessed on 2025-07-08 00:00:007,0.0,2
4537,VISp,INH,Sst,L23,INH,Vip,L4,25.0,50.0,75.0,100.0,AISynphys,Accessed on 2025-07-08 00:00:007,0.0,2
4538,VISp,INH,Sst,L23,INH,Vip,L4,50.0,75.0,25.0,50.0,AISynphys,Accessed on 2025-07-08 00:00:007,0.0,1
4539,VISp,INH,Sst,L23,INH,Vip,L4,50.0,75.0,50.0,75.0,AISynphys,Accessed on 2025-07-08 00:00:007,0.0,2
4540,VISp,INH,Sst,L23,INH,Vip,L4,50.0,75.0,125.0,150.0,AISynphys,Accessed on 2025-07-08 00:00:007,0.0,1
4541,VISp,INH,Sst,L23,INH,Vip,L4,50.0,75.0,150.0,175.0,AISynphys,Accessed on 2025-07-08 00:00:007,0.0,1
4542,VISp,INH,Sst,L23,INH,Vip,L4,75.0,100.0,50.0,75.0,AISynphys,Accessed on 2025-07-08 00:00:007,0.5,2
4543,VISp,INH,Sst,L23,INH,Vip,L4,100.0,125.0,125.0,150.0,AISynphys,Accessed on 2025-07-08 00:00:007,0.0,1
4544,VISp,INH,Sst,L23,INH,Vip,L4,125.0,150.0,0.0,25.0,AISynphys,Accessed on 2025-07-08 00:00:007,0.0,1
4545,VISp,INH,Sst,L23,INH,Vip,L4,125.0,150.0,100.0,125.0,AISynphys,Accessed on 2025-07-08 00:00:007,0.0,1
4546,VISp,INH,Sst,L23,INH,Vip,L4,150.0,175.0,125.0,150.0,AISynphys,Accessed on 2025-07-08 00:00:007,0.0,1
4547,VISp,INH,Sst,L23,INH,Vip,L4,150.0,175.0,250.0,275.0,AISynphys,Accessed on 2025-07-08 00:00:007,0.0,1
4548,VISp,INH,Sst,L23,INH,Vip,L4,175.0,200.0,125.0,150.0,AISynphys,Accessed on 2025-07-08 00:00:007,0.0,1
4549,VISp,INH,Sst,L23,INH,Vip,L5,25.0,50.0,450.0,475.0,AISynphys,Accessed on 2025-07-08 00:00:007,0.0,1
4550,VISp,INH,Sst,L23,INH,Vip,L5,50.0,75.0,425.0,450.0,AISynphys,Accessed on 2025-07-08 00:00:007,0.0,1
4551,VISp,INH,Sst,L23,INH,Vip,L5,125.0,150.0,250.0,275.0,AISynphys,Accessed on 2025-07-08 00:00:007,0.0,1
4552,VISp,INH,Sst,L4,EXC,Nr5a1,L23,0.0,25.0,50.0,75.0,AISynphys,Accessed on 2025-07-08 00:00:007,0.0,1
4553,VISp,INH,Sst,L4,EXC,Nr5a1,L23,25.0,50.0,25.0,50.0,AISynphys,Accessed on 2025-07-08 00:00:007,1.0,1
4554,VISp,INH,Sst,L4,EXC,Nr5a1,L23,25.0,50.0,50.0,75.0,AISynphys,Accessed on 2025-07-08 00:00:007,1.0,1
4555,VISp,INH,Sst,L4,EXC,Nr5a1,L23,25.0,50.0,75.0,100.0,AISynphys,Accessed on 2025-07-08 00:00:007,0.0,1
4556,VISp,INH,Sst,L4,EXC,Nr5a1,L23,25.0,50.0,200.0,225.0,AISynphys,Accessed on 2025-07-08 00:00:007,0.0,1
4557,VISp,INH,Sst,L4,EXC,Nr5a1,L23,50.0,75.0,75.0,100.0,AISynphys,Accessed on 2025-07-08 00:00:007,0.0,1
4558,VISp,INH,Sst,L4,EXC,Nr5a1,L23,50.0,75.0,125.0,150.0,AISynphys,Accessed on 2025-07-08 00:00:007,0.0,1
4559,VISp,INH,Sst,L4,EXC,Nr5a1,L23,75.0,100.0,150.0,175.0,AISynphys,Accessed on 2025-07-08 00:00:007,0.0,1
4560,VISp,INH,Sst,L4,EXC,Nr5a1,L23,100.0,125.0,50.0,75.0,AISynphys,Accessed on 2025-07-08 00:00:007,0.0,1
4561,VISp,INH,Sst,L4,EXC,Nr5a1,L23,125.0,150.0,50.0,75.0,AISynphys,Accessed on 2025-07-08 00:00:007,0.0,1
4562,VISp,INH,Sst,L4,EXC,Nr5a1,L23,125.0,150.0,75.0,100.0,AISynphys,Accessed on 2025-07-08 00:00:007,1.0,1
4563,VISp,INH,Sst,L4,EXC,Nr5a1,L4,0.0,25.0,0.0,25.0,AISynphys,Accessed on 2025-07-08 00:00:007,0.2857142857142857,7
4564,VISp,INH,Sst,L4,EXC,Nr5a1,L4,0.0,25.0,25.0,50.0,AISynphys,Accessed on 2025-07-08 00:00:007,0.25,8
4565,VISp,INH,Sst,L4,EXC,Nr5a1,L4,0.0,25.0,50.0,75.0,AISynphys,Accessed on 2025-07-08 00:00:007,0.0,5
4566,VISp,INH,Sst,L4,EXC,Nr5a1,L4,0.0,25.0,75.0,100.0,AISynphys,Accessed on 2025-07-08 00:00:007,0.0,2
4567,VISp,INH,Sst,L4,EXC,Nr5a1,L4,0.0,25.0,100.0,125.0,AISynphys,Accessed on 2025-07-08 00:00:007,0.0,1
4568,VISp,INH,Sst,L4,EXC,Nr5a1,L4,25.0,50.0,0.0,25.0,AISynphys,Accessed on 2025-07-08 00:00:007,0.0,2
4569,VISp,INH,Sst,L4,EXC,Nr5a1,L4,25.0,50.0,25.0,50.0,AISynphys,Accessed on 2025-07-08 00:00:007,0.3333333333333333,3
4570,VISp,INH,Sst,L4,EXC,Nr5a1,L4,25.0,50.0,50.0,75.0,AISynphys,Accessed on 2025-07-08 00:00:007,0.0,4
4571,VISp,INH,Sst,L4,EXC,Nr5a1,L4,50.0,75.0,0.0,25.0,AISynphys,Accessed on 2025-07-08 00:00:007,0.0,5
4572,VISp,INH,Sst,L4,EXC,Nr5a1,L4,50.0,75.0,25.0,50.0,AISynphys,Accessed on 2025-07-08 00:00:007,0.5,2
4573,VISp,INH,Sst,L4,EXC,Nr5a1,L4,50.0,75.0,50.0,75.0,AISynphys,Accessed on 2025-07-08 00:00:007,0.0,2
4574,VISp,INH,Sst,L4,EXC,Nr5a1,L4,50.0,75.0,100.0,125.0,AISynphys,Accessed on 2025-07-08 00:00:007,0.0,1
4575,VISp,INH,Sst,L4,EXC,Nr5a1,L4,75.0,100.0,0.0,25.0,AISynphys,Accessed on 2025-07-08 00:00:007,0.0,5
4576,VISp,INH,Sst,L4,EXC,Nr5a1,L4,75.0,100.0,25.0,50.0,AISynphys,Accessed on 2025-07-08 00:00:007,0.0,3
4577,VISp,INH,Sst,L4,EXC,Nr5a1,L4,75.0,100.0,50.0,75.0,AISynphys,Accessed on 2025-07-08 00:00:007,0.0,1
4578,VISp,INH,Sst,L4,EXC,Nr5a1,L4,100.0,125.0,0.0,25.0,AISynphys,Accessed on 2025-07-08 00:00:007,0.0,3
4579,VISp,INH,Sst,L4,EXC,Nr5a1,L4,100.0,125.0,25.0,50.0,AISynphys,Accessed on 2025-07-08 00:00:007,0.0,1
4580,VISp,INH,Sst,L4,EXC,Nr5a1,L4,100.0,125.0,75.0,100.0,AISynphys,Accessed on 2025-07-08 00:00:007,0.0,1
4581,VISp,INH,Sst,L4,EXC,Nr5a1,L4,100.0,125.0,100.0,125.0,AISynphys,Accessed on 2025-07-08 00:00:007,0.0,1
4582,VISp,INH,Sst,L4,EXC,Nr5a1,L4,125.0,150.0,0.0,25.0,AISynphys,Accessed on 2025-07-08 00:00:007,0.0,1
4583,VISp,INH,Sst,L4,EXC,Nr5a1,L4,125.0,150.0,50.0,75.0,AISynphys,Accessed on 2025-07-08 00:00:007,0.0,1
4584,VISp,INH,Sst,L4,EXC,Nr5a1,L4,150.0,175.0,100.0,125.0,AISynphys,Accessed on 2025-07-08 00:00:007,0.0,1
4585,VISp,INH,Sst,L4,EXC,Nr5a1,L4,200.0,225.0,75.0,100.0,AISynphys,Accessed on 2025-07-08 00:00:007,0.0,1
4586,VISp,INH,Sst,L4,EXC,Nr5a1,L5,75.0,100.0,25.0,50.0,AISynphys,Accessed on 2025-07-08 00:00:007,0.0,1
4587,VISp,INH,Sst,L4,EXC,Nr5a1,L5,100.0,125.0,75.0,100.0,AISynphys,Accessed on 2025-07-08 00:00:007,0.0,1
4588,VISp,INH,Sst,L4,EXC,Nr5a1,L5,100.0,125.0,100.0,125.0,AISynphys,Accessed on 2025-07-08 00:00:007,0.0,1
4589,VISp,INH,Sst,L4,EXC,Ntsr1,L5,525.0,550.0,150.0,175.0,AISynphys,Accessed on 2025-07-08 00:00:007,0.0,1
4590,VISp,INH,Sst,L4,EXC,Ntsr1,L6a,75.0,100.0,450.0,475.0,AISynphys,Accessed on 2025-07-08 00:00:007,0.0,2
4591,VISp,INH,Sst,L4,EXC,Ntsr1,L6a,150.0,175.0,400.0,425.0,AISynphys,Accessed on 2025-07-08 00:00:007,0.0,1
4592,VISp,INH,Sst,L4,EXC,Ntsr1,L6a,200.0,225.0,400.0,425.0,AISynphys,Accessed on 2025-07-08 00:00:007,0.0,1
4593,VISp,INH,Sst,L4,EXC,Ntsr1,L6a,450.0,475.0,250.0,275.0,AISynphys,Accessed on 2025-07-08 00:00:007,0.0,1
4594,VISp,INH,Sst,L4,EXC,Sim1,L4,0.0,25.0,0.0,25.0,AISynphys,Accessed on 2025-07-08 00:00:007,0.0,1
4595,VISp,INH,Sst,L4,EXC,Sim1,L4,25.0,50.0,0.0,25.0,AISynphys,Accessed on 2025-07-08 00:00:007,0.0,1
4596,VISp,INH,Sst,L4,EXC,Sim1,L4,50.0,75.0,0.0,25.0,AISynphys,Accessed on 2025-07-08 00:00:007,0.0,1
4597,VISp,INH,Sst,L4,EXC,Sim1,L4,50.0,75.0,25.0,50.0,AISynphys,Accessed on 2025-07-08 00:00:007,0.0,2
4598,VISp,INH,Sst,L4,EXC,Sim1,L4,75.0,100.0,0.0,25.0,AISynphys,Accessed on 2025-07-08 00:00:007,0.0,1
4599,VISp,INH,Sst,L4,EXC,Sim1,L4,100.0,125.0,0.0,25.0,AISynphys,Accessed on 2025-07-08 00:00:007,0.0,1
4600,VISp,INH,Sst,L4,EXC,Sim1,L4,150.0,175.0,0.0,25.0,AISynphys,Accessed on 2025-07-08 00:00:007,0.0,1
4601,VISp,INH,Sst,L4,EXC,Sim1,L5,0.0,25.0,50.0,75.0,AISynphys,Accessed on 2025-07-08 00:00:007,0.0,1
4602,VISp,INH,Sst,L4,EXC,Sim1,L5,0.0,25.0,75.0,100.0,AISynphys,Accessed on 2025-07-08 00:00:007,0.0,1
4603,VISp,INH,Sst,L4,EXC,Sim1,L5,0.0,25.0,125.0,150.0,AISynphys,Accessed on 2025-07-08 00:00:007,0.0,1
4604,VISp,INH,Sst,L4,EXC,Sim1,L5,0.0,25.0,175.0,200.0,AISynphys,Accessed on 2025-07-08 00:00:007,0.0,1
4605,VISp,INH,Sst,L4,EXC,Sim1,L5,25.0,50.0,75.0,100.0,AISynphys,Accessed on 2025-07-08 00:00:007,0.0,1
4606,VISp,INH,Sst,L4,EXC,Sim1,L5,25.0,50.0,175.0,200.0,AISynphys,Accessed on 2025-07-08 00:00:007,0.0,1
4607,VISp,INH,Sst,L4,EXC,Sim1,L5,50.0,75.0,25.0,50.0,AISynphys,Accessed on 2025-07-08 00:00:007,0.0,1
4608,VISp,INH,Sst,L4,EXC,Sim1,L5,50.0,75.0,100.0,125.0,AISynphys,Accessed on 2025-07-08 00:00:007,0.0,1
4609,VISp,INH,Sst,L4,EXC,Sim1,L5,75.0,100.0,125.0,150.0,AISynphys,Accessed on 2025-07-08 00:00:007,0.0,1
4610,VISp,INH,Sst,L4,EXC,Sim1,L5,100.0,125.0,75.0,100.0,AISynphys,Accessed on 2025-07-08 00:00:007,0.0,1
4611,VISp,INH,Sst,L4,EXC,Sim1,L5,125.0,150.0,100.0,125.0,AISynphys,Accessed on 2025-07-08 00:00:007,0.0,1
4612,VISp,INH,Sst,L4,EXC,Sim1,L5,150.0,175.0,25.0,50.0,AISynphys,Accessed on 2025-07-08 00:00:007,0.0,1
4613,VISp,INH,Sst,L4,EXC,Tlx3,L4,25.0,50.0,0.0,25.0,AISynphys,Accessed on 2025-07-08 00:00:007,0.3333333333333333,3
4614,VISp,INH,Sst,L4,EXC,Tlx3,L4,50.0,75.0,0.0,25.0,AISynphys,Accessed on 2025-07-08 00:00:007,0.0,1
4615,VISp,INH,Sst,L4,EXC,Tlx3,L4,100.0,125.0,0.0,25.0,AISynphys,Accessed on 2025-07-08 00:00:007,0.0,1
4616,VISp,INH,Sst,L4,EXC,Tlx3,L5,0.0,25.0,25.0,50.0,AISynphys,Accessed on 2025-07-08 00:00:007,0.0,1
4617,VISp,INH,Sst,L4,EXC,Tlx3,L5,0.0,25.0,50.0,75.0,AISynphys,Accessed on 2025-07-08 00:00:007,0.0,1
4618,VISp,INH,Sst,L4,EXC,Tlx3,L5,25.0,50.0,25.0,50.0,AISynphys,Accessed on 2025-07-08 00:00:007,0.3333333333333333,3
4619,VISp,INH,Sst,L4,EXC,Tlx3,L5,50.0,75.0,0.0,25.0,AISynphys,Accessed on 2025-07-08 00:00:007,0.0,2
4620,VISp,INH,Sst,L4,EXC,Tlx3,L5,50.0,75.0,25.0,50.0,AISynphys,Accessed on 2025-07-08 00:00:007,0.0,1
4621,VISp,INH,Sst,L4,EXC,Tlx3,L5,50.0,75.0,50.0,75.0,AISynphys,Accessed on 2025-07-08 00:00:007,0.5,2
4622,VISp,INH,Sst,L4,EXC,Tlx3,L5,50.0,75.0,75.0,100.0,AISynphys,Accessed on 2025-07-08 00:00:007,0.0,1
4623,VISp,INH,Sst,L4,EXC,Tlx3,L5,75.0,100.0,0.0,25.0,AISynphys,Accessed on 2025-07-08 00:00:007,0.0,2
4624,VISp,INH,Sst,L4,EXC,Tlx3,L5,75.0,100.0,75.0,100.0,AISynphys,Accessed on 2025-07-08 00:00:007,0.0,1
4625,VISp,INH,Sst,L4,EXC,Tlx3,L5,100.0,125.0,0.0,25.0,AISynphys,Accessed on 2025-07-08 00:00:007,0.0,2
4626,VISp,INH,Sst,L4,EXC,Tlx3,L5,100.0,125.0,25.0,50.0,AISynphys,Accessed on 2025-07-08 00:00:007,0.0,1
4627,VISp,INH,Sst,L4,EXC,Tlx3,L5,175.0,200.0,25.0,50.0,AISynphys,Accessed on 2025-07-08 00:00:007,0.0,1
4628,VISp,INH,Sst,L4,INH,Pvalb,L23,0.0,25.0,50.0,75.0,AISynphys,Accessed on 2025-07-08 00:00:007,0.0,1
4629,VISp,INH,Sst,L4,INH,Pvalb,L23,0.0,25.0,75.0,100.0,AISynphys,Accessed on 2025-07-08 00:00:007,0.0,1
4630,VISp,INH,Sst,L4,INH,Pvalb,L23,0.0,25.0,125.0,150.0,AISynphys,Accessed on 2025-07-08 00:00:007,0.0,1
4631,VISp,INH,Sst,L4,INH,Pvalb,L23,25.0,50.0,50.0,75.0,AISynphys,Accessed on 2025-07-08 00:00:007,0.0,1
4632,VISp,INH,Sst,L4,INH,Pvalb,L23,50.0,75.0,75.0,100.0,AISynphys,Accessed on 2025-07-08 00:00:007,0.0,1
4633,VISp,INH,Sst,L4,INH,Pvalb,L23,50.0,75.0,100.0,125.0,AISynphys,Accessed on 2025-07-08 00:00:007,0.0,1
4634,VISp,INH,Sst,L4,INH,Pvalb,L23,75.0,100.0,50.0,75.0,AISynphys,Accessed on 2025-07-08 00:00:007,0.0,1
4635,VISp,INH,Sst,L4,INH,Pvalb,L23,100.0,125.0,175.0,200.0,AISynphys,Accessed on 2025-07-08 00:00:007,0.0,1
4636,VISp,INH,Sst,L4,INH,Pvalb,L23,150.0,175.0,100.0,125.0,AISynphys,Accessed on 2025-07-08 00:00:007,0.0,1
4637,VISp,INH,Sst,L4,INH,Pvalb,L4,0.0,25.0,0.0,25.0,AISynphys,Accessed on 2025-07-08 00:00:007,0.0,4
4638,VISp,INH,Sst,L4,INH,Pvalb,L4,0.0,25.0,25.0,50.0,AISynphys,Accessed on 2025-07-08 00:00:007,0.0,2
4639,VISp,INH,Sst,L4,INH,Pvalb,L4,0.0,25.0,50.0,75.0,AISynphys,Accessed on 2025-07-08 00:00:007,0.3333333333333333,3
4640,VISp,INH,Sst,L4,INH,Pvalb,L4,0.0,25.0,75.0,100.0,AISynphys,Accessed on 2025-07-08 00:00:007,0.0,1
4641,VISp,INH,Sst,L4,INH,Pvalb,L4,25.0,50.0,0.0,25.0,AISynphys,Accessed on 2025-07-08 00:00:007,0.0,3
4642,VISp,INH,Sst,L4,INH,Pvalb,L4,25.0,50.0,25.0,50.0,AISynphys,Accessed on 2025-07-08 00:00:007,1.0,1
4643,VISp,INH,Sst,L4,INH,Pvalb,L4,25.0,50.0,50.0,75.0,AISynphys,Accessed on 2025-07-08 00:00:007,0.0,1
4644,VISp,INH,Sst,L4,INH,Pvalb,L4,50.0,75.0,0.0,25.0,AISynphys,Accessed on 2025-07-08 00:00:007,0.0,5
4645,VISp,INH,Sst,L4,INH,Pvalb,L4,50.0,75.0,25.0,50.0,AISynphys,Accessed on 2025-07-08 00:00:007,0.3333333333333333,3
4646,VISp,INH,Sst,L4,INH,Pvalb,L4,50.0,75.0,50.0,75.0,AISynphys,Accessed on 2025-07-08 00:00:007,0.0,1
4647,VISp,INH,Sst,L4,INH,Pvalb,L4,50.0,75.0,75.0,100.0,AISynphys,Accessed on 2025-07-08 00:00:007,0.0,1
4648,VISp,INH,Sst,L4,INH,Pvalb,L4,75.0,100.0,0.0,25.0,AISynphys,Accessed on 2025-07-08 00:00:007,0.0,1
4649,VISp,INH,Sst,L4,INH,Pvalb,L4,75.0,100.0,25.0,50.0,AISynphys,Accessed on 2025-07-08 00:00:007,0.0,2
4650,VISp,INH,Sst,L4,INH,Pvalb,L4,75.0,100.0,50.0,75.0,AISynphys,Accessed on 2025-07-08 00:00:007,0.0,2
4651,VISp,INH,Sst,L4,INH,Pvalb,L4,100.0,125.0,25.0,50.0,AISynphys,Accessed on 2025-07-08 00:00:007,0.0,1
4652,VISp,INH,Sst,L4,INH,Pvalb,L4,125.0,150.0,0.0,25.0,AISynphys,Accessed on 2025-07-08 00:00:007,0.0,1
4653,VISp,INH,Sst,L4,INH,Pvalb,L4,125.0,150.0,25.0,50.0,AISynphys,Accessed on 2025-07-08 00:00:007,0.0,2
4654,VISp,INH,Sst,L4,INH,Pvalb,L4,125.0,150.0,50.0,75.0,AISynphys,Accessed on 2025-07-08 00:00:007,0.0,1
4655,VISp,INH,Sst,L4,INH,Pvalb,L4,150.0,175.0,25.0,50.0,AISynphys,Accessed on 2025-07-08 00:00:007,0.5,2
4656,VISp,INH,Sst,L4,INH,Pvalb,L4,175.0,200.0,50.0,75.0,AISynphys,Accessed on 2025-07-08 00:00:007,0.0,1
4657,VISp,INH,Sst,L4,INH,Pvalb,L5,0.0,25.0,0.0,25.0,AISynphys,Accessed on 2025-07-08 00:00:007,0.0,1
4658,VISp,INH,Sst,L4,INH,Pvalb,L5,0.0,25.0,25.0,50.0,AISynphys,Accessed on 2025-07-08 00:00:007,0.0,1
4659,VISp,INH,Sst,L4,INH,Pvalb,L5,0.0,25.0,75.0,100.0,AISynphys,Accessed on 2025-07-08 00:00:007,0.0,3
4660,VISp,INH,Sst,L4,INH,Pvalb,L5,0.0,25.0,125.0,150.0,AISynphys,Accessed on 2025-07-08 00:00:007,0.0,1
4661,VISp,INH,Sst,L4,INH,Pvalb,L5,25.0,50.0,75.0,100.0,AISynphys,Accessed on 2025-07-08 00:00:007,0.0,1
4662,VISp,INH,Sst,L4,INH,Pvalb,L5,25.0,50.0,125.0,150.0,AISynphys,Accessed on 2025-07-08 00:00:007,0.0,2
4663,VISp,INH,Sst,L4,INH,Pvalb,L5,25.0,50.0,200.0,225.0,AISynphys,Accessed on 2025-07-08 00:00:007,0.0,1
4664,VISp,INH,Sst,L4,INH,Pvalb,L5,50.0,75.0,50.0,75.0,AISynphys,Accessed on 2025-07-08 00:00:007,0.0,1
4665,VISp,INH,Sst,L4,INH,Pvalb,L5,75.0,100.0,75.0,100.0,AISynphys,Accessed on 2025-07-08 00:00:007,0.0,1
4666,VISp,INH,Sst,L4,INH,Pvalb,L5,75.0,100.0,150.0,175.0,AISynphys,Accessed on 2025-07-08 00:00:007,0.0,1
4667,VISp,INH,Sst,L4,INH,Pvalb,L5,125.0,150.0,75.0,100.0,AISynphys,Accessed on 2025-07-08 00:00:007,0.0,1
4668,VISp,INH,Sst,L4,INH,Pvalb,L5,175.0,200.0,25.0,50.0,AISynphys,Accessed on 2025-07-08 00:00:007,0.0,1
4669,VISp,INH,Sst,L4,INH,Pvalb,L5,200.0,225.0,75.0,100.0,AISynphys,Accessed on 2025-07-08 00:00:007,0.0,1
4670,VISp,INH,Sst,L4,INH,Pvalb,L5,200.0,225.0,200.0,225.0,AISynphys,Accessed on 2025-07-08 00:00:007,0.0,1
4671,VISp,INH,Sst,L4,INH,Pvalb,L6a,50.0,75.0,250.0,275.0,AISynphys,Accessed on 2025-07-08 00:00:007,0.0,1
4672,VISp,INH,Sst,L4,INH,Pvalb,L6a,50.0,75.0,475.0,500.0,AISynphys,Accessed on 2025-07-08 00:00:007,0.0,1
4673,VISp,INH,Sst,L4,INH,Pvalb,L6a,100.0,125.0,200.0,225.0,AISynphys,Accessed on 2025-07-08 00:00:007,0.0,1
4674,VISp,INH,Sst,L4,INH,Pvalb,L6a,125.0,150.0,175.0,200.0,AISynphys,Accessed on 2025-07-08 00:00:007,0.0,1
4675,VISp,INH,Sst,L4,INH,Sst,L23,0.0,25.0,0.0,25.0,AISynphys,Accessed on 2025-07-08 00:00:007,0.0,1
4676,VISp,INH,Sst,L4,INH,Sst,L23,0.0,25.0,25.0,50.0,AISynphys,Accessed on 2025-07-08 00:00:007,0.0,4
4677,VISp,INH,Sst,L4,INH,Sst,L23,0.0,25.0,50.0,75.0,AISynphys,Accessed on 2025-07-08 00:00:007,0.0,1
4678,VISp,INH,Sst,L4,INH,Sst,L23,0.0,25.0,75.0,100.0,AISynphys,Accessed on 2025-07-08 00:00:007,0.0,2
4679,VISp,INH,Sst,L4,INH,Sst,L23,0.0,25.0,100.0,125.0,AISynphys,Accessed on 2025-07-08 00:00:007,0.0,1
4680,VISp,INH,Sst,L4,INH,Sst,L23,0.0,25.0,125.0,150.0,AISynphys,Accessed on 2025-07-08 00:00:007,0.0,1
4681,VISp,INH,Sst,L4,INH,Sst,L23,25.0,50.0,25.0,50.0,AISynphys,Accessed on 2025-07-08 00:00:007,0.0,1
4682,VISp,INH,Sst,L4,INH,Sst,L23,25.0,50.0,75.0,100.0,AISynphys,Accessed on 2025-07-08 00:00:007,0.0,2
4683,VISp,INH,Sst,L4,INH,Sst,L23,25.0,50.0,125.0,150.0,AISynphys,Accessed on 2025-07-08 00:00:007,0.0,1
4684,VISp,INH,Sst,L4,INH,Sst,L23,25.0,50.0,150.0,175.0,AISynphys,Accessed on 2025-07-08 00:00:007,0.0,1
4685,VISp,INH,Sst,L4,INH,Sst,L23,25.0,50.0,175.0,200.0,AISynphys,Accessed on 2025-07-08 00:00:007,0.0,1
4686,VISp,INH,Sst,L4,INH,Sst,L23,50.0,75.0,25.0,50.0,AISynphys,Accessed on 2025-07-08 00:00:007,0.0,1
4687,VISp,INH,Sst,L4,INH,Sst,L23,50.0,75.0,50.0,75.0,AISynphys,Accessed on 2025-07-08 00:00:007,0.0,1
4688,VISp,INH,Sst,L4,INH,Sst,L23,50.0,75.0,75.0,100.0,AISynphys,Accessed on 2025-07-08 00:00:007,0.0,3
4689,VISp,INH,Sst,L4,INH,Sst,L23,50.0,75.0,100.0,125.0,AISynphys,Accessed on 2025-07-08 00:00:007,0.0,3
4690,VISp,INH,Sst,L4,INH,Sst,L23,50.0,75.0,150.0,175.0,AISynphys,Accessed on 2025-07-08 00:00:007,0.0,1
4691,VISp,INH,Sst,L4,INH,Sst,L23,75.0,100.0,25.0,50.0,AISynphys,Accessed on 2025-07-08 00:00:007,0.0,1
4692,VISp,INH,Sst,L4,INH,Sst,L23,75.0,100.0,50.0,75.0,AISynphys,Accessed on 2025-07-08 00:00:007,0.0,1
4693,VISp,INH,Sst,L4,INH,Sst,L23,75.0,100.0,75.0,100.0,AISynphys,Accessed on 2025-07-08 00:00:007,0.0,5
4694,VISp,INH,Sst,L4,INH,Sst,L23,75.0,100.0,100.0,125.0,AISynphys,Accessed on 2025-07-08 00:00:007,0.0,1
4695,VISp,INH,Sst,L4,INH,Sst,L23,75.0,100.0,150.0,175.0,AISynphys,Accessed on 2025-07-08 00:00:007,0.0,2
4696,VISp,INH,Sst,L4,INH,Sst,L23,100.0,125.0,25.0,50.0,AISynphys,Accessed on 2025-07-08 00:00:007,0.0,1
4697,VISp,INH,Sst,L4,INH,Sst,L23,100.0,125.0,50.0,75.0,AISynphys,Accessed on 2025-07-08 00:00:007,0.0,1
4698,VISp,INH,Sst,L4,INH,Sst,L23,100.0,125.0,100.0,125.0,AISynphys,Accessed on 2025-07-08 00:00:007,0.0,1
4699,VISp,INH,Sst,L4,INH,Sst,L23,100.0,125.0,125.0,150.0,AISynphys,Accessed on 2025-07-08 00:00:007,0.0,1
4700,VISp,INH,Sst,L4,INH,Sst,L23,100.0,125.0,150.0,175.0,AISynphys,Accessed on 2025-07-08 00:00:007,0.0,1
4701,VISp,INH,Sst,L4,INH,Sst,L23,125.0,150.0,0.0,25.0,AISynphys,Accessed on 2025-07-08 00:00:007,0.0,1
4702,VISp,INH,Sst,L4,INH,Sst,L23,125.0,150.0,25.0,50.0,AISynphys,Accessed on 2025-07-08 00:00:007,0.0,1
4703,VISp,INH,Sst,L4,INH,Sst,L23,125.0,150.0,50.0,75.0,AISynphys,Accessed on 2025-07-08 00:00:007,0.0,2
4704,VISp,INH,Sst,L4,INH,Sst,L23,125.0,150.0,75.0,100.0,AISynphys,Accessed on 2025-07-08 00:00:007,0.0,1
4705,VISp,INH,Sst,L4,INH,Sst,L23,125.0,150.0,100.0,125.0,AISynphys,Accessed on 2025-07-08 00:00:007,0.0,1
4706,VISp,INH,Sst,L4,INH,Sst,L23,125.0,150.0,175.0,200.0,AISynphys,Accessed on 2025-07-08 00:00:007,0.0,1
4707,VISp,INH,Sst,L4,INH,Sst,L23,150.0,175.0,25.0,50.0,AISynphys,Accessed on 2025-07-08 00:00:007,0.0,1
4708,VISp,INH,Sst,L4,INH,Sst,L4,0.0,25.0,0.0,25.0,AISynphys,Accessed on 2025-07-08 00:00:007,0.0,12
4709,VISp,INH,Sst,L4,INH,Sst,L4,0.0,25.0,25.0,50.0,AISynphys,Accessed on 2025-07-08 00:00:007,0.0,8
4710,VISp,INH,Sst,L4,INH,Sst,L4,0.0,25.0,50.0,75.0,AISynphys,Accessed on 2025-07-08 00:00:007,0.0,4
4711,VISp,INH,Sst,L4,INH,Sst,L4,0.0,25.0,75.0,100.0,AISynphys,Accessed on 2025-07-08 00:00:007,0.0,2
4712,VISp,INH,Sst,L4,INH,Sst,L4,25.0,50.0,0.0,25.0,AISynphys,Accessed on 2025-07-08 00:00:007,0.0,20
4713,VISp,INH,Sst,L4,INH,Sst,L4,25.0,50.0,25.0,50.0,AISynphys,Accessed on 2025-07-08 00:00:007,0.0,20
4714,VISp,INH,Sst,L4,INH,Sst,L4,25.0,50.0,50.0,75.0,AISynphys,Accessed on 2025-07-08 00:00:007,0.0,4
4715,VISp,INH,Sst,L4,INH,Sst,L4,50.0,75.0,0.0,25.0,AISynphys,Accessed on 2025-07-08 00:00:007,0.125,8
4716,VISp,INH,Sst,L4,INH,Sst,L4,50.0,75.0,25.0,50.0,AISynphys,Accessed on 2025-07-08 00:00:007,0.0,10
4717,VISp,INH,Sst,L4,INH,Sst,L4,50.0,75.0,50.0,75.0,AISynphys,Accessed on 2025-07-08 00:00:007,0.0,2
4718,VISp,INH,Sst,L4,INH,Sst,L4,50.0,75.0,75.0,100.0,AISynphys,Accessed on 2025-07-08 00:00:007,0.0,2
4719,VISp,INH,Sst,L4,INH,Sst,L4,75.0,100.0,0.0,25.0,AISynphys,Accessed on 2025-07-08 00:00:007,0.0,14
4720,VISp,INH,Sst,L4,INH,Sst,L4,75.0,100.0,25.0,50.0,AISynphys,Accessed on 2025-07-08 00:00:007,0.0,4
4721,VISp,INH,Sst,L4,INH,Sst,L4,75.0,100.0,50.0,75.0,AISynphys,Accessed on 2025-07-08 00:00:007,0.0,10
4722,VISp,INH,Sst,L4,INH,Sst,L4,100.0,125.0,0.0,25.0,AISynphys,Accessed on 2025-07-08 00:00:007,0.0,6
4723,VISp,INH,Sst,L4,INH,Sst,L4,100.0,125.0,25.0,50.0,AISynphys,Accessed on 2025-07-08 00:00:007,0.0,6
4724,VISp,INH,Sst,L4,INH,Sst,L4,100.0,125.0,75.0,100.0,AISynphys,Accessed on 2025-07-08 00:00:007,0.0,2
4725,VISp,INH,Sst,L4,INH,Sst,L4,125.0,150.0,0.0,25.0,AISynphys,Accessed on 2025-07-08 00:00:007,0.0,2
4726,VISp,INH,Sst,L4,INH,Sst,L4,125.0,150.0,25.0,50.0,AISynphys,Accessed on 2025-07-08 00:00:007,0.0,4
4727,VISp,INH,Sst,L4,INH,Sst,L4,125.0,150.0,100.0,125.0,AISynphys,Accessed on 2025-07-08 00:00:007,0.0,2
4728,VISp,INH,Sst,L4,INH,Sst,L4,150.0,175.0,25.0,50.0,AISynphys,Accessed on 2025-07-08 00:00:007,0.0,2
4729,VISp,INH,Sst,L4,INH,Sst,L4,150.0,175.0,50.0,75.0,AISynphys,Accessed on 2025-07-08 00:00:007,0.0,4
4730,VISp,INH,Sst,L4,INH,Sst,L4,175.0,200.0,25.0,50.0,AISynphys,Accessed on 2025-07-08 00:00:007,0.0,2
4731,VISp,INH,Sst,L4,INH,Sst,L4,175.0,200.0,50.0,75.0,AISynphys,Accessed on 2025-07-08 00:00:007,0.0,2
4732,VISp,INH,Sst,L4,INH,Sst,L4,200.0,225.0,25.0,50.0,AISynphys,Accessed on 2025-07-08 00:00:007,0.0,2
4733,VISp,INH,Sst,L4,INH,Sst,L5,0.0,25.0,0.0,25.0,AISynphys,Accessed on 2025-07-08 00:00:007,0.0,4
4734,VISp,INH,Sst,L4,INH,Sst,L5,0.0,25.0,25.0,50.0,AISynphys,Accessed on 2025-07-08 00:00:007,0.0,2
4735,VISp,INH,Sst,L4,INH,Sst,L5,0.0,25.0,50.0,75.0,AISynphys,Accessed on 2025-07-08 00:00:007,0.0,3
4736,VISp,INH,Sst,L4,INH,Sst,L5,0.0,25.0,75.0,100.0,AISynphys,Accessed on 2025-07-08 00:00:007,0.0,7
4737,VISp,INH,Sst,L4,INH,Sst,L5,0.0,25.0,100.0,125.0,AISynphys,Accessed on 2025-07-08 00:00:007,0.0,7
4738,VISp,INH,Sst,L4,INH,Sst,L5,0.0,25.0,125.0,150.0,AISynphys,Accessed on 2025-07-08 00:00:007,0.0,2
4739,VISp,INH,Sst,L4,INH,Sst,L5,25.0,50.0,0.0,25.0,AISynphys,Accessed on 2025-07-08 00:00:007,0.0,2
4740,VISp,INH,Sst,L4,INH,Sst,L5,25.0,50.0,25.0,50.0,AISynphys,Accessed on 2025-07-08 00:00:007,0.0,6
4741,VISp,INH,Sst,L4,INH,Sst,L5,25.0,50.0,50.0,75.0,AISynphys,Accessed on 2025-07-08 00:00:007,0.0,4
4742,VISp,INH,Sst,L4,INH,Sst,L5,25.0,50.0,75.0,100.0,AISynphys,Accessed on 2025-07-08 00:00:007,0.16666666666666666,6
4743,VISp,INH,Sst,L4,INH,Sst,L5,25.0,50.0,100.0,125.0,AISynphys,Accessed on 2025-07-08 00:00:007,0.0,1
4744,VISp,INH,Sst,L4,INH,Sst,L5,25.0,50.0,125.0,150.0,AISynphys,Accessed on 2025-07-08 00:00:007,0.0,1
4745,VISp,INH,Sst,L4,INH,Sst,L5,25.0,50.0,150.0,175.0,AISynphys,Accessed on 2025-07-08 00:00:007,1.0,1
4746,VISp,INH,Sst,L4,INH,Sst,L5,25.0,50.0,200.0,225.0,AISynphys,Accessed on 2025-07-08 00:00:007,0.0,1
4747,VISp,INH,Sst,L4,INH,Sst,L5,50.0,75.0,0.0,25.0,AISynphys,Accessed on 2025-07-08 00:00:007,0.0,2
4748,VISp,INH,Sst,L4,INH,Sst,L5,50.0,75.0,25.0,50.0,AISynphys,Accessed on 2025-07-08 00:00:007,0.0,4
4749,VISp,INH,Sst,L4,INH,Sst,L5,50.0,75.0,50.0,75.0,AISynphys,Accessed on 2025-07-08 00:00:007,0.0,5
4750,VISp,INH,Sst,L4,INH,Sst,L5,50.0,75.0,75.0,100.0,AISynphys,Accessed on 2025-07-08 00:00:007,0.0,5
4751,VISp,INH,Sst,L4,INH,Sst,L5,50.0,75.0,100.0,125.0,AISynphys,Accessed on 2025-07-08 00:00:007,0.0,5
4752,VISp,INH,Sst,L4,INH,Sst,L5,50.0,75.0,125.0,150.0,AISynphys,Accessed on 2025-07-08 00:00:007,0.0,1
4753,VISp,INH,Sst,L4,INH,Sst,L5,50.0,75.0,175.0,200.0,AISynphys,Accessed on 2025-07-08 00:00:007,0.0,2
4754,VISp,INH,Sst,L4,INH,Sst,L5,50.0,75.0,200.0,225.0,AISynphys,Accessed on 2025-07-08 00:00:007,0.0,1
4755,VISp,INH,Sst,L4,INH,Sst,L5,75.0,100.0,0.0,25.0,AISynphys,Accessed on 2025-07-08 00:00:007,0.0,1
4756,VISp,INH,Sst,L4,INH,Sst,L5,75.0,100.0,25.0,50.0,AISynphys,Accessed on 2025-07-08 00:00:007,0.0,5
4757,VISp,INH,Sst,L4,INH,Sst,L5,75.0,100.0,50.0,75.0,AISynphys,Accessed on 2025-07-08 00:00:007,0.0,5
4758,VISp,INH,Sst,L4,INH,Sst,L5,75.0,100.0,75.0,100.0,AISynphys,Accessed on 2025-07-08 00:00:007,0.0,2
4759,VISp,INH,Sst,L4,INH,Sst,L5,75.0,100.0,100.0,125.0,AISynphys,Accessed on 2025-07-08 00:00:007,0.0,2
4760,VISp,INH,Sst,L4,INH,Sst,L5,75.0,100.0,150.0,175.0,AISynphys,Accessed on 2025-07-08 00:00:007,0.0,1
4761,VISp,INH,Sst,L4,INH,Sst,L5,75.0,100.0,175.0,200.0,AISynphys,Accessed on 2025-07-08 00:00:007,0.0,1
4762,VISp,INH,Sst,L4,INH,Sst,L5,100.0,125.0,0.0,25.0,AISynphys,Accessed on 2025-07-08 00:00:007,0.0,3
4763,VISp,INH,Sst,L4,INH,Sst,L5,100.0,125.0,50.0,75.0,AISynphys,Accessed on 2025-07-08 00:00:007,0.0,3
4764,VISp,INH,Sst,L4,INH,Sst,L5,100.0,125.0,75.0,100.0,AISynphys,Accessed on 2025-07-08 00:00:007,0.0,3
4765,VISp,INH,Sst,L4,INH,Sst,L5,100.0,125.0,125.0,150.0,AISynphys,Accessed on 2025-07-08 00:00:007,0.0,1
4766,VISp,INH,Sst,L4,INH,Sst,L5,100.0,125.0,150.0,175.0,AISynphys,Accessed on 2025-07-08 00:00:007,0.0,1
4767,VISp,INH,Sst,L4,INH,Sst,L5,100.0,125.0,175.0,200.0,AISynphys,Accessed on 2025-07-08 00:00:007,0.0,1
4768,VISp,INH,Sst,L4,INH,Sst,L5,125.0,150.0,50.0,75.0,AISynphys,Accessed on 2025-07-08 00:00:007,0.0,3
4769,VISp,INH,Sst,L4,INH,Sst,L5,125.0,150.0,75.0,100.0,AISynphys,Accessed on 2025-07-08 00:00:007,0.0,3
4770,VISp,INH,Sst,L4,INH,Sst,L5,125.0,150.0,100.0,125.0,AISynphys,Accessed on 2025-07-08 00:00:007,0.0,1
4771,VISp,INH,Sst,L4,INH,Sst,L5,125.0,150.0,125.0,150.0,AISynphys,Accessed on 2025-07-08 00:00:007,0.0,1
4772,VISp,INH,Sst,L4,INH,Sst,L5,125.0,150.0,150.0,175.0,AISynphys,Accessed on 2025-07-08 00:00:007,0.0,1
4773,VISp,INH,Sst,L4,INH,Sst,L5,150.0,175.0,25.0,50.0,AISynphys,Accessed on 2025-07-08 00:00:007,0.0,3
4774,VISp,INH,Sst,L4,INH,Sst,L5,150.0,175.0,50.0,75.0,AISynphys,Accessed on 2025-07-08 00:00:007,0.0,1
4775,VISp,INH,Sst,L4,INH,Sst,L5,150.0,175.0,125.0,150.0,AISynphys,Accessed on 2025-07-08 00:00:007,0.0,1
4776,VISp,INH,Sst,L4,INH,Sst,L5,175.0,200.0,0.0,25.0,AISynphys,Accessed on 2025-07-08 00:00:007,0.0,1
4777,VISp,INH,Sst,L4,INH,Sst,L5,175.0,200.0,150.0,175.0,AISynphys,Accessed on 2025-07-08 00:00:007,0.0,1
4778,VISp,INH,Sst,L4,INH,Sst,L5,200.0,225.0,75.0,100.0,AISynphys,Accessed on 2025-07-08 00:00:007,0.0,1
4779,VISp,INH,Sst,L4,INH,Sst,L6a,0.0,25.0,175.0,200.0,AISynphys,Accessed on 2025-07-08 00:00:007,0.0,1
4780,VISp,INH,Sst,L4,INH,Sst,L6a,25.0,50.0,350.0,375.0,AISynphys,Accessed on 2025-07-08 00:00:007,0.0,1
4781,VISp,INH,Sst,L4,INH,Sst,L6a,25.0,50.0,475.0,500.0,AISynphys,Accessed on 2025-07-08 00:00:007,0.0,1
4782,VISp,INH,Sst,L4,INH,Sst,L6a,50.0,75.0,425.0,450.0,AISynphys,Accessed on 2025-07-08 00:00:007,0.0,1
4783,VISp,INH,Sst,L4,INH,Sst,L6a,150.0,175.0,325.0,350.0,AISynphys,Accessed on 2025-07-08 00:00:007,0.0,1
4784,VISp,INH,Sst,L4,INH,Sst,L6a,175.0,200.0,325.0,350.0,AISynphys,Accessed on 2025-07-08 00:00:007,0.0,1
4785,VISp,INH,Sst,L4,INH,Vip,L23,0.0,25.0,25.0,50.0,AISynphys,Accessed on 2025-07-08 00:00:007,0.0,1
4786,VISp,INH,Sst,L4,INH,Vip,L23,0.0,25.0,50.0,75.0,AISynphys,Accessed on 2025-07-08 00:00:007,0.5,2
4787,VISp,INH,Sst,L4,INH,Vip,L23,0.0,25.0,75.0,100.0,AISynphys,Accessed on 2025-07-08 00:00:007,0.5,4
4788,VISp,INH,Sst,L4,INH,Vip,L23,0.0,25.0,100.0,125.0,AISynphys,Accessed on 2025-07-08 00:00:007,0.0,4
4789,VISp,INH,Sst,L4,INH,Vip,L23,0.0,25.0,125.0,150.0,AISynphys,Accessed on 2025-07-08 00:00:007,0.0,2
4790,VISp,INH,Sst,L4,INH,Vip,L23,0.0,25.0,150.0,175.0,AISynphys,Accessed on 2025-07-08 00:00:007,0.0,2
4791,VISp,INH,Sst,L4,INH,Vip,L23,0.0,25.0,250.0,275.0,AISynphys,Accessed on 2025-07-08 00:00:007,0.0,1
4792,VISp,INH,Sst,L4,INH,Vip,L23,25.0,50.0,50.0,75.0,AISynphys,Accessed on 2025-07-08 00:00:007,0.0,1
4793,VISp,INH,Sst,L4,INH,Vip,L23,25.0,50.0,75.0,100.0,AISynphys,Accessed on 2025-07-08 00:00:007,0.0,2
4794,VISp,INH,Sst,L4,INH,Vip,L23,25.0,50.0,100.0,125.0,AISynphys,Accessed on 2025-07-08 00:00:007,0.5,2
4795,VISp,INH,Sst,L4,INH,Vip,L23,25.0,50.0,125.0,150.0,AISynphys,Accessed on 2025-07-08 00:00:007,0.0,3
4796,VISp,INH,Sst,L4,INH,Vip,L23,25.0,50.0,200.0,225.0,AISynphys,Accessed on 2025-07-08 00:00:007,0.0,1
4797,VISp,INH,Sst,L4,INH,Vip,L23,25.0,50.0,225.0,250.0,AISynphys,Accessed on 2025-07-08 00:00:007,0.0,2
4798,VISp,INH,Sst,L4,INH,Vip,L23,50.0,75.0,25.0,50.0,AISynphys,Accessed on 2025-07-08 00:00:007,0.5,4
4799,VISp,INH,Sst,L4,INH,Vip,L23,50.0,75.0,50.0,75.0,AISynphys,Accessed on 2025-07-08 00:00:007,0.0,1
4800,VISp,INH,Sst,L4,INH,Vip,L23,50.0,75.0,75.0,100.0,AISynphys,Accessed on 2025-07-08 00:00:007,0.0,2
4801,VISp,INH,Sst,L4,INH,Vip,L23,50.0,75.0,100.0,125.0,AISynphys,Accessed on 2025-07-08 00:00:007,0.5,2
4802,VISp,INH,Sst,L4,INH,Vip,L23,50.0,75.0,175.0,200.0,AISynphys,Accessed on 2025-07-08 00:00:007,0.0,2
4803,VISp,INH,Sst,L4,INH,Vip,L23,50.0,75.0,200.0,225.0,AISynphys,Accessed on 2025-07-08 00:00:007,0.0,1
4804,VISp,INH,Sst,L4,INH,Vip,L23,50.0,75.0,250.0,275.0,AISynphys,Accessed on 2025-07-08 00:00:007,0.0,1
4805,VISp,INH,Sst,L4,INH,Vip,L23,75.0,100.0,25.0,50.0,AISynphys,Accessed on 2025-07-08 00:00:007,0.5,2
4806,VISp,INH,Sst,L4,INH,Vip,L23,75.0,100.0,50.0,75.0,AISynphys,Accessed on 2025-07-08 00:00:007,0.0,2
4807,VISp,INH,Sst,L4,INH,Vip,L23,75.0,100.0,75.0,100.0,AISynphys,Accessed on 2025-07-08 00:00:007,0.0,3
4808,VISp,INH,Sst,L4,INH,Vip,L23,75.0,100.0,100.0,125.0,AISynphys,Accessed on 2025-07-08 00:00:007,0.0,1
4809,VISp,INH,Sst,L4,INH,Vip,L23,75.0,100.0,150.0,175.0,AISynphys,Accessed on 2025-07-08 00:00:007,0.0,1
4810,VISp,INH,Sst,L4,INH,Vip,L23,75.0,100.0,200.0,225.0,AISynphys,Accessed on 2025-07-08 00:00:007,0.0,1
4811,VISp,INH,Sst,L4,INH,Vip,L23,100.0,125.0,25.0,50.0,AISynphys,Accessed on 2025-07-08 00:00:007,0.0,1
4812,VISp,INH,Sst,L4,INH,Vip,L23,100.0,125.0,50.0,75.0,AISynphys,Accessed on 2025-07-08 00:00:007,0.0,1
4813,VISp,INH,Sst,L4,INH,Vip,L23,100.0,125.0,75.0,100.0,AISynphys,Accessed on 2025-07-08 00:00:007,0.0,2
4814,VISp,INH,Sst,L4,INH,Vip,L23,100.0,125.0,100.0,125.0,AISynphys,Accessed on 2025-07-08 00:00:007,0.0,1
4815,VISp,INH,Sst,L4,INH,Vip,L23,100.0,125.0,175.0,200.0,AISynphys,Accessed on 2025-07-08 00:00:007,0.0,1
4816,VISp,INH,Sst,L4,INH,Vip,L23,125.0,150.0,125.0,150.0,AISynphys,Accessed on 2025-07-08 00:00:007,0.0,2
4817,VISp,INH,Sst,L4,INH,Vip,L23,125.0,150.0,150.0,175.0,AISynphys,Accessed on 2025-07-08 00:00:007,0.0,1
4818,VISp,INH,Sst,L4,INH,Vip,L23,150.0,175.0,25.0,50.0,AISynphys,Accessed on 2025-07-08 00:00:007,0.0,1
4819,VISp,INH,Sst,L4,INH,Vip,L23,175.0,200.0,150.0,175.0,AISynphys,Accessed on 2025-07-08 00:00:007,0.0,1
4820,VISp,INH,Sst,L4,INH,Vip,L4,0.0,25.0,0.0,25.0,AISynphys,Accessed on 2025-07-08 00:00:007,0.0,1
4821,VISp,INH,Sst,L4,INH,Vip,L4,0.0,25.0,25.0,50.0,AISynphys,Accessed on 2025-07-08 00:00:007,0.0,1
4822,VISp,INH,Sst,L4,INH,Vip,L4,0.0,25.0,50.0,75.0,AISynphys,Accessed on 2025-07-08 00:00:007,0.0,1
4823,VISp,INH,Sst,L4,INH,Vip,L4,0.0,25.0,75.0,100.0,AISynphys,Accessed on 2025-07-08 00:00:007,0.0,1
4824,VISp,INH,Sst,L4,INH,Vip,L4,25.0,50.0,0.0,25.0,AISynphys,Accessed on 2025-07-08 00:00:007,0.3333333333333333,6
4825,VISp,INH,Sst,L4,INH,Vip,L4,25.0,50.0,25.0,50.0,AISynphys,Accessed on 2025-07-08 00:00:007,0.0,5
4826,VISp,INH,Sst,L4,INH,Vip,L4,25.0,50.0,50.0,75.0,AISynphys,Accessed on 2025-07-08 00:00:007,0.5,4
4827,VISp,INH,Sst,L4,INH,Vip,L4,25.0,50.0,75.0,100.0,AISynphys,Accessed on 2025-07-08 00:00:007,0.0,1
4828,VISp,INH,Sst,L4,INH,Vip,L4,50.0,75.0,0.0,25.0,AISynphys,Accessed on 2025-07-08 00:00:007,0.5,4
4829,VISp,INH,Sst,L4,INH,Vip,L4,50.0,75.0,25.0,50.0,AISynphys,Accessed on 2025-07-08 00:00:007,0.0,2
4830,VISp,INH,Sst,L4,INH,Vip,L4,50.0,75.0,50.0,75.0,AISynphys,Accessed on 2025-07-08 00:00:007,0.5,2
4831,VISp,INH,Sst,L4,INH,Vip,L4,50.0,75.0,100.0,125.0,AISynphys,Accessed on 2025-07-08 00:00:007,0.0,1
4832,VISp,INH,Sst,L4,INH,Vip,L4,75.0,100.0,0.0,25.0,AISynphys,Accessed on 2025-07-08 00:00:007,0.2,5
4833,VISp,INH,Sst,L4,INH,Vip,L4,100.0,125.0,0.0,25.0,AISynphys,Accessed on 2025-07-08 00:00:007,0.0,3
4834,VISp,INH,Sst,L4,INH,Vip,L4,100.0,125.0,25.0,50.0,AISynphys,Accessed on 2025-07-08 00:00:007,0.0,1
4835,VISp,INH,Sst,L4,INH,Vip,L4,125.0,150.0,0.0,25.0,AISynphys,Accessed on 2025-07-08 00:00:007,0.0,5
4836,VISp,INH,Sst,L4,INH,Vip,L4,125.0,150.0,25.0,50.0,AISynphys,Accessed on 2025-07-08 00:00:007,0.0,1
4837,VISp,INH,Sst,L4,INH,Vip,L4,150.0,175.0,0.0,25.0,AISynphys,Accessed on 2025-07-08 00:00:007,0.0,4
4838,VISp,INH,Sst,L4,INH,Vip,L4,150.0,175.0,25.0,50.0,AISynphys,Accessed on 2025-07-08 00:00:007,0.0,2
4839,VISp,INH,Sst,L4,INH,Vip,L4,175.0,200.0,25.0,50.0,AISynphys,Accessed on 2025-07-08 00:00:007,0.0,1
4840,VISp,INH,Sst,L4,INH,Vip,L4,175.0,200.0,50.0,75.0,AISynphys,Accessed on 2025-07-08 00:00:007,0.0,1
4841,VISp,INH,Sst,L4,INH,Vip,L4,175.0,200.0,75.0,100.0,AISynphys,Accessed on 2025-07-08 00:00:007,0.0,1
4842,VISp,INH,Sst,L4,INH,Vip,L4,200.0,225.0,25.0,50.0,AISynphys,Accessed on 2025-07-08 00:00:007,0.0,1
4843,VISp,INH,Sst,L4,INH,Vip,L5,0.0,25.0,75.0,100.0,AISynphys,Accessed on 2025-07-08 00:00:007,0.0,1
4844,VISp,INH,Sst,L4,INH,Vip,L5,0.0,25.0,100.0,125.0,AISynphys,Accessed on 2025-07-08 00:00:007,0.0,1
4845,VISp,INH,Sst,L4,INH,Vip,L5,0.0,25.0,150.0,175.0,AISynphys,Accessed on 2025-07-08 00:00:007,1.0,1
4846,VISp,INH,Sst,L4,INH,Vip,L5,25.0,50.0,50.0,75.0,AISynphys,Accessed on 2025-07-08 00:00:007,0.0,1
4847,VISp,INH,Sst,L4,INH,Vip,L5,25.0,50.0,75.0,100.0,AISynphys,Accessed on 2025-07-08 00:00:007,0.0,1
4848,VISp,INH,Sst,L4,INH,Vip,L5,25.0,50.0,125.0,150.0,AISynphys,Accessed on 2025-07-08 00:00:007,0.0,1
4849,VISp,INH,Sst,L4,INH,Vip,L5,50.0,75.0,0.0,25.0,AISynphys,Accessed on 2025-07-08 00:00:007,0.0,1
4850,VISp,INH,Sst,L4,INH,Vip,L5,50.0,75.0,50.0,75.0,AISynphys,Accessed on 2025-07-08 00:00:007,0.0,2
4851,VISp,INH,Sst,L4,INH,Vip,L5,50.0,75.0,75.0,100.0,AISynphys,Accessed on 2025-07-08 00:00:007,0.0,1
4852,VISp,INH,Sst,L4,INH,Vip,L5,50.0,75.0,175.0,200.0,AISynphys,Accessed on 2025-07-08 00:00:007,0.0,1
4853,VISp,INH,Sst,L4,INH,Vip,L5,75.0,100.0,50.0,75.0,AISynphys,Accessed on 2025-07-08 00:00:007,0.0,1
4854,VISp,INH,Sst,L4,INH,Vip,L5,75.0,100.0,100.0,125.0,AISynphys,Accessed on 2025-07-08 00:00:007,0.0,1
4855,VISp,INH,Sst,L4,INH,Vip,L5,75.0,100.0,125.0,150.0,AISynphys,Accessed on 2025-07-08 00:00:007,0.0,2
4856,VISp,INH,Sst,L4,INH,Vip,L5,75.0,100.0,150.0,175.0,AISynphys,Accessed on 2025-07-08 00:00:007,0.0,1
4857,VISp,INH,Sst,L4,INH,Vip,L5,100.0,125.0,0.0,25.0,AISynphys,Accessed on 2025-07-08 00:00:007,0.0,1
4858,VISp,INH,Sst,L4,INH,Vip,L5,125.0,150.0,0.0,25.0,AISynphys,Accessed on 2025-07-08 00:00:007,0.0,1
4859,VISp,INH,Sst,L4,INH,Vip,L5,175.0,200.0,0.0,25.0,AISynphys,Accessed on 2025-07-08 00:00:007,0.0,1
4860,VISp,INH,Sst,L5,EXC,Nr5a1,L23,0.0,25.0,175.0,200.0,AISynphys,Accessed on 2025-07-08 00:00:007,0.0,1
4861,VISp,INH,Sst,L5,EXC,Nr5a1,L23,25.0,50.0,100.0,125.0,AISynphys,Accessed on 2025-07-08 00:00:007,1.0,1
4862,VISp,INH,Sst,L5,EXC,Nr5a1,L23,25.0,50.0,125.0,150.0,AISynphys,Accessed on 2025-07-08 00:00:007,0.0,1
4863,VISp,INH,Sst,L5,EXC,Nr5a1,L23,25.0,50.0,150.0,175.0,AISynphys,Accessed on 2025-07-08 00:00:007,0.0,1
4864,VISp,INH,Sst,L5,EXC,Nr5a1,L23,25.0,50.0,250.0,275.0,AISynphys,Accessed on 2025-07-08 00:00:007,0.0,1
4865,VISp,INH,Sst,L5,EXC,Nr5a1,L23,50.0,75.0,175.0,200.0,AISynphys,Accessed on 2025-07-08 00:00:007,0.0,1
4866,VISp,INH,Sst,L5,EXC,Nr5a1,L23,50.0,75.0,225.0,250.0,AISynphys,Accessed on 2025-07-08 00:00:007,0.0,1
4867,VISp,INH,Sst,L5,EXC,Nr5a1,L23,75.0,100.0,100.0,125.0,AISynphys,Accessed on 2025-07-08 00:00:007,0.0,1
4868,VISp,INH,Sst,L5,EXC,Nr5a1,L4,0.0,25.0,50.0,75.0,AISynphys,Accessed on 2025-07-08 00:00:007,0.0,2
4869,VISp,INH,Sst,L5,EXC,Nr5a1,L4,0.0,25.0,75.0,100.0,AISynphys,Accessed on 2025-07-08 00:00:007,0.2,5
4870,VISp,INH,Sst,L5,EXC,Nr5a1,L4,0.0,25.0,100.0,125.0,AISynphys,Accessed on 2025-07-08 00:00:007,0.0,1
4871,VISp,INH,Sst,L5,EXC,Nr5a1,L4,0.0,25.0,125.0,150.0,AISynphys,Accessed on 2025-07-08 00:00:007,0.0,2
4872,VISp,INH,Sst,L5,EXC,Nr5a1,L4,0.0,25.0,150.0,175.0,AISynphys,Accessed on 2025-07-08 00:00:007,0.0,3
4873,VISp,INH,Sst,L5,EXC,Nr5a1,L4,25.0,50.0,0.0,25.0,AISynphys,Accessed on 2025-07-08 00:00:007,1.0,1
4874,VISp,INH,Sst,L5,EXC,Nr5a1,L4,25.0,50.0,25.0,50.0,AISynphys,Accessed on 2025-07-08 00:00:007,0.0,1
4875,VISp,INH,Sst,L5,EXC,Nr5a1,L4,25.0,50.0,50.0,75.0,AISynphys,Accessed on 2025-07-08 00:00:007,0.0,2
4876,VISp,INH,Sst,L5,EXC,Nr5a1,L4,25.0,50.0,75.0,100.0,AISynphys,Accessed on 2025-07-08 00:00:007,0.4,5
4877,VISp,INH,Sst,L5,EXC,Nr5a1,L4,25.0,50.0,100.0,125.0,AISynphys,Accessed on 2025-07-08 00:00:007,0.0,5
4878,VISp,INH,Sst,L5,EXC,Nr5a1,L4,25.0,50.0,125.0,150.0,AISynphys,Accessed on 2025-07-08 00:00:007,0.0,2
4879,VISp,INH,Sst,L5,EXC,Nr5a1,L4,25.0,50.0,150.0,175.0,AISynphys,Accessed on 2025-07-08 00:00:007,0.0,2
4880,VISp,INH,Sst,L5,EXC,Nr5a1,L4,25.0,50.0,175.0,200.0,AISynphys,Accessed on 2025-07-08 00:00:007,0.0,1
4881,VISp,INH,Sst,L5,EXC,Nr5a1,L4,25.0,50.0,200.0,225.0,AISynphys,Accessed on 2025-07-08 00:00:007,0.0,1
4882,VISp,INH,Sst,L5,EXC,Nr5a1,L4,25.0,50.0,225.0,250.0,AISynphys,Accessed on 2025-07-08 00:00:007,0.0,1
4883,VISp,INH,Sst,L5,EXC,Nr5a1,L4,50.0,75.0,50.0,75.0,AISynphys,Accessed on 2025-07-08 00:00:007,0.0,2
4884,VISp,INH,Sst,L5,EXC,Nr5a1,L4,50.0,75.0,75.0,100.0,AISynphys,Accessed on 2025-07-08 00:00:007,0.0,3
4885,VISp,INH,Sst,L5,EXC,Nr5a1,L4,50.0,75.0,100.0,125.0,AISynphys,Accessed on 2025-07-08 00:00:007,0.0,3
4886,VISp,INH,Sst,L5,EXC,Nr5a1,L4,50.0,75.0,150.0,175.0,AISynphys,Accessed on 2025-07-08 00:00:007,0.0,3
4887,VISp,INH,Sst,L5,EXC,Nr5a1,L4,75.0,100.0,50.0,75.0,AISynphys,Accessed on 2025-07-08 00:00:007,1.0,1
4888,VISp,INH,Sst,L5,EXC,Nr5a1,L4,75.0,100.0,75.0,100.0,AISynphys,Accessed on 2025-07-08 00:00:007,0.0,1
4889,VISp,INH,Sst,L5,EXC,Nr5a1,L4,75.0,100.0,100.0,125.0,AISynphys,Accessed on 2025-07-08 00:00:007,0.0,3
4890,VISp,INH,Sst,L5,EXC,Nr5a1,L4,75.0,100.0,150.0,175.0,AISynphys,Accessed on 2025-07-08 00:00:007,0.0,1
4891,VISp,INH,Sst,L5,EXC,Nr5a1,L4,100.0,125.0,50.0,75.0,AISynphys,Accessed on 2025-07-08 00:00:007,0.0,1
4892,VISp,INH,Sst,L5,EXC,Nr5a1,L4,100.0,125.0,100.0,125.0,AISynphys,Accessed on 2025-07-08 00:00:007,0.0,2
4893,VISp,INH,Sst,L5,EXC,Nr5a1,L4,100.0,125.0,125.0,150.0,AISynphys,Accessed on 2025-07-08 00:00:007,0.0,2
4894,VISp,INH,Sst,L5,EXC,Nr5a1,L4,100.0,125.0,175.0,200.0,AISynphys,Accessed on 2025-07-08 00:00:007,0.0,1
4895,VISp,INH,Sst,L5,EXC,Nr5a1,L4,125.0,150.0,50.0,75.0,AISynphys,Accessed on 2025-07-08 00:00:007,0.0,1
4896,VISp,INH,Sst,L5,EXC,Nr5a1,L4,125.0,150.0,150.0,175.0,AISynphys,Accessed on 2025-07-08 00:00:007,1.0,1
4897,VISp,INH,Sst,L5,EXC,Nr5a1,L4,150.0,175.0,150.0,175.0,AISynphys,Accessed on 2025-07-08 00:00:007,0.0,1
4898,VISp,INH,Sst,L5,EXC,Nr5a1,L4,200.0,225.0,125.0,150.0,AISynphys,Accessed on 2025-07-08 00:00:007,0.0,1
4899,VISp,INH,Sst,L5,EXC,Nr5a1,L5,25.0,50.0,0.0,25.0,AISynphys,Accessed on 2025-07-08 00:00:007,0.0,1
4900,VISp,INH,Sst,L5,EXC,Nr5a1,L5,50.0,75.0,25.0,50.0,AISynphys,Accessed on 2025-07-08 00:00:007,0.0,1
4901,VISp,INH,Sst,L5,EXC,Nr5a1,L5,100.0,125.0,25.0,50.0,AISynphys,Accessed on 2025-07-08 00:00:007,0.0,2
4902,VISp,INH,Sst,L5,EXC,Nr5a1,L5,100.0,125.0,50.0,75.0,AISynphys,Accessed on 2025-07-08 00:00:007,0.0,1
4903,VISp,INH,Sst,L5,EXC,Nr5a1,L5,100.0,125.0,75.0,100.0,AISynphys,Accessed on 2025-07-08 00:00:007,0.0,1
4904,VISp,INH,Sst,L5,EXC,Nr5a1,L5,125.0,150.0,0.0,25.0,AISynphys,Accessed on 2025-07-08 00:00:007,0.0,1
4905,VISp,INH,Sst,L5,EXC,Nr5a1,L5,175.0,200.0,25.0,50.0,AISynphys,Accessed on 2025-07-08 00:00:007,0.0,1
4906,VISp,INH,Sst,L5,EXC,Ntsr1,L5,450.0,475.0,0.0,25.0,AISynphys,Accessed on 2025-07-08 00:00:007,0.0,1
4907,VISp,INH,Sst,L5,EXC,Ntsr1,L6a,50.0,75.0,50.0,75.0,AISynphys,Accessed on 2025-07-08 00:00:007,0.0,1
4908,VISp,INH,Sst,L5,EXC,Ntsr1,L6a,75.0,100.0,200.0,225.0,AISynphys,Accessed on 2025-07-08 00:00:007,0.0,1
4909,VISp,INH,Sst,L5,EXC,Ntsr1,L6a,100.0,125.0,200.0,225.0,AISynphys,Accessed on 2025-07-08 00:00:007,0.0,1
4910,VISp,INH,Sst,L5,EXC,Ntsr1,L6a,375.0,400.0,75.0,100.0,AISynphys,Accessed on 2025-07-08 00:00:007,0.0,1
4911,VISp,INH,Sst,L5,EXC,Sim1,L4,0.0,25.0,0.0,25.0,AISynphys,Accessed on 2025-07-08 00:00:007,0.0,1
4912,VISp,INH,Sst,L5,EXC,Sim1,L4,0.0,25.0,25.0,50.0,AISynphys,Accessed on 2025-07-08 00:00:007,0.3333333333333333,3
4913,VISp,INH,Sst,L5,EXC,Sim1,L4,0.0,25.0,50.0,75.0,AISynphys,Accessed on 2025-07-08 00:00:007,0.3333333333333333,3
4914,VISp,INH,Sst,L5,EXC,Sim1,L4,0.0,25.0,75.0,100.0,AISynphys,Accessed on 2025-07-08 00:00:007,0.0,1
4915,VISp,INH,Sst,L5,EXC,Sim1,L4,0.0,25.0,100.0,125.0,AISynphys,Accessed on 2025-07-08 00:00:007,0.0,1
4916,VISp,INH,Sst,L5,EXC,Sim1,L4,0.0,25.0,125.0,150.0,AISynphys,Accessed on 2025-07-08 00:00:007,0.0,1
4917,VISp,INH,Sst,L5,EXC,Sim1,L4,25.0,50.0,0.0,25.0,AISynphys,Accessed on 2025-07-08 00:00:007,0.0,1
4918,VISp,INH,Sst,L5,EXC,Sim1,L4,25.0,50.0,50.0,75.0,AISynphys,Accessed on 2025-07-08 00:00:007,0.0,3
4919,VISp,INH,Sst,L5,EXC,Sim1,L4,25.0,50.0,75.0,100.0,AISynphys,Accessed on 2025-07-08 00:00:007,0.0,2
4920,VISp,INH,Sst,L5,EXC,Sim1,L4,25.0,50.0,100.0,125.0,AISynphys,Accessed on 2025-07-08 00:00:007,0.0,2
4921,VISp,INH,Sst,L5,EXC,Sim1,L4,25.0,50.0,125.0,150.0,AISynphys,Accessed on 2025-07-08 00:00:007,0.0,2
4922,VISp,INH,Sst,L5,EXC,Sim1,L4,50.0,75.0,0.0,25.0,AISynphys,Accessed on 2025-07-08 00:00:007,0.0,1
4923,VISp,INH,Sst,L5,EXC,Sim1,L4,50.0,75.0,25.0,50.0,AISynphys,Accessed on 2025-07-08 00:00:007,0.0,1
4924,VISp,INH,Sst,L5,EXC,Sim1,L4,50.0,75.0,50.0,75.0,AISynphys,Accessed on 2025-07-08 00:00:007,0.0,2
4925,VISp,INH,Sst,L5,EXC,Sim1,L4,50.0,75.0,100.0,125.0,AISynphys,Accessed on 2025-07-08 00:00:007,0.0,2
4926,VISp,INH,Sst,L5,EXC,Sim1,L4,50.0,75.0,125.0,150.0,AISynphys,Accessed on 2025-07-08 00:00:007,0.0,1
4927,VISp,INH,Sst,L5,EXC,Sim1,L4,75.0,100.0,25.0,50.0,AISynphys,Accessed on 2025-07-08 00:00:007,0.0,3
4928,VISp,INH,Sst,L5,EXC,Sim1,L4,75.0,100.0,50.0,75.0,AISynphys,Accessed on 2025-07-08 00:00:007,0.0,1
4929,VISp,INH,Sst,L5,EXC,Sim1,L4,75.0,100.0,75.0,100.0,AISynphys,Accessed on 2025-07-08 00:00:007,0.0,1
4930,VISp,INH,Sst,L5,EXC,Sim1,L4,75.0,100.0,125.0,150.0,AISynphys,Accessed on 2025-07-08 00:00:007,0.0,1
4931,VISp,INH,Sst,L5,EXC,Sim1,L4,100.0,125.0,50.0,75.0,AISynphys,Accessed on 2025-07-08 00:00:007,0.0,1
4932,VISp,INH,Sst,L5,EXC,Sim1,L4,100.0,125.0,75.0,100.0,AISynphys,Accessed on 2025-07-08 00:00:007,0.0,1
4933,VISp,INH,Sst,L5,EXC,Sim1,L4,125.0,150.0,50.0,75.0,AISynphys,Accessed on 2025-07-08 00:00:007,0.0,1
4934,VISp,INH,Sst,L5,EXC,Sim1,L4,175.0,200.0,75.0,100.0,AISynphys,Accessed on 2025-07-08 00:00:007,0.0,1
4935,VISp,INH,Sst,L5,EXC,Sim1,L5,0.0,25.0,0.0,25.0,AISynphys,Accessed on 2025-07-08 00:00:007,0.3333333333333333,9
4936,VISp,INH,Sst,L5,EXC,Sim1,L5,0.0,25.0,25.0,50.0,AISynphys,Accessed on 2025-07-08 00:00:007,0.14285714285714285,7
4937,VISp,INH,Sst,L5,EXC,Sim1,L5,0.0,25.0,50.0,75.0,AISynphys,Accessed on 2025-07-08 00:00:007,0.0,4
4938,VISp,INH,Sst,L5,EXC,Sim1,L5,0.0,25.0,75.0,100.0,AISynphys,Accessed on 2025-07-08 00:00:007,0.5,4
4939,VISp,INH,Sst,L5,EXC,Sim1,L5,0.0,25.0,100.0,125.0,AISynphys,Accessed on 2025-07-08 00:00:007,0.0,1
4940,VISp,INH,Sst,L5,EXC,Sim1,L5,25.0,50.0,0.0,25.0,AISynphys,Accessed on 2025-07-08 00:00:007,0.16666666666666666,6
4941,VISp,INH,Sst,L5,EXC,Sim1,L5,25.0,50.0,25.0,50.0,AISynphys,Accessed on 2025-07-08 00:00:007,0.2,10
4942,VISp,INH,Sst,L5,EXC,Sim1,L5,25.0,50.0,50.0,75.0,AISynphys,Accessed on 2025-07-08 00:00:007,0.25,4
4943,VISp,INH,Sst,L5,EXC,Sim1,L5,25.0,50.0,75.0,100.0,AISynphys,Accessed on 2025-07-08 00:00:007,0.0,4
4944,VISp,INH,Sst,L5,EXC,Sim1,L5,25.0,50.0,150.0,175.0,AISynphys,Accessed on 2025-07-08 00:00:007,0.0,1
4945,VISp,INH,Sst,L5,EXC,Sim1,L5,50.0,75.0,0.0,25.0,AISynphys,Accessed on 2025-07-08 00:00:007,0.5,6
4946,VISp,INH,Sst,L5,EXC,Sim1,L5,50.0,75.0,25.0,50.0,AISynphys,Accessed on 2025-07-08 00:00:007,0.0,3
4947,VISp,INH,Sst,L5,EXC,Sim1,L5,50.0,75.0,50.0,75.0,AISynphys,Accessed on 2025-07-08 00:00:007,0.25,4
4948,VISp,INH,Sst,L5,EXC,Sim1,L5,50.0,75.0,75.0,100.0,AISynphys,Accessed on 2025-07-08 00:00:007,0.0,2
4949,VISp,INH,Sst,L5,EXC,Sim1,L5,50.0,75.0,100.0,125.0,AISynphys,Accessed on 2025-07-08 00:00:007,0.0,1
4950,VISp,INH,Sst,L5,EXC,Sim1,L5,50.0,75.0,150.0,175.0,AISynphys,Accessed on 2025-07-08 00:00:007,0.0,1
4951,VISp,INH,Sst,L5,EXC,Sim1,L5,75.0,100.0,0.0,25.0,AISynphys,Accessed on 2025-07-08 00:00:007,0.2,5
4952,VISp,INH,Sst,L5,EXC,Sim1,L5,75.0,100.0,25.0,50.0,AISynphys,Accessed on 2025-07-08 00:00:007,0.0,1
4953,VISp,INH,Sst,L5,EXC,Sim1,L5,75.0,100.0,50.0,75.0,AISynphys,Accessed on 2025-07-08 00:00:007,0.0,3
4954,VISp,INH,Sst,L5,EXC,Sim1,L5,75.0,100.0,75.0,100.0,AISynphys,Accessed on 2025-07-08 00:00:007,0.0,1
4955,VISp,INH,Sst,L5,EXC,Sim1,L5,100.0,125.0,0.0,25.0,AISynphys,Accessed on 2025-07-08 00:00:007,0.0,2
4956,VISp,INH,Sst,L5,EXC,Sim1,L5,100.0,125.0,25.0,50.0,AISynphys,Accessed on 2025-07-08 00:00:007,0.0,1
4957,VISp,INH,Sst,L5,EXC,Sim1,L5,100.0,125.0,50.0,75.0,AISynphys,Accessed on 2025-07-08 00:00:007,0.0,3
4958,VISp,INH,Sst,L5,EXC,Sim1,L5,100.0,125.0,75.0,100.0,AISynphys,Accessed on 2025-07-08 00:00:007,0.0,2
4959,VISp,INH,Sst,L5,EXC,Sim1,L5,125.0,150.0,25.0,50.0,AISynphys,Accessed on 2025-07-08 00:00:007,0.0,2
4960,VISp,INH,Sst,L5,EXC,Sim1,L5,125.0,150.0,75.0,100.0,AISynphys,Accessed on 2025-07-08 00:00:007,0.0,1
4961,VISp,INH,Sst,L5,EXC,Sim1,L5,150.0,175.0,50.0,75.0,AISynphys,Accessed on 2025-07-08 00:00:007,0.0,1
4962,VISp,INH,Sst,L5,EXC,Sim1,L5,175.0,200.0,25.0,50.0,AISynphys,Accessed on 2025-07-08 00:00:007,0.0,1
4963,VISp,INH,Sst,L5,EXC,Sim1,L5,175.0,200.0,50.0,75.0,AISynphys,Accessed on 2025-07-08 00:00:007,0.0,1
4964,VISp,INH,Sst,L5,EXC,Sim1,L5,175.0,200.0,75.0,100.0,AISynphys,Accessed on 2025-07-08 00:00:007,0.0,1
4965,VISp,INH,Sst,L5,EXC,Sim1,L5,175.0,200.0,100.0,125.0,AISynphys,Accessed on 2025-07-08 00:00:007,0.0,1
4966,VISp,INH,Sst,L5,EXC,Sim1,L5,200.0,225.0,25.0,50.0,AISynphys,Accessed on 2025-07-08 00:00:007,0.0,2
4967,VISp,INH,Sst,L5,EXC,Sim1,L5,225.0,250.0,50.0,75.0,AISynphys,Accessed on 2025-07-08 00:00:007,0.0,1
4968,VISp,INH,Sst,L5,EXC,Sim1,L6a,0.0,25.0,25.0,50.0,AISynphys,Accessed on 2025-07-08 00:00:007,0.0,1
4969,VISp,INH,Sst,L5,EXC,Sim1,L6a,50.0,75.0,100.0,125.0,AISynphys,Accessed on 2025-07-08 00:00:007,0.0,1
4970,VISp,INH,Sst,L5,EXC,Sim1,L6a,100.0,125.0,75.0,100.0,AISynphys,Accessed on 2025-07-08 00:00:007,0.0,1
4971,VISp,INH,Sst,L5,EXC,Tlx3,L23,0.0,25.0,300.0,325.0,AISynphys,Accessed on 2025-07-08 00:00:007,0.0,1
4972,VISp,INH,Sst,L5,EXC,Tlx3,L23,75.0,100.0,375.0,400.0,AISynphys,Accessed on 2025-07-08 00:00:007,0.0,1
4973,VISp,INH,Sst,L5,EXC,Tlx3,L4,0.0,25.0,25.0,50.0,AISynphys,Accessed on 2025-07-08 00:00:007,0.3333333333333333,3
4974,VISp,INH,Sst,L5,EXC,Tlx3,L4,0.0,25.0,50.0,75.0,AISynphys,Accessed on 2025-07-08 00:00:007,0.25,4
4975,VISp,INH,Sst,L5,EXC,Tlx3,L4,0.0,25.0,100.0,125.0,AISynphys,Accessed on 2025-07-08 00:00:007,0.0,2
4976,VISp,INH,Sst,L5,EXC,Tlx3,L4,25.0,50.0,25.0,50.0,AISynphys,Accessed on 2025-07-08 00:00:007,0.0,5
4977,VISp,INH,Sst,L5,EXC,Tlx3,L4,25.0,50.0,50.0,75.0,AISynphys,Accessed on 2025-07-08 00:00:007,0.0,4
4978,VISp,INH,Sst,L5,EXC,Tlx3,L4,25.0,50.0,75.0,100.0,AISynphys,Accessed on 2025-07-08 00:00:007,0.0,2
4979,VISp,INH,Sst,L5,EXC,Tlx3,L4,25.0,50.0,100.0,125.0,AISynphys,Accessed on 2025-07-08 00:00:007,0.0,1
4980,VISp,INH,Sst,L5,EXC,Tlx3,L4,50.0,75.0,50.0,75.0,AISynphys,Accessed on 2025-07-08 00:00:007,0.0,3
4981,VISp,INH,Sst,L5,EXC,Tlx3,L4,50.0,75.0,75.0,100.0,AISynphys,Accessed on 2025-07-08 00:00:007,0.0,1
4982,VISp,INH,Sst,L5,EXC,Tlx3,L4,50.0,75.0,250.0,275.0,AISynphys,Accessed on 2025-07-08 00:00:007,0.0,1
4983,VISp,INH,Sst,L5,EXC,Tlx3,L4,75.0,100.0,0.0,25.0,AISynphys,Accessed on 2025-07-08 00:00:007,0.0,1
4984,VISp,INH,Sst,L5,EXC,Tlx3,L4,75.0,100.0,25.0,50.0,AISynphys,Accessed on 2025-07-08 00:00:007,0.0,1
4985,VISp,INH,Sst,L5,EXC,Tlx3,L4,75.0,100.0,50.0,75.0,AISynphys,Accessed on 2025-07-08 00:00:007,0.0,1
4986,VISp,INH,Sst,L5,EXC,Tlx3,L4,75.0,100.0,75.0,100.0,AISynphys,Accessed on 2025-07-08 00:00:007,0.0,1
4987,VISp,INH,Sst,L5,EXC,Tlx3,L4,75.0,100.0,225.0,250.0,AISynphys,Accessed on 2025-07-08 00:00:007,0.0,1
4988,VISp,INH,Sst,L5,EXC,Tlx3,L4,100.0,125.0,100.0,125.0,AISynphys,Accessed on 2025-07-08 00:00:007,0.0,1
4989,VISp,INH,Sst,L5,EXC,Tlx3,L4,125.0,150.0,25.0,50.0,AISynphys,Accessed on 2025-07-08 00:00:007,0.0,1
4990,VISp,INH,Sst,L5,EXC,Tlx3,L4,125.0,150.0,75.0,100.0,AISynphys,Accessed on 2025-07-08 00:00:007,0.0,1
4991,VISp,INH,Sst,L5,EXC,Tlx3,L4,125.0,150.0,150.0,175.0,AISynphys,Accessed on 2025-07-08 00:00:007,0.0,1
4992,VISp,INH,Sst,L5,EXC,Tlx3,L5,0.0,25.0,0.0,25.0,AISynphys,Accessed on 2025-07-08 00:00:007,0.08333333333333333,24
4993,VISp,INH,Sst,L5,EXC,Tlx3,L5,0.0,25.0,25.0,50.0,AISynphys,Accessed on 2025-07-08 00:00:007,0.0,28
4994,VISp,INH,Sst,L5,EXC,Tlx3,L5,0.0,25.0,50.0,75.0,AISynphys,Accessed on 2025-07-08 00:00:007,0.0,26
4995,VISp,INH,Sst,L5,EXC,Tlx3,L5,0.0,25.0,75.0,100.0,AISynphys,Accessed on 2025-07-08 00:00:007,0.0,20
4996,VISp,INH,Sst,L5,EXC,Tlx3,L5,0.0,25.0,100.0,125.0,AISynphys,Accessed on 2025-07-08 00:00:007,0.16666666666666666,6
4997,VISp,INH,Sst,L5,EXC,Tlx3,L5,0.0,25.0,125.0,150.0,AISynphys,Accessed on 2025-07-08 00:00:007,0.0,3
4998,VISp,INH,Sst,L5,EXC,Tlx3,L5,25.0,50.0,0.0,25.0,AISynphys,Accessed on 2025-07-08 00:00:007,0.03125,32
4999,VISp,INH,Sst,L5,EXC,Tlx3,L5,25.0,50.0,25.0,50.0,AISynphys,Accessed on 2025-07-08 00:00:007,0.0967741935483871,31
5000,VISp,INH,Sst,L5,EXC,Tlx3,L5,25.0,50.0,50.0,75.0,AISynphys,Accessed on 2025-07-08 00:00:007,0.0,22
5001,VISp,INH,Sst,L5,EXC,Tlx3,L5,25.0,50.0,75.0,100.0,AISynphys,Accessed on 2025-07-08 00:00:007,0.14285714285714285,7
5002,VISp,INH,Sst,L5,EXC,Tlx3,L5,25.0,50.0,100.0,125.0,AISynphys,Accessed on 2025-07-08 00:00:007,0.0,3
5003,VISp,INH,Sst,L5,EXC,Tlx3,L5,25.0,50.0,125.0,150.0,AISynphys,Accessed on 2025-07-08 00:00:007,0.0,2
5004,VISp,INH,Sst,L5,EXC,Tlx3,L5,25.0,50.0,150.0,175.0,AISynphys,Accessed on 2025-07-08 00:00:007,0.0,3
5005,VISp,INH,Sst,L5,EXC,Tlx3,L5,50.0,75.0,0.0,25.0,AISynphys,Accessed on 2025-07-08 00:00:007,0.07407407407407407,27
5006,VISp,INH,Sst,L5,EXC,Tlx3,L5,50.0,75.0,25.0,50.0,AISynphys,Accessed on 2025-07-08 00:00:007,0.043478260869565216,23
5007,VISp,INH,Sst,L5,EXC,Tlx3,L5,50.0,75.0,50.0,75.0,AISynphys,Accessed on 2025-07-08 00:00:007,0.0,16
5008,VISp,INH,Sst,L5,EXC,Tlx3,L5,50.0,75.0,75.0,100.0,AISynphys,Accessed on 2025-07-08 00:00:007,0.0,12
5009,VISp,INH,Sst,L5,EXC,Tlx3,L5,50.0,75.0,100.0,125.0,AISynphys,Accessed on 2025-07-08 00:00:007,0.0,4
5010,VISp,INH,Sst,L5,EXC,Tlx3,L5,50.0,75.0,125.0,150.0,AISynphys,Accessed on 2025-07-08 00:00:007,0.0,3
5011,VISp,INH,Sst,L5,EXC,Tlx3,L5,75.0,100.0,0.0,25.0,AISynphys,Accessed on 2025-07-08 00:00:007,0.05555555555555555,18
5012,VISp,INH,Sst,L5,EXC,Tlx3,L5,75.0,100.0,25.0,50.0,AISynphys,Accessed on 2025-07-08 00:00:007,0.0,16
5013,VISp,INH,Sst,L5,EXC,Tlx3,L5,75.0,100.0,50.0,75.0,AISynphys,Accessed on 2025-07-08 00:00:007,0.0,14
5014,VISp,INH,Sst,L5,EXC,Tlx3,L5,75.0,100.0,75.0,100.0,AISynphys,Accessed on 2025-07-08 00:00:007,0.0,6
5015,VISp,INH,Sst,L5,EXC,Tlx3,L5,75.0,100.0,100.0,125.0,AISynphys,Accessed on 2025-07-08 00:00:007,0.0,1
5016,VISp,INH,Sst,L5,EXC,Tlx3,L5,75.0,100.0,125.0,150.0,AISynphys,Accessed on 2025-07-08 00:00:007,0.0,1
5017,VISp,INH,Sst,L5,EXC,Tlx3,L5,100.0,125.0,0.0,25.0,AISynphys,Accessed on 2025-07-08 00:00:007,0.0,14
5018,VISp,INH,Sst,L5,EXC,Tlx3,L5,100.0,125.0,25.0,50.0,AISynphys,Accessed on 2025-07-08 00:00:007,0.0,9
5019,VISp,INH,Sst,L5,EXC,Tlx3,L5,100.0,125.0,50.0,75.0,AISynphys,Accessed on 2025-07-08 00:00:007,0.0,9
5020,VISp,INH,Sst,L5,EXC,Tlx3,L5,100.0,125.0,75.0,100.0,AISynphys,Accessed on 2025-07-08 00:00:007,0.0,4
5021,VISp,INH,Sst,L5,EXC,Tlx3,L5,100.0,125.0,100.0,125.0,AISynphys,Accessed on 2025-07-08 00:00:007,0.0,2
5022,VISp,INH,Sst,L5,EXC,Tlx3,L5,100.0,125.0,125.0,150.0,AISynphys,Accessed on 2025-07-08 00:00:007,0.0,2
5023,VISp,INH,Sst,L5,EXC,Tlx3,L5,125.0,150.0,0.0,25.0,AISynphys,Accessed on 2025-07-08 00:00:007,0.0,5
5024,VISp,INH,Sst,L5,EXC,Tlx3,L5,125.0,150.0,25.0,50.0,AISynphys,Accessed on 2025-07-08 00:00:007,0.0,5
5025,VISp,INH,Sst,L5,EXC,Tlx3,L5,125.0,150.0,50.0,75.0,AISynphys,Accessed on 2025-07-08 00:00:007,0.0,6
5026,VISp,INH,Sst,L5,EXC,Tlx3,L5,125.0,150.0,75.0,100.0,AISynphys,Accessed on 2025-07-08 00:00:007,0.0,2
5027,VISp,INH,Sst,L5,EXC,Tlx3,L5,125.0,150.0,125.0,150.0,AISynphys,Accessed on 2025-07-08 00:00:007,0.0,1
5028,VISp,INH,Sst,L5,EXC,Tlx3,L5,125.0,150.0,150.0,175.0,AISynphys,Accessed on 2025-07-08 00:00:007,0.0,1
5029,VISp,INH,Sst,L5,EXC,Tlx3,L5,150.0,175.0,0.0,25.0,AISynphys,Accessed on 2025-07-08 00:00:007,0.0,2
5030,VISp,INH,Sst,L5,EXC,Tlx3,L5,150.0,175.0,25.0,50.0,AISynphys,Accessed on 2025-07-08 00:00:007,0.0,1
5031,VISp,INH,Sst,L5,EXC,Tlx3,L5,150.0,175.0,75.0,100.0,AISynphys,Accessed on 2025-07-08 00:00:007,0.0,2
5032,VISp,INH,Sst,L5,EXC,Tlx3,L5,175.0,200.0,0.0,25.0,AISynphys,Accessed on 2025-07-08 00:00:007,0.0,2
5033,VISp,INH,Sst,L5,EXC,Tlx3,L5,175.0,200.0,25.0,50.0,AISynphys,Accessed on 2025-07-08 00:00:007,0.0,1
5034,VISp,INH,Sst,L5,EXC,Tlx3,L5,175.0,200.0,50.0,75.0,AISynphys,Accessed on 2025-07-08 00:00:007,0.0,3
5035,VISp,INH,Sst,L5,EXC,Tlx3,L5,175.0,200.0,150.0,175.0,AISynphys,Accessed on 2025-07-08 00:00:007,0.0,1
5036,VISp,INH,Sst,L5,EXC,Tlx3,L5,200.0,225.0,0.0,25.0,AISynphys,Accessed on 2025-07-08 00:00:007,0.0,3
5037,VISp,INH,Sst,L5,EXC,Tlx3,L5,200.0,225.0,50.0,75.0,AISynphys,Accessed on 2025-07-08 00:00:007,0.0,1
5038,VISp,INH,Sst,L5,EXC,Tlx3,L6a,0.0,25.0,0.0,25.0,AISynphys,Accessed on 2025-07-08 00:00:007,0.0,1
5039,VISp,INH,Sst,L5,EXC,Tlx3,L6a,0.0,25.0,50.0,75.0,AISynphys,Accessed on 2025-07-08 00:00:007,0.0,1
5040,VISp,INH,Sst,L5,EXC,Tlx3,L6a,0.0,25.0,75.0,100.0,AISynphys,Accessed on 2025-07-08 00:00:007,0.0,2
5041,VISp,INH,Sst,L5,EXC,Tlx3,L6a,50.0,75.0,25.0,50.0,AISynphys,Accessed on 2025-07-08 00:00:007,0.0,2
5042,VISp,INH,Sst,L5,EXC,Tlx3,L6a,50.0,75.0,50.0,75.0,AISynphys,Accessed on 2025-07-08 00:00:007,0.0,2
5043,VISp,INH,Sst,L5,EXC,Tlx3,L6a,50.0,75.0,75.0,100.0,AISynphys,Accessed on 2025-07-08 00:00:007,0.0,2
5044,VISp,INH,Sst,L5,INH,Pvalb,L23,0.0,25.0,75.0,100.0,AISynphys,Accessed on 2025-07-08 00:00:007,0.0,1
5045,VISp,INH,Sst,L5,INH,Pvalb,L23,0.0,25.0,125.0,150.0,AISynphys,Accessed on 2025-07-08 00:00:007,0.0,1
5046,VISp,INH,Sst,L5,INH,Pvalb,L23,0.0,25.0,300.0,325.0,AISynphys,Accessed on 2025-07-08 00:00:007,0.0,1
5047,VISp,INH,Sst,L5,INH,Pvalb,L23,0.0,25.0,400.0,425.0,AISynphys,Accessed on 2025-07-08 00:00:007,0.0,1
5048,VISp,INH,Sst,L5,INH,Pvalb,L23,25.0,50.0,125.0,150.0,AISynphys,Accessed on 2025-07-08 00:00:007,0.0,1
5049,VISp,INH,Sst,L5,INH,Pvalb,L23,25.0,50.0,175.0,200.0,AISynphys,Accessed on 2025-07-08 00:00:007,0.0,1
5050,VISp,INH,Sst,L5,INH,Pvalb,L23,25.0,50.0,225.0,250.0,AISynphys,Accessed on 2025-07-08 00:00:007,0.0,1
5051,VISp,INH,Sst,L5,INH,Pvalb,L23,50.0,75.0,275.0,300.0,AISynphys,Accessed on 2025-07-08 00:00:007,0.0,1
5052,VISp,INH,Sst,L5,INH,Pvalb,L23,75.0,100.0,25.0,50.0,AISynphys,Accessed on 2025-07-08 00:00:007,0.0,1
5053,VISp,INH,Sst,L5,INH,Pvalb,L23,75.0,100.0,175.0,200.0,AISynphys,Accessed on 2025-07-08 00:00:007,0.0,1
5054,VISp,INH,Sst,L5,INH,Pvalb,L23,125.0,150.0,300.0,325.0,AISynphys,Accessed on 2025-07-08 00:00:007,0.0,1
5055,VISp,INH,Sst,L5,INH,Pvalb,L23,175.0,200.0,325.0,350.0,AISynphys,Accessed on 2025-07-08 00:00:007,0.0,1
5056,VISp,INH,Sst,L5,INH,Pvalb,L23,225.0,250.0,350.0,375.0,AISynphys,Accessed on 2025-07-08 00:00:007,0.0,1
5057,VISp,INH,Sst,L5,INH,Pvalb,L23,300.0,325.0,375.0,400.0,AISynphys,Accessed on 2025-07-08 00:00:007,0.0,1
5058,VISp,INH,Sst,L5,INH,Pvalb,L4,0.0,25.0,0.0,25.0,AISynphys,Accessed on 2025-07-08 00:00:007,1.0,1
5059,VISp,INH,Sst,L5,INH,Pvalb,L4,0.0,25.0,50.0,75.0,AISynphys,Accessed on 2025-07-08 00:00:007,0.0,2
5060,VISp,INH,Sst,L5,INH,Pvalb,L4,0.0,25.0,75.0,100.0,AISynphys,Accessed on 2025-07-08 00:00:007,0.5,2
5061,VISp,INH,Sst,L5,INH,Pvalb,L4,0.0,25.0,125.0,150.0,AISynphys,Accessed on 2025-07-08 00:00:007,0.0,1
5062,VISp,INH,Sst,L5,INH,Pvalb,L4,0.0,25.0,175.0,200.0,AISynphys,Accessed on 2025-07-08 00:00:007,0.0,1
5063,VISp,INH,Sst,L5,INH,Pvalb,L4,25.0,50.0,25.0,50.0,AISynphys,Accessed on 2025-07-08 00:00:007,0.0,1
5064,VISp,INH,Sst,L5,INH,Pvalb,L4,25.0,50.0,50.0,75.0,AISynphys,Accessed on 2025-07-08 00:00:007,0.0,2
5065,VISp,INH,Sst,L5,INH,Pvalb,L4,25.0,50.0,75.0,100.0,AISynphys,Accessed on 2025-07-08 00:00:007,0.0,1
5066,VISp,INH,Sst,L5,INH,Pvalb,L4,25.0,50.0,100.0,125.0,AISynphys,Accessed on 2025-07-08 00:00:007,0.6666666666666666,3
5067,VISp,INH,Sst,L5,INH,Pvalb,L4,25.0,50.0,125.0,150.0,AISynphys,Accessed on 2025-07-08 00:00:007,0.0,1
5068,VISp,INH,Sst,L5,INH,Pvalb,L4,25.0,50.0,150.0,175.0,AISynphys,Accessed on 2025-07-08 00:00:007,0.0,1
5069,VISp,INH,Sst,L5,INH,Pvalb,L4,25.0,50.0,175.0,200.0,AISynphys,Accessed on 2025-07-08 00:00:007,1.0,1
5070,VISp,INH,Sst,L5,INH,Pvalb,L4,50.0,75.0,75.0,100.0,AISynphys,Accessed on 2025-07-08 00:00:007,0.0,2
5071,VISp,INH,Sst,L5,INH,Pvalb,L4,50.0,75.0,125.0,150.0,AISynphys,Accessed on 2025-07-08 00:00:007,1.0,1
5072,VISp,INH,Sst,L5,INH,Pvalb,L4,50.0,75.0,150.0,175.0,AISynphys,Accessed on 2025-07-08 00:00:007,0.0,1
5073,VISp,INH,Sst,L5,INH,Pvalb,L4,50.0,75.0,175.0,200.0,AISynphys,Accessed on 2025-07-08 00:00:007,0.0,1
5074,VISp,INH,Sst,L5,INH,Pvalb,L4,75.0,100.0,25.0,50.0,AISynphys,Accessed on 2025-07-08 00:00:007,0.0,1
5075,VISp,INH,Sst,L5,INH,Pvalb,L4,75.0,100.0,50.0,75.0,AISynphys,Accessed on 2025-07-08 00:00:007,0.3333333333333333,3
5076,VISp,INH,Sst,L5,INH,Pvalb,L4,75.0,100.0,100.0,125.0,AISynphys,Accessed on 2025-07-08 00:00:007,0.0,2
5077,VISp,INH,Sst,L5,INH,Pvalb,L4,75.0,100.0,125.0,150.0,AISynphys,Accessed on 2025-07-08 00:00:007,0.0,2
5078,VISp,INH,Sst,L5,INH,Pvalb,L4,75.0,100.0,150.0,175.0,AISynphys,Accessed on 2025-07-08 00:00:007,0.0,1
5079,VISp,INH,Sst,L5,INH,Pvalb,L4,100.0,125.0,75.0,100.0,AISynphys,Accessed on 2025-07-08 00:00:007,0.0,1
5080,VISp,INH,Sst,L5,INH,Pvalb,L4,100.0,125.0,150.0,175.0,AISynphys,Accessed on 2025-07-08 00:00:007,0.0,1
5081,VISp,INH,Sst,L5,INH,Pvalb,L4,100.0,125.0,225.0,250.0,AISynphys,Accessed on 2025-07-08 00:00:007,0.0,1
5082,VISp,INH,Sst,L5,INH,Pvalb,L4,125.0,150.0,50.0,75.0,AISynphys,Accessed on 2025-07-08 00:00:007,0.0,1
5083,VISp,INH,Sst,L5,INH,Pvalb,L4,125.0,150.0,100.0,125.0,AISynphys,Accessed on 2025-07-08 00:00:007,0.0,1
5084,VISp,INH,Sst,L5,INH,Pvalb,L4,150.0,175.0,50.0,75.0,AISynphys,Accessed on 2025-07-08 00:00:007,0.0,1
5085,VISp,INH,Sst,L5,INH,Pvalb,L4,175.0,200.0,25.0,50.0,AISynphys,Accessed on 2025-07-08 00:00:007,0.0,2
5086,VISp,INH,Sst,L5,INH,Pvalb,L4,175.0,200.0,50.0,75.0,AISynphys,Accessed on 2025-07-08 00:00:007,0.0,1
5087,VISp,INH,Sst,L5,INH,Pvalb,L4,175.0,200.0,125.0,150.0,AISynphys,Accessed on 2025-07-08 00:00:007,0.0,1
5088,VISp,INH,Sst,L5,INH,Pvalb,L4,200.0,225.0,75.0,100.0,AISynphys,Accessed on 2025-07-08 00:00:007,0.0,1
5089,VISp,INH,Sst,L5,INH,Pvalb,L5,0.0,25.0,0.0,25.0,AISynphys,Accessed on 2025-07-08 00:00:007,0.05555555555555555,18
5090,VISp,INH,Sst,L5,INH,Pvalb,L5,0.0,25.0,25.0,50.0,AISynphys,Accessed on 2025-07-08 00:00:007,0.0,10
5091,VISp,INH,Sst,L5,INH,Pvalb,L5,0.0,25.0,50.0,75.0,AISynphys,Accessed on 2025-07-08 00:00:007,0.0,7
5092,VISp,INH,Sst,L5,INH,Pvalb,L5,0.0,25.0,75.0,100.0,AISynphys,Accessed on 2025-07-08 00:00:007,0.14285714285714285,7
5093,VISp,INH,Sst,L5,INH,Pvalb,L5,0.0,25.0,100.0,125.0,AISynphys,Accessed on 2025-07-08 00:00:007,0.0,4
5094,VISp,INH,Sst,L5,INH,Pvalb,L5,0.0,25.0,125.0,150.0,AISynphys,Accessed on 2025-07-08 00:00:007,0.0,3
5095,VISp,INH,Sst,L5,INH,Pvalb,L5,25.0,50.0,0.0,25.0,AISynphys,Accessed on 2025-07-08 00:00:007,0.06666666666666667,15
5096,VISp,INH,Sst,L5,INH,Pvalb,L5,25.0,50.0,25.0,50.0,AISynphys,Accessed on 2025-07-08 00:00:007,0.1,10
5097,VISp,INH,Sst,L5,INH,Pvalb,L5,25.0,50.0,50.0,75.0,AISynphys,Accessed on 2025-07-08 00:00:007,0.0,7
5098,VISp,INH,Sst,L5,INH,Pvalb,L5,25.0,50.0,75.0,100.0,AISynphys,Accessed on 2025-07-08 00:00:007,0.14285714285714285,7
5099,VISp,INH,Sst,L5,INH,Pvalb,L5,25.0,50.0,100.0,125.0,AISynphys,Accessed on 2025-07-08 00:00:007,0.0,4
5100,VISp,INH,Sst,L5,INH,Pvalb,L5,25.0,50.0,125.0,150.0,AISynphys,Accessed on 2025-07-08 00:00:007,0.0,2
5101,VISp,INH,Sst,L5,INH,Pvalb,L5,50.0,75.0,0.0,25.0,AISynphys,Accessed on 2025-07-08 00:00:007,0.21428571428571427,14
5102,VISp,INH,Sst,L5,INH,Pvalb,L5,50.0,75.0,25.0,50.0,AISynphys,Accessed on 2025-07-08 00:00:007,0.0,12
5103,VISp,INH,Sst,L5,INH,Pvalb,L5,50.0,75.0,50.0,75.0,AISynphys,Accessed on 2025-07-08 00:00:007,0.0,7
5104,VISp,INH,Sst,L5,INH,Pvalb,L5,50.0,75.0,75.0,100.0,AISynphys,Accessed on 2025-07-08 00:00:007,0.25,4
5105,VISp,INH,Sst,L5,INH,Pvalb,L5,50.0,75.0,100.0,125.0,AISynphys,Accessed on 2025-07-08 00:00:007,0.0,3
5106,VISp,INH,Sst,L5,INH,Pvalb,L5,50.0,75.0,125.0,150.0,AISynphys,Accessed on 2025-07-08 00:00:007,0.0,2
5107,VISp,INH,Sst,L5,INH,Pvalb,L5,50.0,75.0,150.0,175.0,AISynphys,Accessed on 2025-07-08 00:00:007,0.0,1
5108,VISp,INH,Sst,L5,INH,Pvalb,L5,75.0,100.0,0.0,25.0,AISynphys,Accessed on 2025-07-08 00:00:007,0.0,13
5109,VISp,INH,Sst,L5,INH,Pvalb,L5,75.0,100.0,25.0,50.0,AISynphys,Accessed on 2025-07-08 00:00:007,0.125,8
5110,VISp,INH,Sst,L5,INH,Pvalb,L5,75.0,100.0,50.0,75.0,AISynphys,Accessed on 2025-07-08 00:00:007,0.25,4
5111,VISp,INH,Sst,L5,INH,Pvalb,L5,75.0,100.0,75.0,100.0,AISynphys,Accessed on 2025-07-08 00:00:007,0.0,3
5112,VISp,INH,Sst,L5,INH,Pvalb,L5,75.0,100.0,100.0,125.0,AISynphys,Accessed on 2025-07-08 00:00:007,0.0,4
5113,VISp,INH,Sst,L5,INH,Pvalb,L5,100.0,125.0,0.0,25.0,AISynphys,Accessed on 2025-07-08 00:00:007,0.0,8
5114,VISp,INH,Sst,L5,INH,Pvalb,L5,100.0,125.0,25.0,50.0,AISynphys,Accessed on 2025-07-08 00:00:007,0.0,4
5115,VISp,INH,Sst,L5,INH,Pvalb,L5,100.0,125.0,50.0,75.0,AISynphys,Accessed on 2025-07-08 00:00:007,0.0,9
5116,VISp,INH,Sst,L5,INH,Pvalb,L5,100.0,125.0,75.0,100.0,AISynphys,Accessed on 2025-07-08 00:00:007,0.0,1
5117,VISp,INH,Sst,L5,INH,Pvalb,L5,100.0,125.0,125.0,150.0,AISynphys,Accessed on 2025-07-08 00:00:007,0.0,2
5118,VISp,INH,Sst,L5,INH,Pvalb,L5,100.0,125.0,150.0,175.0,AISynphys,Accessed on 2025-07-08 00:00:007,0.0,1
5119,VISp,INH,Sst,L5,INH,Pvalb,L5,100.0,125.0,175.0,200.0,AISynphys,Accessed on 2025-07-08 00:00:007,0.0,1
5120,VISp,INH,Sst,L5,INH,Pvalb,L5,125.0,150.0,0.0,25.0,AISynphys,Accessed on 2025-07-08 00:00:007,0.1111111111111111,9
5121,VISp,INH,Sst,L5,INH,Pvalb,L5,125.0,150.0,25.0,50.0,AISynphys,Accessed on 2025-07-08 00:00:007,0.25,4
5122,VISp,INH,Sst,L5,INH,Pvalb,L5,125.0,150.0,50.0,75.0,AISynphys,Accessed on 2025-07-08 00:00:007,0.0,2
5123,VISp,INH,Sst,L5,INH,Pvalb,L5,125.0,150.0,75.0,100.0,AISynphys,Accessed on 2025-07-08 00:00:007,0.0,5
5124,VISp,INH,Sst,L5,INH,Pvalb,L5,125.0,150.0,100.0,125.0,AISynphys,Accessed on 2025-07-08 00:00:007,0.0,1
5125,VISp,INH,Sst,L5,INH,Pvalb,L5,125.0,150.0,150.0,175.0,AISynphys,Accessed on 2025-07-08 00:00:007,0.0,1
5126,VISp,INH,Sst,L5,INH,Pvalb,L5,150.0,175.0,0.0,25.0,AISynphys,Accessed on 2025-07-08 00:00:007,0.2,5
5127,VISp,INH,Sst,L5,INH,Pvalb,L5,150.0,175.0,25.0,50.0,AISynphys,Accessed on 2025-07-08 00:00:007,0.25,4
5128,VISp,INH,Sst,L5,INH,Pvalb,L5,150.0,175.0,50.0,75.0,AISynphys,Accessed on 2025-07-08 00:00:007,0.0,2
5129,VISp,INH,Sst,L5,INH,Pvalb,L5,150.0,175.0,75.0,100.0,AISynphys,Accessed on 2025-07-08 00:00:007,0.0,2
5130,VISp,INH,Sst,L5,INH,Pvalb,L5,150.0,175.0,100.0,125.0,AISynphys,Accessed on 2025-07-08 00:00:007,0.0,2
5131,VISp,INH,Sst,L5,INH,Pvalb,L5,150.0,175.0,125.0,150.0,AISynphys,Accessed on 2025-07-08 00:00:007,0.0,1
5132,VISp,INH,Sst,L5,INH,Pvalb,L5,175.0,200.0,0.0,25.0,AISynphys,Accessed on 2025-07-08 00:00:007,0.3333333333333333,3
5133,VISp,INH,Sst,L5,INH,Pvalb,L5,175.0,200.0,50.0,75.0,AISynphys,Accessed on 2025-07-08 00:00:007,0.0,1
5134,VISp,INH,Sst,L5,INH,Pvalb,L5,200.0,225.0,0.0,25.0,AISynphys,Accessed on 2025-07-08 00:00:007,0.0,4
5135,VISp,INH,Sst,L5,INH,Pvalb,L5,200.0,225.0,25.0,50.0,AISynphys,Accessed on 2025-07-08 00:00:007,0.0,2
5136,VISp,INH,Sst,L5,INH,Pvalb,L5,200.0,225.0,125.0,150.0,AISynphys,Accessed on 2025-07-08 00:00:007,0.0,1
5137,VISp,INH,Sst,L5,INH,Pvalb,L5,225.0,250.0,25.0,50.0,AISynphys,Accessed on 2025-07-08 00:00:007,0.0,1
5138,VISp,INH,Sst,L5,INH,Pvalb,L5,250.0,275.0,0.0,25.0,AISynphys,Accessed on 2025-07-08 00:00:007,0.0,1
5139,VISp,INH,Sst,L5,INH,Pvalb,L6a,0.0,25.0,0.0,25.0,AISynphys,Accessed on 2025-07-08 00:00:007,0.0,1
5140,VISp,INH,Sst,L5,INH,Pvalb,L6a,0.0,25.0,25.0,50.0,AISynphys,Accessed on 2025-07-08 00:00:007,0.0,3
5141,VISp,INH,Sst,L5,INH,Pvalb,L6a,0.0,25.0,50.0,75.0,AISynphys,Accessed on 2025-07-08 00:00:007,0.2,5
5142,VISp,INH,Sst,L5,INH,Pvalb,L6a,0.0,25.0,75.0,100.0,AISynphys,Accessed on 2025-07-08 00:00:007,0.0,1
5143,VISp,INH,Sst,L5,INH,Pvalb,L6a,0.0,25.0,100.0,125.0,AISynphys,Accessed on 2025-07-08 00:00:007,0.0,4
5144,VISp,INH,Sst,L5,INH,Pvalb,L6a,0.0,25.0,125.0,150.0,AISynphys,Accessed on 2025-07-08 00:00:007,0.0,7
5145,VISp,INH,Sst,L5,INH,Pvalb,L6a,0.0,25.0,150.0,175.0,AISynphys,Accessed on 2025-07-08 00:00:007,0.0,2
5146,VISp,INH,Sst,L5,INH,Pvalb,L6a,0.0,25.0,200.0,225.0,AISynphys,Accessed on 2025-07-08 00:00:007,0.0,1
5147,VISp,INH,Sst,L5,INH,Pvalb,L6a,25.0,50.0,25.0,50.0,AISynphys,Accessed on 2025-07-08 00:00:007,0.0,3
5148,VISp,INH,Sst,L5,INH,Pvalb,L6a,25.0,50.0,50.0,75.0,AISynphys,Accessed on 2025-07-08 00:00:007,0.0,3
5149,VISp,INH,Sst,L5,INH,Pvalb,L6a,25.0,50.0,75.0,100.0,AISynphys,Accessed on 2025-07-08 00:00:007,0.0,1
5150,VISp,INH,Sst,L5,INH,Pvalb,L6a,25.0,50.0,100.0,125.0,AISynphys,Accessed on 2025-07-08 00:00:007,0.0,2
5151,VISp,INH,Sst,L5,INH,Pvalb,L6a,25.0,50.0,125.0,150.0,AISynphys,Accessed on 2025-07-08 00:00:007,0.0,3
5152,VISp,INH,Sst,L5,INH,Pvalb,L6a,25.0,50.0,175.0,200.0,AISynphys,Accessed on 2025-07-08 00:00:007,0.0,1
5153,VISp,INH,Sst,L5,INH,Pvalb,L6a,50.0,75.0,25.0,50.0,AISynphys,Accessed on 2025-07-08 00:00:007,0.0,3
5154,VISp,INH,Sst,L5,INH,Pvalb,L6a,50.0,75.0,50.0,75.0,AISynphys,Accessed on 2025-07-08 00:00:007,0.0,2
5155,VISp,INH,Sst,L5,INH,Pvalb,L6a,50.0,75.0,75.0,100.0,AISynphys,Accessed on 2025-07-08 00:00:007,0.0,4
5156,VISp,INH,Sst,L5,INH,Pvalb,L6a,50.0,75.0,100.0,125.0,AISynphys,Accessed on 2025-07-08 00:00:007,0.5,2
5157,VISp,INH,Sst,L5,INH,Pvalb,L6a,50.0,75.0,125.0,150.0,AISynphys,Accessed on 2025-07-08 00:00:007,0.0,3
5158,VISp,INH,Sst,L5,INH,Pvalb,L6a,50.0,75.0,175.0,200.0,AISynphys,Accessed on 2025-07-08 00:00:007,0.0,1
5159,VISp,INH,Sst,L5,INH,Pvalb,L6a,75.0,100.0,50.0,75.0,AISynphys,Accessed on 2025-07-08 00:00:007,0.0,1
5160,VISp,INH,Sst,L5,INH,Pvalb,L6a,75.0,100.0,75.0,100.0,AISynphys,Accessed on 2025-07-08 00:00:007,0.0,2
5161,VISp,INH,Sst,L5,INH,Pvalb,L6a,75.0,100.0,100.0,125.0,AISynphys,Accessed on 2025-07-08 00:00:007,0.0,3
5162,VISp,INH,Sst,L5,INH,Pvalb,L6a,75.0,100.0,225.0,250.0,AISynphys,Accessed on 2025-07-08 00:00:007,0.0,1
5163,VISp,INH,Sst,L5,INH,Pvalb,L6a,100.0,125.0,0.0,25.0,AISynphys,Accessed on 2025-07-08 00:00:007,0.0,1
5164,VISp,INH,Sst,L5,INH,Pvalb,L6a,100.0,125.0,50.0,75.0,AISynphys,Accessed on 2025-07-08 00:00:007,1.0,1
5165,VISp,INH,Sst,L5,INH,Pvalb,L6a,100.0,125.0,100.0,125.0,AISynphys,Accessed on 2025-07-08 00:00:007,0.0,1
5166,VISp,INH,Sst,L5,INH,Pvalb,L6a,100.0,125.0,200.0,225.0,AISynphys,Accessed on 2025-07-08 00:00:007,0.0,1
5167,VISp,INH,Sst,L5,INH,Pvalb,L6a,125.0,150.0,25.0,50.0,AISynphys,Accessed on 2025-07-08 00:00:007,0.0,1
5168,VISp,INH,Sst,L5,INH,Pvalb,L6a,125.0,150.0,50.0,75.0,AISynphys,Accessed on 2025-07-08 00:00:007,0.0,1
5169,VISp,INH,Sst,L5,INH,Pvalb,L6a,125.0,150.0,75.0,100.0,AISynphys,Accessed on 2025-07-08 00:00:007,0.0,1
5170,VISp,INH,Sst,L5,INH,Pvalb,L6a,150.0,175.0,25.0,50.0,AISynphys,Accessed on 2025-07-08 00:00:007,0.0,2
5171,VISp,INH,Sst,L5,INH,Pvalb,L6a,175.0,200.0,25.0,50.0,AISynphys,Accessed on 2025-07-08 00:00:007,0.0,1
5172,VISp,INH,Sst,L5,INH,Pvalb,L6a,175.0,200.0,50.0,75.0,AISynphys,Accessed on 2025-07-08 00:00:007,0.0,1
5173,VISp,INH,Sst,L5,INH,"Pvalb,Sst",L5,125.0,150.0,0.0,25.0,AISynphys,Accessed on 2025-07-08 00:00:007,0.0,1
5174,VISp,INH,Sst,L5,INH,Sst,L1,50.0,75.0,425.0,450.0,AISynphys,Accessed on 2025-07-08 00:00:007,0.0,1
5175,VISp,INH,Sst,L5,INH,Sst,L23,0.0,25.0,100.0,125.0,AISynphys,Accessed on 2025-07-08 00:00:007,0.0,1
5176,VISp,INH,Sst,L5,INH,Sst,L23,0.0,25.0,125.0,150.0,AISynphys,Accessed on 2025-07-08 00:00:007,0.0,1
5177,VISp,INH,Sst,L5,INH,Sst,L23,0.0,25.0,150.0,175.0,AISynphys,Accessed on 2025-07-08 00:00:007,0.0,3
5178,VISp,INH,Sst,L5,INH,Sst,L23,0.0,25.0,200.0,225.0,AISynphys,Accessed on 2025-07-08 00:00:007,0.0,2
5179,VISp,INH,Sst,L5,INH,Sst,L23,0.0,25.0,225.0,250.0,AISynphys,Accessed on 2025-07-08 00:00:007,0.0,1
5180,VISp,INH,Sst,L5,INH,Sst,L23,0.0,25.0,300.0,325.0,AISynphys,Accessed on 2025-07-08 00:00:007,0.0,1
5181,VISp,INH,Sst,L5,INH,Sst,L23,0.0,25.0,325.0,350.0,AISynphys,Accessed on 2025-07-08 00:00:007,0.0,1
5182,VISp,INH,Sst,L5,INH,Sst,L23,0.0,25.0,375.0,400.0,AISynphys,Accessed on 2025-07-08 00:00:007,0.0,1
5183,VISp,INH,Sst,L5,INH,Sst,L23,0.0,25.0,400.0,425.0,AISynphys,Accessed on 2025-07-08 00:00:007,0.0,1
5184,VISp,INH,Sst,L5,INH,Sst,L23,0.0,25.0,425.0,450.0,AISynphys,Accessed on 2025-07-08 00:00:007,0.0,1
5185,VISp,INH,Sst,L5,INH,Sst,L23,25.0,50.0,75.0,100.0,AISynphys,Accessed on 2025-07-08 00:00:007,0.0,2
5186,VISp,INH,Sst,L5,INH,Sst,L23,25.0,50.0,100.0,125.0,AISynphys,Accessed on 2025-07-08 00:00:007,0.0,1
5187,VISp,INH,Sst,L5,INH,Sst,L23,25.0,50.0,125.0,150.0,AISynphys,Accessed on 2025-07-08 00:00:007,0.0,1
5188,VISp,INH,Sst,L5,INH,Sst,L23,25.0,50.0,250.0,275.0,AISynphys,Accessed on 2025-07-08 00:00:007,0.0,1
5189,VISp,INH,Sst,L5,INH,Sst,L23,25.0,50.0,275.0,300.0,AISynphys,Accessed on 2025-07-08 00:00:007,0.0,2
5190,VISp,INH,Sst,L5,INH,Sst,L23,25.0,50.0,325.0,350.0,AISynphys,Accessed on 2025-07-08 00:00:007,0.0,1
5191,VISp,INH,Sst,L5,INH,Sst,L23,25.0,50.0,350.0,375.0,AISynphys,Accessed on 2025-07-08 00:00:007,0.0,2
5192,VISp,INH,Sst,L5,INH,Sst,L23,25.0,50.0,375.0,400.0,AISynphys,Accessed on 2025-07-08 00:00:007,0.0,2
5193,VISp,INH,Sst,L5,INH,Sst,L23,25.0,50.0,475.0,500.0,AISynphys,Accessed on 2025-07-08 00:00:007,0.0,1
5194,VISp,INH,Sst,L5,INH,Sst,L23,25.0,50.0,550.0,575.0,AISynphys,Accessed on 2025-07-08 00:00:007,0.0,1
5195,VISp,INH,Sst,L5,INH,Sst,L23,50.0,75.0,50.0,75.0,AISynphys,Accessed on 2025-07-08 00:00:007,0.0,1
5196,VISp,INH,Sst,L5,INH,Sst,L23,50.0,75.0,125.0,150.0,AISynphys,Accessed on 2025-07-08 00:00:007,0.0,2
5197,VISp,INH,Sst,L5,INH,Sst,L23,50.0,75.0,150.0,175.0,AISynphys,Accessed on 2025-07-08 00:00:007,1.0,1
5198,VISp,INH,Sst,L5,INH,Sst,L23,50.0,75.0,225.0,250.0,AISynphys,Accessed on 2025-07-08 00:00:007,0.0,2
5199,VISp,INH,Sst,L5,INH,Sst,L23,50.0,75.0,275.0,300.0,AISynphys,Accessed on 2025-07-08 00:00:007,0.0,1
5200,VISp,INH,Sst,L5,INH,Sst,L23,50.0,75.0,325.0,350.0,AISynphys,Accessed on 2025-07-08 00:00:007,0.0,1
5201,VISp,INH,Sst,L5,INH,Sst,L23,50.0,75.0,350.0,375.0,AISynphys,Accessed on 2025-07-08 00:00:007,0.0,2
5202,VISp,INH,Sst,L5,INH,Sst,L23,50.0,75.0,375.0,400.0,AISynphys,Accessed on 2025-07-08 00:00:007,0.0,1
5203,VISp,INH,Sst,L5,INH,Sst,L23,50.0,75.0,400.0,425.0,AISynphys,Accessed on 2025-07-08 00:00:007,0.0,1
5204,VISp,INH,Sst,L5,INH,Sst,L23,50.0,75.0,425.0,450.0,AISynphys,Accessed on 2025-07-08 00:00:007,0.0,2
5205,VISp,INH,Sst,L5,INH,Sst,L23,50.0,75.0,450.0,475.0,AISynphys,Accessed on 2025-07-08 00:00:007,0.0,1
5206,VISp,INH,Sst,L5,INH,Sst,L23,50.0,75.0,475.0,500.0,AISynphys,Accessed on 2025-07-08 00:00:007,0.0,2
5207,VISp,INH,Sst,L5,INH,Sst,L23,50.0,75.0,550.0,575.0,AISynphys,Accessed on 2025-07-08 00:00:007,0.0,1
5208,VISp,INH,Sst,L5,INH,Sst,L23,75.0,100.0,50.0,75.0,AISynphys,Accessed on 2025-07-08 00:00:007,0.0,1
5209,VISp,INH,Sst,L5,INH,Sst,L23,75.0,100.0,200.0,225.0,AISynphys,Accessed on 2025-07-08 00:00:007,0.0,1
5210,VISp,INH,Sst,L5,INH,Sst,L23,75.0,100.0,300.0,325.0,AISynphys,Accessed on 2025-07-08 00:00:007,0.0,1
5211,VISp,INH,Sst,L5,INH,Sst,L23,75.0,100.0,350.0,375.0,AISynphys,Accessed on 2025-07-08 00:00:007,0.0,1
5212,VISp,INH,Sst,L5,INH,Sst,L23,100.0,125.0,350.0,375.0,AISynphys,Accessed on 2025-07-08 00:00:007,0.0,1
5213,VISp,INH,Sst,L5,INH,Sst,L23,100.0,125.0,500.0,525.0,AISynphys,Accessed on 2025-07-08 00:00:007,0.0,1
5214,VISp,INH,Sst,L5,INH,Sst,L23,125.0,150.0,125.0,150.0,AISynphys,Accessed on 2025-07-08 00:00:007,0.0,1
5215,VISp,INH,Sst,L5,INH,Sst,L23,125.0,150.0,175.0,200.0,AISynphys,Accessed on 2025-07-08 00:00:007,0.0,1
5216,VISp,INH,Sst,L5,INH,Sst,L23,125.0,150.0,275.0,300.0,AISynphys,Accessed on 2025-07-08 00:00:007,0.0,1
5217,VISp,INH,Sst,L5,INH,Sst,L23,150.0,175.0,250.0,275.0,AISynphys,Accessed on 2025-07-08 00:00:007,0.0,1
5218,VISp,INH,Sst,L5,INH,Sst,L23,150.0,175.0,325.0,350.0,AISynphys,Accessed on 2025-07-08 00:00:007,0.0,1
5219,VISp,INH,Sst,L5,INH,Sst,L23,175.0,200.0,400.0,425.0,AISynphys,Accessed on 2025-07-08 00:00:007,0.0,1
5220,VISp,INH,Sst,L5,INH,Sst,L4,0.0,25.0,0.0,25.0,AISynphys,Accessed on 2025-07-08 00:00:007,0.0,4
5221,VISp,INH,Sst,L5,INH,Sst,L4,0.0,25.0,25.0,50.0,AISynphys,Accessed on 2025-07-08 00:00:007,0.0,2
5222,VISp,INH,Sst,L5,INH,Sst,L4,0.0,25.0,50.0,75.0,AISynphys,Accessed on 2025-07-08 00:00:007,0.3333333333333333,3
5223,VISp,INH,Sst,L5,INH,Sst,L4,0.0,25.0,75.0,100.0,AISynphys,Accessed on 2025-07-08 00:00:007,0.14285714285714285,7
5224,VISp,INH,Sst,L5,INH,Sst,L4,0.0,25.0,100.0,125.0,AISynphys,Accessed on 2025-07-08 00:00:007,0.0,7
5225,VISp,INH,Sst,L5,INH,Sst,L4,0.0,25.0,125.0,150.0,AISynphys,Accessed on 2025-07-08 00:00:007,0.0,2
5226,VISp,INH,Sst,L5,INH,Sst,L4,25.0,50.0,0.0,25.0,AISynphys,Accessed on 2025-07-08 00:00:007,0.0,2
5227,VISp,INH,Sst,L5,INH,Sst,L4,25.0,50.0,25.0,50.0,AISynphys,Accessed on 2025-07-08 00:00:007,0.0,6
5228,VISp,INH,Sst,L5,INH,Sst,L4,25.0,50.0,50.0,75.0,AISynphys,Accessed on 2025-07-08 00:00:007,0.0,4
5229,VISp,INH,Sst,L5,INH,Sst,L4,25.0,50.0,75.0,100.0,AISynphys,Accessed on 2025-07-08 00:00:007,0.0,6
5230,VISp,INH,Sst,L5,INH,Sst,L4,25.0,50.0,100.0,125.0,AISynphys,Accessed on 2025-07-08 00:00:007,0.0,1
5231,VISp,INH,Sst,L5,INH,Sst,L4,25.0,50.0,125.0,150.0,AISynphys,Accessed on 2025-07-08 00:00:007,0.0,1
5232,VISp,INH,Sst,L5,INH,Sst,L4,25.0,50.0,150.0,175.0,AISynphys,Accessed on 2025-07-08 00:00:007,0.0,1
5233,VISp,INH,Sst,L5,INH,Sst,L4,25.0,50.0,200.0,225.0,AISynphys,Accessed on 2025-07-08 00:00:007,0.0,1
5234,VISp,INH,Sst,L5,INH,Sst,L4,50.0,75.0,0.0,25.0,AISynphys,Accessed on 2025-07-08 00:00:007,0.0,2
5235,VISp,INH,Sst,L5,INH,Sst,L4,50.0,75.0,25.0,50.0,AISynphys,Accessed on 2025-07-08 00:00:007,0.0,4
5236,VISp,INH,Sst,L5,INH,Sst,L4,50.0,75.0,50.0,75.0,AISynphys,Accessed on 2025-07-08 00:00:007,0.0,5
5237,VISp,INH,Sst,L5,INH,Sst,L4,50.0,75.0,75.0,100.0,AISynphys,Accessed on 2025-07-08 00:00:007,0.0,5
5238,VISp,INH,Sst,L5,INH,Sst,L4,50.0,75.0,100.0,125.0,AISynphys,Accessed on 2025-07-08 00:00:007,0.0,5
5239,VISp,INH,Sst,L5,INH,Sst,L4,50.0,75.0,125.0,150.0,AISynphys,Accessed on 2025-07-08 00:00:007,0.0,1
5240,VISp,INH,Sst,L5,INH,Sst,L4,50.0,75.0,175.0,200.0,AISynphys,Accessed on 2025-07-08 00:00:007,0.0,2
5241,VISp,INH,Sst,L5,INH,Sst,L4,50.0,75.0,200.0,225.0,AISynphys,Accessed on 2025-07-08 00:00:007,0.0,1
5242,VISp,INH,Sst,L5,INH,Sst,L4,75.0,100.0,0.0,25.0,AISynphys,Accessed on 2025-07-08 00:00:007,0.0,1
5243,VISp,INH,Sst,L5,INH,Sst,L4,75.0,100.0,25.0,50.0,AISynphys,Accessed on 2025-07-08 00:00:007,0.0,5
5244,VISp,INH,Sst,L5,INH,Sst,L4,75.0,100.0,50.0,75.0,AISynphys,Accessed on 2025-07-08 00:00:007,0.0,5
5245,VISp,INH,Sst,L5,INH,Sst,L4,75.0,100.0,75.0,100.0,AISynphys,Accessed on 2025-07-08 00:00:007,0.0,2
5246,VISp,INH,Sst,L5,INH,Sst,L4,75.0,100.0,100.0,125.0,AISynphys,Accessed on 2025-07-08 00:00:007,0.0,2
5247,VISp,INH,Sst,L5,INH,Sst,L4,75.0,100.0,150.0,175.0,AISynphys,Accessed on 2025-07-08 00:00:007,0.0,1
5248,VISp,INH,Sst,L5,INH,Sst,L4,75.0,100.0,175.0,200.0,AISynphys,Accessed on 2025-07-08 00:00:007,0.0,1
5249,VISp,INH,Sst,L5,INH,Sst,L4,100.0,125.0,0.0,25.0,AISynphys,Accessed on 2025-07-08 00:00:007,0.0,3
5250,VISp,INH,Sst,L5,INH,Sst,L4,100.0,125.0,50.0,75.0,AISynphys,Accessed on 2025-07-08 00:00:007,0.0,3
5251,VISp,INH,Sst,L5,INH,Sst,L4,100.0,125.0,75.0,100.0,AISynphys,Accessed on 2025-07-08 00:00:007,0.0,3
5252,VISp,INH,Sst,L5,INH,Sst,L4,100.0,125.0,125.0,150.0,AISynphys,Accessed on 2025-07-08 00:00:007,0.0,1
5253,VISp,INH,Sst,L5,INH,Sst,L4,100.0,125.0,150.0,175.0,AISynphys,Accessed on 2025-07-08 00:00:007,0.0,1
5254,VISp,INH,Sst,L5,INH,Sst,L4,100.0,125.0,175.0,200.0,AISynphys,Accessed on 2025-07-08 00:00:007,0.0,1
5255,VISp,INH,Sst,L5,INH,Sst,L4,125.0,150.0,50.0,75.0,AISynphys,Accessed on 2025-07-08 00:00:007,0.0,3
5256,VISp,INH,Sst,L5,INH,Sst,L4,125.0,150.0,75.0,100.0,AISynphys,Accessed on 2025-07-08 00:00:007,0.0,3
5257,VISp,INH,Sst,L5,INH,Sst,L4,125.0,150.0,100.0,125.0,AISynphys,Accessed on 2025-07-08 00:00:007,0.0,1
5258,VISp,INH,Sst,L5,INH,Sst,L4,125.0,150.0,125.0,150.0,AISynphys,Accessed on 2025-07-08 00:00:007,0.0,1
5259,VISp,INH,Sst,L5,INH,Sst,L4,125.0,150.0,150.0,175.0,AISynphys,Accessed on 2025-07-08 00:00:007,0.0,1
5260,VISp,INH,Sst,L5,INH,Sst,L4,150.0,175.0,25.0,50.0,AISynphys,Accessed on 2025-07-08 00:00:007,0.0,3
5261,VISp,INH,Sst,L5,INH,Sst,L4,150.0,175.0,50.0,75.0,AISynphys,Accessed on 2025-07-08 00:00:007,0.0,1
5262,VISp,INH,Sst,L5,INH,Sst,L4,150.0,175.0,125.0,150.0,AISynphys,Accessed on 2025-07-08 00:00:007,0.0,1
5263,VISp,INH,Sst,L5,INH,Sst,L4,175.0,200.0,0.0,25.0,AISynphys,Accessed on 2025-07-08 00:00:007,0.0,1
5264,VISp,INH,Sst,L5,INH,Sst,L4,175.0,200.0,150.0,175.0,AISynphys,Accessed on 2025-07-08 00:00:007,0.0,1
5265,VISp,INH,Sst,L5,INH,Sst,L4,200.0,225.0,75.0,100.0,AISynphys,Accessed on 2025-07-08 00:00:007,0.0,1
5266,VISp,INH,Sst,L5,INH,Sst,L5,0.0,25.0,0.0,25.0,AISynphys,Accessed on 2025-07-08 00:00:007,0.03333333333333333,60
5267,VISp,INH,Sst,L5,INH,Sst,L5,0.0,25.0,25.0,50.0,AISynphys,Accessed on 2025-07-08 00:00:007,0.030303030303030304,66
5268,VISp,INH,Sst,L5,INH,Sst,L5,0.0,25.0,50.0,75.0,AISynphys,Accessed on 2025-07-08 00:00:007,0.034482758620689655,58
5269,VISp,INH,Sst,L5,INH,Sst,L5,0.0,25.0,75.0,100.0,AISynphys,Accessed on 2025-07-08 00:00:007,0.0,26
5270,VISp,INH,Sst,L5,INH,Sst,L5,0.0,25.0,100.0,125.0,AISynphys,Accessed on 2025-07-08 00:00:007,0.0,14
5271,VISp,INH,Sst,L5,INH,Sst,L5,0.0,25.0,125.0,150.0,AISynphys,Accessed on 2025-07-08 00:00:007,0.0,6
5272,VISp,INH,Sst,L5,INH,Sst,L5,0.0,25.0,150.0,175.0,AISynphys,Accessed on 2025-07-08 00:00:007,0.0,4
5273,VISp,INH,Sst,L5,INH,Sst,L5,25.0,50.0,0.0,25.0,AISynphys,Accessed on 2025-07-08 00:00:007,0.010638297872340425,94
5274,VISp,INH,Sst,L5,INH,Sst,L5,25.0,50.0,25.0,50.0,AISynphys,Accessed on 2025-07-08 00:00:007,0.0,54
5275,VISp,INH,Sst,L5,INH,Sst,L5,25.0,50.0,50.0,75.0,AISynphys,Accessed on 2025-07-08 00:00:007,0.0,46
5276,VISp,INH,Sst,L5,INH,Sst,L5,25.0,50.0,75.0,100.0,AISynphys,Accessed on 2025-07-08 00:00:007,0.0,22
5277,VISp,INH,Sst,L5,INH,Sst,L5,25.0,50.0,100.0,125.0,AISynphys,Accessed on 2025-07-08 00:00:007,0.08333333333333333,12
5278,VISp,INH,Sst,L5,INH,Sst,L5,25.0,50.0,125.0,150.0,AISynphys,Accessed on 2025-07-08 00:00:007,0.0,8
5279,VISp,INH,Sst,L5,INH,Sst,L5,25.0,50.0,150.0,175.0,AISynphys,Accessed on 2025-07-08 00:00:007,0.0,4
5280,VISp,INH,Sst,L5,INH,Sst,L5,50.0,75.0,0.0,25.0,AISynphys,Accessed on 2025-07-08 00:00:007,0.0,70
5281,VISp,INH,Sst,L5,INH,Sst,L5,50.0,75.0,25.0,50.0,AISynphys,Accessed on 2025-07-08 00:00:007,0.018518518518518517,54
5282,VISp,INH,Sst,L5,INH,Sst,L5,50.0,75.0,50.0,75.0,AISynphys,Accessed on 2025-07-08 00:00:007,0.0,34
5283,VISp,INH,Sst,L5,INH,Sst,L5,50.0,75.0,75.0,100.0,AISynphys,Accessed on 2025-07-08 00:00:007,0.125,8
5284,VISp,INH,Sst,L5,INH,Sst,L5,50.0,75.0,100.0,125.0,AISynphys,Accessed on 2025-07-08 00:00:007,0.0,4
5285,VISp,INH,Sst,L5,INH,Sst,L5,50.0,75.0,125.0,150.0,AISynphys,Accessed on 2025-07-08 00:00:007,0.0,4
5286,VISp,INH,Sst,L5,INH,Sst,L5,75.0,100.0,0.0,25.0,AISynphys,Accessed on 2025-07-08 00:00:007,0.020833333333333332,48
5287,VISp,INH,Sst,L5,INH,Sst,L5,75.0,100.0,25.0,50.0,AISynphys,Accessed on 2025-07-08 00:00:007,0.019230769230769232,52
5288,VISp,INH,Sst,L5,INH,Sst,L5,75.0,100.0,50.0,75.0,AISynphys,Accessed on 2025-07-08 00:00:007,0.03571428571428571,28
5289,VISp,INH,Sst,L5,INH,Sst,L5,75.0,100.0,75.0,100.0,AISynphys,Accessed on 2025-07-08 00:00:007,0.0,16
5290,VISp,INH,Sst,L5,INH,Sst,L5,75.0,100.0,100.0,125.0,AISynphys,Accessed on 2025-07-08 00:00:007,0.07142857142857142,14
5291,VISp,INH,Sst,L5,INH,Sst,L5,75.0,100.0,125.0,150.0,AISynphys,Accessed on 2025-07-08 00:00:007,0.0,2
5292,VISp,INH,Sst,L5,INH,Sst,L5,75.0,100.0,150.0,175.0,AISynphys,Accessed on 2025-07-08 00:00:007,0.0,2
5293,VISp,INH,Sst,L5,INH,Sst,L5,75.0,100.0,175.0,200.0,AISynphys,Accessed on 2025-07-08 00:00:007,0.0,2
5294,VISp,INH,Sst,L5,INH,Sst,L5,100.0,125.0,0.0,25.0,AISynphys,Accessed on 2025-07-08 00:00:007,0.0,42
5295,VISp,INH,Sst,L5,INH,Sst,L5,100.0,125.0,25.0,50.0,AISynphys,Accessed on 2025-07-08 00:00:007,0.0,36
5296,VISp,INH,Sst,L5,INH,Sst,L5,100.0,125.0,50.0,75.0,AISynphys,Accessed on 2025-07-08 00:00:007,0.0,26
5297,VISp,INH,Sst,L5,INH,Sst,L5,100.0,125.0,75.0,100.0,AISynphys,Accessed on 2025-07-08 00:00:007,0.0,10
5298,VISp,INH,Sst,L5,INH,Sst,L5,100.0,125.0,100.0,125.0,AISynphys,Accessed on 2025-07-08 00:00:007,0.0,10
5299,VISp,INH,Sst,L5,INH,Sst,L5,100.0,125.0,125.0,150.0,AISynphys,Accessed on 2025-07-08 00:00:007,0.0,2
5300,VISp,INH,Sst,L5,INH,Sst,L5,125.0,150.0,0.0,25.0,AISynphys,Accessed on 2025-07-08 00:00:007,0.0,14
5301,VISp,INH,Sst,L5,INH,Sst,L5,125.0,150.0,25.0,50.0,AISynphys,Accessed on 2025-07-08 00:00:007,0.0,12
5302,VISp,INH,Sst,L5,INH,Sst,L5,125.0,150.0,50.0,75.0,AISynphys,Accessed on 2025-07-08 00:00:007,0.0,14
5303,VISp,INH,Sst,L5,INH,Sst,L5,125.0,150.0,75.0,100.0,AISynphys,Accessed on 2025-07-08 00:00:007,0.0,12
5304,VISp,INH,Sst,L5,INH,Sst,L5,125.0,150.0,100.0,125.0,AISynphys,Accessed on 2025-07-08 00:00:007,0.0,4
5305,VISp,INH,Sst,L5,INH,Sst,L5,125.0,150.0,125.0,150.0,AISynphys,Accessed on 2025-07-08 00:00:007,0.0,2
5306,VISp,INH,Sst,L5,INH,Sst,L5,125.0,150.0,250.0,275.0,AISynphys,Accessed on 2025-07-08 00:00:007,0.0,2
5307,VISp,INH,Sst,L5,INH,Sst,L5,150.0,175.0,0.0,25.0,AISynphys,Accessed on 2025-07-08 00:00:007,0.0,10
5308,VISp,INH,Sst,L5,INH,Sst,L5,150.0,175.0,25.0,50.0,AISynphys,Accessed on 2025-07-08 00:00:007,0.0,10
5309,VISp,INH,Sst,L5,INH,Sst,L5,150.0,175.0,50.0,75.0,AISynphys,Accessed on 2025-07-08 00:00:007,0.0,10
5310,VISp,INH,Sst,L5,INH,Sst,L5,150.0,175.0,75.0,100.0,AISynphys,Accessed on 2025-07-08 00:00:007,0.0,4
5311,VISp,INH,Sst,L5,INH,Sst,L5,150.0,175.0,100.0,125.0,AISynphys,Accessed on 2025-07-08 00:00:007,0.0,2
5312,VISp,INH,Sst,L5,INH,Sst,L5,150.0,175.0,125.0,150.0,AISynphys,Accessed on 2025-07-08 00:00:007,0.25,4
5313,VISp,INH,Sst,L5,INH,Sst,L5,175.0,200.0,0.0,25.0,AISynphys,Accessed on 2025-07-08 00:00:007,0.0,8
5314,VISp,INH,Sst,L5,INH,Sst,L5,175.0,200.0,25.0,50.0,AISynphys,Accessed on 2025-07-08 00:00:007,0.0,4
5315,VISp,INH,Sst,L5,INH,Sst,L5,175.0,200.0,50.0,75.0,AISynphys,Accessed on 2025-07-08 00:00:007,0.0,6
5316,VISp,INH,Sst,L5,INH,Sst,L5,175.0,200.0,75.0,100.0,AISynphys,Accessed on 2025-07-08 00:00:007,0.0,10
5317,VISp,INH,Sst,L5,INH,Sst,L5,200.0,225.0,0.0,25.0,AISynphys,Accessed on 2025-07-08 00:00:007,0.0,2
5318,VISp,INH,Sst,L5,INH,Sst,L5,200.0,225.0,25.0,50.0,AISynphys,Accessed on 2025-07-08 00:00:007,0.0,4
5319,VISp,INH,Sst,L5,INH,Sst,L5,200.0,225.0,75.0,100.0,AISynphys,Accessed on 2025-07-08 00:00:007,0.0,2
5320,VISp,INH,Sst,L5,INH,Sst,L5,250.0,275.0,0.0,25.0,AISynphys,Accessed on 2025-07-08 00:00:007,0.0,2
5321,VISp,INH,Sst,L5,INH,Sst,L5,375.0,400.0,25.0,50.0,AISynphys,Accessed on 2025-07-08 00:00:007,0.0,4
5322,VISp,INH,Sst,L5,INH,Sst,L5,500.0,525.0,0.0,25.0,AISynphys,Accessed on 2025-07-08 00:00:007,0.0,2
5323,VISp,INH,Sst,L5,INH,Sst,L6a,0.0,25.0,0.0,25.0,AISynphys,Accessed on 2025-07-08 00:00:007,0.0,3
5324,VISp,INH,Sst,L5,INH,Sst,L6a,0.0,25.0,25.0,50.0,AISynphys,Accessed on 2025-07-08 00:00:007,0.0,6
5325,VISp,INH,Sst,L5,INH,Sst,L6a,0.0,25.0,50.0,75.0,AISynphys,Accessed on 2025-07-08 00:00:007,0.0,8
5326,VISp,INH,Sst,L5,INH,Sst,L6a,0.0,25.0,75.0,100.0,AISynphys,Accessed on 2025-07-08 00:00:007,0.0,5
5327,VISp,INH,Sst,L5,INH,Sst,L6a,0.0,25.0,100.0,125.0,AISynphys,Accessed on 2025-07-08 00:00:007,0.0,7
5328,VISp,INH,Sst,L5,INH,Sst,L6a,0.0,25.0,125.0,150.0,AISynphys,Accessed on 2025-07-08 00:00:007,0.0,6
5329,VISp,INH,Sst,L5,INH,Sst,L6a,0.0,25.0,150.0,175.0,AISynphys,Accessed on 2025-07-08 00:00:007,0.0,2
5330,VISp,INH,Sst,L5,INH,Sst,L6a,0.0,25.0,175.0,200.0,AISynphys,Accessed on 2025-07-08 00:00:007,0.0,3
5331,VISp,INH,Sst,L5,INH,Sst,L6a,0.0,25.0,200.0,225.0,AISynphys,Accessed on 2025-07-08 00:00:007,0.0,2
5332,VISp,INH,Sst,L5,INH,Sst,L6a,25.0,50.0,0.0,25.0,AISynphys,Accessed on 2025-07-08 00:00:007,0.0,3
5333,VISp,INH,Sst,L5,INH,Sst,L6a,25.0,50.0,25.0,50.0,AISynphys,Accessed on 2025-07-08 00:00:007,0.0,3
5334,VISp,INH,Sst,L5,INH,Sst,L6a,25.0,50.0,50.0,75.0,AISynphys,Accessed on 2025-07-08 00:00:007,0.0,10
5335,VISp,INH,Sst,L5,INH,Sst,L6a,25.0,50.0,75.0,100.0,AISynphys,Accessed on 2025-07-08 00:00:007,0.2,5
5336,VISp,INH,Sst,L5,INH,Sst,L6a,25.0,50.0,100.0,125.0,AISynphys,Accessed on 2025-07-08 00:00:007,0.0,4
5337,VISp,INH,Sst,L5,INH,Sst,L6a,25.0,50.0,125.0,150.0,AISynphys,Accessed on 2025-07-08 00:00:007,0.0,5
5338,VISp,INH,Sst,L5,INH,Sst,L6a,25.0,50.0,150.0,175.0,AISynphys,Accessed on 2025-07-08 00:00:007,0.0,2
5339,VISp,INH,Sst,L5,INH,Sst,L6a,25.0,50.0,225.0,250.0,AISynphys,Accessed on 2025-07-08 00:00:007,0.0,1
5340,VISp,INH,Sst,L5,INH,Sst,L6a,50.0,75.0,0.0,25.0,AISynphys,Accessed on 2025-07-08 00:00:007,0.0,2
5341,VISp,INH,Sst,L5,INH,Sst,L6a,50.0,75.0,25.0,50.0,AISynphys,Accessed on 2025-07-08 00:00:007,0.0,4
5342,VISp,INH,Sst,L5,INH,Sst,L6a,50.0,75.0,50.0,75.0,AISynphys,Accessed on 2025-07-08 00:00:007,0.0,2
5343,VISp,INH,Sst,L5,INH,Sst,L6a,50.0,75.0,75.0,100.0,AISynphys,Accessed on 2025-07-08 00:00:007,0.0,5
5344,VISp,INH,Sst,L5,INH,Sst,L6a,50.0,75.0,100.0,125.0,AISynphys,Accessed on 2025-07-08 00:00:007,0.0,8
5345,VISp,INH,Sst,L5,INH,Sst,L6a,50.0,75.0,125.0,150.0,AISynphys,Accessed on 2025-07-08 00:00:007,0.0,1
5346,VISp,INH,Sst,L5,INH,Sst,L6a,50.0,75.0,150.0,175.0,AISynphys,Accessed on 2025-07-08 00:00:007,0.0,4
5347,VISp,INH,Sst,L5,INH,Sst,L6a,50.0,75.0,200.0,225.0,AISynphys,Accessed on 2025-07-08 00:00:007,0.0,1
5348,VISp,INH,Sst,L5,INH,Sst,L6a,75.0,100.0,0.0,25.0,AISynphys,Accessed on 2025-07-08 00:00:007,0.0,1
5349,VISp,INH,Sst,L5,INH,Sst,L6a,75.0,100.0,25.0,50.0,AISynphys,Accessed on 2025-07-08 00:00:007,0.0,4
5350,VISp,INH,Sst,L5,INH,Sst,L6a,75.0,100.0,50.0,75.0,AISynphys,Accessed on 2025-07-08 00:00:007,0.0,8
5351,VISp,INH,Sst,L5,INH,Sst,L6a,75.0,100.0,75.0,100.0,AISynphys,Accessed on 2025-07-08 00:00:007,0.0,2
5352,VISp,INH,Sst,L5,INH,Sst,L6a,75.0,100.0,100.0,125.0,AISynphys,Accessed on 2025-07-08 00:00:007,0.0,4
5353,VISp,INH,Sst,L5,INH,Sst,L6a,75.0,100.0,125.0,150.0,AISynphys,Accessed on 2025-07-08 00:00:007,0.0,1
5354,VISp,INH,Sst,L5,INH,Sst,L6a,75.0,100.0,150.0,175.0,AISynphys,Accessed on 2025-07-08 00:00:007,0.0,2
5355,VISp,INH,Sst,L5,INH,Sst,L6a,75.0,100.0,175.0,200.0,AISynphys,Accessed on 2025-07-08 00:00:007,0.0,1
5356,VISp,INH,Sst,L5,INH,Sst,L6a,100.0,125.0,0.0,25.0,AISynphys,Accessed on 2025-07-08 00:00:007,0.0,4
5357,VISp,INH,Sst,L5,INH,Sst,L6a,100.0,125.0,25.0,50.0,AISynphys,Accessed on 2025-07-08 00:00:007,0.0,2
5358,VISp,INH,Sst,L5,INH,Sst,L6a,100.0,125.0,50.0,75.0,AISynphys,Accessed on 2025-07-08 00:00:007,0.0,1
5359,VISp,INH,Sst,L5,INH,Sst,L6a,100.0,125.0,75.0,100.0,AISynphys,Accessed on 2025-07-08 00:00:007,0.0,7
5360,VISp,INH,Sst,L5,INH,Sst,L6a,100.0,125.0,100.0,125.0,AISynphys,Accessed on 2025-07-08 00:00:007,0.25,4
5361,VISp,INH,Sst,L5,INH,Sst,L6a,100.0,125.0,125.0,150.0,AISynphys,Accessed on 2025-07-08 00:00:007,0.0,4
5362,VISp,INH,Sst,L5,INH,Sst,L6a,100.0,125.0,150.0,175.0,AISynphys,Accessed on 2025-07-08 00:00:007,0.0,1
5363,VISp,INH,Sst,L5,INH,Sst,L6a,125.0,150.0,0.0,25.0,AISynphys,Accessed on 2025-07-08 00:00:007,0.0,1
5364,VISp,INH,Sst,L5,INH,Sst,L6a,125.0,150.0,25.0,50.0,AISynphys,Accessed on 2025-07-08 00:00:007,0.0,2
5365,VISp,INH,Sst,L5,INH,Sst,L6a,125.0,150.0,50.0,75.0,AISynphys,Accessed on 2025-07-08 00:00:007,0.0,1
5366,VISp,INH,Sst,L5,INH,Sst,L6a,125.0,150.0,75.0,100.0,AISynphys,Accessed on 2025-07-08 00:00:007,0.0,2
5367,VISp,INH,Sst,L5,INH,Sst,L6a,125.0,150.0,100.0,125.0,AISynphys,Accessed on 2025-07-08 00:00:007,0.0,2
5368,VISp,INH,Sst,L5,INH,Sst,L6a,125.0,150.0,125.0,150.0,AISynphys,Accessed on 2025-07-08 00:00:007,0.0,1
5369,VISp,INH,Sst,L5,INH,Sst,L6a,125.0,150.0,150.0,175.0,AISynphys,Accessed on 2025-07-08 00:00:007,0.0,1
5370,VISp,INH,Sst,L5,INH,Sst,L6a,150.0,175.0,0.0,25.0,AISynphys,Accessed on 2025-07-08 00:00:007,0.0,1
5371,VISp,INH,Sst,L5,INH,Sst,L6a,150.0,175.0,50.0,75.0,AISynphys,Accessed on 2025-07-08 00:00:007,0.0,1
5372,VISp,INH,Sst,L5,INH,Sst,L6a,150.0,175.0,100.0,125.0,AISynphys,Accessed on 2025-07-08 00:00:007,0.0,1
5373,VISp,INH,Sst,L5,INH,Sst,L6a,150.0,175.0,150.0,175.0,AISynphys,Accessed on 2025-07-08 00:00:007,0.0,1
5374,VISp,INH,Sst,L5,INH,Sst,L6a,150.0,175.0,175.0,200.0,AISynphys,Accessed on 2025-07-08 00:00:007,0.0,1
5375,VISp,INH,Sst,L5,INH,Sst,L6a,175.0,200.0,100.0,125.0,AISynphys,Accessed on 2025-07-08 00:00:007,0.0,2
5376,VISp,INH,Sst,L5,INH,Sst,L6a,175.0,200.0,125.0,150.0,AISynphys,Accessed on 2025-07-08 00:00:007,0.0,1
5377,VISp,INH,Sst,L5,INH,Sst,L6a,200.0,225.0,125.0,150.0,AISynphys,Accessed on 2025-07-08 00:00:007,0.0,2
5378,VISp,INH,Sst,L5,INH,Vip,L23,0.0,25.0,125.0,150.0,AISynphys,Accessed on 2025-07-08 00:00:007,0.0,1
5379,VISp,INH,Sst,L5,INH,Vip,L23,0.0,25.0,250.0,275.0,AISynphys,Accessed on 2025-07-08 00:00:007,0.0,2
5380,VISp,INH,Sst,L5,INH,Vip,L23,0.0,25.0,275.0,300.0,AISynphys,Accessed on 2025-07-08 00:00:007,0.0,3
5381,VISp,INH,Sst,L5,INH,Vip,L23,0.0,25.0,300.0,325.0,AISynphys,Accessed on 2025-07-08 00:00:007,0.0,1
5382,VISp,INH,Sst,L5,INH,Vip,L23,25.0,50.0,150.0,175.0,AISynphys,Accessed on 2025-07-08 00:00:007,0.0,1
5383,VISp,INH,Sst,L5,INH,Vip,L23,25.0,50.0,200.0,225.0,AISynphys,Accessed on 2025-07-08 00:00:007,0.0,1
5384,VISp,INH,Sst,L5,INH,Vip,L23,25.0,50.0,275.0,300.0,AISynphys,Accessed on 2025-07-08 00:00:007,0.0,1
5385,VISp,INH,Sst,L5,INH,Vip,L23,25.0,50.0,300.0,325.0,AISynphys,Accessed on 2025-07-08 00:00:007,0.0,1
5386,VISp,INH,Sst,L5,INH,Vip,L23,25.0,50.0,350.0,375.0,AISynphys,Accessed on 2025-07-08 00:00:007,0.0,1
5387,VISp,INH,Sst,L5,INH,Vip,L23,25.0,50.0,400.0,425.0,AISynphys,Accessed on 2025-07-08 00:00:007,0.0,1
5388,VISp,INH,Sst,L5,INH,Vip,L23,25.0,50.0,500.0,525.0,AISynphys,Accessed on 2025-07-08 00:00:007,0.0,1
5389,VISp,INH,Sst,L5,INH,Vip,L23,50.0,75.0,125.0,150.0,AISynphys,Accessed on 2025-07-08 00:00:007,0.0,1
5390,VISp,INH,Sst,L5,INH,Vip,L23,50.0,75.0,150.0,175.0,AISynphys,Accessed on 2025-07-08 00:00:007,0.0,1
5391,VISp,INH,Sst,L5,INH,Vip,L23,50.0,75.0,200.0,225.0,AISynphys,Accessed on 2025-07-08 00:00:007,0.0,1
5392,VISp,INH,Sst,L5,INH,Vip,L23,50.0,75.0,350.0,375.0,AISynphys,Accessed on 2025-07-08 00:00:007,0.0,1
5393,VISp,INH,Sst,L5,INH,Vip,L23,50.0,75.0,550.0,575.0,AISynphys,Accessed on 2025-07-08 00:00:007,0.0,1
5394,VISp,INH,Sst,L5,INH,Vip,L23,75.0,100.0,350.0,375.0,AISynphys,Accessed on 2025-07-08 00:00:007,0.0,1
5395,VISp,INH,Sst,L5,INH,Vip,L23,100.0,125.0,150.0,175.0,AISynphys,Accessed on 2025-07-08 00:00:007,0.0,1
5396,VISp,INH,Sst,L5,INH,Vip,L23,100.0,125.0,225.0,250.0,AISynphys,Accessed on 2025-07-08 00:00:007,0.0,1
5397,VISp,INH,Sst,L5,INH,Vip,L23,100.0,125.0,250.0,275.0,AISynphys,Accessed on 2025-07-08 00:00:007,0.0,1
5398,VISp,INH,Sst,L5,INH,Vip,L23,100.0,125.0,300.0,325.0,AISynphys,Accessed on 2025-07-08 00:00:007,0.0,2
5399,VISp,INH,Sst,L5,INH,Vip,L23,100.0,125.0,425.0,450.0,AISynphys,Accessed on 2025-07-08 00:00:007,1.0,1
5400,VISp,INH,Sst,L5,INH,Vip,L23,125.0,150.0,175.0,200.0,AISynphys,Accessed on 2025-07-08 00:00:007,0.0,1
5401,VISp,INH,Sst,L5,INH,Vip,L23,125.0,150.0,275.0,300.0,AISynphys,Accessed on 2025-07-08 00:00:007,0.0,1
5402,VISp,INH,Sst,L5,INH,Vip,L23,125.0,150.0,325.0,350.0,AISynphys,Accessed on 2025-07-08 00:00:007,0.0,1
5403,VISp,INH,Sst,L5,INH,Vip,L23,125.0,150.0,375.0,400.0,AISynphys,Accessed on 2025-07-08 00:00:007,1.0,1
5404,VISp,INH,Sst,L5,INH,Vip,L23,150.0,175.0,225.0,250.0,AISynphys,Accessed on 2025-07-08 00:00:007,0.0,1
5405,VISp,INH,Sst,L5,INH,Vip,L23,150.0,175.0,425.0,450.0,AISynphys,Accessed on 2025-07-08 00:00:007,0.0,1
5406,VISp,INH,Sst,L5,INH,Vip,L23,200.0,225.0,475.0,500.0,AISynphys,Accessed on 2025-07-08 00:00:007,0.0,1
5407,VISp,INH,Sst,L5,INH,Vip,L4,0.0,25.0,25.0,50.0,AISynphys,Accessed on 2025-07-08 00:00:007,0.0,2
5408,VISp,INH,Sst,L5,INH,Vip,L4,0.0,25.0,50.0,75.0,AISynphys,Accessed on 2025-07-08 00:00:007,0.5,2
5409,VISp,INH,Sst,L5,INH,Vip,L4,0.0,25.0,75.0,100.0,AISynphys,Accessed on 2025-07-08 00:00:007,0.25,4
5410,VISp,INH,Sst,L5,INH,Vip,L4,0.0,25.0,100.0,125.0,AISynphys,Accessed on 2025-07-08 00:00:007,0.0,1
5411,VISp,INH,Sst,L5,INH,Vip,L4,0.0,25.0,125.0,150.0,AISynphys,Accessed on 2025-07-08 00:00:007,0.0,2
5412,VISp,INH,Sst,L5,INH,Vip,L4,0.0,25.0,150.0,175.0,AISynphys,Accessed on 2025-07-08 00:00:007,0.0,2
5413,VISp,INH,Sst,L5,INH,Vip,L4,0.0,25.0,175.0,200.0,AISynphys,Accessed on 2025-07-08 00:00:007,0.0,3
5414,VISp,INH,Sst,L5,INH,Vip,L4,25.0,50.0,25.0,50.0,AISynphys,Accessed on 2025-07-08 00:00:007,0.0,1
5415,VISp,INH,Sst,L5,INH,Vip,L4,25.0,50.0,50.0,75.0,AISynphys,Accessed on 2025-07-08 00:00:007,0.0,2
5416,VISp,INH,Sst,L5,INH,Vip,L4,25.0,50.0,125.0,150.0,AISynphys,Accessed on 2025-07-08 00:00:007,0.0,1
5417,VISp,INH,Sst,L5,INH,Vip,L4,25.0,50.0,150.0,175.0,AISynphys,Accessed on 2025-07-08 00:00:007,0.0,1
5418,VISp,INH,Sst,L5,INH,Vip,L4,25.0,50.0,175.0,200.0,AISynphys,Accessed on 2025-07-08 00:00:007,0.3333333333333333,3
5419,VISp,INH,Sst,L5,INH,Vip,L4,25.0,50.0,200.0,225.0,AISynphys,Accessed on 2025-07-08 00:00:007,1.0,1
5420,VISp,INH,Sst,L5,INH,Vip,L4,25.0,50.0,225.0,250.0,AISynphys,Accessed on 2025-07-08 00:00:007,0.0,1
5421,VISp,INH,Sst,L5,INH,Vip,L4,50.0,75.0,50.0,75.0,AISynphys,Accessed on 2025-07-08 00:00:007,0.0,1
5422,VISp,INH,Sst,L5,INH,Vip,L4,50.0,75.0,100.0,125.0,AISynphys,Accessed on 2025-07-08 00:00:007,0.0,1
5423,VISp,INH,Sst,L5,INH,Vip,L4,50.0,75.0,125.0,150.0,AISynphys,Accessed on 2025-07-08 00:00:007,0.5,2
5424,VISp,INH,Sst,L5,INH,Vip,L4,50.0,75.0,150.0,175.0,AISynphys,Accessed on 2025-07-08 00:00:007,0.0,2
5425,VISp,INH,Sst,L5,INH,Vip,L4,50.0,75.0,225.0,250.0,AISynphys,Accessed on 2025-07-08 00:00:007,0.0,1
5426,VISp,INH,Sst,L5,INH,Vip,L4,75.0,100.0,25.0,50.0,AISynphys,Accessed on 2025-07-08 00:00:007,0.0,1
5427,VISp,INH,Sst,L5,INH,Vip,L4,75.0,100.0,50.0,75.0,AISynphys,Accessed on 2025-07-08 00:00:007,0.0,1
5428,VISp,INH,Sst,L5,INH,Vip,L4,75.0,100.0,75.0,100.0,AISynphys,Accessed on 2025-07-08 00:00:007,0.0,2
5429,VISp,INH,Sst,L5,INH,Vip,L4,75.0,100.0,100.0,125.0,AISynphys,Accessed on 2025-07-08 00:00:007,0.0,2
5430,VISp,INH,Sst,L5,INH,Vip,L4,100.0,125.0,25.0,50.0,AISynphys,Accessed on 2025-07-08 00:00:007,0.0,1
5431,VISp,INH,Sst,L5,INH,Vip,L4,100.0,125.0,50.0,75.0,AISynphys,Accessed on 2025-07-08 00:00:007,0.0,2
5432,VISp,INH,Sst,L5,INH,Vip,L4,100.0,125.0,75.0,100.0,AISynphys,Accessed on 2025-07-08 00:00:007,0.0,2
5433,VISp,INH,Sst,L5,INH,Vip,L4,100.0,125.0,100.0,125.0,AISynphys,Accessed on 2025-07-08 00:00:007,0.0,1
5434,VISp,INH,Sst,L5,INH,Vip,L4,125.0,150.0,100.0,125.0,AISynphys,Accessed on 2025-07-08 00:00:007,0.0,1
5435,VISp,INH,Sst,L5,INH,Vip,L4,125.0,150.0,200.0,225.0,AISynphys,Accessed on 2025-07-08 00:00:007,0.0,1
5436,VISp,INH,Sst,L5,INH,Vip,L4,150.0,175.0,25.0,50.0,AISynphys,Accessed on 2025-07-08 00:00:007,0.0,1
5437,VISp,INH,Sst,L5,INH,Vip,L4,150.0,175.0,50.0,75.0,AISynphys,Accessed on 2025-07-08 00:00:007,0.0,1
5438,VISp,INH,Sst,L5,INH,Vip,L4,150.0,175.0,75.0,100.0,AISynphys,Accessed on 2025-07-08 00:00:007,0.0,1
5439,VISp,INH,Sst,L5,INH,Vip,L4,150.0,175.0,100.0,125.0,AISynphys,Accessed on 2025-07-08 00:00:007,0.0,1
5440,VISp,INH,Sst,L5,INH,Vip,L4,150.0,175.0,125.0,150.0,AISynphys,Accessed on 2025-07-08 00:00:007,0.0,1
5441,VISp,INH,Sst,L5,INH,Vip,L4,150.0,175.0,300.0,325.0,AISynphys,Accessed on 2025-07-08 00:00:007,0.0,1
5442,VISp,INH,Sst,L5,INH,Vip,L4,175.0,200.0,100.0,125.0,AISynphys,Accessed on 2025-07-08 00:00:007,0.0,1
5443,VISp,INH,Sst,L5,INH,Vip,L4,200.0,225.0,50.0,75.0,AISynphys,Accessed on 2025-07-08 00:00:007,0.0,1
5444,VISp,INH,Sst,L5,INH,Vip,L4,225.0,250.0,75.0,100.0,AISynphys,Accessed on 2025-07-08 00:00:007,0.0,1
5445,VISp,INH,Sst,L5,INH,Vip,L5,0.0,25.0,0.0,25.0,AISynphys,Accessed on 2025-07-08 00:00:007,0.0,4
5446,VISp,INH,Sst,L5,INH,Vip,L5,0.0,25.0,25.0,50.0,AISynphys,Accessed on 2025-07-08 00:00:007,0.125,8
5447,VISp,INH,Sst,L5,INH,Vip,L5,0.0,25.0,50.0,75.0,AISynphys,Accessed on 2025-07-08 00:00:007,0.14285714285714285,7
5448,VISp,INH,Sst,L5,INH,Vip,L5,0.0,25.0,75.0,100.0,AISynphys,Accessed on 2025-07-08 00:00:007,0.0,6
5449,VISp,INH,Sst,L5,INH,Vip,L5,0.0,25.0,100.0,125.0,AISynphys,Accessed on 2025-07-08 00:00:007,0.0,3
5450,VISp,INH,Sst,L5,INH,Vip,L5,0.0,25.0,125.0,150.0,AISynphys,Accessed on 2025-07-08 00:00:007,0.0,2
5451,VISp,INH,Sst,L5,INH,Vip,L5,0.0,25.0,150.0,175.0,AISynphys,Accessed on 2025-07-08 00:00:007,1.0,1
5452,VISp,INH,Sst,L5,INH,Vip,L5,25.0,50.0,0.0,25.0,AISynphys,Accessed on 2025-07-08 00:00:007,0.2,5
5453,VISp,INH,Sst,L5,INH,Vip,L5,25.0,50.0,25.0,50.0,AISynphys,Accessed on 2025-07-08 00:00:007,0.0,6
5454,VISp,INH,Sst,L5,INH,Vip,L5,25.0,50.0,50.0,75.0,AISynphys,Accessed on 2025-07-08 00:00:007,0.0,8
5455,VISp,INH,Sst,L5,INH,Vip,L5,25.0,50.0,75.0,100.0,AISynphys,Accessed on 2025-07-08 00:00:007,0.0,3
5456,VISp,INH,Sst,L5,INH,Vip,L5,25.0,50.0,100.0,125.0,AISynphys,Accessed on 2025-07-08 00:00:007,0.0,2
5457,VISp,INH,Sst,L5,INH,Vip,L5,25.0,50.0,125.0,150.0,AISynphys,Accessed on 2025-07-08 00:00:007,0.0,1
5458,VISp,INH,Sst,L5,INH,Vip,L5,25.0,50.0,150.0,175.0,AISynphys,Accessed on 2025-07-08 00:00:007,0.0,1
5459,VISp,INH,Sst,L5,INH,Vip,L5,50.0,75.0,0.0,25.0,AISynphys,Accessed on 2025-07-08 00:00:007,0.1,10
5460,VISp,INH,Sst,L5,INH,Vip,L5,50.0,75.0,25.0,50.0,AISynphys,Accessed on 2025-07-08 00:00:007,0.0,9
5461,VISp,INH,Sst,L5,INH,Vip,L5,50.0,75.0,50.0,75.0,AISynphys,Accessed on 2025-07-08 00:00:007,0.14285714285714285,7
5462,VISp,INH,Sst,L5,INH,Vip,L5,50.0,75.0,75.0,100.0,AISynphys,Accessed on 2025-07-08 00:00:007,0.0,4
5463,VISp,INH,Sst,L5,INH,Vip,L5,50.0,75.0,100.0,125.0,AISynphys,Accessed on 2025-07-08 00:00:007,0.0,2
5464,VISp,INH,Sst,L5,INH,Vip,L5,50.0,75.0,125.0,150.0,AISynphys,Accessed on 2025-07-08 00:00:007,0.0,2
5465,VISp,INH,Sst,L5,INH,Vip,L5,75.0,100.0,0.0,25.0,AISynphys,Accessed on 2025-07-08 00:00:007,0.0,7
5466,VISp,INH,Sst,L5,INH,Vip,L5,75.0,100.0,25.0,50.0,AISynphys,Accessed on 2025-07-08 00:00:007,0.0,3
5467,VISp,INH,Sst,L5,INH,Vip,L5,75.0,100.0,50.0,75.0,AISynphys,Accessed on 2025-07-08 00:00:007,0.0,4
5468,VISp,INH,Sst,L5,INH,Vip,L5,75.0,100.0,100.0,125.0,AISynphys,Accessed on 2025-07-08 00:00:007,0.0,2
5469,VISp,INH,Sst,L5,INH,Vip,L5,75.0,100.0,125.0,150.0,AISynphys,Accessed on 2025-07-08 00:00:007,0.0,2
5470,VISp,INH,Sst,L5,INH,Vip,L5,100.0,125.0,0.0,25.0,AISynphys,Accessed on 2025-07-08 00:00:007,0.125,8
5471,VISp,INH,Sst,L5,INH,Vip,L5,100.0,125.0,25.0,50.0,AISynphys,Accessed on 2025-07-08 00:00:007,0.0,8
5472,VISp,INH,Sst,L5,INH,Vip,L5,100.0,125.0,50.0,75.0,AISynphys,Accessed on 2025-07-08 00:00:007,0.0,3
5473,VISp,INH,Sst,L5,INH,Vip,L5,125.0,150.0,0.0,25.0,AISynphys,Accessed on 2025-07-08 00:00:007,0.0,5
5474,VISp,INH,Sst,L5,INH,Vip,L5,125.0,150.0,25.0,50.0,AISynphys,Accessed on 2025-07-08 00:00:007,0.0,5
5475,VISp,INH,Sst,L5,INH,Vip,L5,125.0,150.0,50.0,75.0,AISynphys,Accessed on 2025-07-08 00:00:007,0.0,3
5476,VISp,INH,Sst,L5,INH,Vip,L5,125.0,150.0,75.0,100.0,AISynphys,Accessed on 2025-07-08 00:00:007,0.0,1
5477,VISp,INH,Sst,L5,INH,Vip,L5,150.0,175.0,0.0,25.0,AISynphys,Accessed on 2025-07-08 00:00:007,0.0,1
5478,VISp,INH,Sst,L5,INH,Vip,L5,150.0,175.0,25.0,50.0,AISynphys,Accessed on 2025-07-08 00:00:007,0.3333333333333333,3
5479,VISp,INH,Sst,L5,INH,Vip,L5,150.0,175.0,100.0,125.0,AISynphys,Accessed on 2025-07-08 00:00:007,0.0,1
5480,VISp,INH,Sst,L5,INH,Vip,L5,175.0,200.0,0.0,25.0,AISynphys,Accessed on 2025-07-08 00:00:007,0.3333333333333333,3
5481,VISp,INH,Sst,L5,INH,Vip,L5,175.0,200.0,25.0,50.0,AISynphys,Accessed on 2025-07-08 00:00:007,0.0,1
5482,VISp,INH,Sst,L5,INH,Vip,L5,175.0,200.0,50.0,75.0,AISynphys,Accessed on 2025-07-08 00:00:007,0.0,2
5483,VISp,INH,Sst,L5,INH,Vip,L5,175.0,200.0,75.0,100.0,AISynphys,Accessed on 2025-07-08 00:00:007,0.0,1
5484,VISp,INH,Sst,L5,INH,Vip,L5,200.0,225.0,0.0,25.0,AISynphys,Accessed on 2025-07-08 00:00:007,0.0,1
5485,VISp,INH,Sst,L5,INH,Vip,L5,200.0,225.0,25.0,50.0,AISynphys,Accessed on 2025-07-08 00:00:007,0.0,1
5486,VISp,INH,Sst,L5,INH,Vip,L5,200.0,225.0,100.0,125.0,AISynphys,Accessed on 2025-07-08 00:00:007,0.0,1
5487,VISp,INH,Sst,L5,INH,Vip,L5,225.0,250.0,0.0,25.0,AISynphys,Accessed on 2025-07-08 00:00:007,0.0,1
5488,VISp,INH,Sst,L5,INH,Vip,L5,225.0,250.0,75.0,100.0,AISynphys,Accessed on 2025-07-08 00:00:007,0.0,1
5489,VISp,INH,Sst,L5,INH,Vip,L6a,0.0,25.0,25.0,50.0,AISynphys,Accessed on 2025-07-08 00:00:007,0.0,2
5490,VISp,INH,Sst,L5,INH,Vip,L6a,0.0,25.0,50.0,75.0,AISynphys,Accessed on 2025-07-08 00:00:007,0.0,1
5491,VISp,INH,Sst,L5,INH,Vip,L6a,0.0,25.0,75.0,100.0,AISynphys,Accessed on 2025-07-08 00:00:007,0.0,1
5492,VISp,INH,Sst,L5,INH,Vip,L6a,0.0,25.0,100.0,125.0,AISynphys,Accessed on 2025-07-08 00:00:007,0.0,3
5493,VISp,INH,Sst,L5,INH,Vip,L6a,0.0,25.0,125.0,150.0,AISynphys,Accessed on 2025-07-08 00:00:007,0.0,1
5494,VISp,INH,Sst,L5,INH,Vip,L6a,25.0,50.0,0.0,25.0,AISynphys,Accessed on 2025-07-08 00:00:007,0.0,1
5495,VISp,INH,Sst,L5,INH,Vip,L6a,25.0,50.0,50.0,75.0,AISynphys,Accessed on 2025-07-08 00:00:007,0.0,1
5496,VISp,INH,Sst,L5,INH,Vip,L6a,25.0,50.0,75.0,100.0,AISynphys,Accessed on 2025-07-08 00:00:007,0.0,2
5497,VISp,INH,Sst,L5,INH,Vip,L6a,25.0,50.0,100.0,125.0,AISynphys,Accessed on 2025-07-08 00:00:007,0.0,2
5498,VISp,INH,Sst,L5,INH,Vip,L6a,25.0,50.0,150.0,175.0,AISynphys,Accessed on 2025-07-08 00:00:007,0.0,1
5499,VISp,INH,Sst,L5,INH,Vip,L6a,50.0,75.0,75.0,100.0,AISynphys,Accessed on 2025-07-08 00:00:007,0.0,1
5500,VISp,INH,Sst,L5,INH,Vip,L6a,50.0,75.0,100.0,125.0,AISynphys,Accessed on 2025-07-08 00:00:007,0.0,4
5501,VISp,INH,Sst,L5,INH,Vip,L6a,50.0,75.0,150.0,175.0,AISynphys,Accessed on 2025-07-08 00:00:007,0.0,1
5502,VISp,INH,Sst,L5,INH,Vip,L6a,75.0,100.0,25.0,50.0,AISynphys,Accessed on 2025-07-08 00:00:007,0.0,1
5503,VISp,INH,Sst,L5,INH,Vip,L6a,75.0,100.0,75.0,100.0,AISynphys,Accessed on 2025-07-08 00:00:007,0.0,1
5504,VISp,INH,Sst,L5,INH,Vip,L6a,75.0,100.0,100.0,125.0,AISynphys,Accessed on 2025-07-08 00:00:007,0.0,1
5505,VISp,INH,Sst,L5,INH,Vip,L6a,75.0,100.0,150.0,175.0,AISynphys,Accessed on 2025-07-08 00:00:007,0.0,1
5506,VISp,INH,Sst,L5,INH,Vip,L6a,75.0,100.0,175.0,200.0,AISynphys,Accessed on 2025-07-08 00:00:007,0.0,1
5507,VISp,INH,Sst,L5,INH,Vip,L6a,75.0,100.0,200.0,225.0,AISynphys,Accessed on 2025-07-08 00:00:007,0.0,1
5508,VISp,INH,Sst,L5,INH,Vip,L6a,100.0,125.0,25.0,50.0,AISynphys,Accessed on 2025-07-08 00:00:007,0.0,1
5509,VISp,INH,Sst,L5,INH,Vip,L6a,100.0,125.0,50.0,75.0,AISynphys,Accessed on 2025-07-08 00:00:007,0.0,1
5510,VISp,INH,Sst,L5,INH,Vip,L6a,100.0,125.0,75.0,100.0,AISynphys,Accessed on 2025-07-08 00:00:007,0.0,1
5511,VISp,INH,Sst,L5,INH,Vip,L6a,125.0,150.0,0.0,25.0,AISynphys,Accessed on 2025-07-08 00:00:007,0.0,1
5512,VISp,INH,Sst,L5,INH,Vip,L6a,125.0,150.0,50.0,75.0,AISynphys,Accessed on 2025-07-08 00:00:007,0.0,1
5513,VISp,INH,Sst,L5,INH,Vip,L6a,125.0,150.0,75.0,100.0,AISynphys,Accessed on 2025-07-08 00:00:007,0.0,1
5514,VISp,INH,Sst,L5,INH,Vip,L6a,125.0,150.0,100.0,125.0,AISynphys,Accessed on 2025-07-08 00:00:007,0.0,1
5515,VISp,INH,Sst,L5,INH,Vip,L6a,150.0,175.0,150.0,175.0,AISynphys,Accessed on 2025-07-08 00:00:007,0.0,1
5516,VISp,INH,Sst,L5,INH,Vip,L6a,225.0,250.0,25.0,50.0,AISynphys,Accessed on 2025-07-08 00:00:007,0.0,1
5517,VISp,INH,Sst,L6a,EXC,Ntsr1,L5,225.0,250.0,25.0,50.0,AISynphys,Accessed on 2025-07-08 00:00:007,1.0,1
5518,VISp,INH,Sst,L6a,EXC,Ntsr1,L6a,0.0,25.0,0.0,25.0,AISynphys,Accessed on 2025-07-08 00:00:007,0.1,10
5519,VISp,INH,Sst,L6a,EXC,Ntsr1,L6a,0.0,25.0,25.0,50.0,AISynphys,Accessed on 2025-07-08 00:00:007,0.0,5
5520,VISp,INH,Sst,L6a,EXC,Ntsr1,L6a,0.0,25.0,50.0,75.0,AISynphys,Accessed on 2025-07-08 00:00:007,0.125,8
5521,VISp,INH,Sst,L6a,EXC,Ntsr1,L6a,0.0,25.0,75.0,100.0,AISynphys,Accessed on 2025-07-08 00:00:007,0.0,4
5522,VISp,INH,Sst,L6a,EXC,Ntsr1,L6a,0.0,25.0,100.0,125.0,AISynphys,Accessed on 2025-07-08 00:00:007,0.0,1
5523,VISp,INH,Sst,L6a,EXC,Ntsr1,L6a,25.0,50.0,0.0,25.0,AISynphys,Accessed on 2025-07-08 00:00:007,0.0,2
5524,VISp,INH,Sst,L6a,EXC,Ntsr1,L6a,25.0,50.0,25.0,50.0,AISynphys,Accessed on 2025-07-08 00:00:007,0.2,5
5525,VISp,INH,Sst,L6a,EXC,Ntsr1,L6a,25.0,50.0,50.0,75.0,AISynphys,Accessed on 2025-07-08 00:00:007,0.0,6
5526,VISp,INH,Sst,L6a,EXC,Ntsr1,L6a,25.0,50.0,75.0,100.0,AISynphys,Accessed on 2025-07-08 00:00:007,0.0,2
5527,VISp,INH,Sst,L6a,EXC,Ntsr1,L6a,25.0,50.0,100.0,125.0,AISynphys,Accessed on 2025-07-08 00:00:007,0.0,1
5528,VISp,INH,Sst,L6a,EXC,Ntsr1,L6a,25.0,50.0,125.0,150.0,AISynphys,Accessed on 2025-07-08 00:00:007,0.0,1
5529,VISp,INH,Sst,L6a,EXC,Ntsr1,L6a,50.0,75.0,0.0,25.0,AISynphys,Accessed on 2025-07-08 00:00:007,0.25,4
5530,VISp,INH,Sst,L6a,EXC,Ntsr1,L6a,50.0,75.0,25.0,50.0,AISynphys,Accessed on 2025-07-08 00:00:007,0.0,4
5531,VISp,INH,Sst,L6a,EXC,Ntsr1,L6a,50.0,75.0,50.0,75.0,AISynphys,Accessed on 2025-07-08 00:00:007,0.0,4
5532,VISp,INH,Sst,L6a,EXC,Ntsr1,L6a,50.0,75.0,75.0,100.0,AISynphys,Accessed on 2025-07-08 00:00:007,0.0,3
5533,VISp,INH,Sst,L6a,EXC,Ntsr1,L6a,50.0,75.0,100.0,125.0,AISynphys,Accessed on 2025-07-08 00:00:007,0.0,2
5534,VISp,INH,Sst,L6a,EXC,Ntsr1,L6a,75.0,100.0,0.0,25.0,AISynphys,Accessed on 2025-07-08 00:00:007,0.0,3
5535,VISp,INH,Sst,L6a,EXC,Ntsr1,L6a,75.0,100.0,25.0,50.0,AISynphys,Accessed on 2025-07-08 00:00:007,0.0,4
5536,VISp,INH,Sst,L6a,EXC,Ntsr1,L6a,75.0,100.0,50.0,75.0,AISynphys,Accessed on 2025-07-08 00:00:007,0.0,2
5537,VISp,INH,Sst,L6a,EXC,Ntsr1,L6a,75.0,100.0,100.0,125.0,AISynphys,Accessed on 2025-07-08 00:00:007,0.0,1
5538,VISp,INH,Sst,L6a,EXC,Ntsr1,L6a,100.0,125.0,0.0,25.0,AISynphys,Accessed on 2025-07-08 00:00:007,0.0,2
5539,VISp,INH,Sst,L6a,EXC,Ntsr1,L6a,100.0,125.0,25.0,50.0,AISynphys,Accessed on 2025-07-08 00:00:007,0.0,2
5540,VISp,INH,Sst,L6a,EXC,Ntsr1,L6a,100.0,125.0,50.0,75.0,AISynphys,Accessed on 2025-07-08 00:00:007,0.0,1
5541,VISp,INH,Sst,L6a,EXC,Ntsr1,L6a,100.0,125.0,75.0,100.0,AISynphys,Accessed on 2025-07-08 00:00:007,0.0,2
5542,VISp,INH,Sst,L6a,EXC,Ntsr1,L6a,100.0,125.0,100.0,125.0,AISynphys,Accessed on 2025-07-08 00:00:007,0.0,1
5543,VISp,INH,Sst,L6a,EXC,Ntsr1,L6a,125.0,150.0,25.0,50.0,AISynphys,Accessed on 2025-07-08 00:00:007,0.0,1
5544,VISp,INH,Sst,L6a,EXC,Ntsr1,L6a,125.0,150.0,50.0,75.0,AISynphys,Accessed on 2025-07-08 00:00:007,0.0,1
5545,VISp,INH,Sst,L6a,EXC,Ntsr1,L6a,125.0,150.0,75.0,100.0,AISynphys,Accessed on 2025-07-08 00:00:007,0.0,1
5546,VISp,INH,Sst,L6a,EXC,Ntsr1,L6a,150.0,175.0,0.0,25.0,AISynphys,Accessed on 2025-07-08 00:00:007,0.0,1
5547,VISp,INH,Sst,L6a,EXC,Ntsr1,L6a,150.0,175.0,25.0,50.0,AISynphys,Accessed on 2025-07-08 00:00:007,0.0,3
5548,VISp,INH,Sst,L6a,EXC,Ntsr1,L6a,150.0,175.0,50.0,75.0,AISynphys,Accessed on 2025-07-08 00:00:007,0.0,1
5549,VISp,INH,Sst,L6a,EXC,Ntsr1,L6a,150.0,175.0,75.0,100.0,AISynphys,Accessed on 2025-07-08 00:00:007,0.0,1
5550,VISp,INH,Sst,L6a,EXC,Ntsr1,L6a,150.0,175.0,100.0,125.0,AISynphys,Accessed on 2025-07-08 00:00:007,0.0,1
5551,VISp,INH,Sst,L6a,EXC,Ntsr1,L6a,175.0,200.0,25.0,50.0,AISynphys,Accessed on 2025-07-08 00:00:007,0.0,3
5552,VISp,INH,Sst,L6a,EXC,Ntsr1,L6a,175.0,200.0,75.0,100.0,AISynphys,Accessed on 2025-07-08 00:00:007,0.0,1
5553,VISp,INH,Sst,L6a,EXC,Ntsr1,L6a,200.0,225.0,50.0,75.0,AISynphys,Accessed on 2025-07-08 00:00:007,0.0,2
5554,VISp,INH,Sst,L6a,EXC,Ntsr1,L6a,275.0,300.0,50.0,75.0,AISynphys,Accessed on 2025-07-08 00:00:007,0.0,1
5555,VISp,INH,Sst,L6a,EXC,Ntsr1,L6a,300.0,325.0,0.0,25.0,AISynphys,Accessed on 2025-07-08 00:00:007,0.0,1
5556,VISp,INH,Sst,L6a,EXC,Ntsr1,L6a,300.0,325.0,25.0,50.0,AISynphys,Accessed on 2025-07-08 00:00:007,0.0,1
5557,VISp,INH,Sst,L6a,EXC,Ntsr1,L6b,0.0,25.0,75.0,100.0,AISynphys,Accessed on 2025-07-08 00:00:007,0.0,1
5558,VISp,INH,Sst,L6a,EXC,Ntsr1,L6b,0.0,25.0,175.0,200.0,AISynphys,Accessed on 2025-07-08 00:00:007,0.0,1
5559,VISp,INH,Sst,L6a,EXC,Ntsr1,L6b,25.0,50.0,75.0,100.0,AISynphys,Accessed on 2025-07-08 00:00:007,0.0,1
5560,VISp,INH,Sst,L6a,EXC,Ntsr1,L6b,25.0,50.0,150.0,175.0,AISynphys,Accessed on 2025-07-08 00:00:007,0.0,1
5561,VISp,INH,Sst,L6a,EXC,Ntsr1,L6b,75.0,100.0,50.0,75.0,AISynphys,Accessed on 2025-07-08 00:00:007,0.0,1
5562,VISp,INH,Sst,L6a,EXC,Sim1,L5,50.0,75.0,200.0,225.0,AISynphys,Accessed on 2025-07-08 00:00:007,0.0,1
5563,VISp,INH,Sst,L6a,EXC,Sim1,L5,75.0,100.0,150.0,175.0,AISynphys,Accessed on 2025-07-08 00:00:007,0.0,1
5564,VISp,INH,Sst,L6a,EXC,Sim1,L5,125.0,150.0,125.0,150.0,AISynphys,Accessed on 2025-07-08 00:00:007,0.0,1
5565,VISp,INH,Sst,L6a,EXC,Sim1,L5,125.0,150.0,175.0,200.0,AISynphys,Accessed on 2025-07-08 00:00:007,0.0,1
5566,VISp,INH,Sst,L6a,EXC,Sim1,L5,150.0,175.0,150.0,175.0,AISynphys,Accessed on 2025-07-08 00:00:007,0.0,1
5567,VISp,INH,Sst,L6a,EXC,Sim1,L6a,0.0,25.0,0.0,25.0,AISynphys,Accessed on 2025-07-08 00:00:007,0.0,1
5568,VISp,INH,Sst,L6a,EXC,Sim1,L6a,50.0,75.0,25.0,50.0,AISynphys,Accessed on 2025-07-08 00:00:007,1.0,1
5569,VISp,INH,Sst,L6a,EXC,Sim1,L6a,100.0,125.0,0.0,25.0,AISynphys,Accessed on 2025-07-08 00:00:007,0.0,1
5570,VISp,INH,Sst,L6a,EXC,Sim1,L6a,100.0,125.0,100.0,125.0,AISynphys,Accessed on 2025-07-08 00:00:007,0.0,1
5571,VISp,INH,Sst,L6a,EXC,Tlx3,L5,0.0,25.0,50.0,75.0,AISynphys,Accessed on 2025-07-08 00:00:007,0.0,1
5572,VISp,INH,Sst,L6a,EXC,Tlx3,L5,0.0,25.0,75.0,100.0,AISynphys,Accessed on 2025-07-08 00:00:007,0.0,3
5573,VISp,INH,Sst,L6a,EXC,Tlx3,L5,0.0,25.0,100.0,125.0,AISynphys,Accessed on 2025-07-08 00:00:007,0.0,2
5574,VISp,INH,Sst,L6a,EXC,Tlx3,L5,0.0,25.0,125.0,150.0,AISynphys,Accessed on 2025-07-08 00:00:007,0.0,1
5575,VISp,INH,Sst,L6a,EXC,Tlx3,L5,0.0,25.0,150.0,175.0,AISynphys,Accessed on 2025-07-08 00:00:007,0.0,2
5576,VISp,INH,Sst,L6a,EXC,Tlx3,L5,0.0,25.0,175.0,200.0,AISynphys,Accessed on 2025-07-08 00:00:007,0.0,1
5577,VISp,INH,Sst,L6a,EXC,Tlx3,L5,0.0,25.0,200.0,225.0,AISynphys,Accessed on 2025-07-08 00:00:007,0.0,1
5578,VISp,INH,Sst,L6a,EXC,Tlx3,L5,25.0,50.0,50.0,75.0,AISynphys,Accessed on 2025-07-08 00:00:007,0.0,1
5579,VISp,INH,Sst,L6a,EXC,Tlx3,L5,25.0,50.0,75.0,100.0,AISynphys,Accessed on 2025-07-08 00:00:007,0.0,1
5580,VISp,INH,Sst,L6a,EXC,Tlx3,L5,25.0,50.0,100.0,125.0,AISynphys,Accessed on 2025-07-08 00:00:007,0.0,1
5581,VISp,INH,Sst,L6a,EXC,Tlx3,L5,25.0,50.0,125.0,150.0,AISynphys,Accessed on 2025-07-08 00:00:007,0.0,1
5582,VISp,INH,Sst,L6a,EXC,Tlx3,L5,25.0,50.0,150.0,175.0,AISynphys,Accessed on 2025-07-08 00:00:007,0.0,2
5583,VISp,INH,Sst,L6a,EXC,Tlx3,L5,25.0,50.0,175.0,200.0,AISynphys,Accessed on 2025-07-08 00:00:007,0.0,1
5584,VISp,INH,Sst,L6a,EXC,Tlx3,L5,50.0,75.0,25.0,50.0,AISynphys,Accessed on 2025-07-08 00:00:007,0.0,2
5585,VISp,INH,Sst,L6a,EXC,Tlx3,L5,50.0,75.0,75.0,100.0,AISynphys,Accessed on 2025-07-08 00:00:007,0.0,1
5586,VISp,INH,Sst,L6a,EXC,Tlx3,L5,50.0,75.0,100.0,125.0,AISynphys,Accessed on 2025-07-08 00:00:007,0.0,2
5587,VISp,INH,Sst,L6a,EXC,Tlx3,L5,50.0,75.0,125.0,150.0,AISynphys,Accessed on 2025-07-08 00:00:007,0.0,3
5588,VISp,INH,Sst,L6a,EXC,Tlx3,L5,75.0,100.0,75.0,100.0,AISynphys,Accessed on 2025-07-08 00:00:007,0.0,1
5589,VISp,INH,Sst,L6a,EXC,Tlx3,L5,75.0,100.0,100.0,125.0,AISynphys,Accessed on 2025-07-08 00:00:007,0.5,2
5590,VISp,INH,Sst,L6a,EXC,Tlx3,L5,100.0,125.0,125.0,150.0,AISynphys,Accessed on 2025-07-08 00:00:007,0.0,1
5591,VISp,INH,Sst,L6a,EXC,Tlx3,L5,100.0,125.0,150.0,175.0,AISynphys,Accessed on 2025-07-08 00:00:007,0.0,1
5592,VISp,INH,Sst,L6a,EXC,Tlx3,L5,125.0,150.0,100.0,125.0,AISynphys,Accessed on 2025-07-08 00:00:007,0.0,1
5593,VISp,INH,Sst,L6a,EXC,Tlx3,L5,125.0,150.0,125.0,150.0,AISynphys,Accessed on 2025-07-08 00:00:007,0.0,1
5594,VISp,INH,Sst,L6a,EXC,Tlx3,L5,125.0,150.0,200.0,225.0,AISynphys,Accessed on 2025-07-08 00:00:007,0.0,1
5595,VISp,INH,Sst,L6a,EXC,Tlx3,L6a,0.0,25.0,0.0,25.0,AISynphys,Accessed on 2025-07-08 00:00:007,0.0,1
5596,VISp,INH,Sst,L6a,EXC,Tlx3,L6a,0.0,25.0,50.0,75.0,AISynphys,Accessed on 2025-07-08 00:00:007,0.0,1
5597,VISp,INH,Sst,L6a,EXC,Tlx3,L6a,25.0,50.0,0.0,25.0,AISynphys,Accessed on 2025-07-08 00:00:007,0.0,1
5598,VISp,INH,Sst,L6a,EXC,Tlx3,L6a,25.0,50.0,50.0,75.0,AISynphys,Accessed on 2025-07-08 00:00:007,0.0,1
5599,VISp,INH,Sst,L6a,EXC,Tlx3,L6a,25.0,50.0,75.0,100.0,AISynphys,Accessed on 2025-07-08 00:00:007,0.0,1
5600,VISp,INH,Sst,L6a,EXC,Tlx3,L6a,50.0,75.0,0.0,25.0,AISynphys,Accessed on 2025-07-08 00:00:007,0.0,2
5601,VISp,INH,Sst,L6a,EXC,Tlx3,L6a,50.0,75.0,50.0,75.0,AISynphys,Accessed on 2025-07-08 00:00:007,0.0,1
5602,VISp,INH,Sst,L6a,EXC,Tlx3,L6a,50.0,75.0,75.0,100.0,AISynphys,Accessed on 2025-07-08 00:00:007,0.0,1
5603,VISp,INH,Sst,L6a,INH,Pvalb,L23,25.0,50.0,325.0,350.0,AISynphys,Accessed on 2025-07-08 00:00:007,0.0,1
5604,VISp,INH,Sst,L6a,INH,Pvalb,L23,25.0,50.0,425.0,450.0,AISynphys,Accessed on 2025-07-08 00:00:007,0.0,1
5605,VISp,INH,Sst,L6a,INH,Pvalb,L23,25.0,50.0,500.0,525.0,AISynphys,Accessed on 2025-07-08 00:00:007,0.0,1
5606,VISp,INH,Sst,L6a,INH,Pvalb,L23,25.0,50.0,600.0,625.0,AISynphys,Accessed on 2025-07-08 00:00:007,0.0,1
5607,VISp,INH,Sst,L6a,INH,Pvalb,L23,50.0,75.0,550.0,575.0,AISynphys,Accessed on 2025-07-08 00:00:007,0.0,1
5608,VISp,INH,Sst,L6a,INH,Pvalb,L23,50.0,75.0,575.0,600.0,AISynphys,Accessed on 2025-07-08 00:00:007,0.0,1
5609,VISp,INH,Sst,L6a,INH,Pvalb,L23,50.0,75.0,600.0,625.0,AISynphys,Accessed on 2025-07-08 00:00:007,0.0,1
5610,VISp,INH,Sst,L6a,INH,Pvalb,L23,50.0,75.0,650.0,675.0,AISynphys,Accessed on 2025-07-08 00:00:007,0.0,1
5611,VISp,INH,Sst,L6a,INH,Pvalb,L23,75.0,100.0,400.0,425.0,AISynphys,Accessed on 2025-07-08 00:00:007,0.0,1
5612,VISp,INH,Sst,L6a,INH,Pvalb,L23,75.0,100.0,525.0,550.0,AISynphys,Accessed on 2025-07-08 00:00:007,0.0,1
5613,VISp,INH,Sst,L6a,INH,Pvalb,L23,100.0,125.0,375.0,400.0,AISynphys,Accessed on 2025-07-08 00:00:007,0.0,1
5614,VISp,INH,Sst,L6a,INH,Pvalb,L23,125.0,150.0,575.0,600.0,AISynphys,Accessed on 2025-07-08 00:00:007,0.0,1
5615,VISp,INH,Sst,L6a,INH,Pvalb,L23,125.0,150.0,600.0,625.0,AISynphys,Accessed on 2025-07-08 00:00:007,0.0,1
5616,VISp,INH,Sst,L6a,INH,Pvalb,L23,150.0,175.0,475.0,500.0,AISynphys,Accessed on 2025-07-08 00:00:007,0.0,1
5617,VISp,INH,Sst,L6a,INH,Pvalb,L23,150.0,175.0,525.0,550.0,AISynphys,Accessed on 2025-07-08 00:00:007,0.0,1
5618,VISp,INH,Sst,L6a,INH,Pvalb,L23,175.0,200.0,475.0,500.0,AISynphys,Accessed on 2025-07-08 00:00:007,0.0,1
5619,VISp,INH,Sst,L6a,INH,Pvalb,L4,50.0,75.0,250.0,275.0,AISynphys,Accessed on 2025-07-08 00:00:007,0.0,1
5620,VISp,INH,Sst,L6a,INH,Pvalb,L4,100.0,125.0,225.0,250.0,AISynphys,Accessed on 2025-07-08 00:00:007,0.0,1
5621,VISp,INH,Sst,L6a,INH,Pvalb,L5,0.0,25.0,25.0,50.0,AISynphys,Accessed on 2025-07-08 00:00:007,0.0,1
5622,VISp,INH,Sst,L6a,INH,Pvalb,L5,0.0,25.0,50.0,75.0,AISynphys,Accessed on 2025-07-08 00:00:007,0.0,1
5623,VISp,INH,Sst,L6a,INH,Pvalb,L5,0.0,25.0,75.0,100.0,AISynphys,Accessed on 2025-07-08 00:00:007,0.3333333333333333,3
5624,VISp,INH,Sst,L6a,INH,Pvalb,L5,0.0,25.0,100.0,125.0,AISynphys,Accessed on 2025-07-08 00:00:007,0.0,1
5625,VISp,INH,Sst,L6a,INH,Pvalb,L5,0.0,25.0,125.0,150.0,AISynphys,Accessed on 2025-07-08 00:00:007,0.0,1
5626,VISp,INH,Sst,L6a,INH,Pvalb,L5,0.0,25.0,150.0,175.0,AISynphys,Accessed on 2025-07-08 00:00:007,0.0,1
5627,VISp,INH,Sst,L6a,INH,Pvalb,L5,25.0,50.0,25.0,50.0,AISynphys,Accessed on 2025-07-08 00:00:007,0.0,2
5628,VISp,INH,Sst,L6a,INH,Pvalb,L5,25.0,50.0,50.0,75.0,AISynphys,Accessed on 2025-07-08 00:00:007,0.0,1
5629,VISp,INH,Sst,L6a,INH,Pvalb,L5,25.0,50.0,75.0,100.0,AISynphys,Accessed on 2025-07-08 00:00:007,0.0,2
5630,VISp,INH,Sst,L6a,INH,Pvalb,L5,25.0,50.0,100.0,125.0,AISynphys,Accessed on 2025-07-08 00:00:007,0.0,1
5631,VISp,INH,Sst,L6a,INH,Pvalb,L5,25.0,50.0,125.0,150.0,AISynphys,Accessed on 2025-07-08 00:00:007,0.0,2
5632,VISp,INH,Sst,L6a,INH,Pvalb,L5,50.0,75.0,100.0,125.0,AISynphys,Accessed on 2025-07-08 00:00:007,0.0,1
5633,VISp,INH,Sst,L6a,INH,Pvalb,L5,50.0,75.0,150.0,175.0,AISynphys,Accessed on 2025-07-08 00:00:007,0.0,1
5634,VISp,INH,Sst,L6a,INH,Pvalb,L5,75.0,100.0,50.0,75.0,AISynphys,Accessed on 2025-07-08 00:00:007,0.0,1
5635,VISp,INH,Sst,L6a,INH,Pvalb,L5,75.0,100.0,75.0,100.0,AISynphys,Accessed on 2025-07-08 00:00:007,0.0,3
5636,VISp,INH,Sst,L6a,INH,Pvalb,L5,75.0,100.0,100.0,125.0,AISynphys,Accessed on 2025-07-08 00:00:007,0.0,1
5637,VISp,INH,Sst,L6a,INH,Pvalb,L5,75.0,100.0,150.0,175.0,AISynphys,Accessed on 2025-07-08 00:00:007,1.0,1
5638,VISp,INH,Sst,L6a,INH,Pvalb,L5,100.0,125.0,25.0,50.0,AISynphys,Accessed on 2025-07-08 00:00:007,0.0,2
5639,VISp,INH,Sst,L6a,INH,Pvalb,L5,100.0,125.0,50.0,75.0,AISynphys,Accessed on 2025-07-08 00:00:007,0.0,1
5640,VISp,INH,Sst,L6a,INH,Pvalb,L5,100.0,125.0,125.0,150.0,AISynphys,Accessed on 2025-07-08 00:00:007,0.0,1
5641,VISp,INH,Sst,L6a,INH,Pvalb,L5,100.0,125.0,150.0,175.0,AISynphys,Accessed on 2025-07-08 00:00:007,0.0,1
5642,VISp,INH,Sst,L6a,INH,Pvalb,L5,100.0,125.0,225.0,250.0,AISynphys,Accessed on 2025-07-08 00:00:007,0.0,1
5643,VISp,INH,Sst,L6a,INH,Pvalb,L5,125.0,150.0,125.0,150.0,AISynphys,Accessed on 2025-07-08 00:00:007,0.0,1
5644,VISp,INH,Sst,L6a,INH,Pvalb,L5,125.0,150.0,150.0,175.0,AISynphys,Accessed on 2025-07-08 00:00:007,0.0,1
5645,VISp,INH,Sst,L6a,INH,Pvalb,L5,150.0,175.0,50.0,75.0,AISynphys,Accessed on 2025-07-08 00:00:007,0.0,1
5646,VISp,INH,Sst,L6a,INH,Pvalb,L5,150.0,175.0,100.0,125.0,AISynphys,Accessed on 2025-07-08 00:00:007,0.0,1
5647,VISp,INH,Sst,L6a,INH,Pvalb,L5,200.0,225.0,125.0,150.0,AISynphys,Accessed on 2025-07-08 00:00:007,0.0,1
5648,VISp,INH,Sst,L6a,INH,Pvalb,L5,275.0,300.0,150.0,175.0,AISynphys,Accessed on 2025-07-08 00:00:007,0.0,1
5649,VISp,INH,Sst,L6a,INH,Pvalb,L6a,0.0,25.0,0.0,25.0,AISynphys,Accessed on 2025-07-08 00:00:007,0.1111111111111111,9
5650,VISp,INH,Sst,L6a,INH,Pvalb,L6a,0.0,25.0,25.0,50.0,AISynphys,Accessed on 2025-07-08 00:00:007,0.0,12
5651,VISp,INH,Sst,L6a,INH,Pvalb,L6a,0.0,25.0,50.0,75.0,AISynphys,Accessed on 2025-07-08 00:00:007,0.125,8
5652,VISp,INH,Sst,L6a,INH,Pvalb,L6a,0.0,25.0,75.0,100.0,AISynphys,Accessed on 2025-07-08 00:00:007,0.4,5
5653,VISp,INH,Sst,L6a,INH,Pvalb,L6a,0.0,25.0,100.0,125.0,AISynphys,Accessed on 2025-07-08 00:00:007,0.0,2
5654,VISp,INH,Sst,L6a,INH,Pvalb,L6a,0.0,25.0,125.0,150.0,AISynphys,Accessed on 2025-07-08 00:00:007,0.0,1
5655,VISp,INH,Sst,L6a,INH,Pvalb,L6a,0.0,25.0,150.0,175.0,AISynphys,Accessed on 2025-07-08 00:00:007,0.0,1
5656,VISp,INH,Sst,L6a,INH,Pvalb,L6a,25.0,50.0,0.0,25.0,AISynphys,Accessed on 2025-07-08 00:00:007,0.0,6
5657,VISp,INH,Sst,L6a,INH,Pvalb,L6a,25.0,50.0,25.0,50.0,AISynphys,Accessed on 2025-07-08 00:00:007,0.2,5
5658,VISp,INH,Sst,L6a,INH,Pvalb,L6a,25.0,50.0,50.0,75.0,AISynphys,Accessed on 2025-07-08 00:00:007,0.1,10
5659,VISp,INH,Sst,L6a,INH,Pvalb,L6a,25.0,50.0,75.0,100.0,AISynphys,Accessed on 2025-07-08 00:00:007,0.0,4
5660,VISp,INH,Sst,L6a,INH,Pvalb,L6a,25.0,50.0,100.0,125.0,AISynphys,Accessed on 2025-07-08 00:00:007,0.0,1
5661,VISp,INH,Sst,L6a,INH,Pvalb,L6a,25.0,50.0,125.0,150.0,AISynphys,Accessed on 2025-07-08 00:00:007,0.0,1
5662,VISp,INH,Sst,L6a,INH,Pvalb,L6a,50.0,75.0,0.0,25.0,AISynphys,Accessed on 2025-07-08 00:00:007,0.0,7
5663,VISp,INH,Sst,L6a,INH,Pvalb,L6a,50.0,75.0,25.0,50.0,AISynphys,Accessed on 2025-07-08 00:00:007,0.25,4
5664,VISp,INH,Sst,L6a,INH,Pvalb,L6a,50.0,75.0,50.0,75.0,AISynphys,Accessed on 2025-07-08 00:00:007,0.25,4
5665,VISp,INH,Sst,L6a,INH,Pvalb,L6a,50.0,75.0,75.0,100.0,AISynphys,Accessed on 2025-07-08 00:00:007,0.25,4
5666,VISp,INH,Sst,L6a,INH,Pvalb,L6a,50.0,75.0,100.0,125.0,AISynphys,Accessed on 2025-07-08 00:00:007,0.0,1
5667,VISp,INH,Sst,L6a,INH,Pvalb,L6a,75.0,100.0,0.0,25.0,AISynphys,Accessed on 2025-07-08 00:00:007,0.375,8
5668,VISp,INH,Sst,L6a,INH,Pvalb,L6a,75.0,100.0,25.0,50.0,AISynphys,Accessed on 2025-07-08 00:00:007,0.0,2
5669,VISp,INH,Sst,L6a,INH,Pvalb,L6a,75.0,100.0,50.0,75.0,AISynphys,Accessed on 2025-07-08 00:00:007,0.25,4
5670,VISp,INH,Sst,L6a,INH,Pvalb,L6a,75.0,100.0,75.0,100.0,AISynphys,Accessed on 2025-07-08 00:00:007,0.0,3
5671,VISp,INH,Sst,L6a,INH,Pvalb,L6a,75.0,100.0,125.0,150.0,AISynphys,Accessed on 2025-07-08 00:00:007,0.0,2
5672,VISp,INH,Sst,L6a,INH,Pvalb,L6a,75.0,100.0,175.0,200.0,AISynphys,Accessed on 2025-07-08 00:00:007,0.0,1
5673,VISp,INH,Sst,L6a,INH,Pvalb,L6a,100.0,125.0,25.0,50.0,AISynphys,Accessed on 2025-07-08 00:00:007,0.14285714285714285,7
5674,VISp,INH,Sst,L6a,INH,Pvalb,L6a,100.0,125.0,50.0,75.0,AISynphys,Accessed on 2025-07-08 00:00:007,0.0,4
5675,VISp,INH,Sst,L6a,INH,Pvalb,L6a,100.0,125.0,75.0,100.0,AISynphys,Accessed on 2025-07-08 00:00:007,0.0,1
5676,VISp,INH,Sst,L6a,INH,Pvalb,L6a,125.0,150.0,0.0,25.0,AISynphys,Accessed on 2025-07-08 00:00:007,0.25,4
5677,VISp,INH,Sst,L6a,INH,Pvalb,L6a,125.0,150.0,25.0,50.0,AISynphys,Accessed on 2025-07-08 00:00:007,0.0,3
5678,VISp,INH,Sst,L6a,INH,Pvalb,L6a,125.0,150.0,75.0,100.0,AISynphys,Accessed on 2025-07-08 00:00:007,0.0,1
5679,VISp,INH,Sst,L6a,INH,Pvalb,L6a,125.0,150.0,100.0,125.0,AISynphys,Accessed on 2025-07-08 00:00:007,0.0,1
5680,VISp,INH,Sst,L6a,INH,Pvalb,L6a,150.0,175.0,0.0,25.0,AISynphys,Accessed on 2025-07-08 00:00:007,0.0,1
5681,VISp,INH,Sst,L6a,INH,Pvalb,L6a,150.0,175.0,25.0,50.0,AISynphys,Accessed on 2025-07-08 00:00:007,0.0,1
5682,VISp,INH,Sst,L6a,INH,Pvalb,L6a,150.0,175.0,50.0,75.0,AISynphys,Accessed on 2025-07-08 00:00:007,0.0,1
5683,VISp,INH,Sst,L6a,INH,Pvalb,L6a,150.0,175.0,75.0,100.0,AISynphys,Accessed on 2025-07-08 00:00:007,0.0,1
5684,VISp,INH,Sst,L6a,INH,Pvalb,L6a,175.0,200.0,0.0,25.0,AISynphys,Accessed on 2025-07-08 00:00:007,0.0,1
5685,VISp,INH,Sst,L6a,INH,Pvalb,L6a,175.0,200.0,25.0,50.0,AISynphys,Accessed on 2025-07-08 00:00:007,0.0,1
5686,VISp,INH,Sst,L6a,INH,Pvalb,L6b,175.0,200.0,50.0,75.0,AISynphys,Accessed on 2025-07-08 00:00:007,0.0,1
5687,VISp,INH,Sst,L6a,INH,Pvalb,L6b,175.0,200.0,75.0,100.0,AISynphys,Accessed on 2025-07-08 00:00:007,0.0,1
5688,VISp,INH,Sst,L6a,INH,Sst,L23,0.0,25.0,550.0,575.0,AISynphys,Accessed on 2025-07-08 00:00:007,0.0,1
5689,VISp,INH,Sst,L6a,INH,Sst,L23,25.0,50.0,375.0,400.0,AISynphys,Accessed on 2025-07-08 00:00:007,0.0,1
5690,VISp,INH,Sst,L6a,INH,Sst,L23,25.0,50.0,425.0,450.0,AISynphys,Accessed on 2025-07-08 00:00:007,0.0,1
5691,VISp,INH,Sst,L6a,INH,Sst,L23,25.0,50.0,550.0,575.0,AISynphys,Accessed on 2025-07-08 00:00:007,0.0,1
5692,VISp,INH,Sst,L6a,INH,Sst,L23,25.0,50.0,575.0,600.0,AISynphys,Accessed on 2025-07-08 00:00:007,0.0,2
5693,VISp,INH,Sst,L6a,INH,Sst,L23,25.0,50.0,625.0,650.0,AISynphys,Accessed on 2025-07-08 00:00:007,0.0,1
5694,VISp,INH,Sst,L6a,INH,Sst,L23,50.0,75.0,300.0,325.0,AISynphys,Accessed on 2025-07-08 00:00:007,0.0,1
5695,VISp,INH,Sst,L6a,INH,Sst,L23,50.0,75.0,375.0,400.0,AISynphys,Accessed on 2025-07-08 00:00:007,0.0,1
5696,VISp,INH,Sst,L6a,INH,Sst,L23,50.0,75.0,450.0,475.0,AISynphys,Accessed on 2025-07-08 00:00:007,0.0,1
5697,VISp,INH,Sst,L6a,INH,Sst,L23,50.0,75.0,575.0,600.0,AISynphys,Accessed on 2025-07-08 00:00:007,0.0,1
5698,VISp,INH,Sst,L6a,INH,Sst,L23,50.0,75.0,625.0,650.0,AISynphys,Accessed on 2025-07-08 00:00:007,0.0,2
5699,VISp,INH,Sst,L6a,INH,Sst,L23,50.0,75.0,775.0,800.0,AISynphys,Accessed on 2025-07-08 00:00:007,0.0,1
5700,VISp,INH,Sst,L6a,INH,Sst,L23,75.0,100.0,525.0,550.0,AISynphys,Accessed on 2025-07-08 00:00:007,0.0,1
5701,VISp,INH,Sst,L6a,INH,Sst,L23,75.0,100.0,625.0,650.0,AISynphys,Accessed on 2025-07-08 00:00:007,0.0,1
5702,VISp,INH,Sst,L6a,INH,Sst,L23,100.0,125.0,650.0,675.0,AISynphys,Accessed on 2025-07-08 00:00:007,0.0,1
5703,VISp,INH,Sst,L6a,INH,Sst,L23,125.0,150.0,425.0,450.0,AISynphys,Accessed on 2025-07-08 00:00:007,0.0,1
5704,VISp,INH,Sst,L6a,INH,Sst,L23,125.0,150.0,675.0,700.0,AISynphys,Accessed on 2025-07-08 00:00:007,0.0,1
5705,VISp,INH,Sst,L6a,INH,Sst,L23,150.0,175.0,375.0,400.0,AISynphys,Accessed on 2025-07-08 00:00:007,0.0,1
5706,VISp,INH,Sst,L6a,INH,Sst,L23,150.0,175.0,450.0,475.0,AISynphys,Accessed on 2025-07-08 00:00:007,0.0,1
5707,VISp,INH,Sst,L6a,INH,Sst,L23,150.0,175.0,550.0,575.0,AISynphys,Accessed on 2025-07-08 00:00:007,0.0,1
5708,VISp,INH,Sst,L6a,INH,Sst,L23,175.0,200.0,425.0,450.0,AISynphys,Accessed on 2025-07-08 00:00:007,0.0,2
5709,VISp,INH,Sst,L6a,INH,Sst,L23,175.0,200.0,575.0,600.0,AISynphys,Accessed on 2025-07-08 00:00:007,0.0,1
5710,VISp,INH,Sst,L6a,INH,Sst,L23,175.0,200.0,625.0,650.0,AISynphys,Accessed on 2025-07-08 00:00:007,0.0,1
5711,VISp,INH,Sst,L6a,INH,Sst,L23,225.0,250.0,700.0,725.0,AISynphys,Accessed on 2025-07-08 00:00:007,0.0,1
5712,VISp,INH,Sst,L6a,INH,Sst,L23,250.0,275.0,400.0,425.0,AISynphys,Accessed on 2025-07-08 00:00:007,0.0,1
5713,VISp,INH,Sst,L6a,INH,Sst,L4,0.0,25.0,175.0,200.0,AISynphys,Accessed on 2025-07-08 00:00:007,0.0,1
5714,VISp,INH,Sst,L6a,INH,Sst,L4,25.0,50.0,350.0,375.0,AISynphys,Accessed on 2025-07-08 00:00:007,0.0,1
5715,VISp,INH,Sst,L6a,INH,Sst,L4,25.0,50.0,475.0,500.0,AISynphys,Accessed on 2025-07-08 00:00:007,0.0,1
5716,VISp,INH,Sst,L6a,INH,Sst,L4,50.0,75.0,425.0,450.0,AISynphys,Accessed on 2025-07-08 00:00:007,0.0,1
5717,VISp,INH,Sst,L6a,INH,Sst,L4,150.0,175.0,325.0,350.0,AISynphys,Accessed on 2025-07-08 00:00:007,0.0,1
5718,VISp,INH,Sst,L6a,INH,Sst,L4,175.0,200.0,325.0,350.0,AISynphys,Accessed on 2025-07-08 00:00:007,0.0,1
5719,VISp,INH,Sst,L6a,INH,Sst,L5,0.0,25.0,0.0,25.0,AISynphys,Accessed on 2025-07-08 00:00:007,0.0,3
5720,VISp,INH,Sst,L6a,INH,Sst,L5,0.0,25.0,25.0,50.0,AISynphys,Accessed on 2025-07-08 00:00:007,0.0,6
5721,VISp,INH,Sst,L6a,INH,Sst,L5,0.0,25.0,50.0,75.0,AISynphys,Accessed on 2025-07-08 00:00:007,0.0,8
5722,VISp,INH,Sst,L6a,INH,Sst,L5,0.0,25.0,75.0,100.0,AISynphys,Accessed on 2025-07-08 00:00:007,0.0,5
5723,VISp,INH,Sst,L6a,INH,Sst,L5,0.0,25.0,100.0,125.0,AISynphys,Accessed on 2025-07-08 00:00:007,0.0,7
5724,VISp,INH,Sst,L6a,INH,Sst,L5,0.0,25.0,125.0,150.0,AISynphys,Accessed on 2025-07-08 00:00:007,0.0,6
5725,VISp,INH,Sst,L6a,INH,Sst,L5,0.0,25.0,150.0,175.0,AISynphys,Accessed on 2025-07-08 00:00:007,0.0,2
5726,VISp,INH,Sst,L6a,INH,Sst,L5,0.0,25.0,175.0,200.0,AISynphys,Accessed on 2025-07-08 00:00:007,0.0,3
5727,VISp,INH,Sst,L6a,INH,Sst,L5,0.0,25.0,200.0,225.0,AISynphys,Accessed on 2025-07-08 00:00:007,0.0,2
5728,VISp,INH,Sst,L6a,INH,Sst,L5,25.0,50.0,0.0,25.0,AISynphys,Accessed on 2025-07-08 00:00:007,0.0,3
5729,VISp,INH,Sst,L6a,INH,Sst,L5,25.0,50.0,25.0,50.0,AISynphys,Accessed on 2025-07-08 00:00:007,0.0,3
5730,VISp,INH,Sst,L6a,INH,Sst,L5,25.0,50.0,50.0,75.0,AISynphys,Accessed on 2025-07-08 00:00:007,0.0,10
5731,VISp,INH,Sst,L6a,INH,Sst,L5,25.0,50.0,75.0,100.0,AISynphys,Accessed on 2025-07-08 00:00:007,0.0,5
5732,VISp,INH,Sst,L6a,INH,Sst,L5,25.0,50.0,100.0,125.0,AISynphys,Accessed on 2025-07-08 00:00:007,0.0,4
5733,VISp,INH,Sst,L6a,INH,Sst,L5,25.0,50.0,125.0,150.0,AISynphys,Accessed on 2025-07-08 00:00:007,0.0,5
5734,VISp,INH,Sst,L6a,INH,Sst,L5,25.0,50.0,150.0,175.0,AISynphys,Accessed on 2025-07-08 00:00:007,0.0,2
5735,VISp,INH,Sst,L6a,INH,Sst,L5,25.0,50.0,225.0,250.0,AISynphys,Accessed on 2025-07-08 00:00:007,0.0,1
5736,VISp,INH,Sst,L6a,INH,Sst,L5,50.0,75.0,0.0,25.0,AISynphys,Accessed on 2025-07-08 00:00:007,0.0,2
5737,VISp,INH,Sst,L6a,INH,Sst,L5,50.0,75.0,25.0,50.0,AISynphys,Accessed on 2025-07-08 00:00:007,0.0,4
5738,VISp,INH,Sst,L6a,INH,Sst,L5,50.0,75.0,50.0,75.0,AISynphys,Accessed on 2025-07-08 00:00:007,0.0,2
5739,VISp,INH,Sst,L6a,INH,Sst,L5,50.0,75.0,75.0,100.0,AISynphys,Accessed on 2025-07-08 00:00:007,0.0,5
5740,VISp,INH,Sst,L6a,INH,Sst,L5,50.0,75.0,100.0,125.0,AISynphys,Accessed on 2025-07-08 00:00:007,0.0,8
5741,VISp,INH,Sst,L6a,INH,Sst,L5,50.0,75.0,125.0,150.0,AISynphys,Accessed on 2025-07-08 00:00:007,0.0,1
5742,VISp,INH,Sst,L6a,INH,Sst,L5,50.0,75.0,150.0,175.0,AISynphys,Accessed on 2025-07-08 00:00:007,0.0,4
5743,VISp,INH,Sst,L6a,INH,Sst,L5,50.0,75.0,200.0,225.0,AISynphys,Accessed on 2025-07-08 00:00:007,0.0,1
5744,VISp,INH,Sst,L6a,INH,Sst,L5,75.0,100.0,0.0,25.0,AISynphys,Accessed on 2025-07-08 00:00:007,0.0,1
5745,VISp,INH,Sst,L6a,INH,Sst,L5,75.0,100.0,25.0,50.0,AISynphys,Accessed on 2025-07-08 00:00:007,0.0,4
5746,VISp,INH,Sst,L6a,INH,Sst,L5,75.0,100.0,50.0,75.0,AISynphys,Accessed on 2025-07-08 00:00:007,0.0,8
5747,VISp,INH,Sst,L6a,INH,Sst,L5,75.0,100.0,75.0,100.0,AISynphys,Accessed on 2025-07-08 00:00:007,0.0,2
5748,VISp,INH,Sst,L6a,INH,Sst,L5,75.0,100.0,100.0,125.0,AISynphys,Accessed on 2025-07-08 00:00:007,0.0,4
5749,VISp,INH,Sst,L6a,INH,Sst,L5,75.0,100.0,125.0,150.0,AISynphys,Accessed on 2025-07-08 00:00:007,0.0,1
5750,VISp,INH,Sst,L6a,INH,Sst,L5,75.0,100.0,150.0,175.0,AISynphys,Accessed on 2025-07-08 00:00:007,0.0,2
5751,VISp,INH,Sst,L6a,INH,Sst,L5,75.0,100.0,175.0,200.0,AISynphys,Accessed on 2025-07-08 00:00:007,0.0,1
5752,VISp,INH,Sst,L6a,INH,Sst,L5,100.0,125.0,0.0,25.0,AISynphys,Accessed on 2025-07-08 00:00:007,0.0,4
5753,VISp,INH,Sst,L6a,INH,Sst,L5,100.0,125.0,25.0,50.0,AISynphys,Accessed on 2025-07-08 00:00:007,0.0,2
5754,VISp,INH,Sst,L6a,INH,Sst,L5,100.0,125.0,50.0,75.0,AISynphys,Accessed on 2025-07-08 00:00:007,0.0,1
5755,VISp,INH,Sst,L6a,INH,Sst,L5,100.0,125.0,75.0,100.0,AISynphys,Accessed on 2025-07-08 00:00:007,0.0,7
5756,VISp,INH,Sst,L6a,INH,Sst,L5,100.0,125.0,100.0,125.0,AISynphys,Accessed on 2025-07-08 00:00:007,0.0,4
5757,VISp,INH,Sst,L6a,INH,Sst,L5,100.0,125.0,125.0,150.0,AISynphys,Accessed on 2025-07-08 00:00:007,0.0,4
5758,VISp,INH,Sst,L6a,INH,Sst,L5,100.0,125.0,150.0,175.0,AISynphys,Accessed on 2025-07-08 00:00:007,0.0,1
5759,VISp,INH,Sst,L6a,INH,Sst,L5,125.0,150.0,0.0,25.0,AISynphys,Accessed on 2025-07-08 00:00:007,0.0,1
5760,VISp,INH,Sst,L6a,INH,Sst,L5,125.0,150.0,25.0,50.0,AISynphys,Accessed on 2025-07-08 00:00:007,0.5,2
5761,VISp,INH,Sst,L6a,INH,Sst,L5,125.0,150.0,50.0,75.0,AISynphys,Accessed on 2025-07-08 00:00:007,0.0,1
5762,VISp,INH,Sst,L6a,INH,Sst,L5,125.0,150.0,75.0,100.0,AISynphys,Accessed on 2025-07-08 00:00:007,0.0,2
5763,VISp,INH,Sst,L6a,INH,Sst,L5,125.0,150.0,100.0,125.0,AISynphys,Accessed on 2025-07-08 00:00:007,0.0,2
5764,VISp,INH,Sst,L6a,INH,Sst,L5,125.0,150.0,125.0,150.0,AISynphys,Accessed on 2025-07-08 00:00:007,0.0,1
5765,VISp,INH,Sst,L6a,INH,Sst,L5,125.0,150.0,150.0,175.0,AISynphys,Accessed on 2025-07-08 00:00:007,0.0,1
5766,VISp,INH,Sst,L6a,INH,Sst,L5,150.0,175.0,0.0,25.0,AISynphys,Accessed on 2025-07-08 00:00:007,0.0,1
5767,VISp,INH,Sst,L6a,INH,Sst,L5,150.0,175.0,50.0,75.0,AISynphys,Accessed on 2025-07-08 00:00:007,0.0,1
5768,VISp,INH,Sst,L6a,INH,Sst,L5,150.0,175.0,100.0,125.0,AISynphys,Accessed on 2025-07-08 00:00:007,0.0,1
5769,VISp,INH,Sst,L6a,INH,Sst,L5,150.0,175.0,150.0,175.0,AISynphys,Accessed on 2025-07-08 00:00:007,0.0,1
5770,VISp,INH,Sst,L6a,INH,Sst,L5,150.0,175.0,175.0,200.0,AISynphys,Accessed on 2025-07-08 00:00:007,0.0,1
5771,VISp,INH,Sst,L6a,INH,Sst,L5,175.0,200.0,100.0,125.0,AISynphys,Accessed on 2025-07-08 00:00:007,0.0,2
5772,VISp,INH,Sst,L6a,INH,Sst,L5,175.0,200.0,125.0,150.0,AISynphys,Accessed on 2025-07-08 00:00:007,0.0,1
5773,VISp,INH,Sst,L6a,INH,Sst,L5,200.0,225.0,125.0,150.0,AISynphys,Accessed on 2025-07-08 00:00:007,0.0,2
5774,VISp,INH,Sst,L6a,INH,Sst,L6a,0.0,25.0,0.0,25.0,AISynphys,Accessed on 2025-07-08 00:00:007,0.0,18
5775,VISp,INH,Sst,L6a,INH,Sst,L6a,0.0,25.0,25.0,50.0,AISynphys,Accessed on 2025-07-08 00:00:007,0.05,20
5776,VISp,INH,Sst,L6a,INH,Sst,L6a,0.0,25.0,50.0,75.0,AISynphys,Accessed on 2025-07-08 00:00:007,0.045454545454545456,22
5777,VISp,INH,Sst,L6a,INH,Sst,L6a,0.0,25.0,75.0,100.0,AISynphys,Accessed on 2025-07-08 00:00:007,0.0,14
5778,VISp,INH,Sst,L6a,INH,Sst,L6a,0.0,25.0,100.0,125.0,AISynphys,Accessed on 2025-07-08 00:00:007,0.0,4
5779,VISp,INH,Sst,L6a,INH,Sst,L6a,0.0,25.0,125.0,150.0,AISynphys,Accessed on 2025-07-08 00:00:007,0.0,2
5780,VISp,INH,Sst,L6a,INH,Sst,L6a,25.0,50.0,0.0,25.0,AISynphys,Accessed on 2025-07-08 00:00:007,0.041666666666666664,24
5781,VISp,INH,Sst,L6a,INH,Sst,L6a,25.0,50.0,25.0,50.0,AISynphys,Accessed on 2025-07-08 00:00:007,0.1111111111111111,18
5782,VISp,INH,Sst,L6a,INH,Sst,L6a,25.0,50.0,50.0,75.0,AISynphys,Accessed on 2025-07-08 00:00:007,0.0,24
5783,VISp,INH,Sst,L6a,INH,Sst,L6a,25.0,50.0,75.0,100.0,AISynphys,Accessed on 2025-07-08 00:00:007,0.0,6
5784,VISp,INH,Sst,L6a,INH,Sst,L6a,25.0,50.0,100.0,125.0,AISynphys,Accessed on 2025-07-08 00:00:007,0.0,6
5785,VISp,INH,Sst,L6a,INH,Sst,L6a,25.0,50.0,150.0,175.0,AISynphys,Accessed on 2025-07-08 00:00:007,0.0,2
5786,VISp,INH,Sst,L6a,INH,Sst,L6a,50.0,75.0,0.0,25.0,AISynphys,Accessed on 2025-07-08 00:00:007,0.0,34
5787,VISp,INH,Sst,L6a,INH,Sst,L6a,50.0,75.0,25.0,50.0,AISynphys,Accessed on 2025-07-08 00:00:007,0.05555555555555555,18
5788,VISp,INH,Sst,L6a,INH,Sst,L6a,50.0,75.0,50.0,75.0,AISynphys,Accessed on 2025-07-08 00:00:007,0.16666666666666666,12
5789,VISp,INH,Sst,L6a,INH,Sst,L6a,50.0,75.0,75.0,100.0,AISynphys,Accessed on 2025-07-08 00:00:007,0.0,6
5790,VISp,INH,Sst,L6a,INH,Sst,L6a,50.0,75.0,100.0,125.0,AISynphys,Accessed on 2025-07-08 00:00:007,0.16666666666666666,6
5791,VISp,INH,Sst,L6a,INH,Sst,L6a,50.0,75.0,125.0,150.0,AISynphys,Accessed on 2025-07-08 00:00:007,0.0,2
5792,VISp,INH,Sst,L6a,INH,Sst,L6a,50.0,75.0,150.0,175.0,AISynphys,Accessed on 2025-07-08 00:00:007,0.0,2
5793,VISp,INH,Sst,L6a,INH,Sst,L6a,75.0,100.0,0.0,25.0,AISynphys,Accessed on 2025-07-08 00:00:007,0.0,26
5794,VISp,INH,Sst,L6a,INH,Sst,L6a,75.0,100.0,25.0,50.0,AISynphys,Accessed on 2025-07-08 00:00:007,0.0,18
5795,VISp,INH,Sst,L6a,INH,Sst,L6a,75.0,100.0,50.0,75.0,AISynphys,Accessed on 2025-07-08 00:00:007,0.0,12
5796,VISp,INH,Sst,L6a,INH,Sst,L6a,75.0,100.0,75.0,100.0,AISynphys,Accessed on 2025-07-08 00:00:007,0.0,2
5797,VISp,INH,Sst,L6a,INH,Sst,L6a,75.0,100.0,100.0,125.0,AISynphys,Accessed on 2025-07-08 00:00:007,0.0,2
5798,VISp,INH,Sst,L6a,INH,Sst,L6a,75.0,100.0,125.0,150.0,AISynphys,Accessed on 2025-07-08 00:00:007,0.0,2
5799,VISp,INH,Sst,L6a,INH,Sst,L6a,100.0,125.0,0.0,25.0,AISynphys,Accessed on 2025-07-08 00:00:007,0.0,16
5800,VISp,INH,Sst,L6a,INH,Sst,L6a,100.0,125.0,25.0,50.0,AISynphys,Accessed on 2025-07-08 00:00:007,0.0,6
5801,VISp,INH,Sst,L6a,INH,Sst,L6a,100.0,125.0,50.0,75.0,AISynphys,Accessed on 2025-07-08 00:00:007,0.0,12
5802,VISp,INH,Sst,L6a,INH,Sst,L6a,100.0,125.0,75.0,100.0,AISynphys,Accessed on 2025-07-08 00:00:007,0.0,6
5803,VISp,INH,Sst,L6a,INH,Sst,L6a,100.0,125.0,100.0,125.0,AISynphys,Accessed on 2025-07-08 00:00:007,0.0,2
5804,VISp,INH,Sst,L6a,INH,Sst,L6a,100.0,125.0,125.0,150.0,AISynphys,Accessed on 2025-07-08 00:00:007,0.16666666666666666,6
5805,VISp,INH,Sst,L6a,INH,Sst,L6a,125.0,150.0,0.0,25.0,AISynphys,Accessed on 2025-07-08 00:00:007,0.0,8
5806,VISp,INH,Sst,L6a,INH,Sst,L6a,125.0,150.0,25.0,50.0,AISynphys,Accessed on 2025-07-08 00:00:007,0.0,6
5807,VISp,INH,Sst,L6a,INH,Sst,L6a,125.0,150.0,50.0,75.0,AISynphys,Accessed on 2025-07-08 00:00:007,0.0,4
5808,VISp,INH,Sst,L6a,INH,Sst,L6a,125.0,150.0,75.0,100.0,AISynphys,Accessed on 2025-07-08 00:00:007,0.0,4
5809,VISp,INH,Sst,L6a,INH,Sst,L6a,125.0,150.0,100.0,125.0,AISynphys,Accessed on 2025-07-08 00:00:007,0.0,2
5810,VISp,INH,Sst,L6a,INH,Sst,L6a,150.0,175.0,0.0,25.0,AISynphys,Accessed on 2025-07-08 00:00:007,0.0,10
5811,VISp,INH,Sst,L6a,INH,Sst,L6a,150.0,175.0,25.0,50.0,AISynphys,Accessed on 2025-07-08 00:00:007,0.0,8
5812,VISp,INH,Sst,L6a,INH,Sst,L6a,150.0,175.0,50.0,75.0,AISynphys,Accessed on 2025-07-08 00:00:007,0.0,6
5813,VISp,INH,Sst,L6a,INH,Sst,L6a,150.0,175.0,125.0,150.0,AISynphys,Accessed on 2025-07-08 00:00:007,0.0,2
5814,VISp,INH,Sst,L6a,INH,Sst,L6a,175.0,200.0,0.0,25.0,AISynphys,Accessed on 2025-07-08 00:00:007,0.0,4
5815,VISp,INH,Sst,L6a,INH,Sst,L6a,175.0,200.0,50.0,75.0,AISynphys,Accessed on 2025-07-08 00:00:007,0.0,4
5816,VISp,INH,Sst,L6a,INH,Sst,L6a,200.0,225.0,0.0,25.0,AISynphys,Accessed on 2025-07-08 00:00:007,0.0,4
5817,VISp,INH,Sst,L6a,INH,Sst,L6a,300.0,325.0,25.0,50.0,AISynphys,Accessed on 2025-07-08 00:00:007,0.0,2
5818,VISp,INH,Sst,L6a,INH,Sst,L6b,0.0,25.0,50.0,75.0,AISynphys,Accessed on 2025-07-08 00:00:007,0.0,1
5819,VISp,INH,Sst,L6a,INH,Sst,L6b,0.0,25.0,75.0,100.0,AISynphys,Accessed on 2025-07-08 00:00:007,0.0,3
5820,VISp,INH,Sst,L6a,INH,Sst,L6b,0.0,25.0,100.0,125.0,AISynphys,Accessed on 2025-07-08 00:00:007,0.0,1
5821,VISp,INH,Sst,L6a,INH,Sst,L6b,0.0,25.0,125.0,150.0,AISynphys,Accessed on 2025-07-08 00:00:007,0.0,2
5822,VISp,INH,Sst,L6a,INH,Sst,L6b,0.0,25.0,150.0,175.0,AISynphys,Accessed on 2025-07-08 00:00:007,0.0,1
5823,VISp,INH,Sst,L6a,INH,Sst,L6b,0.0,25.0,175.0,200.0,AISynphys,Accessed on 2025-07-08 00:00:007,0.5,2
5824,VISp,INH,Sst,L6a,INH,Sst,L6b,25.0,50.0,25.0,50.0,AISynphys,Accessed on 2025-07-08 00:00:007,0.0,2
5825,VISp,INH,Sst,L6a,INH,Sst,L6b,25.0,50.0,50.0,75.0,AISynphys,Accessed on 2025-07-08 00:00:007,0.0,1
5826,VISp,INH,Sst,L6a,INH,Sst,L6b,25.0,50.0,75.0,100.0,AISynphys,Accessed on 2025-07-08 00:00:007,0.0,1
5827,VISp,INH,Sst,L6a,INH,Sst,L6b,25.0,50.0,125.0,150.0,AISynphys,Accessed on 2025-07-08 00:00:007,0.0,4
5828,VISp,INH,Sst,L6a,INH,Sst,L6b,50.0,75.0,50.0,75.0,AISynphys,Accessed on 2025-07-08 00:00:007,0.0,1
5829,VISp,INH,Sst,L6a,INH,Sst,L6b,50.0,75.0,75.0,100.0,AISynphys,Accessed on 2025-07-08 00:00:007,0.0,2
5830,VISp,INH,Sst,L6a,INH,Sst,L6b,50.0,75.0,125.0,150.0,AISynphys,Accessed on 2025-07-08 00:00:007,0.0,1
5831,VISp,INH,Sst,L6a,INH,Sst,L6b,50.0,75.0,175.0,200.0,AISynphys,Accessed on 2025-07-08 00:00:007,0.0,1
5832,VISp,INH,Sst,L6a,INH,Sst,L6b,75.0,100.0,50.0,75.0,AISynphys,Accessed on 2025-07-08 00:00:007,0.0,1
5833,VISp,INH,Sst,L6a,INH,Sst,L6b,75.0,100.0,75.0,100.0,AISynphys,Accessed on 2025-07-08 00:00:007,0.0,1
5834,VISp,INH,Sst,L6a,INH,Sst,L6b,75.0,100.0,100.0,125.0,AISynphys,Accessed on 2025-07-08 00:00:007,0.0,1
5835,VISp,INH,Sst,L6a,INH,Sst,L6b,100.0,125.0,0.0,25.0,AISynphys,Accessed on 2025-07-08 00:00:007,0.0,1
5836,VISp,INH,Sst,L6a,INH,Sst,L6b,100.0,125.0,50.0,75.0,AISynphys,Accessed on 2025-07-08 00:00:007,0.0,1
5837,VISp,INH,Sst,L6a,INH,Sst,L6b,100.0,125.0,75.0,100.0,AISynphys,Accessed on 2025-07-08 00:00:007,0.0,1
5838,VISp,INH,Sst,L6a,INH,Sst,L6b,100.0,125.0,125.0,150.0,AISynphys,Accessed on 2025-07-08 00:00:007,0.0,1
5839,VISp,INH,Sst,L6a,INH,Sst,L6b,125.0,150.0,0.0,25.0,AISynphys,Accessed on 2025-07-08 00:00:007,0.0,1
5840,VISp,INH,Sst,L6a,INH,Sst,L6b,125.0,150.0,125.0,150.0,AISynphys,Accessed on 2025-07-08 00:00:007,0.0,1
5841,VISp,INH,Sst,L6a,INH,Sst,L6b,125.0,150.0,200.0,225.0,AISynphys,Accessed on 2025-07-08 00:00:007,0.0,1
5842,VISp,INH,Sst,L6a,INH,Sst,L6b,150.0,175.0,0.0,25.0,AISynphys,Accessed on 2025-07-08 00:00:007,0.0,1
5843,VISp,INH,Sst,L6a,INH,Sst,L6b,175.0,200.0,150.0,175.0,AISynphys,Accessed on 2025-07-08 00:00:007,0.0,1
5844,VISp,INH,Sst,L6a,INH,Vip,L23,0.0,25.0,475.0,500.0,AISynphys,Accessed on 2025-07-08 00:00:007,0.0,1
5845,VISp,INH,Sst,L6a,INH,Vip,L23,25.0,50.0,600.0,625.0,AISynphys,Accessed on 2025-07-08 00:00:007,0.0,1
5846,VISp,INH,Sst,L6a,INH,Vip,L23,50.0,75.0,625.0,650.0,AISynphys,Accessed on 2025-07-08 00:00:007,1.0,1
5847,VISp,INH,Sst,L6a,INH,Vip,L23,75.0,100.0,650.0,675.0,AISynphys,Accessed on 2025-07-08 00:00:007,0.0,1
5848,VISp,INH,Sst,L6a,INH,Vip,L23,175.0,200.0,525.0,550.0,AISynphys,Accessed on 2025-07-08 00:00:007,0.0,1
5849,VISp,INH,Sst,L6a,INH,Vip,L23,175.0,200.0,550.0,575.0,AISynphys,Accessed on 2025-07-08 00:00:007,0.0,1
5850,VISp,INH,Sst,L6a,INH,Vip,L23,225.0,250.0,600.0,625.0,AISynphys,Accessed on 2025-07-08 00:00:007,0.0,1
5851,VISp,INH,Sst,L6a,INH,Vip,L4,125.0,150.0,350.0,375.0,AISynphys,Accessed on 2025-07-08 00:00:007,0.0,1
5852,VISp,INH,Sst,L6a,INH,Vip,L5,0.0,25.0,25.0,50.0,AISynphys,Accessed on 2025-07-08 00:00:007,0.0,1
5853,VISp,INH,Sst,L6a,INH,Vip,L5,0.0,25.0,50.0,75.0,AISynphys,Accessed on 2025-07-08 00:00:007,0.0,1
5854,VISp,INH,Sst,L6a,INH,Vip,L5,0.0,25.0,75.0,100.0,AISynphys,Accessed on 2025-07-08 00:00:007,0.0,1
5855,VISp,INH,Sst,L6a,INH,Vip,L5,0.0,25.0,100.0,125.0,AISynphys,Accessed on 2025-07-08 00:00:007,0.0,2
5856,VISp,INH,Sst,L6a,INH,Vip,L5,0.0,25.0,125.0,150.0,AISynphys,Accessed on 2025-07-08 00:00:007,0.0,2
5857,VISp,INH,Sst,L6a,INH,Vip,L5,0.0,25.0,150.0,175.0,AISynphys,Accessed on 2025-07-08 00:00:007,0.0,1
5858,VISp,INH,Sst,L6a,INH,Vip,L5,0.0,25.0,175.0,200.0,AISynphys,Accessed on 2025-07-08 00:00:007,0.0,2
5859,VISp,INH,Sst,L6a,INH,Vip,L5,0.0,25.0,200.0,225.0,AISynphys,Accessed on 2025-07-08 00:00:007,0.0,2
5860,VISp,INH,Sst,L6a,INH,Vip,L5,25.0,50.0,25.0,50.0,AISynphys,Accessed on 2025-07-08 00:00:007,0.0,1
5861,VISp,INH,Sst,L6a,INH,Vip,L5,25.0,50.0,50.0,75.0,AISynphys,Accessed on 2025-07-08 00:00:007,0.0,1
5862,VISp,INH,Sst,L6a,INH,Vip,L5,25.0,50.0,75.0,100.0,AISynphys,Accessed on 2025-07-08 00:00:007,0.0,1
5863,VISp,INH,Sst,L6a,INH,Vip,L5,25.0,50.0,125.0,150.0,AISynphys,Accessed on 2025-07-08 00:00:007,0.0,1
5864,VISp,INH,Sst,L6a,INH,Vip,L5,25.0,50.0,150.0,175.0,AISynphys,Accessed on 2025-07-08 00:00:007,0.0,1
5865,VISp,INH,Sst,L6a,INH,Vip,L5,50.0,75.0,50.0,75.0,AISynphys,Accessed on 2025-07-08 00:00:007,0.0,1
5866,VISp,INH,Sst,L6a,INH,Vip,L5,50.0,75.0,125.0,150.0,AISynphys,Accessed on 2025-07-08 00:00:007,0.0,1
5867,VISp,INH,Sst,L6a,INH,Vip,L5,50.0,75.0,175.0,200.0,AISynphys,Accessed on 2025-07-08 00:00:007,0.0,1
5868,VISp,INH,Sst,L6a,INH,Vip,L5,75.0,100.0,150.0,175.0,AISynphys,Accessed on 2025-07-08 00:00:007,0.0,1
5869,VISp,INH,Sst,L6a,INH,Vip,L5,75.0,100.0,175.0,200.0,AISynphys,Accessed on 2025-07-08 00:00:007,0.0,1
5870,VISp,INH,Sst,L6a,INH,Vip,L5,75.0,100.0,200.0,225.0,AISynphys,Accessed on 2025-07-08 00:00:007,0.0,1
5871,VISp,INH,Sst,L6a,INH,Vip,L5,100.0,125.0,75.0,100.0,AISynphys,Accessed on 2025-07-08 00:00:007,0.0,2
5872,VISp,INH,Sst,L6a,INH,Vip,L5,100.0,125.0,150.0,175.0,AISynphys,Accessed on 2025-07-08 00:00:007,0.0,1
5873,VISp,INH,Sst,L6a,INH,Vip,L5,100.0,125.0,175.0,200.0,AISynphys,Accessed on 2025-07-08 00:00:007,0.0,2
5874,VISp,INH,Sst,L6a,INH,Vip,L5,125.0,150.0,75.0,100.0,AISynphys,Accessed on 2025-07-08 00:00:007,0.0,1
5875,VISp,INH,Sst,L6a,INH,Vip,L5,125.0,150.0,125.0,150.0,AISynphys,Accessed on 2025-07-08 00:00:007,0.0,2
5876,VISp,INH,Sst,L6a,INH,Vip,L5,175.0,200.0,75.0,100.0,AISynphys,Accessed on 2025-07-08 00:00:007,0.0,3
5877,VISp,INH,Sst,L6a,INH,Vip,L5,175.0,200.0,150.0,175.0,AISynphys,Accessed on 2025-07-08 00:00:007,0.0,1
5878,VISp,INH,Sst,L6a,INH,Vip,L5,175.0,200.0,225.0,250.0,AISynphys,Accessed on 2025-07-08 00:00:007,0.0,1
5879,VISp,INH,Sst,L6a,INH,Vip,L6a,0.0,25.0,0.0,25.0,AISynphys,Accessed on 2025-07-08 00:00:007,0.0,3
5880,VISp,INH,Sst,L6a,INH,Vip,L6a,0.0,25.0,25.0,50.0,AISynphys,Accessed on 2025-07-08 00:00:007,0.25,4
5881,VISp,INH,Sst,L6a,INH,Vip,L6a,0.0,25.0,50.0,75.0,AISynphys,Accessed on 2025-07-08 00:00:007,0.0,4
5882,VISp,INH,Sst,L6a,INH,Vip,L6a,0.0,25.0,75.0,100.0,AISynphys,Accessed on 2025-07-08 00:00:007,0.0,2
5883,VISp,INH,Sst,L6a,INH,Vip,L6a,0.0,25.0,100.0,125.0,AISynphys,Accessed on 2025-07-08 00:00:007,0.0,2
5884,VISp,INH,Sst,L6a,INH,Vip,L6a,0.0,25.0,125.0,150.0,AISynphys,Accessed on 2025-07-08 00:00:007,0.0,1
5885,VISp,INH,Sst,L6a,INH,Vip,L6a,25.0,50.0,0.0,25.0,AISynphys,Accessed on 2025-07-08 00:00:007,0.1111111111111111,9
5886,VISp,INH,Sst,L6a,INH,Vip,L6a,25.0,50.0,25.0,50.0,AISynphys,Accessed on 2025-07-08 00:00:007,0.0,1
5887,VISp,INH,Sst,L6a,INH,Vip,L6a,25.0,50.0,50.0,75.0,AISynphys,Accessed on 2025-07-08 00:00:007,0.25,4
5888,VISp,INH,Sst,L6a,INH,Vip,L6a,25.0,50.0,75.0,100.0,AISynphys,Accessed on 2025-07-08 00:00:007,0.0,1
5889,VISp,INH,Sst,L6a,INH,Vip,L6a,25.0,50.0,100.0,125.0,AISynphys,Accessed on 2025-07-08 00:00:007,0.0,3
5890,VISp,INH,Sst,L6a,INH,Vip,L6a,25.0,50.0,150.0,175.0,AISynphys,Accessed on 2025-07-08 00:00:007,0.5,2
5891,VISp,INH,Sst,L6a,INH,Vip,L6a,50.0,75.0,0.0,25.0,AISynphys,Accessed on 2025-07-08 00:00:007,0.0,3
5892,VISp,INH,Sst,L6a,INH,Vip,L6a,50.0,75.0,25.0,50.0,AISynphys,Accessed on 2025-07-08 00:00:007,0.16666666666666666,6
5893,VISp,INH,Sst,L6a,INH,Vip,L6a,50.0,75.0,50.0,75.0,AISynphys,Accessed on 2025-07-08 00:00:007,0.0,1
5894,VISp,INH,Sst,L6a,INH,Vip,L6a,50.0,75.0,75.0,100.0,AISynphys,Accessed on 2025-07-08 00:00:007,0.0,2
5895,VISp,INH,Sst,L6a,INH,Vip,L6a,50.0,75.0,100.0,125.0,AISynphys,Accessed on 2025-07-08 00:00:007,0.3333333333333333,3
5896,VISp,INH,Sst,L6a,INH,Vip,L6a,50.0,75.0,125.0,150.0,AISynphys,Accessed on 2025-07-08 00:00:007,0.0,2
5897,VISp,INH,Sst,L6a,INH,Vip,L6a,50.0,75.0,150.0,175.0,AISynphys,Accessed on 2025-07-08 00:00:007,0.0,2
5898,VISp,INH,Sst,L6a,INH,Vip,L6a,75.0,100.0,0.0,25.0,AISynphys,Accessed on 2025-07-08 00:00:007,0.0,7
5899,VISp,INH,Sst,L6a,INH,Vip,L6a,75.0,100.0,25.0,50.0,AISynphys,Accessed on 2025-07-08 00:00:007,0.0,2
5900,VISp,INH,Sst,L6a,INH,Vip,L6a,75.0,100.0,50.0,75.0,AISynphys,Accessed on 2025-07-08 00:00:007,1.0,1
5901,VISp,INH,Sst,L6a,INH,Vip,L6a,75.0,100.0,75.0,100.0,AISynphys,Accessed on 2025-07-08 00:00:007,0.0,1
5902,VISp,INH,Sst,L6a,INH,Vip,L6a,100.0,125.0,0.0,25.0,AISynphys,Accessed on 2025-07-08 00:00:007,0.0,3
5903,VISp,INH,Sst,L6a,INH,Vip,L6a,100.0,125.0,25.0,50.0,AISynphys,Accessed on 2025-07-08 00:00:007,0.0,1
5904,VISp,INH,Sst,L6a,INH,Vip,L6a,100.0,125.0,50.0,75.0,AISynphys,Accessed on 2025-07-08 00:00:007,0.0,2
5905,VISp,INH,Sst,L6a,INH,Vip,L6a,100.0,125.0,75.0,100.0,AISynphys,Accessed on 2025-07-08 00:00:007,0.0,1
5906,VISp,INH,Sst,L6a,INH,Vip,L6a,100.0,125.0,125.0,150.0,AISynphys,Accessed on 2025-07-08 00:00:007,0.0,2
5907,VISp,INH,Sst,L6a,INH,Vip,L6a,100.0,125.0,150.0,175.0,AISynphys,Accessed on 2025-07-08 00:00:007,0.0,1
5908,VISp,INH,Sst,L6a,INH,Vip,L6a,125.0,150.0,0.0,25.0,AISynphys,Accessed on 2025-07-08 00:00:007,0.0,2
5909,VISp,INH,Sst,L6a,INH,Vip,L6a,125.0,150.0,25.0,50.0,AISynphys,Accessed on 2025-07-08 00:00:007,0.0,4
5910,VISp,INH,Sst,L6a,INH,Vip,L6a,125.0,150.0,75.0,100.0,AISynphys,Accessed on 2025-07-08 00:00:007,0.0,3
5911,VISp,INH,Sst,L6a,INH,Vip,L6a,125.0,150.0,100.0,125.0,AISynphys,Accessed on 2025-07-08 00:00:007,0.0,1
5912,VISp,INH,Sst,L6a,INH,Vip,L6a,125.0,150.0,125.0,150.0,AISynphys,Accessed on 2025-07-08 00:00:007,0.0,1
5913,VISp,INH,Sst,L6a,INH,Vip,L6a,150.0,175.0,0.0,25.0,AISynphys,Accessed on 2025-07-08 00:00:007,0.0,2
5914,VISp,INH,Sst,L6a,INH,Vip,L6a,150.0,175.0,25.0,50.0,AISynphys,Accessed on 2025-07-08 00:00:007,0.0,2
5915,VISp,INH,Sst,L6a,INH,Vip,L6a,175.0,200.0,75.0,100.0,AISynphys,Accessed on 2025-07-08 00:00:007,0.0,1
5916,VISp,INH,Sst,L6a,INH,Vip,L6a,200.0,225.0,25.0,50.0,AISynphys,Accessed on 2025-07-08 00:00:007,1.0,1
5917,VISp,INH,Sst,L6a,INH,Vip,L6a,200.0,225.0,50.0,75.0,AISynphys,Accessed on 2025-07-08 00:00:007,0.0,1
5918,VISp,INH,Sst,L6a,INH,Vip,L6a,225.0,250.0,25.0,50.0,AISynphys,Accessed on 2025-07-08 00:00:007,0.0,1
5919,VISp,INH,Sst,L6a,INH,Vip,L6b,50.0,75.0,50.0,75.0,AISynphys,Accessed on 2025-07-08 00:00:007,1.0,1
5920,VISp,INH,Sst,L6a,INH,Vip,L6b,150.0,175.0,50.0,75.0,AISynphys,Accessed on 2025-07-08 00:00:007,0.0,1
5921,VISp,INH,Sst,L6b,EXC,Ntsr1,L6a,0.0,25.0,25.0,50.0,AISynphys,Accessed on 2025-07-08 00:00:007,0.0,1
5922,VISp,INH,Sst,L6b,EXC,Ntsr1,L6a,0.0,25.0,50.0,75.0,AISynphys,Accessed on 2025-07-08 00:00:007,0.0,1
5923,VISp,INH,Sst,L6b,EXC,Ntsr1,L6a,25.0,50.0,0.0,25.0,AISynphys,Accessed on 2025-07-08 00:00:007,0.0,1
5924,VISp,INH,Sst,L6b,EXC,Ntsr1,L6a,25.0,50.0,125.0,150.0,AISynphys,Accessed on 2025-07-08 00:00:007,0.0,1
5925,VISp,INH,Sst,L6b,EXC,Ntsr1,L6b,125.0,150.0,0.0,25.0,AISynphys,Accessed on 2025-07-08 00:00:007,0.0,1
5926,VISp,INH,Sst,L6b,INH,Pvalb,L6a,0.0,25.0,100.0,125.0,AISynphys,Accessed on 2025-07-08 00:00:007,0.0,2
5927,VISp,INH,Sst,L6b,INH,Pvalb,L6a,0.0,25.0,175.0,200.0,AISynphys,Accessed on 2025-07-08 00:00:007,0.0,2
5928,VISp,INH,Sst,L6b,INH,Pvalb,L6a,25.0,50.0,75.0,100.0,AISynphys,Accessed on 2025-07-08 00:00:007,0.0,1
5929,VISp,INH,Sst,L6b,INH,Pvalb,L6a,25.0,50.0,150.0,175.0,AISynphys,Accessed on 2025-07-08 00:00:007,0.0,1
5930,VISp,INH,Sst,L6b,INH,Pvalb,L6a,25.0,50.0,200.0,225.0,AISynphys,Accessed on 2025-07-08 00:00:007,0.0,1
5931,VISp,INH,Sst,L6b,INH,Pvalb,L6a,50.0,75.0,75.0,100.0,AISynphys,Accessed on 2025-07-08 00:00:007,0.0,1
5932,VISp,INH,Sst,L6b,INH,Pvalb,L6a,50.0,75.0,125.0,150.0,AISynphys,Accessed on 2025-07-08 00:00:007,0.0,1
5933,VISp,INH,Sst,L6b,INH,Pvalb,L6a,50.0,75.0,175.0,200.0,AISynphys,Accessed on 2025-07-08 00:00:007,0.0,1
5934,VISp,INH,Sst,L6b,INH,Pvalb,L6a,50.0,75.0,200.0,225.0,AISynphys,Accessed on 2025-07-08 00:00:007,0.0,1
5935,VISp,INH,Sst,L6b,INH,Pvalb,L6a,75.0,100.0,200.0,225.0,AISynphys,Accessed on 2025-07-08 00:00:007,0.0,1
5936,VISp,INH,Sst,L6b,INH,Pvalb,L6a,100.0,125.0,50.0,75.0,AISynphys,Accessed on 2025-07-08 00:00:007,0.0,1
5937,VISp,INH,Sst,L6b,INH,Pvalb,L6a,100.0,125.0,100.0,125.0,AISynphys,Accessed on 2025-07-08 00:00:007,0.0,1
5938,VISp,INH,Sst,L6b,INH,Pvalb,L6a,125.0,150.0,75.0,100.0,AISynphys,Accessed on 2025-07-08 00:00:007,0.0,1
5939,VISp,INH,Sst,L6b,INH,Pvalb,L6a,150.0,175.0,100.0,125.0,AISynphys,Accessed on 2025-07-08 00:00:007,0.0,1
5940,VISp,INH,Sst,L6b,INH,Pvalb,L6b,75.0,100.0,25.0,50.0,AISynphys,Accessed on 2025-07-08 00:00:007,0.0,1
5941,VISp,INH,Sst,L6b,INH,Pvalb,L6b,125.0,150.0,0.0,25.0,AISynphys,Accessed on 2025-07-08 00:00:007,0.0,1
5942,VISp,INH,Sst,L6b,INH,Pvalb,L6b,150.0,175.0,0.0,25.0,AISynphys,Accessed on 2025-07-08 00:00:007,0.0,1
5943,VISp,INH,Sst,L6b,INH,Sst,L1,50.0,75.0,725.0,750.0,AISynphys,Accessed on 2025-07-08 00:00:007,0.0,1
5944,VISp,INH,Sst,L6b,INH,Sst,L6a,0.0,25.0,50.0,75.0,AISynphys,Accessed on 2025-07-08 00:00:007,0.0,1
5945,VISp,INH,Sst,L6b,INH,Sst,L6a,0.0,25.0,75.0,100.0,AISynphys,Accessed on 2025-07-08 00:00:007,0.0,3
5946,VISp,INH,Sst,L6b,INH,Sst,L6a,0.0,25.0,100.0,125.0,AISynphys,Accessed on 2025-07-08 00:00:007,0.0,1
5947,VISp,INH,Sst,L6b,INH,Sst,L6a,0.0,25.0,125.0,150.0,AISynphys,Accessed on 2025-07-08 00:00:007,0.0,2
5948,VISp,INH,Sst,L6b,INH,Sst,L6a,0.0,25.0,150.0,175.0,AISynphys,Accessed on 2025-07-08 00:00:007,0.0,1
5949,VISp,INH,Sst,L6b,INH,Sst,L6a,0.0,25.0,175.0,200.0,AISynphys,Accessed on 2025-07-08 00:00:007,0.0,2
5950,VISp,INH,Sst,L6b,INH,Sst,L6a,25.0,50.0,25.0,50.0,AISynphys,Accessed on 2025-07-08 00:00:007,0.5,2
5951,VISp,INH,Sst,L6b,INH,Sst,L6a,25.0,50.0,50.0,75.0,AISynphys,Accessed on 2025-07-08 00:00:007,0.0,1
5952,VISp,INH,Sst,L6b,INH,Sst,L6a,25.0,50.0,75.0,100.0,AISynphys,Accessed on 2025-07-08 00:00:007,0.0,1
5953,VISp,INH,Sst,L6b,INH,Sst,L6a,25.0,50.0,125.0,150.0,AISynphys,Accessed on 2025-07-08 00:00:007,0.0,4
5954,VISp,INH,Sst,L6b,INH,Sst,L6a,50.0,75.0,50.0,75.0,AISynphys,Accessed on 2025-07-08 00:00:007,0.0,1
5955,VISp,INH,Sst,L6b,INH,Sst,L6a,50.0,75.0,75.0,100.0,AISynphys,Accessed on 2025-07-08 00:00:007,0.0,2
5956,VISp,INH,Sst,L6b,INH,Sst,L6a,50.0,75.0,125.0,150.0,AISynphys,Accessed on 2025-07-08 00:00:007,0.0,1
5957,VISp,INH,Sst,L6b,INH,Sst,L6a,50.0,75.0,175.0,200.0,AISynphys,Accessed on 2025-07-08 00:00:007,0.0,1
5958,VISp,INH,Sst,L6b,INH,Sst,L6a,75.0,100.0,50.0,75.0,AISynphys,Accessed on 2025-07-08 00:00:007,0.0,1
5959,VISp,INH,Sst,L6b,INH,Sst,L6a,75.0,100.0,75.0,100.0,AISynphys,Accessed on 2025-07-08 00:00:007,0.0,1
5960,VISp,INH,Sst,L6b,INH,Sst,L6a,75.0,100.0,100.0,125.0,AISynphys,Accessed on 2025-07-08 00:00:007,0.0,1
5961,VISp,INH,Sst,L6b,INH,Sst,L6a,100.0,125.0,0.0,25.0,AISynphys,Accessed on 2025-07-08 00:00:007,0.0,1
5962,VISp,INH,Sst,L6b,INH,Sst,L6a,100.0,125.0,50.0,75.0,AISynphys,Accessed on 2025-07-08 00:00:007,0.0,1
5963,VISp,INH,Sst,L6b,INH,Sst,L6a,100.0,125.0,75.0,100.0,AISynphys,Accessed on 2025-07-08 00:00:007,0.0,1
5964,VISp,INH,Sst,L6b,INH,Sst,L6a,100.0,125.0,125.0,150.0,AISynphys,Accessed on 2025-07-08 00:00:007,0.0,1
5965,VISp,INH,Sst,L6b,INH,Sst,L6a,125.0,150.0,0.0,25.0,AISynphys,Accessed on 2025-07-08 00:00:007,0.0,1
5966,VISp,INH,Sst,L6b,INH,Sst,L6a,125.0,150.0,125.0,150.0,AISynphys,Accessed on 2025-07-08 00:00:007,0.0,1
5967,VISp,INH,Sst,L6b,INH,Sst,L6a,125.0,150.0,200.0,225.0,AISynphys,Accessed on 2025-07-08 00:00:007,0.0,1
5968,VISp,INH,Sst,L6b,INH,Sst,L6a,150.0,175.0,0.0,25.0,AISynphys,Accessed on 2025-07-08 00:00:007,0.0,1
5969,VISp,INH,Sst,L6b,INH,Sst,L6a,175.0,200.0,150.0,175.0,AISynphys,Accessed on 2025-07-08 00:00:007,0.0,1
5970,VISp,INH,Sst,L6b,INH,Sst,L6b,0.0,25.0,0.0,25.0,AISynphys,Accessed on 2025-07-08 00:00:007,0.0,2
5971,VISp,INH,Sst,L6b,INH,Sst,L6b,50.0,75.0,0.0,25.0,AISynphys,Accessed on 2025-07-08 00:00:007,0.0,2
5972,VISp,INH,Sst,L6b,INH,Sst,L6b,50.0,75.0,25.0,50.0,AISynphys,Accessed on 2025-07-08 00:00:007,0.0,2
5973,VISp,INH,Sst,L6b,INH,Vip,L5,50.0,75.0,150.0,175.0,AISynphys,Accessed on 2025-07-08 00:00:007,0.0,1
5974,VISp,INH,Sst,L6b,INH,Vip,L6a,50.0,75.0,125.0,150.0,AISynphys,Accessed on 2025-07-08 00:00:007,1.0,1
5975,VISp,INH,Sst,L6b,INH,Vip,L6a,125.0,150.0,25.0,50.0,AISynphys,Accessed on 2025-07-08 00:00:007,0.0,1
5976,VISp,INH,Sst,L6b,INH,Vip,L6a,125.0,150.0,75.0,100.0,AISynphys,Accessed on 2025-07-08 00:00:007,0.0,1
5977,VISp,INH,Sst,L6b,INH,Vip,L6a,150.0,175.0,25.0,50.0,AISynphys,Accessed on 2025-07-08 00:00:007,0.0,1
5978,VISp,INH,Sst,L6b,INH,Vip,L6b,25.0,50.0,0.0,25.0,AISynphys,Accessed on 2025-07-08 00:00:007,0.0,1
5979,VISp,INH,Vip,L1,EXC,Tlx3,L23,75.0,100.0,175.0,200.0,AISynphys,Accessed on 2025-07-08 00:00:007,0.0,1
5980,VISp,INH,Vip,L1,EXC,Tlx3,L23,100.0,125.0,200.0,225.0,AISynphys,Accessed on 2025-07-08 00:00:007,0.0,1
5981,VISp,INH,Vip,L1,EXC,Tlx3,L4,25.0,50.0,350.0,375.0,AISynphys,Accessed on 2025-07-08 00:00:007,0.0,1
5982,VISp,INH,Vip,L1,EXC,Tlx3,L5,0.0,25.0,400.0,425.0,AISynphys,Accessed on 2025-07-08 00:00:007,0.0,1
5983,VISp,INH,Vip,L1,EXC,Tlx3,L5,50.0,75.0,400.0,425.0,AISynphys,Accessed on 2025-07-08 00:00:007,0.0,1
5984,VISp,INH,Vip,L1,INH,Pvalb,L4,0.0,25.0,200.0,225.0,AISynphys,Accessed on 2025-07-08 00:00:007,0.0,1
5985,VISp,INH,Vip,L1,INH,Sst,L23,0.0,25.0,125.0,150.0,AISynphys,Accessed on 2025-07-08 00:00:007,0.0,1
5986,VISp,INH,Vip,L1,INH,Sst,L23,25.0,50.0,50.0,75.0,AISynphys,Accessed on 2025-07-08 00:00:007,0.0,1
5987,VISp,INH,Vip,L1,INH,Sst,L23,25.0,50.0,75.0,100.0,AISynphys,Accessed on 2025-07-08 00:00:007,0.0,1
5988,VISp,INH,Vip,L1,INH,Sst,L23,75.0,100.0,125.0,150.0,AISynphys,Accessed on 2025-07-08 00:00:007,0.0,1
5989,VISp,INH,Vip,L1,INH,Sst,L23,100.0,125.0,50.0,75.0,AISynphys,Accessed on 2025-07-08 00:00:007,0.0,1
5990,VISp,INH,Vip,L1,INH,Sst,L23,125.0,150.0,25.0,50.0,AISynphys,Accessed on 2025-07-08 00:00:007,0.0,1
5991,VISp,INH,Vip,L1,INH,Vip,L23,0.0,25.0,25.0,50.0,AISynphys,Accessed on 2025-07-08 00:00:007,0.0,1
5992,VISp,INH,Vip,L1,INH,Vip,L23,0.0,25.0,50.0,75.0,AISynphys,Accessed on 2025-07-08 00:00:007,0.0,1
5993,VISp,INH,Vip,L1,INH,Vip,L23,25.0,50.0,25.0,50.0,AISynphys,Accessed on 2025-07-08 00:00:007,0.0,2
5994,VISp,INH,Vip,L1,INH,Vip,L23,25.0,50.0,50.0,75.0,AISynphys,Accessed on 2025-07-08 00:00:007,0.0,1
5995,VISp,INH,Vip,L1,INH,Vip,L23,50.0,75.0,25.0,50.0,AISynphys,Accessed on 2025-07-08 00:00:007,0.0,3
5996,VISp,INH,Vip,L1,INH,Vip,L23,50.0,75.0,175.0,200.0,AISynphys,Accessed on 2025-07-08 00:00:007,0.0,1
5997,VISp,INH,Vip,L1,INH,Vip,L23,75.0,100.0,25.0,50.0,AISynphys,Accessed on 2025-07-08 00:00:007,0.0,1
5998,VISp,INH,Vip,L1,INH,Vip,L23,100.0,125.0,50.0,75.0,AISynphys,Accessed on 2025-07-08 00:00:007,0.0,2
5999,VISp,INH,Vip,L1,INH,Vip,L23,150.0,175.0,0.0,25.0,AISynphys,Accessed on 2025-07-08 00:00:007,0.0,1
6000,VISp,INH,Vip,L1,INH,Vip,L4,25.0,50.0,300.0,325.0,AISynphys,Accessed on 2025-07-08 00:00:007,0.0,1
6001,VISp,INH,Vip,L23,EXC,Nr5a1,L23,0.0,25.0,25.0,50.0,AISynphys,Accessed on 2025-07-08 00:00:007,0.0,1
6002,VISp,INH,Vip,L23,EXC,Nr5a1,L23,0.0,25.0,50.0,75.0,AISynphys,Accessed on 2025-07-08 00:00:007,0.0,1
6003,VISp,INH,Vip,L23,EXC,Nr5a1,L23,25.0,50.0,0.0,25.0,AISynphys,Accessed on 2025-07-08 00:00:007,0.0,1
6004,VISp,INH,Vip,L23,EXC,Nr5a1,L23,25.0,50.0,100.0,125.0,AISynphys,Accessed on 2025-07-08 00:00:007,0.0,1
6005,VISp,INH,Vip,L23,EXC,Nr5a1,L23,50.0,75.0,50.0,75.0,AISynphys,Accessed on 2025-07-08 00:00:007,0.0,1
6006,VISp,INH,Vip,L23,EXC,Nr5a1,L23,50.0,75.0,75.0,100.0,AISynphys,Accessed on 2025-07-08 00:00:007,0.0,1
6007,VISp,INH,Vip,L23,EXC,Nr5a1,L23,100.0,125.0,0.0,25.0,AISynphys,Accessed on 2025-07-08 00:00:007,0.0,1
6008,VISp,INH,Vip,L23,EXC,Nr5a1,L4,0.0,25.0,25.0,50.0,AISynphys,Accessed on 2025-07-08 00:00:007,0.0,3
6009,VISp,INH,Vip,L23,EXC,Nr5a1,L4,0.0,25.0,50.0,75.0,AISynphys,Accessed on 2025-07-08 00:00:007,0.0,5
6010,VISp,INH,Vip,L23,EXC,Nr5a1,L4,0.0,25.0,75.0,100.0,AISynphys,Accessed on 2025-07-08 00:00:007,0.0,2
6011,VISp,INH,Vip,L23,EXC,Nr5a1,L4,0.0,25.0,100.0,125.0,AISynphys,Accessed on 2025-07-08 00:00:007,0.0,2
6012,VISp,INH,Vip,L23,EXC,Nr5a1,L4,0.0,25.0,125.0,150.0,AISynphys,Accessed on 2025-07-08 00:00:007,0.0,5
6013,VISp,INH,Vip,L23,EXC,Nr5a1,L4,0.0,25.0,150.0,175.0,AISynphys,Accessed on 2025-07-08 00:00:007,0.0,2
6014,VISp,INH,Vip,L23,EXC,Nr5a1,L4,0.0,25.0,175.0,200.0,AISynphys,Accessed on 2025-07-08 00:00:007,0.0,1
6015,VISp,INH,Vip,L23,EXC,Nr5a1,L4,25.0,50.0,50.0,75.0,AISynphys,Accessed on 2025-07-08 00:00:007,0.0,5
6016,VISp,INH,Vip,L23,EXC,Nr5a1,L4,25.0,50.0,75.0,100.0,AISynphys,Accessed on 2025-07-08 00:00:007,0.0,3
6017,VISp,INH,Vip,L23,EXC,Nr5a1,L4,25.0,50.0,100.0,125.0,AISynphys,Accessed on 2025-07-08 00:00:007,0.0,3
6018,VISp,INH,Vip,L23,EXC,Nr5a1,L4,25.0,50.0,125.0,150.0,AISynphys,Accessed on 2025-07-08 00:00:007,0.0,4
6019,VISp,INH,Vip,L23,EXC,Nr5a1,L4,25.0,50.0,150.0,175.0,AISynphys,Accessed on 2025-07-08 00:00:007,0.0,3
6020,VISp,INH,Vip,L23,EXC,Nr5a1,L4,25.0,50.0,175.0,200.0,AISynphys,Accessed on 2025-07-08 00:00:007,0.0,1
6021,VISp,INH,Vip,L23,EXC,Nr5a1,L4,50.0,75.0,25.0,50.0,AISynphys,Accessed on 2025-07-08 00:00:007,0.0,1
6022,VISp,INH,Vip,L23,EXC,Nr5a1,L4,50.0,75.0,50.0,75.0,AISynphys,Accessed on 2025-07-08 00:00:007,0.0,1
6023,VISp,INH,Vip,L23,EXC,Nr5a1,L4,50.0,75.0,75.0,100.0,AISynphys,Accessed on 2025-07-08 00:00:007,0.0,2
6024,VISp,INH,Vip,L23,EXC,Nr5a1,L4,50.0,75.0,100.0,125.0,AISynphys,Accessed on 2025-07-08 00:00:007,0.0,2
6025,VISp,INH,Vip,L23,EXC,Nr5a1,L4,50.0,75.0,125.0,150.0,AISynphys,Accessed on 2025-07-08 00:00:007,0.0,1
6026,VISp,INH,Vip,L23,EXC,Nr5a1,L4,50.0,75.0,150.0,175.0,AISynphys,Accessed on 2025-07-08 00:00:007,0.0,1
6027,VISp,INH,Vip,L23,EXC,Nr5a1,L4,75.0,100.0,50.0,75.0,AISynphys,Accessed on 2025-07-08 00:00:007,0.0,2
6028,VISp,INH,Vip,L23,EXC,Nr5a1,L4,75.0,100.0,75.0,100.0,AISynphys,Accessed on 2025-07-08 00:00:007,0.0,2
6029,VISp,INH,Vip,L23,EXC,Nr5a1,L4,75.0,100.0,100.0,125.0,AISynphys,Accessed on 2025-07-08 00:00:007,0.0,1
6030,VISp,INH,Vip,L23,EXC,Nr5a1,L4,75.0,100.0,175.0,200.0,AISynphys,Accessed on 2025-07-08 00:00:007,0.0,1
6031,VISp,INH,Vip,L23,EXC,Nr5a1,L4,100.0,125.0,50.0,75.0,AISynphys,Accessed on 2025-07-08 00:00:007,0.0,3
6032,VISp,INH,Vip,L23,EXC,Nr5a1,L4,100.0,125.0,75.0,100.0,AISynphys,Accessed on 2025-07-08 00:00:007,0.0,1
6033,VISp,INH,Vip,L23,EXC,Nr5a1,L4,125.0,150.0,100.0,125.0,AISynphys,Accessed on 2025-07-08 00:00:007,0.0,1
6034,VISp,INH,Vip,L23,EXC,Nr5a1,L4,125.0,150.0,125.0,150.0,AISynphys,Accessed on 2025-07-08 00:00:007,0.0,1
6035,VISp,INH,Vip,L23,EXC,Nr5a1,L4,150.0,175.0,200.0,225.0,AISynphys,Accessed on 2025-07-08 00:00:007,0.0,1
6036,VISp,INH,Vip,L23,EXC,Nr5a1,L4,175.0,200.0,25.0,50.0,AISynphys,Accessed on 2025-07-08 00:00:007,0.0,1
6037,VISp,INH,Vip,L23,EXC,Ntsr1,L6a,0.0,25.0,425.0,450.0,AISynphys,Accessed on 2025-07-08 00:00:007,0.0,1
6038,VISp,INH,Vip,L23,EXC,Ntsr1,L6a,0.0,25.0,525.0,550.0,AISynphys,Accessed on 2025-07-08 00:00:007,0.0,1
6039,VISp,INH,Vip,L23,EXC,Ntsr1,L6a,25.0,50.0,525.0,550.0,AISynphys,Accessed on 2025-07-08 00:00:007,0.0,1
6040,VISp,INH,Vip,L23,EXC,Ntsr1,L6a,100.0,125.0,375.0,400.0,AISynphys,Accessed on 2025-07-08 00:00:007,0.0,1
6041,VISp,INH,Vip,L23,EXC,Ntsr1,L6a,125.0,150.0,650.0,675.0,AISynphys,Accessed on 2025-07-08 00:00:007,0.0,1
6042,VISp,INH,Vip,L23,EXC,Ntsr1,L6a,150.0,175.0,525.0,550.0,AISynphys,Accessed on 2025-07-08 00:00:007,0.0,1
6043,VISp,INH,Vip,L23,EXC,Ntsr1,L6b,0.0,25.0,575.0,600.0,AISynphys,Accessed on 2025-07-08 00:00:007,0.0,1
6044,VISp,INH,Vip,L23,EXC,Ntsr1,L6b,0.0,25.0,675.0,700.0,AISynphys,Accessed on 2025-07-08 00:00:007,0.0,1
6045,VISp,INH,Vip,L23,EXC,Ntsr1,L6b,100.0,125.0,575.0,600.0,AISynphys,Accessed on 2025-07-08 00:00:007,0.0,1
6046,VISp,INH,Vip,L23,EXC,Ntsr1,L6b,100.0,125.0,675.0,700.0,AISynphys,Accessed on 2025-07-08 00:00:007,0.0,1
6047,VISp,INH,Vip,L23,EXC,Sim1,L4,0.0,25.0,75.0,100.0,AISynphys,Accessed on 2025-07-08 00:00:007,0.0,1
6048,VISp,INH,Vip,L23,EXC,Sim1,L4,0.0,25.0,125.0,150.0,AISynphys,Accessed on 2025-07-08 00:00:007,0.0,1
6049,VISp,INH,Vip,L23,EXC,Sim1,L4,0.0,25.0,150.0,175.0,AISynphys,Accessed on 2025-07-08 00:00:007,0.0,2
6050,VISp,INH,Vip,L23,EXC,Sim1,L4,25.0,50.0,75.0,100.0,AISynphys,Accessed on 2025-07-08 00:00:007,0.0,1
6051,VISp,INH,Vip,L23,EXC,Sim1,L4,25.0,50.0,150.0,175.0,AISynphys,Accessed on 2025-07-08 00:00:007,0.0,2
6052,VISp,INH,Vip,L23,EXC,Sim1,L4,25.0,50.0,200.0,225.0,AISynphys,Accessed on 2025-07-08 00:00:007,0.0,1
6053,VISp,INH,Vip,L23,EXC,Sim1,L4,50.0,75.0,50.0,75.0,AISynphys,Accessed on 2025-07-08 00:00:007,0.0,1
6054,VISp,INH,Vip,L23,EXC,Sim1,L4,50.0,75.0,100.0,125.0,AISynphys,Accessed on 2025-07-08 00:00:007,0.0,1
6055,VISp,INH,Vip,L23,EXC,Sim1,L4,50.0,75.0,150.0,175.0,AISynphys,Accessed on 2025-07-08 00:00:007,0.0,1
6056,VISp,INH,Vip,L23,EXC,Sim1,L4,50.0,75.0,225.0,250.0,AISynphys,Accessed on 2025-07-08 00:00:007,0.0,1
6057,VISp,INH,Vip,L23,EXC,Sim1,L4,50.0,75.0,250.0,275.0,AISynphys,Accessed on 2025-07-08 00:00:007,0.0,1
6058,VISp,INH,Vip,L23,EXC,Sim1,L4,75.0,100.0,125.0,150.0,AISynphys,Accessed on 2025-07-08 00:00:007,0.0,3
6059,VISp,INH,Vip,L23,EXC,Sim1,L4,75.0,100.0,175.0,200.0,AISynphys,Accessed on 2025-07-08 00:00:007,0.0,1
6060,VISp,INH,Vip,L23,EXC,Sim1,L4,100.0,125.0,125.0,150.0,AISynphys,Accessed on 2025-07-08 00:00:007,0.0,1
6061,VISp,INH,Vip,L23,EXC,Sim1,L4,100.0,125.0,150.0,175.0,AISynphys,Accessed on 2025-07-08 00:00:007,0.0,1
6062,VISp,INH,Vip,L23,EXC,Sim1,L4,125.0,150.0,75.0,100.0,AISynphys,Accessed on 2025-07-08 00:00:007,0.0,1
6063,VISp,INH,Vip,L23,EXC,Sim1,L4,125.0,150.0,100.0,125.0,AISynphys,Accessed on 2025-07-08 00:00:007,0.0,1
6064,VISp,INH,Vip,L23,EXC,Sim1,L4,150.0,175.0,175.0,200.0,AISynphys,Accessed on 2025-07-08 00:00:007,0.0,1
6065,VISp,INH,Vip,L23,EXC,Sim1,L5,0.0,25.0,75.0,100.0,AISynphys,Accessed on 2025-07-08 00:00:007,0.0,1
6066,VISp,INH,Vip,L23,EXC,Sim1,L5,0.0,25.0,125.0,150.0,AISynphys,Accessed on 2025-07-08 00:00:007,0.0,1
6067,VISp,INH,Vip,L23,EXC,Sim1,L5,0.0,25.0,175.0,200.0,AISynphys,Accessed on 2025-07-08 00:00:007,0.0,1
6068,VISp,INH,Vip,L23,EXC,Sim1,L5,0.0,25.0,325.0,350.0,AISynphys,Accessed on 2025-07-08 00:00:007,0.0,1
6069,VISp,INH,Vip,L23,EXC,Sim1,L5,0.0,25.0,350.0,375.0,AISynphys,Accessed on 2025-07-08 00:00:007,0.0,1
6070,VISp,INH,Vip,L23,EXC,Sim1,L5,25.0,50.0,100.0,125.0,AISynphys,Accessed on 2025-07-08 00:00:007,0.0,1
6071,VISp,INH,Vip,L23,EXC,Sim1,L5,25.0,50.0,200.0,225.0,AISynphys,Accessed on 2025-07-08 00:00:007,0.0,1
6072,VISp,INH,Vip,L23,EXC,Sim1,L5,25.0,50.0,250.0,275.0,AISynphys,Accessed on 2025-07-08 00:00:007,0.0,1
6073,VISp,INH,Vip,L23,EXC,Sim1,L5,25.0,50.0,300.0,325.0,AISynphys,Accessed on 2025-07-08 00:00:007,0.0,1
6074,VISp,INH,Vip,L23,EXC,Sim1,L5,25.0,50.0,350.0,375.0,AISynphys,Accessed on 2025-07-08 00:00:007,0.0,1
6075,VISp,INH,Vip,L23,EXC,Sim1,L5,25.0,50.0,375.0,400.0,AISynphys,Accessed on 2025-07-08 00:00:007,0.0,1
6076,VISp,INH,Vip,L23,EXC,Sim1,L5,50.0,75.0,125.0,150.0,AISynphys,Accessed on 2025-07-08 00:00:007,0.0,1
6077,VISp,INH,Vip,L23,EXC,Sim1,L5,50.0,75.0,175.0,200.0,AISynphys,Accessed on 2025-07-08 00:00:007,0.0,2
6078,VISp,INH,Vip,L23,EXC,Sim1,L5,50.0,75.0,325.0,350.0,AISynphys,Accessed on 2025-07-08 00:00:007,0.0,1
6079,VISp,INH,Vip,L23,EXC,Sim1,L5,50.0,75.0,350.0,375.0,AISynphys,Accessed on 2025-07-08 00:00:007,0.0,1
6080,VISp,INH,Vip,L23,EXC,Sim1,L5,75.0,100.0,100.0,125.0,AISynphys,Accessed on 2025-07-08 00:00:007,0.0,1
6081,VISp,INH,Vip,L23,EXC,Sim1,L5,75.0,100.0,300.0,325.0,AISynphys,Accessed on 2025-07-08 00:00:007,0.0,1
6082,VISp,INH,Vip,L23,EXC,Sim1,L5,100.0,125.0,75.0,100.0,AISynphys,Accessed on 2025-07-08 00:00:007,0.0,1
6083,VISp,INH,Vip,L23,EXC,Sim1,L5,100.0,125.0,150.0,175.0,AISynphys,Accessed on 2025-07-08 00:00:007,0.0,2
6084,VISp,INH,Vip,L23,EXC,Sim1,L5,100.0,125.0,350.0,375.0,AISynphys,Accessed on 2025-07-08 00:00:007,0.0,1
6085,VISp,INH,Vip,L23,EXC,Sim1,L5,100.0,125.0,375.0,400.0,AISynphys,Accessed on 2025-07-08 00:00:007,0.0,1
6086,VISp,INH,Vip,L23,EXC,Sim1,L5,125.0,150.0,375.0,400.0,AISynphys,Accessed on 2025-07-08 00:00:007,0.0,1
6087,VISp,INH,Vip,L23,EXC,Sim1,L5,125.0,150.0,400.0,425.0,AISynphys,Accessed on 2025-07-08 00:00:007,0.0,1
6088,VISp,INH,Vip,L23,EXC,Sim1,L5,150.0,175.0,350.0,375.0,AISynphys,Accessed on 2025-07-08 00:00:007,0.0,2
6089,VISp,INH,Vip,L23,EXC,Sim1,L6a,0.0,25.0,375.0,400.0,AISynphys,Accessed on 2025-07-08 00:00:007,0.0,1
6090,VISp,INH,Vip,L23,EXC,Sim1,L6a,100.0,125.0,450.0,475.0,AISynphys,Accessed on 2025-07-08 00:00:007,0.0,1
6091,VISp,INH,Vip,L23,EXC,Tlx3,L23,75.0,100.0,0.0,25.0,AISynphys,Accessed on 2025-07-08 00:00:007,0.0,1
6092,VISp,INH,Vip,L23,EXC,Tlx3,L4,0.0,25.0,275.0,300.0,AISynphys,Accessed on 2025-07-08 00:00:007,0.0,1
6093,VISp,INH,Vip,L23,EXC,Tlx3,L4,0.0,25.0,300.0,325.0,AISynphys,Accessed on 2025-07-08 00:00:007,0.0,1
6094,VISp,INH,Vip,L23,EXC,Tlx3,L4,0.0,25.0,325.0,350.0,AISynphys,Accessed on 2025-07-08 00:00:007,0.0,1
6095,VISp,INH,Vip,L23,EXC,Tlx3,L4,25.0,50.0,250.0,275.0,AISynphys,Accessed on 2025-07-08 00:00:007,0.0,1
6096,VISp,INH,Vip,L23,EXC,Tlx3,L4,75.0,100.0,25.0,50.0,AISynphys,Accessed on 2025-07-08 00:00:007,0.0,1
6097,VISp,INH,Vip,L23,EXC,Tlx3,L4,75.0,100.0,300.0,325.0,AISynphys,Accessed on 2025-07-08 00:00:007,0.0,1
6098,VISp,INH,Vip,L23,EXC,Tlx3,L4,75.0,100.0,325.0,350.0,AISynphys,Accessed on 2025-07-08 00:00:007,0.0,1
6099,VISp,INH,Vip,L23,EXC,Tlx3,L4,125.0,150.0,250.0,275.0,AISynphys,Accessed on 2025-07-08 00:00:007,0.0,1
6100,VISp,INH,Vip,L23,EXC,Tlx3,L4,125.0,150.0,275.0,300.0,AISynphys,Accessed on 2025-07-08 00:00:007,0.0,1
6101,VISp,INH,Vip,L23,EXC,Tlx3,L4,150.0,175.0,25.0,50.0,AISynphys,Accessed on 2025-07-08 00:00:007,0.0,1
6102,VISp,INH,Vip,L23,EXC,Tlx3,L4,175.0,200.0,250.0,275.0,AISynphys,Accessed on 2025-07-08 00:00:007,0.0,1
6103,VISp,INH,Vip,L23,EXC,Tlx3,L4,225.0,250.0,75.0,100.0,AISynphys,Accessed on 2025-07-08 00:00:007,0.0,1
6104,VISp,INH,Vip,L23,EXC,Tlx3,L5,0.0,25.0,150.0,175.0,AISynphys,Accessed on 2025-07-08 00:00:007,0.0,2
6105,VISp,INH,Vip,L23,EXC,Tlx3,L5,0.0,25.0,175.0,200.0,AISynphys,Accessed on 2025-07-08 00:00:007,0.0,1
6106,VISp,INH,Vip,L23,EXC,Tlx3,L5,0.0,25.0,200.0,225.0,AISynphys,Accessed on 2025-07-08 00:00:007,0.0,2
6107,VISp,INH,Vip,L23,EXC,Tlx3,L5,0.0,25.0,300.0,325.0,AISynphys,Accessed on 2025-07-08 00:00:007,0.0,2
6108,VISp,INH,Vip,L23,EXC,Tlx3,L5,0.0,25.0,375.0,400.0,AISynphys,Accessed on 2025-07-08 00:00:007,0.0,1
6109,VISp,INH,Vip,L23,EXC,Tlx3,L5,0.0,25.0,450.0,475.0,AISynphys,Accessed on 2025-07-08 00:00:007,0.0,1
6110,VISp,INH,Vip,L23,EXC,Tlx3,L5,25.0,50.0,100.0,125.0,AISynphys,Accessed on 2025-07-08 00:00:007,0.0,1
6111,VISp,INH,Vip,L23,EXC,Tlx3,L5,25.0,50.0,150.0,175.0,AISynphys,Accessed on 2025-07-08 00:00:007,0.0,1
6112,VISp,INH,Vip,L23,EXC,Tlx3,L5,25.0,50.0,200.0,225.0,AISynphys,Accessed on 2025-07-08 00:00:007,0.0,1
6113,VISp,INH,Vip,L23,EXC,Tlx3,L5,25.0,50.0,300.0,325.0,AISynphys,Accessed on 2025-07-08 00:00:007,0.0,1
6114,VISp,INH,Vip,L23,EXC,Tlx3,L5,25.0,50.0,375.0,400.0,AISynphys,Accessed on 2025-07-08 00:00:007,0.0,2
6115,VISp,INH,Vip,L23,EXC,Tlx3,L5,50.0,75.0,100.0,125.0,AISynphys,Accessed on 2025-07-08 00:00:007,0.0,1
6116,VISp,INH,Vip,L23,EXC,Tlx3,L5,50.0,75.0,150.0,175.0,AISynphys,Accessed on 2025-07-08 00:00:007,0.0,1
6117,VISp,INH,Vip,L23,EXC,Tlx3,L5,50.0,75.0,200.0,225.0,AISynphys,Accessed on 2025-07-08 00:00:007,0.0,1
6118,VISp,INH,Vip,L23,EXC,Tlx3,L5,50.0,75.0,225.0,250.0,AISynphys,Accessed on 2025-07-08 00:00:007,0.0,1
6119,VISp,INH,Vip,L23,EXC,Tlx3,L5,50.0,75.0,300.0,325.0,AISynphys,Accessed on 2025-07-08 00:00:007,0.0,1
6120,VISp,INH,Vip,L23,EXC,Tlx3,L5,75.0,100.0,50.0,75.0,AISynphys,Accessed on 2025-07-08 00:00:007,0.0,1
6121,VISp,INH,Vip,L23,EXC,Tlx3,L5,75.0,100.0,100.0,125.0,AISynphys,Accessed on 2025-07-08 00:00:007,0.0,2
6122,VISp,INH,Vip,L23,EXC,Tlx3,L5,75.0,100.0,125.0,150.0,AISynphys,Accessed on 2025-07-08 00:00:007,0.0,1
6123,VISp,INH,Vip,L23,EXC,Tlx3,L5,75.0,100.0,200.0,225.0,AISynphys,Accessed on 2025-07-08 00:00:007,0.0,1
6124,VISp,INH,Vip,L23,EXC,Tlx3,L5,75.0,100.0,375.0,400.0,AISynphys,Accessed on 2025-07-08 00:00:007,0.0,1
6125,VISp,INH,Vip,L23,EXC,Tlx3,L5,75.0,100.0,425.0,450.0,AISynphys,Accessed on 2025-07-08 00:00:007,0.0,1
6126,VISp,INH,Vip,L23,EXC,Tlx3,L5,100.0,125.0,100.0,125.0,AISynphys,Accessed on 2025-07-08 00:00:007,0.0,1
6127,VISp,INH,Vip,L23,EXC,Tlx3,L5,100.0,125.0,250.0,275.0,AISynphys,Accessed on 2025-07-08 00:00:007,0.0,1
6128,VISp,INH,Vip,L23,EXC,Tlx3,L5,100.0,125.0,300.0,325.0,AISynphys,Accessed on 2025-07-08 00:00:007,0.0,1
6129,VISp,INH,Vip,L23,EXC,Tlx3,L5,100.0,125.0,350.0,375.0,AISynphys,Accessed on 2025-07-08 00:00:007,0.0,1
6130,VISp,INH,Vip,L23,EXC,Tlx3,L5,125.0,150.0,75.0,100.0,AISynphys,Accessed on 2025-07-08 00:00:007,0.0,1
6131,VISp,INH,Vip,L23,EXC,Tlx3,L5,125.0,150.0,100.0,125.0,AISynphys,Accessed on 2025-07-08 00:00:007,0.0,1
6132,VISp,INH,Vip,L23,EXC,Tlx3,L5,125.0,150.0,125.0,150.0,AISynphys,Accessed on 2025-07-08 00:00:007,0.0,1
6133,VISp,INH,Vip,L23,EXC,Tlx3,L5,125.0,150.0,225.0,250.0,AISynphys,Accessed on 2025-07-08 00:00:007,0.0,1
6134,VISp,INH,Vip,L23,EXC,Tlx3,L5,175.0,200.0,25.0,50.0,AISynphys,Accessed on 2025-07-08 00:00:007,0.0,1
6135,VISp,INH,Vip,L23,INH,Pvalb,L23,0.0,25.0,0.0,25.0,AISynphys,Accessed on 2025-07-08 00:00:007,0.2,5
6136,VISp,INH,Vip,L23,INH,Pvalb,L23,0.0,25.0,25.0,50.0,AISynphys,Accessed on 2025-07-08 00:00:007,0.0,3
6137,VISp,INH,Vip,L23,INH,Pvalb,L23,0.0,25.0,50.0,75.0,AISynphys,Accessed on 2025-07-08 00:00:007,0.0,3
6138,VISp,INH,Vip,L23,INH,Pvalb,L23,0.0,25.0,75.0,100.0,AISynphys,Accessed on 2025-07-08 00:00:007,0.0,2
6139,VISp,INH,Vip,L23,INH,Pvalb,L23,0.0,25.0,100.0,125.0,AISynphys,Accessed on 2025-07-08 00:00:007,0.0,2
6140,VISp,INH,Vip,L23,INH,Pvalb,L23,0.0,25.0,150.0,175.0,AISynphys,Accessed on 2025-07-08 00:00:007,0.0,1
6141,VISp,INH,Vip,L23,INH,Pvalb,L23,25.0,50.0,0.0,25.0,AISynphys,Accessed on 2025-07-08 00:00:007,0.0,4
6142,VISp,INH,Vip,L23,INH,Pvalb,L23,25.0,50.0,25.0,50.0,AISynphys,Accessed on 2025-07-08 00:00:007,0.0,3
6143,VISp,INH,Vip,L23,INH,Pvalb,L23,25.0,50.0,50.0,75.0,AISynphys,Accessed on 2025-07-08 00:00:007,0.0,3
6144,VISp,INH,Vip,L23,INH,Pvalb,L23,25.0,50.0,75.0,100.0,AISynphys,Accessed on 2025-07-08 00:00:007,0.0,2
6145,VISp,INH,Vip,L23,INH,Pvalb,L23,25.0,50.0,100.0,125.0,AISynphys,Accessed on 2025-07-08 00:00:007,0.0,1
6146,VISp,INH,Vip,L23,INH,Pvalb,L23,25.0,50.0,125.0,150.0,AISynphys,Accessed on 2025-07-08 00:00:007,0.0,1
6147,VISp,INH,Vip,L23,INH,Pvalb,L23,25.0,50.0,150.0,175.0,AISynphys,Accessed on 2025-07-08 00:00:007,0.0,1
6148,VISp,INH,Vip,L23,INH,Pvalb,L23,50.0,75.0,0.0,25.0,AISynphys,Accessed on 2025-07-08 00:00:007,0.0,5
6149,VISp,INH,Vip,L23,INH,Pvalb,L23,50.0,75.0,25.0,50.0,AISynphys,Accessed on 2025-07-08 00:00:007,0.0,4
6150,VISp,INH,Vip,L23,INH,Pvalb,L23,50.0,75.0,50.0,75.0,AISynphys,Accessed on 2025-07-08 00:00:007,0.0,1
6151,VISp,INH,Vip,L23,INH,Pvalb,L23,50.0,75.0,75.0,100.0,AISynphys,Accessed on 2025-07-08 00:00:007,0.0,1
6152,VISp,INH,Vip,L23,INH,Pvalb,L23,50.0,75.0,100.0,125.0,AISynphys,Accessed on 2025-07-08 00:00:007,0.0,3
6153,VISp,INH,Vip,L23,INH,Pvalb,L23,50.0,75.0,150.0,175.0,AISynphys,Accessed on 2025-07-08 00:00:007,0.0,1
6154,VISp,INH,Vip,L23,INH,Pvalb,L23,75.0,100.0,0.0,25.0,AISynphys,Accessed on 2025-07-08 00:00:007,0.0,5
6155,VISp,INH,Vip,L23,INH,Pvalb,L23,75.0,100.0,25.0,50.0,AISynphys,Accessed on 2025-07-08 00:00:007,0.0,5
6156,VISp,INH,Vip,L23,INH,Pvalb,L23,75.0,100.0,50.0,75.0,AISynphys,Accessed on 2025-07-08 00:00:007,0.0,1
6157,VISp,INH,Vip,L23,INH,Pvalb,L23,75.0,100.0,75.0,100.0,AISynphys,Accessed on 2025-07-08 00:00:007,0.0,1
6158,VISp,INH,Vip,L23,INH,Pvalb,L23,75.0,100.0,100.0,125.0,AISynphys,Accessed on 2025-07-08 00:00:007,0.0,2
6159,VISp,INH,Vip,L23,INH,Pvalb,L23,100.0,125.0,0.0,25.0,AISynphys,Accessed on 2025-07-08 00:00:007,0.0,4
6160,VISp,INH,Vip,L23,INH,Pvalb,L23,100.0,125.0,25.0,50.0,AISynphys,Accessed on 2025-07-08 00:00:007,0.0,3
6161,VISp,INH,Vip,L23,INH,Pvalb,L23,100.0,125.0,50.0,75.0,AISynphys,Accessed on 2025-07-08 00:00:007,0.0,2
6162,VISp,INH,Vip,L23,INH,Pvalb,L23,100.0,125.0,75.0,100.0,AISynphys,Accessed on 2025-07-08 00:00:007,0.0,2
6163,VISp,INH,Vip,L23,INH,Pvalb,L23,100.0,125.0,125.0,150.0,AISynphys,Accessed on 2025-07-08 00:00:007,0.0,1
6164,VISp,INH,Vip,L23,INH,Pvalb,L23,125.0,150.0,0.0,25.0,AISynphys,Accessed on 2025-07-08 00:00:007,0.0,3
6165,VISp,INH,Vip,L23,INH,Pvalb,L23,125.0,150.0,25.0,50.0,AISynphys,Accessed on 2025-07-08 00:00:007,0.0,1
6166,VISp,INH,Vip,L23,INH,Pvalb,L23,125.0,150.0,50.0,75.0,AISynphys,Accessed on 2025-07-08 00:00:007,0.0,3
6167,VISp,INH,Vip,L23,INH,Pvalb,L23,125.0,150.0,100.0,125.0,AISynphys,Accessed on 2025-07-08 00:00:007,0.0,1
6168,VISp,INH,Vip,L23,INH,Pvalb,L23,150.0,175.0,25.0,50.0,AISynphys,Accessed on 2025-07-08 00:00:007,0.0,3
6169,VISp,INH,Vip,L23,INH,Pvalb,L23,150.0,175.0,50.0,75.0,AISynphys,Accessed on 2025-07-08 00:00:007,0.0,1
6170,VISp,INH,Vip,L23,INH,Pvalb,L23,175.0,200.0,0.0,25.0,AISynphys,Accessed on 2025-07-08 00:00:007,0.0,1
6171,VISp,INH,Vip,L23,INH,Pvalb,L23,175.0,200.0,25.0,50.0,AISynphys,Accessed on 2025-07-08 00:00:007,0.0,1
6172,VISp,INH,Vip,L23,INH,Pvalb,L23,175.0,200.0,75.0,100.0,AISynphys,Accessed on 2025-07-08 00:00:007,0.0,1
6173,VISp,INH,Vip,L23,INH,Pvalb,L4,0.0,25.0,25.0,50.0,AISynphys,Accessed on 2025-07-08 00:00:007,0.0,2
6174,VISp,INH,Vip,L23,INH,Pvalb,L4,0.0,25.0,100.0,125.0,AISynphys,Accessed on 2025-07-08 00:00:007,0.0,1
6175,VISp,INH,Vip,L23,INH,Pvalb,L4,0.0,25.0,150.0,175.0,AISynphys,Accessed on 2025-07-08 00:00:007,0.0,1
6176,VISp,INH,Vip,L23,INH,Pvalb,L4,25.0,50.0,25.0,50.0,AISynphys,Accessed on 2025-07-08 00:00:007,0.0,5
6177,VISp,INH,Vip,L23,INH,Pvalb,L4,25.0,50.0,75.0,100.0,AISynphys,Accessed on 2025-07-08 00:00:007,0.0,3
6178,VISp,INH,Vip,L23,INH,Pvalb,L4,25.0,50.0,100.0,125.0,AISynphys,Accessed on 2025-07-08 00:00:007,0.0,2
6179,VISp,INH,Vip,L23,INH,Pvalb,L4,25.0,50.0,125.0,150.0,AISynphys,Accessed on 2025-07-08 00:00:007,0.0,2
6180,VISp,INH,Vip,L23,INH,Pvalb,L4,50.0,75.0,50.0,75.0,AISynphys,Accessed on 2025-07-08 00:00:007,0.0,3
6181,VISp,INH,Vip,L23,INH,Pvalb,L4,50.0,75.0,150.0,175.0,AISynphys,Accessed on 2025-07-08 00:00:007,0.0,1
6182,VISp,INH,Vip,L23,INH,Pvalb,L4,50.0,75.0,175.0,200.0,AISynphys,Accessed on 2025-07-08 00:00:007,0.0,1
6183,VISp,INH,Vip,L23,INH,Pvalb,L4,50.0,75.0,200.0,225.0,AISynphys,Accessed on 2025-07-08 00:00:007,0.0,1
6184,VISp,INH,Vip,L23,INH,Pvalb,L4,75.0,100.0,25.0,50.0,AISynphys,Accessed on 2025-07-08 00:00:007,0.0,1
6185,VISp,INH,Vip,L23,INH,Pvalb,L4,100.0,125.0,75.0,100.0,AISynphys,Accessed on 2025-07-08 00:00:007,0.0,1
6186,VISp,INH,Vip,L23,INH,Pvalb,L4,125.0,150.0,25.0,50.0,AISynphys,Accessed on 2025-07-08 00:00:007,0.0,1
6187,VISp,INH,Vip,L23,INH,Pvalb,L4,125.0,150.0,100.0,125.0,AISynphys,Accessed on 2025-07-08 00:00:007,0.0,2
6188,VISp,INH,Vip,L23,INH,Pvalb,L4,150.0,175.0,25.0,50.0,AISynphys,Accessed on 2025-07-08 00:00:007,0.0,1
6189,VISp,INH,Vip,L23,INH,Pvalb,L4,150.0,175.0,200.0,225.0,AISynphys,Accessed on 2025-07-08 00:00:007,0.0,1
6190,VISp,INH,Vip,L23,INH,Pvalb,L4,175.0,200.0,75.0,100.0,AISynphys,Accessed on 2025-07-08 00:00:007,0.0,1
6191,VISp,INH,Vip,L23,INH,Pvalb,L4,200.0,225.0,75.0,100.0,AISynphys,Accessed on 2025-07-08 00:00:007,0.0,1
6192,VISp,INH,Vip,L23,INH,Pvalb,L4,250.0,275.0,25.0,50.0,AISynphys,Accessed on 2025-07-08 00:00:007,0.0,1
6193,VISp,INH,Vip,L23,INH,Pvalb,L5,0.0,25.0,50.0,75.0,AISynphys,Accessed on 2025-07-08 00:00:007,0.0,1
6194,VISp,INH,Vip,L23,INH,Pvalb,L5,0.0,25.0,125.0,150.0,AISynphys,Accessed on 2025-07-08 00:00:007,0.0,1
6195,VISp,INH,Vip,L23,INH,Pvalb,L5,0.0,25.0,150.0,175.0,AISynphys,Accessed on 2025-07-08 00:00:007,0.0,1
6196,VISp,INH,Vip,L23,INH,Pvalb,L5,0.0,25.0,175.0,200.0,AISynphys,Accessed on 2025-07-08 00:00:007,0.0,2
6197,VISp,INH,Vip,L23,INH,Pvalb,L5,0.0,25.0,250.0,275.0,AISynphys,Accessed on 2025-07-08 00:00:007,0.0,1
6198,VISp,INH,Vip,L23,INH,Pvalb,L5,0.0,25.0,275.0,300.0,AISynphys,Accessed on 2025-07-08 00:00:007,0.0,1
6199,VISp,INH,Vip,L23,INH,Pvalb,L5,0.0,25.0,300.0,325.0,AISynphys,Accessed on 2025-07-08 00:00:007,0.0,1
6200,VISp,INH,Vip,L23,INH,Pvalb,L5,25.0,50.0,75.0,100.0,AISynphys,Accessed on 2025-07-08 00:00:007,0.0,1
6201,VISp,INH,Vip,L23,INH,Pvalb,L5,25.0,50.0,125.0,150.0,AISynphys,Accessed on 2025-07-08 00:00:007,0.0,1
6202,VISp,INH,Vip,L23,INH,Pvalb,L5,25.0,50.0,225.0,250.0,AISynphys,Accessed on 2025-07-08 00:00:007,0.5,2
6203,VISp,INH,Vip,L23,INH,Pvalb,L5,50.0,75.0,75.0,100.0,AISynphys,Accessed on 2025-07-08 00:00:007,0.0,2
6204,VISp,INH,Vip,L23,INH,Pvalb,L5,50.0,75.0,100.0,125.0,AISynphys,Accessed on 2025-07-08 00:00:007,0.0,1
6205,VISp,INH,Vip,L23,INH,Pvalb,L5,50.0,75.0,125.0,150.0,AISynphys,Accessed on 2025-07-08 00:00:007,0.0,1
6206,VISp,INH,Vip,L23,INH,Pvalb,L5,50.0,75.0,175.0,200.0,AISynphys,Accessed on 2025-07-08 00:00:007,0.0,2
6207,VISp,INH,Vip,L23,INH,Pvalb,L5,50.0,75.0,275.0,300.0,AISynphys,Accessed on 2025-07-08 00:00:007,0.0,1
6208,VISp,INH,Vip,L23,INH,Pvalb,L5,75.0,100.0,125.0,150.0,AISynphys,Accessed on 2025-07-08 00:00:007,0.0,1
6209,VISp,INH,Vip,L23,INH,Pvalb,L5,75.0,100.0,175.0,200.0,AISynphys,Accessed on 2025-07-08 00:00:007,0.0,1
6210,VISp,INH,Vip,L23,INH,Pvalb,L5,75.0,100.0,225.0,250.0,AISynphys,Accessed on 2025-07-08 00:00:007,0.0,1
6211,VISp,INH,Vip,L23,INH,Pvalb,L5,75.0,100.0,300.0,325.0,AISynphys,Accessed on 2025-07-08 00:00:007,0.0,1
6212,VISp,INH,Vip,L23,INH,Pvalb,L5,100.0,125.0,125.0,150.0,AISynphys,Accessed on 2025-07-08 00:00:007,0.0,2
6213,VISp,INH,Vip,L23,INH,Pvalb,L5,100.0,125.0,150.0,175.0,AISynphys,Accessed on 2025-07-08 00:00:007,0.0,1
6214,VISp,INH,Vip,L23,INH,Pvalb,L5,125.0,150.0,50.0,75.0,AISynphys,Accessed on 2025-07-08 00:00:007,0.0,1
6215,VISp,INH,Vip,L23,INH,Pvalb,L5,125.0,150.0,75.0,100.0,AISynphys,Accessed on 2025-07-08 00:00:007,0.0,1
6216,VISp,INH,Vip,L23,INH,Pvalb,L5,125.0,150.0,125.0,150.0,AISynphys,Accessed on 2025-07-08 00:00:007,0.0,1
6217,VISp,INH,Vip,L23,INH,Pvalb,L5,250.0,275.0,250.0,275.0,AISynphys,Accessed on 2025-07-08 00:00:007,0.0,1
6218,VISp,INH,Vip,L23,INH,Pvalb,L5,275.0,300.0,475.0,500.0,AISynphys,Accessed on 2025-07-08 00:00:007,0.0,1
6219,VISp,INH,Vip,L23,INH,Pvalb,L6a,0.0,25.0,500.0,525.0,AISynphys,Accessed on 2025-07-08 00:00:007,0.0,1
6220,VISp,INH,Vip,L23,INH,Pvalb,L6a,25.0,50.0,550.0,575.0,AISynphys,Accessed on 2025-07-08 00:00:007,0.0,1
6221,VISp,INH,Vip,L23,INH,Pvalb,L6a,50.0,75.0,400.0,425.0,AISynphys,Accessed on 2025-07-08 00:00:007,0.0,1
6222,VISp,INH,Vip,L23,INH,Pvalb,L6a,50.0,75.0,475.0,500.0,AISynphys,Accessed on 2025-07-08 00:00:007,0.0,1
6223,VISp,INH,Vip,L23,INH,Pvalb,L6a,125.0,150.0,475.0,500.0,AISynphys,Accessed on 2025-07-08 00:00:007,0.0,1
6224,VISp,INH,Vip,L23,INH,Pvalb,L6a,125.0,150.0,650.0,675.0,AISynphys,Accessed on 2025-07-08 00:00:007,0.0,1
6225,VISp,INH,Vip,L23,INH,Pvalb,L6a,150.0,175.0,375.0,400.0,AISynphys,Accessed on 2025-07-08 00:00:007,0.0,1
6226,VISp,INH,Vip,L23,INH,Pvalb,L6a,150.0,175.0,625.0,650.0,AISynphys,Accessed on 2025-07-08 00:00:007,0.0,1
6227,VISp,INH,Vip,L23,INH,Pvalb,L6a,175.0,200.0,475.0,500.0,AISynphys,Accessed on 2025-07-08 00:00:007,0.0,1
6228,VISp,INH,Vip,L23,INH,Pvalb,L6a,175.0,200.0,600.0,625.0,AISynphys,Accessed on 2025-07-08 00:00:007,0.0,1
6229,VISp,INH,Vip,L23,INH,Pvalb,L6a,175.0,200.0,675.0,700.0,AISynphys,Accessed on 2025-07-08 00:00:007,0.0,1
6230,VISp,INH,Vip,L23,INH,Pvalb,L6a,200.0,225.0,675.0,700.0,AISynphys,Accessed on 2025-07-08 00:00:007,0.0,1
6231,VISp,INH,Vip,L23,INH,Pvalb,L6a,275.0,300.0,525.0,550.0,AISynphys,Accessed on 2025-07-08 00:00:007,0.0,1
6232,VISp,INH,Vip,L23,INH,Sst,L1,0.0,25.0,150.0,175.0,AISynphys,Accessed on 2025-07-08 00:00:007,0.0,1
6233,VISp,INH,Vip,L23,INH,Sst,L1,0.0,25.0,200.0,225.0,AISynphys,Accessed on 2025-07-08 00:00:007,0.0,1
6234,VISp,INH,Vip,L23,INH,Sst,L1,100.0,125.0,50.0,75.0,AISynphys,Accessed on 2025-07-08 00:00:007,0.0,2
6235,VISp,INH,Vip,L23,INH,Sst,L23,0.0,25.0,0.0,25.0,AISynphys,Accessed on 2025-07-08 00:00:007,0.125,16
6236,VISp,INH,Vip,L23,INH,Sst,L23,0.0,25.0,25.0,50.0,AISynphys,Accessed on 2025-07-08 00:00:007,0.0,4
6237,VISp,INH,Vip,L23,INH,Sst,L23,0.0,25.0,50.0,75.0,AISynphys,Accessed on 2025-07-08 00:00:007,0.0,9
6238,VISp,INH,Vip,L23,INH,Sst,L23,0.0,25.0,75.0,100.0,AISynphys,Accessed on 2025-07-08 00:00:007,0.0,1
6239,VISp,INH,Vip,L23,INH,Sst,L23,0.0,25.0,100.0,125.0,AISynphys,Accessed on 2025-07-08 00:00:007,0.0,1
6240,VISp,INH,Vip,L23,INH,Sst,L23,25.0,50.0,0.0,25.0,AISynphys,Accessed on 2025-07-08 00:00:007,0.0,10
6241,VISp,INH,Vip,L23,INH,Sst,L23,25.0,50.0,25.0,50.0,AISynphys,Accessed on 2025-07-08 00:00:007,0.2857142857142857,7
6242,VISp,INH,Vip,L23,INH,Sst,L23,25.0,50.0,50.0,75.0,AISynphys,Accessed on 2025-07-08 00:00:007,0.16666666666666666,6
6243,VISp,INH,Vip,L23,INH,Sst,L23,25.0,50.0,75.0,100.0,AISynphys,Accessed on 2025-07-08 00:00:007,0.0,4
6244,VISp,INH,Vip,L23,INH,Sst,L23,25.0,50.0,100.0,125.0,AISynphys,Accessed on 2025-07-08 00:00:007,1.0,1
6245,VISp,INH,Vip,L23,INH,Sst,L23,25.0,50.0,125.0,150.0,AISynphys,Accessed on 2025-07-08 00:00:007,0.0,1
6246,VISp,INH,Vip,L23,INH,Sst,L23,50.0,75.0,0.0,25.0,AISynphys,Accessed on 2025-07-08 00:00:007,0.0,10
6247,VISp,INH,Vip,L23,INH,Sst,L23,50.0,75.0,25.0,50.0,AISynphys,Accessed on 2025-07-08 00:00:007,0.0,5
6248,VISp,INH,Vip,L23,INH,Sst,L23,50.0,75.0,50.0,75.0,AISynphys,Accessed on 2025-07-08 00:00:007,0.2,5
6249,VISp,INH,Vip,L23,INH,Sst,L23,50.0,75.0,75.0,100.0,AISynphys,Accessed on 2025-07-08 00:00:007,0.0,2
6250,VISp,INH,Vip,L23,INH,Sst,L23,50.0,75.0,100.0,125.0,AISynphys,Accessed on 2025-07-08 00:00:007,0.0,1
6251,VISp,INH,Vip,L23,INH,Sst,L23,50.0,75.0,125.0,150.0,AISynphys,Accessed on 2025-07-08 00:00:007,0.0,1
6252,VISp,INH,Vip,L23,INH,Sst,L23,50.0,75.0,150.0,175.0,AISynphys,Accessed on 2025-07-08 00:00:007,0.0,1
6253,VISp,INH,Vip,L23,INH,Sst,L23,75.0,100.0,0.0,25.0,AISynphys,Accessed on 2025-07-08 00:00:007,0.0,5
6254,VISp,INH,Vip,L23,INH,Sst,L23,75.0,100.0,25.0,50.0,AISynphys,Accessed on 2025-07-08 00:00:007,0.0,2
6255,VISp,INH,Vip,L23,INH,Sst,L23,75.0,100.0,50.0,75.0,AISynphys,Accessed on 2025-07-08 00:00:007,0.2,5
6256,VISp,INH,Vip,L23,INH,Sst,L23,75.0,100.0,75.0,100.0,AISynphys,Accessed on 2025-07-08 00:00:007,0.0,1
6257,VISp,INH,Vip,L23,INH,Sst,L23,75.0,100.0,100.0,125.0,AISynphys,Accessed on 2025-07-08 00:00:007,0.0,3
6258,VISp,INH,Vip,L23,INH,Sst,L23,75.0,100.0,150.0,175.0,AISynphys,Accessed on 2025-07-08 00:00:007,0.0,1
6259,VISp,INH,Vip,L23,INH,Sst,L23,100.0,125.0,0.0,25.0,AISynphys,Accessed on 2025-07-08 00:00:007,0.16666666666666666,6
6260,VISp,INH,Vip,L23,INH,Sst,L23,100.0,125.0,25.0,50.0,AISynphys,Accessed on 2025-07-08 00:00:007,0.0,5
6261,VISp,INH,Vip,L23,INH,Sst,L23,100.0,125.0,50.0,75.0,AISynphys,Accessed on 2025-07-08 00:00:007,0.0,2
6262,VISp,INH,Vip,L23,INH,Sst,L23,100.0,125.0,75.0,100.0,AISynphys,Accessed on 2025-07-08 00:00:007,0.0,1
6263,VISp,INH,Vip,L23,INH,Sst,L23,100.0,125.0,100.0,125.0,AISynphys,Accessed on 2025-07-08 00:00:007,1.0,1
6264,VISp,INH,Vip,L23,INH,Sst,L23,100.0,125.0,125.0,150.0,AISynphys,Accessed on 2025-07-08 00:00:007,0.0,1
6265,VISp,INH,Vip,L23,INH,Sst,L23,125.0,150.0,25.0,50.0,AISynphys,Accessed on 2025-07-08 00:00:007,0.0,5
6266,VISp,INH,Vip,L23,INH,Sst,L23,125.0,150.0,50.0,75.0,AISynphys,Accessed on 2025-07-08 00:00:007,0.0,3
6267,VISp,INH,Vip,L23,INH,Sst,L23,125.0,150.0,75.0,100.0,AISynphys,Accessed on 2025-07-08 00:00:007,0.0,1
6268,VISp,INH,Vip,L23,INH,Sst,L23,125.0,150.0,100.0,125.0,AISynphys,Accessed on 2025-07-08 00:00:007,0.0,1
6269,VISp,INH,Vip,L23,INH,Sst,L23,125.0,150.0,125.0,150.0,AISynphys,Accessed on 2025-07-08 00:00:007,0.0,2
6270,VISp,INH,Vip,L23,INH,Sst,L23,150.0,175.0,0.0,25.0,AISynphys,Accessed on 2025-07-08 00:00:007,0.0,1
6271,VISp,INH,Vip,L23,INH,Sst,L23,150.0,175.0,25.0,50.0,AISynphys,Accessed on 2025-07-08 00:00:007,0.0,4
6272,VISp,INH,Vip,L23,INH,Sst,L23,150.0,175.0,75.0,100.0,AISynphys,Accessed on 2025-07-08 00:00:007,0.0,1
6273,VISp,INH,Vip,L23,INH,Sst,L23,175.0,200.0,0.0,25.0,AISynphys,Accessed on 2025-07-08 00:00:007,0.0,4
6274,VISp,INH,Vip,L23,INH,Sst,L23,175.0,200.0,50.0,75.0,AISynphys,Accessed on 2025-07-08 00:00:007,0.0,1
6275,VISp,INH,Vip,L23,INH,Sst,L23,175.0,200.0,75.0,100.0,AISynphys,Accessed on 2025-07-08 00:00:007,0.0,1
6276,VISp,INH,Vip,L23,INH,Sst,L23,200.0,225.0,75.0,100.0,AISynphys,Accessed on 2025-07-08 00:00:007,0.0,2
6277,VISp,INH,Vip,L23,INH,Sst,L4,0.0,25.0,25.0,50.0,AISynphys,Accessed on 2025-07-08 00:00:007,0.0,1
6278,VISp,INH,Vip,L23,INH,Sst,L4,0.0,25.0,50.0,75.0,AISynphys,Accessed on 2025-07-08 00:00:007,0.0,2
6279,VISp,INH,Vip,L23,INH,Sst,L4,0.0,25.0,75.0,100.0,AISynphys,Accessed on 2025-07-08 00:00:007,0.5,4
6280,VISp,INH,Vip,L23,INH,Sst,L4,0.0,25.0,100.0,125.0,AISynphys,Accessed on 2025-07-08 00:00:007,0.0,4
6281,VISp,INH,Vip,L23,INH,Sst,L4,0.0,25.0,125.0,150.0,AISynphys,Accessed on 2025-07-08 00:00:007,0.0,2
6282,VISp,INH,Vip,L23,INH,Sst,L4,0.0,25.0,150.0,175.0,AISynphys,Accessed on 2025-07-08 00:00:007,0.0,2
6283,VISp,INH,Vip,L23,INH,Sst,L4,0.0,25.0,250.0,275.0,AISynphys,Accessed on 2025-07-08 00:00:007,0.0,1
6284,VISp,INH,Vip,L23,INH,Sst,L4,25.0,50.0,50.0,75.0,AISynphys,Accessed on 2025-07-08 00:00:007,0.0,1
6285,VISp,INH,Vip,L23,INH,Sst,L4,25.0,50.0,75.0,100.0,AISynphys,Accessed on 2025-07-08 00:00:007,0.0,2
6286,VISp,INH,Vip,L23,INH,Sst,L4,25.0,50.0,100.0,125.0,AISynphys,Accessed on 2025-07-08 00:00:007,0.0,2
6287,VISp,INH,Vip,L23,INH,Sst,L4,25.0,50.0,125.0,150.0,AISynphys,Accessed on 2025-07-08 00:00:007,0.3333333333333333,3
6288,VISp,INH,Vip,L23,INH,Sst,L4,25.0,50.0,200.0,225.0,AISynphys,Accessed on 2025-07-08 00:00:007,0.0,1
6289,VISp,INH,Vip,L23,INH,Sst,L4,25.0,50.0,225.0,250.0,AISynphys,Accessed on 2025-07-08 00:00:007,0.0,2
6290,VISp,INH,Vip,L23,INH,Sst,L4,50.0,75.0,25.0,50.0,AISynphys,Accessed on 2025-07-08 00:00:007,0.0,4
6291,VISp,INH,Vip,L23,INH,Sst,L4,50.0,75.0,50.0,75.0,AISynphys,Accessed on 2025-07-08 00:00:007,0.0,1
6292,VISp,INH,Vip,L23,INH,Sst,L4,50.0,75.0,75.0,100.0,AISynphys,Accessed on 2025-07-08 00:00:007,0.0,2
6293,VISp,INH,Vip,L23,INH,Sst,L4,50.0,75.0,100.0,125.0,AISynphys,Accessed on 2025-07-08 00:00:007,0.0,2
6294,VISp,INH,Vip,L23,INH,Sst,L4,50.0,75.0,175.0,200.0,AISynphys,Accessed on 2025-07-08 00:00:007,0.0,2
6295,VISp,INH,Vip,L23,INH,Sst,L4,50.0,75.0,200.0,225.0,AISynphys,Accessed on 2025-07-08 00:00:007,0.0,1
6296,VISp,INH,Vip,L23,INH,Sst,L4,50.0,75.0,250.0,275.0,AISynphys,Accessed on 2025-07-08 00:00:007,0.0,1
6297,VISp,INH,Vip,L23,INH,Sst,L4,75.0,100.0,25.0,50.0,AISynphys,Accessed on 2025-07-08 00:00:007,0.0,2
6298,VISp,INH,Vip,L23,INH,Sst,L4,75.0,100.0,50.0,75.0,AISynphys,Accessed on 2025-07-08 00:00:007,0.0,2
6299,VISp,INH,Vip,L23,INH,Sst,L4,75.0,100.0,75.0,100.0,AISynphys,Accessed on 2025-07-08 00:00:007,0.0,3
6300,VISp,INH,Vip,L23,INH,Sst,L4,75.0,100.0,100.0,125.0,AISynphys,Accessed on 2025-07-08 00:00:007,0.0,1
6301,VISp,INH,Vip,L23,INH,Sst,L4,75.0,100.0,150.0,175.0,AISynphys,Accessed on 2025-07-08 00:00:007,0.0,1
6302,VISp,INH,Vip,L23,INH,Sst,L4,75.0,100.0,200.0,225.0,AISynphys,Accessed on 2025-07-08 00:00:007,0.0,1
6303,VISp,INH,Vip,L23,INH,Sst,L4,100.0,125.0,25.0,50.0,AISynphys,Accessed on 2025-07-08 00:00:007,1.0,1
6304,VISp,INH,Vip,L23,INH,Sst,L4,100.0,125.0,50.0,75.0,AISynphys,Accessed on 2025-07-08 00:00:007,0.0,1
6305,VISp,INH,Vip,L23,INH,Sst,L4,100.0,125.0,75.0,100.0,AISynphys,Accessed on 2025-07-08 00:00:007,0.0,2
6306,VISp,INH,Vip,L23,INH,Sst,L4,100.0,125.0,100.0,125.0,AISynphys,Accessed on 2025-07-08 00:00:007,0.0,1
6307,VISp,INH,Vip,L23,INH,Sst,L4,100.0,125.0,175.0,200.0,AISynphys,Accessed on 2025-07-08 00:00:007,1.0,1
6308,VISp,INH,Vip,L23,INH,Sst,L4,125.0,150.0,125.0,150.0,AISynphys,Accessed on 2025-07-08 00:00:007,0.0,2
6309,VISp,INH,Vip,L23,INH,Sst,L4,125.0,150.0,150.0,175.0,AISynphys,Accessed on 2025-07-08 00:00:007,0.0,1
6310,VISp,INH,Vip,L23,INH,Sst,L4,150.0,175.0,25.0,50.0,AISynphys,Accessed on 2025-07-08 00:00:007,0.0,1
6311,VISp,INH,Vip,L23,INH,Sst,L4,175.0,200.0,150.0,175.0,AISynphys,Accessed on 2025-07-08 00:00:007,0.0,1
6312,VISp,INH,Vip,L23,INH,Sst,L5,0.0,25.0,125.0,150.0,AISynphys,Accessed on 2025-07-08 00:00:007,0.0,1
6313,VISp,INH,Vip,L23,INH,Sst,L5,0.0,25.0,250.0,275.0,AISynphys,Accessed on 2025-07-08 00:00:007,0.0,2
6314,VISp,INH,Vip,L23,INH,Sst,L5,0.0,25.0,275.0,300.0,AISynphys,Accessed on 2025-07-08 00:00:007,0.0,3
6315,VISp,INH,Vip,L23,INH,Sst,L5,0.0,25.0,300.0,325.0,AISynphys,Accessed on 2025-07-08 00:00:007,0.0,1
6316,VISp,INH,Vip,L23,INH,Sst,L5,25.0,50.0,150.0,175.0,AISynphys,Accessed on 2025-07-08 00:00:007,0.0,1
6317,VISp,INH,Vip,L23,INH,Sst,L5,25.0,50.0,200.0,225.0,AISynphys,Accessed on 2025-07-08 00:00:007,0.0,1
6318,VISp,INH,Vip,L23,INH,Sst,L5,25.0,50.0,275.0,300.0,AISynphys,Accessed on 2025-07-08 00:00:007,0.0,1
6319,VISp,INH,Vip,L23,INH,Sst,L5,25.0,50.0,300.0,325.0,AISynphys,Accessed on 2025-07-08 00:00:007,0.0,1
6320,VISp,INH,Vip,L23,INH,Sst,L5,25.0,50.0,350.0,375.0,AISynphys,Accessed on 2025-07-08 00:00:007,0.0,1
6321,VISp,INH,Vip,L23,INH,Sst,L5,25.0,50.0,400.0,425.0,AISynphys,Accessed on 2025-07-08 00:00:007,0.0,1
6322,VISp,INH,Vip,L23,INH,Sst,L5,25.0,50.0,500.0,525.0,AISynphys,Accessed on 2025-07-08 00:00:007,0.0,1
6323,VISp,INH,Vip,L23,INH,Sst,L5,50.0,75.0,125.0,150.0,AISynphys,Accessed on 2025-07-08 00:00:007,0.0,1
6324,VISp,INH,Vip,L23,INH,Sst,L5,50.0,75.0,150.0,175.0,AISynphys,Accessed on 2025-07-08 00:00:007,0.0,1
6325,VISp,INH,Vip,L23,INH,Sst,L5,50.0,75.0,200.0,225.0,AISynphys,Accessed on 2025-07-08 00:00:007,0.0,1
6326,VISp,INH,Vip,L23,INH,Sst,L5,50.0,75.0,350.0,375.0,AISynphys,Accessed on 2025-07-08 00:00:007,0.0,1
6327,VISp,INH,Vip,L23,INH,Sst,L5,50.0,75.0,550.0,575.0,AISynphys,Accessed on 2025-07-08 00:00:007,0.0,1
6328,VISp,INH,Vip,L23,INH,Sst,L5,75.0,100.0,350.0,375.0,AISynphys,Accessed on 2025-07-08 00:00:007,0.0,1
6329,VISp,INH,Vip,L23,INH,Sst,L5,100.0,125.0,150.0,175.0,AISynphys,Accessed on 2025-07-08 00:00:007,0.0,1
6330,VISp,INH,Vip,L23,INH,Sst,L5,100.0,125.0,225.0,250.0,AISynphys,Accessed on 2025-07-08 00:00:007,0.0,1
6331,VISp,INH,Vip,L23,INH,Sst,L5,100.0,125.0,250.0,275.0,AISynphys,Accessed on 2025-07-08 00:00:007,0.0,1
6332,VISp,INH,Vip,L23,INH,Sst,L5,100.0,125.0,300.0,325.0,AISynphys,Accessed on 2025-07-08 00:00:007,0.0,2
6333,VISp,INH,Vip,L23,INH,Sst,L5,100.0,125.0,425.0,450.0,AISynphys,Accessed on 2025-07-08 00:00:007,0.0,1
6334,VISp,INH,Vip,L23,INH,Sst,L5,125.0,150.0,175.0,200.0,AISynphys,Accessed on 2025-07-08 00:00:007,0.0,1
6335,VISp,INH,Vip,L23,INH,Sst,L5,125.0,150.0,275.0,300.0,AISynphys,Accessed on 2025-07-08 00:00:007,0.0,1
6336,VISp,INH,Vip,L23,INH,Sst,L5,125.0,150.0,325.0,350.0,AISynphys,Accessed on 2025-07-08 00:00:007,0.0,1
6337,VISp,INH,Vip,L23,INH,Sst,L5,125.0,150.0,375.0,400.0,AISynphys,Accessed on 2025-07-08 00:00:007,0.0,1
6338,VISp,INH,Vip,L23,INH,Sst,L5,150.0,175.0,225.0,250.0,AISynphys,Accessed on 2025-07-08 00:00:007,0.0,1
6339,VISp,INH,Vip,L23,INH,Sst,L5,150.0,175.0,425.0,450.0,AISynphys,Accessed on 2025-07-08 00:00:007,0.0,1
6340,VISp,INH,Vip,L23,INH,Sst,L5,200.0,225.0,475.0,500.0,AISynphys,Accessed on 2025-07-08 00:00:007,0.0,1
6341,VISp,INH,Vip,L23,INH,Sst,L6a,0.0,25.0,475.0,500.0,AISynphys,Accessed on 2025-07-08 00:00:007,0.0,1
6342,VISp,INH,Vip,L23,INH,Sst,L6a,25.0,50.0,600.0,625.0,AISynphys,Accessed on 2025-07-08 00:00:007,0.0,1
6343,VISp,INH,Vip,L23,INH,Sst,L6a,50.0,75.0,625.0,650.0,AISynphys,Accessed on 2025-07-08 00:00:007,0.0,1
6344,VISp,INH,Vip,L23,INH,Sst,L6a,75.0,100.0,650.0,675.0,AISynphys,Accessed on 2025-07-08 00:00:007,0.0,1
6345,VISp,INH,Vip,L23,INH,Sst,L6a,175.0,200.0,525.0,550.0,AISynphys,Accessed on 2025-07-08 00:00:007,0.0,1
6346,VISp,INH,Vip,L23,INH,Sst,L6a,175.0,200.0,550.0,575.0,AISynphys,Accessed on 2025-07-08 00:00:007,0.0,1
6347,VISp,INH,Vip,L23,INH,Sst,L6a,225.0,250.0,600.0,625.0,AISynphys,Accessed on 2025-07-08 00:00:007,0.0,1
6348,VISp,INH,Vip,L23,INH,Vip,L1,0.0,25.0,25.0,50.0,AISynphys,Accessed on 2025-07-08 00:00:007,0.0,1
6349,VISp,INH,Vip,L23,INH,Vip,L1,0.0,25.0,50.0,75.0,AISynphys,Accessed on 2025-07-08 00:00:007,0.0,1
6350,VISp,INH,Vip,L23,INH,Vip,L1,25.0,50.0,25.0,50.0,AISynphys,Accessed on 2025-07-08 00:00:007,0.0,2
6351,VISp,INH,Vip,L23,INH,Vip,L1,25.0,50.0,50.0,75.0,AISynphys,Accessed on 2025-07-08 00:00:007,0.0,1
6352,VISp,INH,Vip,L23,INH,Vip,L1,50.0,75.0,25.0,50.0,AISynphys,Accessed on 2025-07-08 00:00:007,0.0,3
6353,VISp,INH,Vip,L23,INH,Vip,L1,50.0,75.0,175.0,200.0,AISynphys,Accessed on 2025-07-08 00:00:007,0.0,1
6354,VISp,INH,Vip,L23,INH,Vip,L1,75.0,100.0,25.0,50.0,AISynphys,Accessed on 2025-07-08 00:00:007,0.0,1
6355,VISp,INH,Vip,L23,INH,Vip,L1,100.0,125.0,50.0,75.0,AISynphys,Accessed on 2025-07-08 00:00:007,0.0,2
6356,VISp,INH,Vip,L23,INH,Vip,L1,150.0,175.0,0.0,25.0,AISynphys,Accessed on 2025-07-08 00:00:007,0.0,1
6357,VISp,INH,Vip,L23,INH,Vip,L23,0.0,25.0,0.0,25.0,AISynphys,Accessed on 2025-07-08 00:00:007,0.0,32
6358,VISp,INH,Vip,L23,INH,Vip,L23,0.0,25.0,25.0,50.0,AISynphys,Accessed on 2025-07-08 00:00:007,0.0,20
6359,VISp,INH,Vip,L23,INH,Vip,L23,0.0,25.0,50.0,75.0,AISynphys,Accessed on 2025-07-08 00:00:007,0.0,20
6360,VISp,INH,Vip,L23,INH,Vip,L23,0.0,25.0,75.0,100.0,AISynphys,Accessed on 2025-07-08 00:00:007,0.0,10
6361,VISp,INH,Vip,L23,INH,Vip,L23,0.0,25.0,100.0,125.0,AISynphys,Accessed on 2025-07-08 00:00:007,0.0,4
6362,VISp,INH,Vip,L23,INH,Vip,L23,0.0,25.0,150.0,175.0,AISynphys,Accessed on 2025-07-08 00:00:007,0.0,2
6363,VISp,INH,Vip,L23,INH,Vip,L23,25.0,50.0,0.0,25.0,AISynphys,Accessed on 2025-07-08 00:00:007,0.0,28
6364,VISp,INH,Vip,L23,INH,Vip,L23,25.0,50.0,25.0,50.0,AISynphys,Accessed on 2025-07-08 00:00:007,0.0,28
6365,VISp,INH,Vip,L23,INH,Vip,L23,25.0,50.0,50.0,75.0,AISynphys,Accessed on 2025-07-08 00:00:007,0.0,20
6366,VISp,INH,Vip,L23,INH,Vip,L23,25.0,50.0,75.0,100.0,AISynphys,Accessed on 2025-07-08 00:00:007,0.0,12
6367,VISp,INH,Vip,L23,INH,Vip,L23,25.0,50.0,100.0,125.0,AISynphys,Accessed on 2025-07-08 00:00:007,0.0,4
6368,VISp,INH,Vip,L23,INH,Vip,L23,25.0,50.0,150.0,175.0,AISynphys,Accessed on 2025-07-08 00:00:007,0.0,2
6369,VISp,INH,Vip,L23,INH,Vip,L23,50.0,75.0,0.0,25.0,AISynphys,Accessed on 2025-07-08 00:00:007,0.0,34
6370,VISp,INH,Vip,L23,INH,Vip,L23,50.0,75.0,25.0,50.0,AISynphys,Accessed on 2025-07-08 00:00:007,0.0,20
6371,VISp,INH,Vip,L23,INH,Vip,L23,50.0,75.0,50.0,75.0,AISynphys,Accessed on 2025-07-08 00:00:007,0.0,18
6372,VISp,INH,Vip,L23,INH,Vip,L23,50.0,75.0,75.0,100.0,AISynphys,Accessed on 2025-07-08 00:00:007,0.0,10
6373,VISp,INH,Vip,L23,INH,Vip,L23,50.0,75.0,100.0,125.0,AISynphys,Accessed on 2025-07-08 00:00:007,0.0,8
6374,VISp,INH,Vip,L23,INH,Vip,L23,50.0,75.0,125.0,150.0,AISynphys,Accessed on 2025-07-08 00:00:007,0.0,6
6375,VISp,INH,Vip,L23,INH,Vip,L23,75.0,100.0,0.0,25.0,AISynphys,Accessed on 2025-07-08 00:00:007,0.0625,16
6376,VISp,INH,Vip,L23,INH,Vip,L23,75.0,100.0,25.0,50.0,AISynphys,Accessed on 2025-07-08 00:00:007,0.0,2
6377,VISp,INH,Vip,L23,INH,Vip,L23,75.0,100.0,50.0,75.0,AISynphys,Accessed on 2025-07-08 00:00:007,0.125,8
6378,VISp,INH,Vip,L23,INH,Vip,L23,75.0,100.0,75.0,100.0,AISynphys,Accessed on 2025-07-08 00:00:007,0.0,4
6379,VISp,INH,Vip,L23,INH,Vip,L23,75.0,100.0,100.0,125.0,AISynphys,Accessed on 2025-07-08 00:00:007,0.0,4
6380,VISp,INH,Vip,L23,INH,Vip,L23,75.0,100.0,125.0,150.0,AISynphys,Accessed on 2025-07-08 00:00:007,0.0,2
6381,VISp,INH,Vip,L23,INH,Vip,L23,100.0,125.0,0.0,25.0,AISynphys,Accessed on 2025-07-08 00:00:007,0.0,10
6382,VISp,INH,Vip,L23,INH,Vip,L23,100.0,125.0,25.0,50.0,AISynphys,Accessed on 2025-07-08 00:00:007,0.0,10
6383,VISp,INH,Vip,L23,INH,Vip,L23,100.0,125.0,50.0,75.0,AISynphys,Accessed on 2025-07-08 00:00:007,0.0,10
6384,VISp,INH,Vip,L23,INH,Vip,L23,100.0,125.0,75.0,100.0,AISynphys,Accessed on 2025-07-08 00:00:007,0.0,8
6385,VISp,INH,Vip,L23,INH,Vip,L23,100.0,125.0,100.0,125.0,AISynphys,Accessed on 2025-07-08 00:00:007,0.0,2
6386,VISp,INH,Vip,L23,INH,Vip,L23,100.0,125.0,125.0,150.0,AISynphys,Accessed on 2025-07-08 00:00:007,0.0,2
6387,VISp,INH,Vip,L23,INH,Vip,L23,100.0,125.0,175.0,200.0,AISynphys,Accessed on 2025-07-08 00:00:007,0.0,2
6388,VISp,INH,Vip,L23,INH,Vip,L23,125.0,150.0,0.0,25.0,AISynphys,Accessed on 2025-07-08 00:00:007,0.0,8
6389,VISp,INH,Vip,L23,INH,Vip,L23,125.0,150.0,25.0,50.0,AISynphys,Accessed on 2025-07-08 00:00:007,0.0,4
6390,VISp,INH,Vip,L23,INH,Vip,L23,125.0,150.0,50.0,75.0,AISynphys,Accessed on 2025-07-08 00:00:007,0.0,2
6391,VISp,INH,Vip,L23,INH,Vip,L23,125.0,150.0,75.0,100.0,AISynphys,Accessed on 2025-07-08 00:00:007,0.0,4
6392,VISp,INH,Vip,L23,INH,Vip,L23,125.0,150.0,150.0,175.0,AISynphys,Accessed on 2025-07-08 00:00:007,0.0,2
6393,VISp,INH,Vip,L23,INH,Vip,L23,150.0,175.0,0.0,25.0,AISynphys,Accessed on 2025-07-08 00:00:007,0.0,6
6394,VISp,INH,Vip,L23,INH,Vip,L23,150.0,175.0,25.0,50.0,AISynphys,Accessed on 2025-07-08 00:00:007,0.0,4
6395,VISp,INH,Vip,L23,INH,Vip,L23,150.0,175.0,50.0,75.0,AISynphys,Accessed on 2025-07-08 00:00:007,0.0,8
6396,VISp,INH,Vip,L23,INH,Vip,L23,150.0,175.0,125.0,150.0,AISynphys,Accessed on 2025-07-08 00:00:007,0.0,2
6397,VISp,INH,Vip,L23,INH,Vip,L23,150.0,175.0,150.0,175.0,AISynphys,Accessed on 2025-07-08 00:00:007,0.0,2
6398,VISp,INH,Vip,L23,INH,Vip,L23,175.0,200.0,0.0,25.0,AISynphys,Accessed on 2025-07-08 00:00:007,0.0,4
6399,VISp,INH,Vip,L23,INH,Vip,L23,175.0,200.0,50.0,75.0,AISynphys,Accessed on 2025-07-08 00:00:007,0.0,4
6400,VISp,INH,Vip,L23,INH,Vip,L23,225.0,250.0,75.0,100.0,AISynphys,Accessed on 2025-07-08 00:00:007,0.0,2
6401,VISp,INH,Vip,L23,INH,Vip,L4,0.0,25.0,0.0,25.0,AISynphys,Accessed on 2025-07-08 00:00:007,0.0,1
6402,VISp,INH,Vip,L23,INH,Vip,L4,0.0,25.0,25.0,50.0,AISynphys,Accessed on 2025-07-08 00:00:007,0.0,5
6403,VISp,INH,Vip,L23,INH,Vip,L4,0.0,25.0,50.0,75.0,AISynphys,Accessed on 2025-07-08 00:00:007,0.0,4
6404,VISp,INH,Vip,L23,INH,Vip,L4,0.0,25.0,75.0,100.0,AISynphys,Accessed on 2025-07-08 00:00:007,0.0,5
6405,VISp,INH,Vip,L23,INH,Vip,L4,0.0,25.0,100.0,125.0,AISynphys,Accessed on 2025-07-08 00:00:007,0.0,2
6406,VISp,INH,Vip,L23,INH,Vip,L4,0.0,25.0,125.0,150.0,AISynphys,Accessed on 2025-07-08 00:00:007,0.0,2
6407,VISp,INH,Vip,L23,INH,Vip,L4,0.0,25.0,150.0,175.0,AISynphys,Accessed on 2025-07-08 00:00:007,0.0,4
6408,VISp,INH,Vip,L23,INH,Vip,L4,0.0,25.0,175.0,200.0,AISynphys,Accessed on 2025-07-08 00:00:007,0.0,1
6409,VISp,INH,Vip,L23,INH,Vip,L4,0.0,25.0,250.0,275.0,AISynphys,Accessed on 2025-07-08 00:00:007,0.0,1
6410,VISp,INH,Vip,L23,INH,Vip,L4,25.0,50.0,0.0,25.0,AISynphys,Accessed on 2025-07-08 00:00:007,0.0,1
6411,VISp,INH,Vip,L23,INH,Vip,L4,25.0,50.0,25.0,50.0,AISynphys,Accessed on 2025-07-08 00:00:007,0.0,2
6412,VISp,INH,Vip,L23,INH,Vip,L4,25.0,50.0,50.0,75.0,AISynphys,Accessed on 2025-07-08 00:00:007,0.125,8
6413,VISp,INH,Vip,L23,INH,Vip,L4,25.0,50.0,75.0,100.0,AISynphys,Accessed on 2025-07-08 00:00:007,0.0,4
6414,VISp,INH,Vip,L23,INH,Vip,L4,25.0,50.0,100.0,125.0,AISynphys,Accessed on 2025-07-08 00:00:007,0.0,1
6415,VISp,INH,Vip,L23,INH,Vip,L4,25.0,50.0,125.0,150.0,AISynphys,Accessed on 2025-07-08 00:00:007,0.0,1
6416,VISp,INH,Vip,L23,INH,Vip,L4,25.0,50.0,150.0,175.0,AISynphys,Accessed on 2025-07-08 00:00:007,0.0,1
6417,VISp,INH,Vip,L23,INH,Vip,L4,25.0,50.0,175.0,200.0,AISynphys,Accessed on 2025-07-08 00:00:007,0.0,2
6418,VISp,INH,Vip,L23,INH,Vip,L4,50.0,75.0,0.0,25.0,AISynphys,Accessed on 2025-07-08 00:00:007,0.0,2
6419,VISp,INH,Vip,L23,INH,Vip,L4,50.0,75.0,25.0,50.0,AISynphys,Accessed on 2025-07-08 00:00:007,0.5,2
6420,VISp,INH,Vip,L23,INH,Vip,L4,50.0,75.0,50.0,75.0,AISynphys,Accessed on 2025-07-08 00:00:007,0.0,3
6421,VISp,INH,Vip,L23,INH,Vip,L4,50.0,75.0,75.0,100.0,AISynphys,Accessed on 2025-07-08 00:00:007,0.0,2
6422,VISp,INH,Vip,L23,INH,Vip,L4,50.0,75.0,125.0,150.0,AISynphys,Accessed on 2025-07-08 00:00:007,0.0,1
6423,VISp,INH,Vip,L23,INH,Vip,L4,50.0,75.0,150.0,175.0,AISynphys,Accessed on 2025-07-08 00:00:007,0.0,3
6424,VISp,INH,Vip,L23,INH,Vip,L4,50.0,75.0,175.0,200.0,AISynphys,Accessed on 2025-07-08 00:00:007,0.0,2
6425,VISp,INH,Vip,L23,INH,Vip,L4,50.0,75.0,250.0,275.0,AISynphys,Accessed on 2025-07-08 00:00:007,0.0,1
6426,VISp,INH,Vip,L23,INH,Vip,L4,50.0,75.0,275.0,300.0,AISynphys,Accessed on 2025-07-08 00:00:007,0.0,1
6427,VISp,INH,Vip,L23,INH,Vip,L4,75.0,100.0,50.0,75.0,AISynphys,Accessed on 2025-07-08 00:00:007,0.0,1
6428,VISp,INH,Vip,L23,INH,Vip,L4,75.0,100.0,75.0,100.0,AISynphys,Accessed on 2025-07-08 00:00:007,0.0,6
6429,VISp,INH,Vip,L23,INH,Vip,L4,75.0,100.0,100.0,125.0,AISynphys,Accessed on 2025-07-08 00:00:007,0.0,2
6430,VISp,INH,Vip,L23,INH,Vip,L4,75.0,100.0,150.0,175.0,AISynphys,Accessed on 2025-07-08 00:00:007,0.0,1
6431,VISp,INH,Vip,L23,INH,Vip,L4,75.0,100.0,175.0,200.0,AISynphys,Accessed on 2025-07-08 00:00:007,0.0,1
6432,VISp,INH,Vip,L23,INH,Vip,L4,100.0,125.0,0.0,25.0,AISynphys,Accessed on 2025-07-08 00:00:007,0.0,1
6433,VISp,INH,Vip,L23,INH,Vip,L4,100.0,125.0,50.0,75.0,AISynphys,Accessed on 2025-07-08 00:00:007,0.0,1
6434,VISp,INH,Vip,L23,INH,Vip,L4,100.0,125.0,100.0,125.0,AISynphys,Accessed on 2025-07-08 00:00:007,0.0,1
6435,VISp,INH,Vip,L23,INH,Vip,L4,100.0,125.0,125.0,150.0,AISynphys,Accessed on 2025-07-08 00:00:007,0.0,1
6436,VISp,INH,Vip,L23,INH,Vip,L4,100.0,125.0,175.0,200.0,AISynphys,Accessed on 2025-07-08 00:00:007,0.0,1
6437,VISp,INH,Vip,L23,INH,Vip,L4,100.0,125.0,200.0,225.0,AISynphys,Accessed on 2025-07-08 00:00:007,0.0,1
6438,VISp,INH,Vip,L23,INH,Vip,L4,125.0,150.0,25.0,50.0,AISynphys,Accessed on 2025-07-08 00:00:007,0.0,1
6439,VISp,INH,Vip,L23,INH,Vip,L4,125.0,150.0,50.0,75.0,AISynphys,Accessed on 2025-07-08 00:00:007,0.0,3
6440,VISp,INH,Vip,L23,INH,Vip,L4,125.0,150.0,75.0,100.0,AISynphys,Accessed on 2025-07-08 00:00:007,0.0,4
6441,VISp,INH,Vip,L23,INH,Vip,L4,125.0,150.0,100.0,125.0,AISynphys,Accessed on 2025-07-08 00:00:007,0.0,2
6442,VISp,INH,Vip,L23,INH,Vip,L4,150.0,175.0,50.0,75.0,AISynphys,Accessed on 2025-07-08 00:00:007,0.0,1
6443,VISp,INH,Vip,L23,INH,Vip,L4,150.0,175.0,75.0,100.0,AISynphys,Accessed on 2025-07-08 00:00:007,0.0,1
6444,VISp,INH,Vip,L23,INH,Vip,L4,150.0,175.0,100.0,125.0,AISynphys,Accessed on 2025-07-08 00:00:007,0.0,1
6445,VISp,INH,Vip,L23,INH,Vip,L4,150.0,175.0,125.0,150.0,AISynphys,Accessed on 2025-07-08 00:00:007,0.0,1
6446,VISp,INH,Vip,L23,INH,Vip,L4,150.0,175.0,175.0,200.0,AISynphys,Accessed on 2025-07-08 00:00:007,0.0,1
6447,VISp,INH,Vip,L23,INH,Vip,L4,150.0,175.0,225.0,250.0,AISynphys,Accessed on 2025-07-08 00:00:007,0.0,1
6448,VISp,INH,Vip,L23,INH,Vip,L4,150.0,175.0,250.0,275.0,AISynphys,Accessed on 2025-07-08 00:00:007,0.0,1
6449,VISp,INH,Vip,L23,INH,Vip,L4,175.0,200.0,25.0,50.0,AISynphys,Accessed on 2025-07-08 00:00:007,0.0,1
6450,VISp,INH,Vip,L23,INH,Vip,L4,175.0,200.0,75.0,100.0,AISynphys,Accessed on 2025-07-08 00:00:007,0.0,1
6451,VISp,INH,Vip,L23,INH,Vip,L4,200.0,225.0,100.0,125.0,AISynphys,Accessed on 2025-07-08 00:00:007,0.0,1
6452,VISp,INH,Vip,L23,INH,Vip,L4,200.0,225.0,150.0,175.0,AISynphys,Accessed on 2025-07-08 00:00:007,0.0,1
6453,VISp,INH,Vip,L23,INH,Vip,L4,225.0,250.0,50.0,75.0,AISynphys,Accessed on 2025-07-08 00:00:007,0.0,1
6454,VISp,INH,Vip,L23,INH,Vip,L5,0.0,25.0,100.0,125.0,AISynphys,Accessed on 2025-07-08 00:00:007,0.0,1
6455,VISp,INH,Vip,L23,INH,Vip,L5,0.0,25.0,175.0,200.0,AISynphys,Accessed on 2025-07-08 00:00:007,1.0,1
6456,VISp,INH,Vip,L23,INH,Vip,L5,0.0,25.0,425.0,450.0,AISynphys,Accessed on 2025-07-08 00:00:007,0.0,1
6457,VISp,INH,Vip,L23,INH,Vip,L5,25.0,50.0,75.0,100.0,AISynphys,Accessed on 2025-07-08 00:00:007,0.0,1
6458,VISp,INH,Vip,L23,INH,Vip,L5,25.0,50.0,100.0,125.0,AISynphys,Accessed on 2025-07-08 00:00:007,0.0,1
6459,VISp,INH,Vip,L23,INH,Vip,L5,25.0,50.0,125.0,150.0,AISynphys,Accessed on 2025-07-08 00:00:007,0.0,2
6460,VISp,INH,Vip,L23,INH,Vip,L5,25.0,50.0,250.0,275.0,AISynphys,Accessed on 2025-07-08 00:00:007,0.0,1
6461,VISp,INH,Vip,L23,INH,Vip,L5,25.0,50.0,275.0,300.0,AISynphys,Accessed on 2025-07-08 00:00:007,0.0,1
6462,VISp,INH,Vip,L23,INH,Vip,L5,25.0,50.0,300.0,325.0,AISynphys,Accessed on 2025-07-08 00:00:007,0.0,1
6463,VISp,INH,Vip,L23,INH,Vip,L5,25.0,50.0,325.0,350.0,AISynphys,Accessed on 2025-07-08 00:00:007,0.0,1
6464,VISp,INH,Vip,L23,INH,Vip,L5,25.0,50.0,375.0,400.0,AISynphys,Accessed on 2025-07-08 00:00:007,0.0,1
6465,VISp,INH,Vip,L23,INH,Vip,L5,50.0,75.0,0.0,25.0,AISynphys,Accessed on 2025-07-08 00:00:007,0.0,1
6466,VISp,INH,Vip,L23,INH,Vip,L5,50.0,75.0,125.0,150.0,AISynphys,Accessed on 2025-07-08 00:00:007,0.0,1
6467,VISp,INH,Vip,L23,INH,Vip,L5,50.0,75.0,175.0,200.0,AISynphys,Accessed on 2025-07-08 00:00:007,0.0,1
6468,VISp,INH,Vip,L23,INH,Vip,L5,50.0,75.0,200.0,225.0,AISynphys,Accessed on 2025-07-08 00:00:007,0.0,1
6469,VISp,INH,Vip,L23,INH,Vip,L5,50.0,75.0,250.0,275.0,AISynphys,Accessed on 2025-07-08 00:00:007,0.0,1
6470,VISp,INH,Vip,L23,INH,Vip,L5,50.0,75.0,275.0,300.0,AISynphys,Accessed on 2025-07-08 00:00:007,0.0,1
6471,VISp,INH,Vip,L23,INH,Vip,L5,50.0,75.0,300.0,325.0,AISynphys,Accessed on 2025-07-08 00:00:007,0.0,1
6472,VISp,INH,Vip,L23,INH,Vip,L5,75.0,100.0,50.0,75.0,AISynphys,Accessed on 2025-07-08 00:00:007,0.0,1
6473,VISp,INH,Vip,L23,INH,Vip,L5,75.0,100.0,100.0,125.0,AISynphys,Accessed on 2025-07-08 00:00:007,0.0,1
6474,VISp,INH,Vip,L23,INH,Vip,L5,75.0,100.0,125.0,150.0,AISynphys,Accessed on 2025-07-08 00:00:007,0.0,1
6475,VISp,INH,Vip,L23,INH,Vip,L5,75.0,100.0,150.0,175.0,AISynphys,Accessed on 2025-07-08 00:00:007,0.0,1
6476,VISp,INH,Vip,L23,INH,Vip,L5,75.0,100.0,250.0,275.0,AISynphys,Accessed on 2025-07-08 00:00:007,0.0,1
6477,VISp,INH,Vip,L23,INH,Vip,L5,75.0,100.0,275.0,300.0,AISynphys,Accessed on 2025-07-08 00:00:007,0.0,1
6478,VISp,INH,Vip,L23,INH,Vip,L5,125.0,150.0,100.0,125.0,AISynphys,Accessed on 2025-07-08 00:00:007,0.0,2
6479,VISp,INH,Vip,L23,INH,Vip,L5,125.0,150.0,225.0,250.0,AISynphys,Accessed on 2025-07-08 00:00:007,0.0,2
6480,VISp,INH,Vip,L23,INH,Vip,L5,125.0,150.0,350.0,375.0,AISynphys,Accessed on 2025-07-08 00:00:007,0.0,1
6481,VISp,INH,Vip,L23,INH,Vip,L5,150.0,175.0,275.0,300.0,AISynphys,Accessed on 2025-07-08 00:00:007,0.0,1
6482,VISp,INH,Vip,L23,INH,Vip,L5,150.0,175.0,400.0,425.0,AISynphys,Accessed on 2025-07-08 00:00:007,0.0,1
6483,VISp,INH,Vip,L23,INH,Vip,L5,175.0,200.0,250.0,275.0,AISynphys,Accessed on 2025-07-08 00:00:007,0.0,1
6484,VISp,INH,Vip,L23,INH,Vip,L5,175.0,200.0,575.0,600.0,AISynphys,Accessed on 2025-07-08 00:00:007,0.0,1
6485,VISp,INH,Vip,L23,INH,Vip,L5,225.0,250.0,250.0,275.0,AISynphys,Accessed on 2025-07-08 00:00:007,0.0,1
6486,VISp,INH,Vip,L23,INH,Vip,L5,225.0,250.0,525.0,550.0,AISynphys,Accessed on 2025-07-08 00:00:007,0.0,1
6487,VISp,INH,Vip,L23,INH,Vip,L6a,25.0,50.0,425.0,450.0,AISynphys,Accessed on 2025-07-08 00:00:007,0.0,2
6488,VISp,INH,Vip,L23,INH,Vip,L6a,50.0,75.0,500.0,525.0,AISynphys,Accessed on 2025-07-08 00:00:007,0.0,1
6489,VISp,INH,Vip,L23,INH,Vip,L6a,100.0,125.0,500.0,525.0,AISynphys,Accessed on 2025-07-08 00:00:007,0.0,2
6490,VISp,INH,Vip,L23,INH,Vip,L6a,150.0,175.0,500.0,525.0,AISynphys,Accessed on 2025-07-08 00:00:007,0.0,1
6491,VISp,INH,Vip,L23,INH,Vip,L6a,150.0,175.0,600.0,625.0,AISynphys,Accessed on 2025-07-08 00:00:007,0.0,1
6492,VISp,INH,Vip,L4,EXC,Nr5a1,L4,0.0,25.0,0.0,25.0,AISynphys,Accessed on 2025-07-08 00:00:007,0.0,3
6493,VISp,INH,Vip,L4,EXC,Nr5a1,L4,0.0,25.0,25.0,50.0,AISynphys,Accessed on 2025-07-08 00:00:007,0.0,1
6494,VISp,INH,Vip,L4,EXC,Nr5a1,L4,0.0,25.0,50.0,75.0,AISynphys,Accessed on 2025-07-08 00:00:007,0.0,2
6495,VISp,INH,Vip,L4,EXC,Nr5a1,L4,0.0,25.0,75.0,100.0,AISynphys,Accessed on 2025-07-08 00:00:007,0.0,1
6496,VISp,INH,Vip,L4,EXC,Nr5a1,L4,0.0,25.0,100.0,125.0,AISynphys,Accessed on 2025-07-08 00:00:007,0.0,1
6497,VISp,INH,Vip,L4,EXC,Nr5a1,L4,25.0,50.0,0.0,25.0,AISynphys,Accessed on 2025-07-08 00:00:007,0.0,1
6498,VISp,INH,Vip,L4,EXC,Nr5a1,L4,25.0,50.0,25.0,50.0,AISynphys,Accessed on 2025-07-08 00:00:007,0.0,2
6499,VISp,INH,Vip,L4,EXC,Nr5a1,L4,25.0,50.0,75.0,100.0,AISynphys,Accessed on 2025-07-08 00:00:007,0.0,1
6500,VISp,INH,Vip,L4,EXC,Nr5a1,L4,50.0,75.0,25.0,50.0,AISynphys,Accessed on 2025-07-08 00:00:007,0.0,3
6501,VISp,INH,Vip,L4,EXC,Nr5a1,L4,50.0,75.0,50.0,75.0,AISynphys,Accessed on 2025-07-08 00:00:007,0.0,2
6502,VISp,INH,Vip,L4,EXC,Nr5a1,L4,75.0,100.0,25.0,50.0,AISynphys,Accessed on 2025-07-08 00:00:007,0.0,1
6503,VISp,INH,Vip,L4,EXC,Nr5a1,L4,75.0,100.0,75.0,100.0,AISynphys,Accessed on 2025-07-08 00:00:007,0.0,1
6504,VISp,INH,Vip,L4,EXC,Nr5a1,L4,100.0,125.0,0.0,25.0,AISynphys,Accessed on 2025-07-08 00:00:007,0.0,4
6505,VISp,INH,Vip,L4,EXC,Nr5a1,L4,100.0,125.0,25.0,50.0,AISynphys,Accessed on 2025-07-08 00:00:007,0.0,2
6506,VISp,INH,Vip,L4,EXC,Nr5a1,L4,100.0,125.0,50.0,75.0,AISynphys,Accessed on 2025-07-08 00:00:007,0.0,1
6507,VISp,INH,Vip,L4,EXC,Nr5a1,L4,150.0,175.0,0.0,25.0,AISynphys,Accessed on 2025-07-08 00:00:007,0.0,1
6508,VISp,INH,Vip,L4,EXC,Nr5a1,L5,0.0,25.0,25.0,50.0,AISynphys,Accessed on 2025-07-08 00:00:007,0.0,2
6509,VISp,INH,Vip,L4,EXC,Ntsr1,L6a,0.0,25.0,325.0,350.0,AISynphys,Accessed on 2025-07-08 00:00:007,0.0,1
6510,VISp,INH,Vip,L4,EXC,Ntsr1,L6a,0.0,25.0,375.0,400.0,AISynphys,Accessed on 2025-07-08 00:00:007,0.0,1
6511,VISp,INH,Vip,L4,EXC,Ntsr1,L6a,0.0,25.0,450.0,475.0,AISynphys,Accessed on 2025-07-08 00:00:007,0.0,1
6512,VISp,INH,Vip,L4,EXC,Ntsr1,L6a,25.0,50.0,375.0,400.0,AISynphys,Accessed on 2025-07-08 00:00:007,0.0,1
6513,VISp,INH,Vip,L4,EXC,Ntsr1,L6a,50.0,75.0,350.0,375.0,AISynphys,Accessed on 2025-07-08 00:00:007,0.0,1
6514,VISp,INH,Vip,L4,EXC,Ntsr1,L6a,75.0,100.0,300.0,325.0,AISynphys,Accessed on 2025-07-08 00:00:007,0.0,1
6515,VISp,INH,Vip,L4,EXC,Ntsr1,L6a,75.0,100.0,325.0,350.0,AISynphys,Accessed on 2025-07-08 00:00:007,0.0,1
6516,VISp,INH,Vip,L4,EXC,Ntsr1,L6b,25.0,50.0,400.0,425.0,AISynphys,Accessed on 2025-07-08 00:00:007,0.0,1
6517,VISp,INH,Vip,L4,EXC,Sim1,L4,0.0,25.0,0.0,25.0,AISynphys,Accessed on 2025-07-08 00:00:007,0.0,1
6518,VISp,INH,Vip,L4,EXC,Sim1,L4,0.0,25.0,25.0,50.0,AISynphys,Accessed on 2025-07-08 00:00:007,0.0,2
6519,VISp,INH,Vip,L4,EXC,Sim1,L4,0.0,25.0,75.0,100.0,AISynphys,Accessed on 2025-07-08 00:00:007,0.0,1
6520,VISp,INH,Vip,L4,EXC,Sim1,L4,0.0,25.0,125.0,150.0,AISynphys,Accessed on 2025-07-08 00:00:007,0.0,1
6521,VISp,INH,Vip,L4,EXC,Sim1,L4,25.0,50.0,0.0,25.0,AISynphys,Accessed on 2025-07-08 00:00:007,0.0,1
6522,VISp,INH,Vip,L4,EXC,Sim1,L4,25.0,50.0,25.0,50.0,AISynphys,Accessed on 2025-07-08 00:00:007,0.0,5
6523,VISp,INH,Vip,L4,EXC,Sim1,L4,25.0,50.0,75.0,100.0,AISynphys,Accessed on 2025-07-08 00:00:007,0.0,1
6524,VISp,INH,Vip,L4,EXC,Sim1,L4,50.0,75.0,0.0,25.0,AISynphys,Accessed on 2025-07-08 00:00:007,0.0,2
6525,VISp,INH,Vip,L4,EXC,Sim1,L4,50.0,75.0,25.0,50.0,AISynphys,Accessed on 2025-07-08 00:00:007,0.0,3
6526,VISp,INH,Vip,L4,EXC,Sim1,L4,50.0,75.0,50.0,75.0,AISynphys,Accessed on 2025-07-08 00:00:007,0.0,2
6527,VISp,INH,Vip,L4,EXC,Sim1,L4,50.0,75.0,75.0,100.0,AISynphys,Accessed on 2025-07-08 00:00:007,0.0,2
6528,VISp,INH,Vip,L4,EXC,Sim1,L4,50.0,75.0,100.0,125.0,AISynphys,Accessed on 2025-07-08 00:00:007,0.0,2
6529,VISp,INH,Vip,L4,EXC,Sim1,L4,75.0,100.0,0.0,25.0,AISynphys,Accessed on 2025-07-08 00:00:007,0.0,2
6530,VISp,INH,Vip,L4,EXC,Sim1,L4,100.0,125.0,0.0,25.0,AISynphys,Accessed on 2025-07-08 00:00:007,0.0,1
6531,VISp,INH,Vip,L4,EXC,Sim1,L4,125.0,150.0,0.0,25.0,AISynphys,Accessed on 2025-07-08 00:00:007,0.0,1
6532,VISp,INH,Vip,L4,EXC,Sim1,L4,150.0,175.0,0.0,25.0,AISynphys,Accessed on 2025-07-08 00:00:007,0.0,1
6533,VISp,INH,Vip,L4,EXC,Sim1,L4,150.0,175.0,50.0,75.0,AISynphys,Accessed on 2025-07-08 00:00:007,0.0,1
6534,VISp,INH,Vip,L4,EXC,Sim1,L4,175.0,200.0,0.0,25.0,AISynphys,Accessed on 2025-07-08 00:00:007,0.0,1
6535,VISp,INH,Vip,L4,EXC,Sim1,L4,175.0,200.0,25.0,50.0,AISynphys,Accessed on 2025-07-08 00:00:007,0.0,2
6536,VISp,INH,Vip,L4,EXC,Sim1,L5,0.0,25.0,0.0,25.0,AISynphys,Accessed on 2025-07-08 00:00:007,0.0,1
6537,VISp,INH,Vip,L4,EXC,Sim1,L5,0.0,25.0,25.0,50.0,AISynphys,Accessed on 2025-07-08 00:00:007,0.0,2
6538,VISp,INH,Vip,L4,EXC,Sim1,L5,0.0,25.0,75.0,100.0,AISynphys,Accessed on 2025-07-08 00:00:007,0.0,2
6539,VISp,INH,Vip,L4,EXC,Sim1,L5,0.0,25.0,100.0,125.0,AISynphys,Accessed on 2025-07-08 00:00:007,0.0,4
6540,VISp,INH,Vip,L4,EXC,Sim1,L5,0.0,25.0,125.0,150.0,AISynphys,Accessed on 2025-07-08 00:00:007,0.0,1
6541,VISp,INH,Vip,L4,EXC,Sim1,L5,0.0,25.0,150.0,175.0,AISynphys,Accessed on 2025-07-08 00:00:007,0.0,1
6542,VISp,INH,Vip,L4,EXC,Sim1,L5,0.0,25.0,175.0,200.0,AISynphys,Accessed on 2025-07-08 00:00:007,0.0,2
6543,VISp,INH,Vip,L4,EXC,Sim1,L5,0.0,25.0,225.0,250.0,AISynphys,Accessed on 2025-07-08 00:00:007,0.0,1
6544,VISp,INH,Vip,L4,EXC,Sim1,L5,25.0,50.0,25.0,50.0,AISynphys,Accessed on 2025-07-08 00:00:007,0.0,2
6545,VISp,INH,Vip,L4,EXC,Sim1,L5,25.0,50.0,50.0,75.0,AISynphys,Accessed on 2025-07-08 00:00:007,0.0,3
6546,VISp,INH,Vip,L4,EXC,Sim1,L5,25.0,50.0,75.0,100.0,AISynphys,Accessed on 2025-07-08 00:00:007,0.0,1
6547,VISp,INH,Vip,L4,EXC,Sim1,L5,25.0,50.0,125.0,150.0,AISynphys,Accessed on 2025-07-08 00:00:007,0.0,1
6548,VISp,INH,Vip,L4,EXC,Sim1,L5,25.0,50.0,150.0,175.0,AISynphys,Accessed on 2025-07-08 00:00:007,0.0,1
6549,VISp,INH,Vip,L4,EXC,Sim1,L5,50.0,75.0,75.0,100.0,AISynphys,Accessed on 2025-07-08 00:00:007,0.0,1
6550,VISp,INH,Vip,L4,EXC,Sim1,L5,50.0,75.0,100.0,125.0,AISynphys,Accessed on 2025-07-08 00:00:007,0.0,1
6551,VISp,INH,Vip,L4,EXC,Sim1,L5,50.0,75.0,175.0,200.0,AISynphys,Accessed on 2025-07-08 00:00:007,0.0,1
6552,VISp,INH,Vip,L4,EXC,Sim1,L5,50.0,75.0,250.0,275.0,AISynphys,Accessed on 2025-07-08 00:00:007,0.0,1
6553,VISp,INH,Vip,L4,EXC,Sim1,L5,75.0,100.0,25.0,50.0,AISynphys,Accessed on 2025-07-08 00:00:007,0.0,2
6554,VISp,INH,Vip,L4,EXC,Sim1,L5,75.0,100.0,50.0,75.0,AISynphys,Accessed on 2025-07-08 00:00:007,0.0,2
6555,VISp,INH,Vip,L4,EXC,Sim1,L5,75.0,100.0,125.0,150.0,AISynphys,Accessed on 2025-07-08 00:00:007,0.0,1
6556,VISp,INH,Vip,L4,EXC,Sim1,L5,75.0,100.0,150.0,175.0,AISynphys,Accessed on 2025-07-08 00:00:007,0.0,2
6557,VISp,INH,Vip,L4,EXC,Sim1,L5,75.0,100.0,225.0,250.0,AISynphys,Accessed on 2025-07-08 00:00:007,0.0,1
6558,VISp,INH,Vip,L4,EXC,Sim1,L5,100.0,125.0,0.0,25.0,AISynphys,Accessed on 2025-07-08 00:00:007,0.0,2
6559,VISp,INH,Vip,L4,EXC,Sim1,L5,100.0,125.0,75.0,100.0,AISynphys,Accessed on 2025-07-08 00:00:007,0.0,2
6560,VISp,INH,Vip,L4,EXC,Sim1,L5,100.0,125.0,100.0,125.0,AISynphys,Accessed on 2025-07-08 00:00:007,0.0,2
6561,VISp,INH,Vip,L4,EXC,Sim1,L5,100.0,125.0,175.0,200.0,AISynphys,Accessed on 2025-07-08 00:00:007,0.0,2
6562,VISp,INH,Vip,L4,EXC,Sim1,L5,125.0,150.0,50.0,75.0,AISynphys,Accessed on 2025-07-08 00:00:007,0.0,1
6563,VISp,INH,Vip,L4,EXC,Sim1,L5,125.0,150.0,200.0,225.0,AISynphys,Accessed on 2025-07-08 00:00:007,0.0,1
6564,VISp,INH,Vip,L4,EXC,Sim1,L5,150.0,175.0,0.0,25.0,AISynphys,Accessed on 2025-07-08 00:00:007,0.0,2
6565,VISp,INH,Vip,L4,EXC,Sim1,L5,150.0,175.0,50.0,75.0,AISynphys,Accessed on 2025-07-08 00:00:007,0.0,1
6566,VISp,INH,Vip,L4,EXC,Sim1,L5,150.0,175.0,75.0,100.0,AISynphys,Accessed on 2025-07-08 00:00:007,0.0,1
6567,VISp,INH,Vip,L4,EXC,Sim1,L5,150.0,175.0,100.0,125.0,AISynphys,Accessed on 2025-07-08 00:00:007,0.0,1
6568,VISp,INH,Vip,L4,EXC,Sim1,L5,175.0,200.0,100.0,125.0,AISynphys,Accessed on 2025-07-08 00:00:007,0.0,1
6569,VISp,INH,Vip,L4,EXC,Sim1,L6a,0.0,25.0,175.0,200.0,AISynphys,Accessed on 2025-07-08 00:00:007,0.0,1
6570,VISp,INH,Vip,L4,EXC,Sim1,L6a,75.0,100.0,275.0,300.0,AISynphys,Accessed on 2025-07-08 00:00:007,0.0,1
6571,VISp,INH,Vip,L4,EXC,Sim1,L6a,100.0,125.0,300.0,325.0,AISynphys,Accessed on 2025-07-08 00:00:007,0.0,1
6572,VISp,INH,Vip,L4,EXC,Tlx3,L23,25.0,50.0,75.0,100.0,AISynphys,Accessed on 2025-07-08 00:00:007,0.0,1
6573,VISp,INH,Vip,L4,EXC,Tlx3,L23,50.0,75.0,50.0,75.0,AISynphys,Accessed on 2025-07-08 00:00:007,0.0,1
6574,VISp,INH,Vip,L4,EXC,Tlx3,L23,50.0,75.0,100.0,125.0,AISynphys,Accessed on 2025-07-08 00:00:007,0.0,1
6575,VISp,INH,Vip,L4,EXC,Tlx3,L23,100.0,125.0,125.0,150.0,AISynphys,Accessed on 2025-07-08 00:00:007,0.0,1
6576,VISp,INH,Vip,L4,EXC,Tlx3,L4,0.0,25.0,0.0,25.0,AISynphys,Accessed on 2025-07-08 00:00:007,0.0,2
6577,VISp,INH,Vip,L4,EXC,Tlx3,L4,0.0,25.0,25.0,50.0,AISynphys,Accessed on 2025-07-08 00:00:007,0.0,2
6578,VISp,INH,Vip,L4,EXC,Tlx3,L4,0.0,25.0,100.0,125.0,AISynphys,Accessed on 2025-07-08 00:00:007,0.0,1
6579,VISp,INH,Vip,L4,EXC,Tlx3,L4,25.0,50.0,0.0,25.0,AISynphys,Accessed on 2025-07-08 00:00:007,0.0,1
6580,VISp,INH,Vip,L4,EXC,Tlx3,L4,25.0,50.0,25.0,50.0,AISynphys,Accessed on 2025-07-08 00:00:007,0.0,1
6581,VISp,INH,Vip,L4,EXC,Tlx3,L4,25.0,50.0,75.0,100.0,AISynphys,Accessed on 2025-07-08 00:00:007,0.0,1
6582,VISp,INH,Vip,L4,EXC,Tlx3,L4,50.0,75.0,0.0,25.0,AISynphys,Accessed on 2025-07-08 00:00:007,0.0,2
6583,VISp,INH,Vip,L4,EXC,Tlx3,L4,50.0,75.0,25.0,50.0,AISynphys,Accessed on 2025-07-08 00:00:007,0.0,1
6584,VISp,INH,Vip,L4,EXC,Tlx3,L4,75.0,100.0,0.0,25.0,AISynphys,Accessed on 2025-07-08 00:00:007,0.0,2
6585,VISp,INH,Vip,L4,EXC,Tlx3,L4,75.0,100.0,100.0,125.0,AISynphys,Accessed on 2025-07-08 00:00:007,0.0,1
6586,VISp,INH,Vip,L4,EXC,Tlx3,L4,100.0,125.0,0.0,25.0,AISynphys,Accessed on 2025-07-08 00:00:007,0.0,1
6587,VISp,INH,Vip,L4,EXC,Tlx3,L4,100.0,125.0,25.0,50.0,AISynphys,Accessed on 2025-07-08 00:00:007,0.0,1
6588,VISp,INH,Vip,L4,EXC,Tlx3,L4,175.0,200.0,0.0,25.0,AISynphys,Accessed on 2025-07-08 00:00:007,0.0,1
6589,VISp,INH,Vip,L4,EXC,Tlx3,L4,200.0,225.0,25.0,50.0,AISynphys,Accessed on 2025-07-08 00:00:007,0.0,1
6590,VISp,INH,Vip,L4,EXC,Tlx3,L5,0.0,25.0,25.0,50.0,AISynphys,Accessed on 2025-07-08 00:00:007,0.0,3
6591,VISp,INH,Vip,L4,EXC,Tlx3,L5,0.0,25.0,50.0,75.0,AISynphys,Accessed on 2025-07-08 00:00:007,0.0,5
6592,VISp,INH,Vip,L4,EXC,Tlx3,L5,0.0,25.0,75.0,100.0,AISynphys,Accessed on 2025-07-08 00:00:007,0.0,6
6593,VISp,INH,Vip,L4,EXC,Tlx3,L5,0.0,25.0,100.0,125.0,AISynphys,Accessed on 2025-07-08 00:00:007,0.0,3
6594,VISp,INH,Vip,L4,EXC,Tlx3,L5,0.0,25.0,125.0,150.0,AISynphys,Accessed on 2025-07-08 00:00:007,0.0,1
6595,VISp,INH,Vip,L4,EXC,Tlx3,L5,0.0,25.0,150.0,175.0,AISynphys,Accessed on 2025-07-08 00:00:007,0.0,1
6596,VISp,INH,Vip,L4,EXC,Tlx3,L5,0.0,25.0,175.0,200.0,AISynphys,Accessed on 2025-07-08 00:00:007,0.0,2
6597,VISp,INH,Vip,L4,EXC,Tlx3,L5,25.0,50.0,0.0,25.0,AISynphys,Accessed on 2025-07-08 00:00:007,0.0,3
6598,VISp,INH,Vip,L4,EXC,Tlx3,L5,25.0,50.0,25.0,50.0,AISynphys,Accessed on 2025-07-08 00:00:007,0.0,3
6599,VISp,INH,Vip,L4,EXC,Tlx3,L5,25.0,50.0,50.0,75.0,AISynphys,Accessed on 2025-07-08 00:00:007,0.0,7
6600,VISp,INH,Vip,L4,EXC,Tlx3,L5,25.0,50.0,75.0,100.0,AISynphys,Accessed on 2025-07-08 00:00:007,0.0,1
6601,VISp,INH,Vip,L4,EXC,Tlx3,L5,25.0,50.0,100.0,125.0,AISynphys,Accessed on 2025-07-08 00:00:007,0.0,2
6602,VISp,INH,Vip,L4,EXC,Tlx3,L5,25.0,50.0,125.0,150.0,AISynphys,Accessed on 2025-07-08 00:00:007,0.0,2
6603,VISp,INH,Vip,L4,EXC,Tlx3,L5,25.0,50.0,175.0,200.0,AISynphys,Accessed on 2025-07-08 00:00:007,0.0,1
6604,VISp,INH,Vip,L4,EXC,Tlx3,L5,50.0,75.0,25.0,50.0,AISynphys,Accessed on 2025-07-08 00:00:007,0.0,1
6605,VISp,INH,Vip,L4,EXC,Tlx3,L5,50.0,75.0,50.0,75.0,AISynphys,Accessed on 2025-07-08 00:00:007,0.0,1
6606,VISp,INH,Vip,L4,EXC,Tlx3,L5,50.0,75.0,75.0,100.0,AISynphys,Accessed on 2025-07-08 00:00:007,0.0,5
6607,VISp,INH,Vip,L4,EXC,Tlx3,L5,50.0,75.0,100.0,125.0,AISynphys,Accessed on 2025-07-08 00:00:007,0.0,2
6608,VISp,INH,Vip,L4,EXC,Tlx3,L5,75.0,100.0,0.0,25.0,AISynphys,Accessed on 2025-07-08 00:00:007,0.0,1
6609,VISp,INH,Vip,L4,EXC,Tlx3,L5,75.0,100.0,25.0,50.0,AISynphys,Accessed on 2025-07-08 00:00:007,0.0,1
6610,VISp,INH,Vip,L4,EXC,Tlx3,L5,75.0,100.0,50.0,75.0,AISynphys,Accessed on 2025-07-08 00:00:007,0.0,1
6611,VISp,INH,Vip,L4,EXC,Tlx3,L5,75.0,100.0,75.0,100.0,AISynphys,Accessed on 2025-07-08 00:00:007,0.0,2
6612,VISp,INH,Vip,L4,EXC,Tlx3,L5,75.0,100.0,100.0,125.0,AISynphys,Accessed on 2025-07-08 00:00:007,0.0,1
6613,VISp,INH,Vip,L4,EXC,Tlx3,L5,75.0,100.0,125.0,150.0,AISynphys,Accessed on 2025-07-08 00:00:007,0.0,1
6614,VISp,INH,Vip,L4,EXC,Tlx3,L5,75.0,100.0,175.0,200.0,AISynphys,Accessed on 2025-07-08 00:00:007,0.0,1
6615,VISp,INH,Vip,L4,EXC,Tlx3,L5,100.0,125.0,25.0,50.0,AISynphys,Accessed on 2025-07-08 00:00:007,0.0,1
6616,VISp,INH,Vip,L4,EXC,Tlx3,L5,100.0,125.0,50.0,75.0,AISynphys,Accessed on 2025-07-08 00:00:007,0.0,2
6617,VISp,INH,Vip,L4,EXC,Tlx3,L5,100.0,125.0,150.0,175.0,AISynphys,Accessed on 2025-07-08 00:00:007,0.0,1
6618,VISp,INH,Vip,L4,EXC,Tlx3,L5,125.0,150.0,25.0,50.0,AISynphys,Accessed on 2025-07-08 00:00:007,0.0,1
6619,VISp,INH,Vip,L4,EXC,Tlx3,L5,125.0,150.0,75.0,100.0,AISynphys,Accessed on 2025-07-08 00:00:007,0.0,1
6620,VISp,INH,Vip,L4,EXC,Tlx3,L5,125.0,150.0,100.0,125.0,AISynphys,Accessed on 2025-07-08 00:00:007,0.0,1
6621,VISp,INH,Vip,L4,EXC,Tlx3,L5,125.0,150.0,125.0,150.0,AISynphys,Accessed on 2025-07-08 00:00:007,0.0,2
6622,VISp,INH,Vip,L4,EXC,Tlx3,L5,150.0,175.0,0.0,25.0,AISynphys,Accessed on 2025-07-08 00:00:007,0.0,1
6623,VISp,INH,Vip,L4,EXC,"Tlx3,Vip",L5,125.0,150.0,50.0,75.0,AISynphys,Accessed on 2025-07-08 00:00:007,0.0,1
6624,VISp,INH,Vip,L4,INH,Pvalb,L23,0.0,25.0,50.0,75.0,AISynphys,Accessed on 2025-07-08 00:00:007,0.0,2
6625,VISp,INH,Vip,L4,INH,Pvalb,L23,0.0,25.0,75.0,100.0,AISynphys,Accessed on 2025-07-08 00:00:007,0.0,1
6626,VISp,INH,Vip,L4,INH,Pvalb,L23,0.0,25.0,125.0,150.0,AISynphys,Accessed on 2025-07-08 00:00:007,0.0,1
6627,VISp,INH,Vip,L4,INH,Pvalb,L23,25.0,50.0,25.0,50.0,AISynphys,Accessed on 2025-07-08 00:00:007,0.0,1
6628,VISp,INH,Vip,L4,INH,Pvalb,L23,25.0,50.0,50.0,75.0,AISynphys,Accessed on 2025-07-08 00:00:007,0.0,1
6629,VISp,INH,Vip,L4,INH,Pvalb,L23,25.0,50.0,100.0,125.0,AISynphys,Accessed on 2025-07-08 00:00:007,0.0,1
6630,VISp,INH,Vip,L4,INH,Pvalb,L23,50.0,75.0,100.0,125.0,AISynphys,Accessed on 2025-07-08 00:00:007,0.0,1
6631,VISp,INH,Vip,L4,INH,Pvalb,L23,50.0,75.0,125.0,150.0,AISynphys,Accessed on 2025-07-08 00:00:007,0.0,2
6632,VISp,INH,Vip,L4,INH,Pvalb,L23,50.0,75.0,150.0,175.0,AISynphys,Accessed on 2025-07-08 00:00:007,0.0,1
6633,VISp,INH,Vip,L4,INH,Pvalb,L23,75.0,100.0,125.0,150.0,AISynphys,Accessed on 2025-07-08 00:00:007,0.0,1
6634,VISp,INH,Vip,L4,INH,Pvalb,L23,100.0,125.0,75.0,100.0,AISynphys,Accessed on 2025-07-08 00:00:007,0.0,1
6635,VISp,INH,Vip,L4,INH,Pvalb,L23,100.0,125.0,125.0,150.0,AISynphys,Accessed on 2025-07-08 00:00:007,0.0,1
6636,VISp,INH,Vip,L4,INH,Pvalb,L4,0.0,25.0,0.0,25.0,AISynphys,Accessed on 2025-07-08 00:00:007,0.0,8
6637,VISp,INH,Vip,L4,INH,Pvalb,L4,0.0,25.0,25.0,50.0,AISynphys,Accessed on 2025-07-08 00:00:007,0.0,6
6638,VISp,INH,Vip,L4,INH,Pvalb,L4,0.0,25.0,50.0,75.0,AISynphys,Accessed on 2025-07-08 00:00:007,0.0,4
6639,VISp,INH,Vip,L4,INH,Pvalb,L4,0.0,25.0,75.0,100.0,AISynphys,Accessed on 2025-07-08 00:00:007,0.0,3
6640,VISp,INH,Vip,L4,INH,Pvalb,L4,25.0,50.0,0.0,25.0,AISynphys,Accessed on 2025-07-08 00:00:007,0.0,4
6641,VISp,INH,Vip,L4,INH,Pvalb,L4,25.0,50.0,25.0,50.0,AISynphys,Accessed on 2025-07-08 00:00:007,0.25,4
6642,VISp,INH,Vip,L4,INH,Pvalb,L4,25.0,50.0,50.0,75.0,AISynphys,Accessed on 2025-07-08 00:00:007,0.0,5
6643,VISp,INH,Vip,L4,INH,Pvalb,L4,50.0,75.0,0.0,25.0,AISynphys,Accessed on 2025-07-08 00:00:007,0.0,11
6644,VISp,INH,Vip,L4,INH,Pvalb,L4,50.0,75.0,25.0,50.0,AISynphys,Accessed on 2025-07-08 00:00:007,0.0,1
6645,VISp,INH,Vip,L4,INH,Pvalb,L4,50.0,75.0,50.0,75.0,AISynphys,Accessed on 2025-07-08 00:00:007,0.0,1
6646,VISp,INH,Vip,L4,INH,Pvalb,L4,50.0,75.0,75.0,100.0,AISynphys,Accessed on 2025-07-08 00:00:007,0.0,1
6647,VISp,INH,Vip,L4,INH,Pvalb,L4,75.0,100.0,0.0,25.0,AISynphys,Accessed on 2025-07-08 00:00:007,0.0,4
6648,VISp,INH,Vip,L4,INH,Pvalb,L4,75.0,100.0,25.0,50.0,AISynphys,Accessed on 2025-07-08 00:00:007,0.0,2
6649,VISp,INH,Vip,L4,INH,Pvalb,L4,75.0,100.0,100.0,125.0,AISynphys,Accessed on 2025-07-08 00:00:007,0.0,1
6650,VISp,INH,Vip,L4,INH,Pvalb,L4,75.0,100.0,125.0,150.0,AISynphys,Accessed on 2025-07-08 00:00:007,0.0,1
6651,VISp,INH,Vip,L4,INH,Pvalb,L4,100.0,125.0,0.0,25.0,AISynphys,Accessed on 2025-07-08 00:00:007,0.0,5
6652,VISp,INH,Vip,L4,INH,Pvalb,L4,100.0,125.0,25.0,50.0,AISynphys,Accessed on 2025-07-08 00:00:007,0.0,1
6653,VISp,INH,Vip,L4,INH,Pvalb,L4,100.0,125.0,50.0,75.0,AISynphys,Accessed on 2025-07-08 00:00:007,0.0,1
6654,VISp,INH,Vip,L4,INH,Pvalb,L4,125.0,150.0,0.0,25.0,AISynphys,Accessed on 2025-07-08 00:00:007,0.0,1
6655,VISp,INH,Vip,L4,INH,Pvalb,L4,125.0,150.0,25.0,50.0,AISynphys,Accessed on 2025-07-08 00:00:007,0.0,1
6656,VISp,INH,Vip,L4,INH,Pvalb,L4,125.0,150.0,50.0,75.0,AISynphys,Accessed on 2025-07-08 00:00:007,0.0,1
6657,VISp,INH,Vip,L4,INH,Pvalb,L4,125.0,150.0,75.0,100.0,AISynphys,Accessed on 2025-07-08 00:00:007,0.0,1
6658,VISp,INH,Vip,L4,INH,Pvalb,L4,150.0,175.0,0.0,25.0,AISynphys,Accessed on 2025-07-08 00:00:007,0.0,1
6659,VISp,INH,Vip,L4,INH,Pvalb,L4,150.0,175.0,25.0,50.0,AISynphys,Accessed on 2025-07-08 00:00:007,0.0,1
6660,VISp,INH,Vip,L4,INH,Pvalb,L4,175.0,200.0,0.0,25.0,AISynphys,Accessed on 2025-07-08 00:00:007,0.0,1
6661,VISp,INH,Vip,L4,INH,Pvalb,L4,200.0,225.0,0.0,25.0,AISynphys,Accessed on 2025-07-08 00:00:007,0.0,1
6662,VISp,INH,Vip,L4,INH,Pvalb,L5,0.0,25.0,25.0,50.0,AISynphys,Accessed on 2025-07-08 00:00:007,1.0,2
6663,VISp,INH,Vip,L4,INH,Pvalb,L5,0.0,25.0,50.0,75.0,AISynphys,Accessed on 2025-07-08 00:00:007,0.0,3
6664,VISp,INH,Vip,L4,INH,Pvalb,L5,0.0,25.0,75.0,100.0,AISynphys,Accessed on 2025-07-08 00:00:007,0.0,2
6665,VISp,INH,Vip,L4,INH,Pvalb,L5,0.0,25.0,100.0,125.0,AISynphys,Accessed on 2025-07-08 00:00:007,0.0,2
6666,VISp,INH,Vip,L4,INH,Pvalb,L5,0.0,25.0,125.0,150.0,AISynphys,Accessed on 2025-07-08 00:00:007,0.0,2
6667,VISp,INH,Vip,L4,INH,Pvalb,L5,25.0,50.0,25.0,50.0,AISynphys,Accessed on 2025-07-08 00:00:007,0.0,2
6668,VISp,INH,Vip,L4,INH,Pvalb,L5,25.0,50.0,50.0,75.0,AISynphys,Accessed on 2025-07-08 00:00:007,0.14285714285714285,7
6669,VISp,INH,Vip,L4,INH,Pvalb,L5,25.0,50.0,75.0,100.0,AISynphys,Accessed on 2025-07-08 00:00:007,0.0,1
6670,VISp,INH,Vip,L4,INH,Pvalb,L5,25.0,50.0,100.0,125.0,AISynphys,Accessed on 2025-07-08 00:00:007,0.0,4
6671,VISp,INH,Vip,L4,INH,Pvalb,L5,25.0,50.0,125.0,150.0,AISynphys,Accessed on 2025-07-08 00:00:007,0.0,1
6672,VISp,INH,Vip,L4,INH,Pvalb,L5,25.0,50.0,200.0,225.0,AISynphys,Accessed on 2025-07-08 00:00:007,0.0,1
6673,VISp,INH,Vip,L4,INH,Pvalb,L5,50.0,75.0,25.0,50.0,AISynphys,Accessed on 2025-07-08 00:00:007,0.0,1
6674,VISp,INH,Vip,L4,INH,Pvalb,L5,50.0,75.0,50.0,75.0,AISynphys,Accessed on 2025-07-08 00:00:007,0.0,2
6675,VISp,INH,Vip,L4,INH,Pvalb,L5,50.0,75.0,100.0,125.0,AISynphys,Accessed on 2025-07-08 00:00:007,0.0,3
6676,VISp,INH,Vip,L4,INH,Pvalb,L5,50.0,75.0,150.0,175.0,AISynphys,Accessed on 2025-07-08 00:00:007,0.0,3
6677,VISp,INH,Vip,L4,INH,Pvalb,L5,50.0,75.0,175.0,200.0,AISynphys,Accessed on 2025-07-08 00:00:007,0.0,1
6678,VISp,INH,Vip,L4,INH,Pvalb,L5,75.0,100.0,25.0,50.0,AISynphys,Accessed on 2025-07-08 00:00:007,0.0,1
6679,VISp,INH,Vip,L4,INH,Pvalb,L5,75.0,100.0,50.0,75.0,AISynphys,Accessed on 2025-07-08 00:00:007,0.0,1
6680,VISp,INH,Vip,L4,INH,Pvalb,L5,75.0,100.0,100.0,125.0,AISynphys,Accessed on 2025-07-08 00:00:007,0.0,4
6681,VISp,INH,Vip,L4,INH,Pvalb,L5,75.0,100.0,125.0,150.0,AISynphys,Accessed on 2025-07-08 00:00:007,0.0,1
6682,VISp,INH,Vip,L4,INH,Pvalb,L5,75.0,100.0,150.0,175.0,AISynphys,Accessed on 2025-07-08 00:00:007,0.0,1
6683,VISp,INH,Vip,L4,INH,Pvalb,L5,100.0,125.0,25.0,50.0,AISynphys,Accessed on 2025-07-08 00:00:007,0.0,1
6684,VISp,INH,Vip,L4,INH,Pvalb,L5,100.0,125.0,50.0,75.0,AISynphys,Accessed on 2025-07-08 00:00:007,0.0,1
6685,VISp,INH,Vip,L4,INH,Pvalb,L5,100.0,125.0,75.0,100.0,AISynphys,Accessed on 2025-07-08 00:00:007,0.0,2
6686,VISp,INH,Vip,L4,INH,Pvalb,L5,100.0,125.0,125.0,150.0,AISynphys,Accessed on 2025-07-08 00:00:007,0.0,2
6687,VISp,INH,Vip,L4,INH,Pvalb,L5,100.0,125.0,150.0,175.0,AISynphys,Accessed on 2025-07-08 00:00:007,0.0,1
6688,VISp,INH,Vip,L4,INH,Pvalb,L5,100.0,125.0,250.0,275.0,AISynphys,Accessed on 2025-07-08 00:00:007,0.0,1
6689,VISp,INH,Vip,L4,INH,Pvalb,L5,125.0,150.0,25.0,50.0,AISynphys,Accessed on 2025-07-08 00:00:007,0.0,1
6690,VISp,INH,Vip,L4,INH,Pvalb,L5,125.0,150.0,100.0,125.0,AISynphys,Accessed on 2025-07-08 00:00:007,0.0,1
6691,VISp,INH,Vip,L4,INH,Pvalb,L5,150.0,175.0,25.0,50.0,AISynphys,Accessed on 2025-07-08 00:00:007,0.0,1
6692,VISp,INH,Vip,L4,INH,Pvalb,L5,150.0,175.0,100.0,125.0,AISynphys,Accessed on 2025-07-08 00:00:007,0.0,1
6693,VISp,INH,Vip,L4,INH,Pvalb,L5,175.0,200.0,75.0,100.0,AISynphys,Accessed on 2025-07-08 00:00:007,0.0,1
6694,VISp,INH,Vip,L4,INH,Pvalb,L5,200.0,225.0,75.0,100.0,AISynphys,Accessed on 2025-07-08 00:00:007,0.0,1
6695,VISp,INH,Vip,L4,INH,Pvalb,L5,250.0,275.0,200.0,225.0,AISynphys,Accessed on 2025-07-08 00:00:007,0.0,1
6696,VISp,INH,Vip,L4,INH,Pvalb,L6a,0.0,25.0,350.0,375.0,AISynphys,Accessed on 2025-07-08 00:00:007,0.0,1
6697,VISp,INH,Vip,L4,INH,Pvalb,L6a,0.0,25.0,375.0,400.0,AISynphys,Accessed on 2025-07-08 00:00:007,0.0,1
6698,VISp,INH,Vip,L4,INH,Pvalb,L6a,25.0,50.0,325.0,350.0,AISynphys,Accessed on 2025-07-08 00:00:007,0.0,1
6699,VISp,INH,Vip,L4,INH,Pvalb,L6a,25.0,50.0,350.0,375.0,AISynphys,Accessed on 2025-07-08 00:00:007,0.0,1
6700,VISp,INH,Vip,L4,INH,Pvalb,L6a,25.0,50.0,400.0,425.0,AISynphys,Accessed on 2025-07-08 00:00:007,0.0,1
6701,VISp,INH,Vip,L4,INH,Pvalb,L6a,50.0,75.0,275.0,300.0,AISynphys,Accessed on 2025-07-08 00:00:007,0.0,1
6702,VISp,INH,Vip,L4,INH,Pvalb,L6a,50.0,75.0,325.0,350.0,AISynphys,Accessed on 2025-07-08 00:00:007,0.0,2
6703,VISp,INH,Vip,L4,INH,Pvalb,L6a,50.0,75.0,375.0,400.0,AISynphys,Accessed on 2025-07-08 00:00:007,0.0,1
6704,VISp,INH,Vip,L4,INH,Pvalb,L6a,50.0,75.0,400.0,425.0,AISynphys,Accessed on 2025-07-08 00:00:007,0.0,1
6705,VISp,INH,Vip,L4,INH,Pvalb,L6a,75.0,100.0,325.0,350.0,AISynphys,Accessed on 2025-07-08 00:00:007,0.0,1
6706,VISp,INH,Vip,L4,INH,Pvalb,L6a,75.0,100.0,375.0,400.0,AISynphys,Accessed on 2025-07-08 00:00:007,0.0,1
6707,VISp,INH,Vip,L4,INH,Pvalb,L6a,100.0,125.0,275.0,300.0,AISynphys,Accessed on 2025-07-08 00:00:007,0.0,1
6708,VISp,INH,Vip,L4,INH,Pvalb,L6a,125.0,150.0,350.0,375.0,AISynphys,Accessed on 2025-07-08 00:00:007,0.0,1
6709,VISp,INH,Vip,L4,INH,Pvalb,L6a,175.0,200.0,300.0,325.0,AISynphys,Accessed on 2025-07-08 00:00:007,0.0,1
6710,VISp,INH,Vip,L4,INH,Sst,L1,100.0,125.0,275.0,300.0,AISynphys,Accessed on 2025-07-08 00:00:007,0.0,1
6711,VISp,INH,Vip,L4,INH,Sst,L1,150.0,175.0,275.0,300.0,AISynphys,Accessed on 2025-07-08 00:00:007,0.0,1
6712,VISp,INH,Vip,L4,INH,Sst,L23,0.0,25.0,50.0,75.0,AISynphys,Accessed on 2025-07-08 00:00:007,1.0,1
6713,VISp,INH,Vip,L4,INH,Sst,L23,0.0,25.0,75.0,100.0,AISynphys,Accessed on 2025-07-08 00:00:007,0.0,1
6714,VISp,INH,Vip,L4,INH,Sst,L23,0.0,25.0,100.0,125.0,AISynphys,Accessed on 2025-07-08 00:00:007,0.0,1
6715,VISp,INH,Vip,L4,INH,Sst,L23,25.0,50.0,50.0,75.0,AISynphys,Accessed on 2025-07-08 00:00:007,0.0,2
6716,VISp,INH,Vip,L4,INH,Sst,L23,25.0,50.0,75.0,100.0,AISynphys,Accessed on 2025-07-08 00:00:007,0.0,2
6717,VISp,INH,Vip,L4,INH,Sst,L23,50.0,75.0,25.0,50.0,AISynphys,Accessed on 2025-07-08 00:00:007,0.0,1
6718,VISp,INH,Vip,L4,INH,Sst,L23,50.0,75.0,50.0,75.0,AISynphys,Accessed on 2025-07-08 00:00:007,0.0,2
6719,VISp,INH,Vip,L4,INH,Sst,L23,50.0,75.0,125.0,150.0,AISynphys,Accessed on 2025-07-08 00:00:007,0.0,1
6720,VISp,INH,Vip,L4,INH,Sst,L23,50.0,75.0,150.0,175.0,AISynphys,Accessed on 2025-07-08 00:00:007,0.0,1
6721,VISp,INH,Vip,L4,INH,Sst,L23,75.0,100.0,50.0,75.0,AISynphys,Accessed on 2025-07-08 00:00:007,0.5,2
6722,VISp,INH,Vip,L4,INH,Sst,L23,100.0,125.0,125.0,150.0,AISynphys,Accessed on 2025-07-08 00:00:007,0.0,1
6723,VISp,INH,Vip,L4,INH,Sst,L23,125.0,150.0,0.0,25.0,AISynphys,Accessed on 2025-07-08 00:00:007,0.0,1
6724,VISp,INH,Vip,L4,INH,Sst,L23,125.0,150.0,100.0,125.0,AISynphys,Accessed on 2025-07-08 00:00:007,0.0,1
6725,VISp,INH,Vip,L4,INH,Sst,L23,150.0,175.0,125.0,150.0,AISynphys,Accessed on 2025-07-08 00:00:007,0.0,1
6726,VISp,INH,Vip,L4,INH,Sst,L23,150.0,175.0,250.0,275.0,AISynphys,Accessed on 2025-07-08 00:00:007,0.0,1
6727,VISp,INH,Vip,L4,INH,Sst,L23,175.0,200.0,125.0,150.0,AISynphys,Accessed on 2025-07-08 00:00:007,0.0,1
6728,VISp,INH,Vip,L4,INH,Sst,L4,0.0,25.0,0.0,25.0,AISynphys,Accessed on 2025-07-08 00:00:007,0.0,1
6729,VISp,INH,Vip,L4,INH,Sst,L4,0.0,25.0,25.0,50.0,AISynphys,Accessed on 2025-07-08 00:00:007,0.0,1
6730,VISp,INH,Vip,L4,INH,Sst,L4,0.0,25.0,50.0,75.0,AISynphys,Accessed on 2025-07-08 00:00:007,0.0,1
6731,VISp,INH,Vip,L4,INH,Sst,L4,0.0,25.0,75.0,100.0,AISynphys,Accessed on 2025-07-08 00:00:007,0.0,1
6732,VISp,INH,Vip,L4,INH,Sst,L4,25.0,50.0,0.0,25.0,AISynphys,Accessed on 2025-07-08 00:00:007,0.3333333333333333,6
6733,VISp,INH,Vip,L4,INH,Sst,L4,25.0,50.0,25.0,50.0,AISynphys,Accessed on 2025-07-08 00:00:007,0.2,5
6734,VISp,INH,Vip,L4,INH,Sst,L4,25.0,50.0,50.0,75.0,AISynphys,Accessed on 2025-07-08 00:00:007,0.0,4
6735,VISp,INH,Vip,L4,INH,Sst,L4,25.0,50.0,75.0,100.0,AISynphys,Accessed on 2025-07-08 00:00:007,1.0,1
6736,VISp,INH,Vip,L4,INH,Sst,L4,50.0,75.0,0.0,25.0,AISynphys,Accessed on 2025-07-08 00:00:007,0.0,4
6737,VISp,INH,Vip,L4,INH,Sst,L4,50.0,75.0,25.0,50.0,AISynphys,Accessed on 2025-07-08 00:00:007,0.0,2
6738,VISp,INH,Vip,L4,INH,Sst,L4,50.0,75.0,50.0,75.0,AISynphys,Accessed on 2025-07-08 00:00:007,0.0,2
6739,VISp,INH,Vip,L4,INH,Sst,L4,50.0,75.0,100.0,125.0,AISynphys,Accessed on 2025-07-08 00:00:007,0.0,1
6740,VISp,INH,Vip,L4,INH,Sst,L4,75.0,100.0,0.0,25.0,AISynphys,Accessed on 2025-07-08 00:00:007,0.2,5
6741,VISp,INH,Vip,L4,INH,Sst,L4,100.0,125.0,0.0,25.0,AISynphys,Accessed on 2025-07-08 00:00:007,0.0,3
6742,VISp,INH,Vip,L4,INH,Sst,L4,100.0,125.0,25.0,50.0,AISynphys,Accessed on 2025-07-08 00:00:007,0.0,1
6743,VISp,INH,Vip,L4,INH,Sst,L4,125.0,150.0,0.0,25.0,AISynphys,Accessed on 2025-07-08 00:00:007,0.0,5
6744,VISp,INH,Vip,L4,INH,Sst,L4,125.0,150.0,25.0,50.0,AISynphys,Accessed on 2025-07-08 00:00:007,0.0,1
6745,VISp,INH,Vip,L4,INH,Sst,L4,150.0,175.0,0.0,25.0,AISynphys,Accessed on 2025-07-08 00:00:007,0.0,4
6746,VISp,INH,Vip,L4,INH,Sst,L4,150.0,175.0,25.0,50.0,AISynphys,Accessed on 2025-07-08 00:00:007,0.0,2
6747,VISp,INH,Vip,L4,INH,Sst,L4,175.0,200.0,25.0,50.0,AISynphys,Accessed on 2025-07-08 00:00:007,0.0,1
6748,VISp,INH,Vip,L4,INH,Sst,L4,175.0,200.0,50.0,75.0,AISynphys,Accessed on 2025-07-08 00:00:007,0.0,1
6749,VISp,INH,Vip,L4,INH,Sst,L4,175.0,200.0,75.0,100.0,AISynphys,Accessed on 2025-07-08 00:00:007,0.0,1
6750,VISp,INH,Vip,L4,INH,Sst,L4,200.0,225.0,25.0,50.0,AISynphys,Accessed on 2025-07-08 00:00:007,1.0,1
6751,VISp,INH,Vip,L4,INH,Sst,L5,0.0,25.0,25.0,50.0,AISynphys,Accessed on 2025-07-08 00:00:007,0.0,2
6752,VISp,INH,Vip,L4,INH,Sst,L5,0.0,25.0,50.0,75.0,AISynphys,Accessed on 2025-07-08 00:00:007,0.5,2
6753,VISp,INH,Vip,L4,INH,Sst,L5,0.0,25.0,75.0,100.0,AISynphys,Accessed on 2025-07-08 00:00:007,0.0,4
6754,VISp,INH,Vip,L4,INH,Sst,L5,0.0,25.0,100.0,125.0,AISynphys,Accessed on 2025-07-08 00:00:007,0.0,1
6755,VISp,INH,Vip,L4,INH,Sst,L5,0.0,25.0,125.0,150.0,AISynphys,Accessed on 2025-07-08 00:00:007,0.5,2
6756,VISp,INH,Vip,L4,INH,Sst,L5,0.0,25.0,150.0,175.0,AISynphys,Accessed on 2025-07-08 00:00:007,0.0,2
6757,VISp,INH,Vip,L4,INH,Sst,L5,0.0,25.0,175.0,200.0,AISynphys,Accessed on 2025-07-08 00:00:007,0.0,3
6758,VISp,INH,Vip,L4,INH,Sst,L5,25.0,50.0,25.0,50.0,AISynphys,Accessed on 2025-07-08 00:00:007,0.0,1
6759,VISp,INH,Vip,L4,INH,Sst,L5,25.0,50.0,50.0,75.0,AISynphys,Accessed on 2025-07-08 00:00:007,0.0,2
6760,VISp,INH,Vip,L4,INH,Sst,L5,25.0,50.0,125.0,150.0,AISynphys,Accessed on 2025-07-08 00:00:007,0.0,1
6761,VISp,INH,Vip,L4,INH,Sst,L5,25.0,50.0,150.0,175.0,AISynphys,Accessed on 2025-07-08 00:00:007,0.0,1
6762,VISp,INH,Vip,L4,INH,Sst,L5,25.0,50.0,175.0,200.0,AISynphys,Accessed on 2025-07-08 00:00:007,0.0,3
6763,VISp,INH,Vip,L4,INH,Sst,L5,25.0,50.0,200.0,225.0,AISynphys,Accessed on 2025-07-08 00:00:007,1.0,1
6764,VISp,INH,Vip,L4,INH,Sst,L5,25.0,50.0,225.0,250.0,AISynphys,Accessed on 2025-07-08 00:00:007,0.0,1
6765,VISp,INH,Vip,L4,INH,Sst,L5,50.0,75.0,50.0,75.0,AISynphys,Accessed on 2025-07-08 00:00:007,0.0,1
6766,VISp,INH,Vip,L4,INH,Sst,L5,50.0,75.0,100.0,125.0,AISynphys,Accessed on 2025-07-08 00:00:007,0.0,1
6767,VISp,INH,Vip,L4,INH,Sst,L5,50.0,75.0,125.0,150.0,AISynphys,Accessed on 2025-07-08 00:00:007,0.0,2
6768,VISp,INH,Vip,L4,INH,Sst,L5,50.0,75.0,150.0,175.0,AISynphys,Accessed on 2025-07-08 00:00:007,0.5,2
6769,VISp,INH,Vip,L4,INH,Sst,L5,50.0,75.0,225.0,250.0,AISynphys,Accessed on 2025-07-08 00:00:007,0.0,1
6770,VISp,INH,Vip,L4,INH,Sst,L5,75.0,100.0,25.0,50.0,AISynphys,Accessed on 2025-07-08 00:00:007,0.0,1
6771,VISp,INH,Vip,L4,INH,Sst,L5,75.0,100.0,50.0,75.0,AISynphys,Accessed on 2025-07-08 00:00:007,0.0,1
6772,VISp,INH,Vip,L4,INH,Sst,L5,75.0,100.0,75.0,100.0,AISynphys,Accessed on 2025-07-08 00:00:007,0.0,2
6773,VISp,INH,Vip,L4,INH,Sst,L5,75.0,100.0,100.0,125.0,AISynphys,Accessed on 2025-07-08 00:00:007,0.0,2
6774,VISp,INH,Vip,L4,INH,Sst,L5,100.0,125.0,25.0,50.0,AISynphys,Accessed on 2025-07-08 00:00:007,0.0,1
6775,VISp,INH,Vip,L4,INH,Sst,L5,100.0,125.0,50.0,75.0,AISynphys,Accessed on 2025-07-08 00:00:007,0.0,2
6776,VISp,INH,Vip,L4,INH,Sst,L5,100.0,125.0,75.0,100.0,AISynphys,Accessed on 2025-07-08 00:00:007,0.0,2
6777,VISp,INH,Vip,L4,INH,Sst,L5,100.0,125.0,100.0,125.0,AISynphys,Accessed on 2025-07-08 00:00:007,0.0,1
6778,VISp,INH,Vip,L4,INH,Sst,L5,125.0,150.0,100.0,125.0,AISynphys,Accessed on 2025-07-08 00:00:007,0.0,1
6779,VISp,INH,Vip,L4,INH,Sst,L5,125.0,150.0,200.0,225.0,AISynphys,Accessed on 2025-07-08 00:00:007,0.0,1
6780,VISp,INH,Vip,L4,INH,Sst,L5,150.0,175.0,25.0,50.0,AISynphys,Accessed on 2025-07-08 00:00:007,0.0,1
6781,VISp,INH,Vip,L4,INH,Sst,L5,150.0,175.0,50.0,75.0,AISynphys,Accessed on 2025-07-08 00:00:007,0.0,1
6782,VISp,INH,Vip,L4,INH,Sst,L5,150.0,175.0,75.0,100.0,AISynphys,Accessed on 2025-07-08 00:00:007,0.0,1
6783,VISp,INH,Vip,L4,INH,Sst,L5,150.0,175.0,100.0,125.0,AISynphys,Accessed on 2025-07-08 00:00:007,0.0,1
6784,VISp,INH,Vip,L4,INH,Sst,L5,150.0,175.0,125.0,150.0,AISynphys,Accessed on 2025-07-08 00:00:007,0.0,1
6785,VISp,INH,Vip,L4,INH,Sst,L5,150.0,175.0,300.0,325.0,AISynphys,Accessed on 2025-07-08 00:00:007,0.0,1
6786,VISp,INH,Vip,L4,INH,Sst,L5,175.0,200.0,100.0,125.0,AISynphys,Accessed on 2025-07-08 00:00:007,0.0,1
6787,VISp,INH,Vip,L4,INH,Sst,L5,200.0,225.0,50.0,75.0,AISynphys,Accessed on 2025-07-08 00:00:007,0.0,1
6788,VISp,INH,Vip,L4,INH,Sst,L5,225.0,250.0,75.0,100.0,AISynphys,Accessed on 2025-07-08 00:00:007,0.0,1
6789,VISp,INH,Vip,L4,INH,Sst,L6a,125.0,150.0,350.0,375.0,AISynphys,Accessed on 2025-07-08 00:00:007,0.0,1
6790,VISp,INH,Vip,L4,INH,Vip,L1,25.0,50.0,300.0,325.0,AISynphys,Accessed on 2025-07-08 00:00:007,0.0,1
6791,VISp,INH,Vip,L4,INH,Vip,L23,0.0,25.0,0.0,25.0,AISynphys,Accessed on 2025-07-08 00:00:007,0.0,1
6792,VISp,INH,Vip,L4,INH,Vip,L23,0.0,25.0,25.0,50.0,AISynphys,Accessed on 2025-07-08 00:00:007,0.0,5
6793,VISp,INH,Vip,L4,INH,Vip,L23,0.0,25.0,50.0,75.0,AISynphys,Accessed on 2025-07-08 00:00:007,0.0,4
6794,VISp,INH,Vip,L4,INH,Vip,L23,0.0,25.0,75.0,100.0,AISynphys,Accessed on 2025-07-08 00:00:007,0.0,5
6795,VISp,INH,Vip,L4,INH,Vip,L23,0.0,25.0,100.0,125.0,AISynphys,Accessed on 2025-07-08 00:00:007,0.0,2
6796,VISp,INH,Vip,L4,INH,Vip,L23,0.0,25.0,125.0,150.0,AISynphys,Accessed on 2025-07-08 00:00:007,0.0,2
6797,VISp,INH,Vip,L4,INH,Vip,L23,0.0,25.0,150.0,175.0,AISynphys,Accessed on 2025-07-08 00:00:007,0.0,4
6798,VISp,INH,Vip,L4,INH,Vip,L23,0.0,25.0,175.0,200.0,AISynphys,Accessed on 2025-07-08 00:00:007,0.0,1
6799,VISp,INH,Vip,L4,INH,Vip,L23,0.0,25.0,250.0,275.0,AISynphys,Accessed on 2025-07-08 00:00:007,0.0,1
6800,VISp,INH,Vip,L4,INH,Vip,L23,25.0,50.0,0.0,25.0,AISynphys,Accessed on 2025-07-08 00:00:007,0.0,1
6801,VISp,INH,Vip,L4,INH,Vip,L23,25.0,50.0,25.0,50.0,AISynphys,Accessed on 2025-07-08 00:00:007,0.0,2
6802,VISp,INH,Vip,L4,INH,Vip,L23,25.0,50.0,50.0,75.0,AISynphys,Accessed on 2025-07-08 00:00:007,0.125,8
6803,VISp,INH,Vip,L4,INH,Vip,L23,25.0,50.0,75.0,100.0,AISynphys,Accessed on 2025-07-08 00:00:007,0.0,4
6804,VISp,INH,Vip,L4,INH,Vip,L23,25.0,50.0,100.0,125.0,AISynphys,Accessed on 2025-07-08 00:00:007,0.0,1
6805,VISp,INH,Vip,L4,INH,Vip,L23,25.0,50.0,125.0,150.0,AISynphys,Accessed on 2025-07-08 00:00:007,0.0,1
6806,VISp,INH,Vip,L4,INH,Vip,L23,25.0,50.0,150.0,175.0,AISynphys,Accessed on 2025-07-08 00:00:007,0.0,1
6807,VISp,INH,Vip,L4,INH,Vip,L23,25.0,50.0,175.0,200.0,AISynphys,Accessed on 2025-07-08 00:00:007,0.0,2
6808,VISp,INH,Vip,L4,INH,Vip,L23,50.0,75.0,0.0,25.0,AISynphys,Accessed on 2025-07-08 00:00:007,0.0,2
6809,VISp,INH,Vip,L4,INH,Vip,L23,50.0,75.0,25.0,50.0,AISynphys,Accessed on 2025-07-08 00:00:007,0.0,2
6810,VISp,INH,Vip,L4,INH,Vip,L23,50.0,75.0,50.0,75.0,AISynphys,Accessed on 2025-07-08 00:00:007,0.0,3
6811,VISp,INH,Vip,L4,INH,Vip,L23,50.0,75.0,75.0,100.0,AISynphys,Accessed on 2025-07-08 00:00:007,0.0,2
6812,VISp,INH,Vip,L4,INH,Vip,L23,50.0,75.0,125.0,150.0,AISynphys,Accessed on 2025-07-08 00:00:007,0.0,1
6813,VISp,INH,Vip,L4,INH,Vip,L23,50.0,75.0,150.0,175.0,AISynphys,Accessed on 2025-07-08 00:00:007,0.0,3
6814,VISp,INH,Vip,L4,INH,Vip,L23,50.0,75.0,175.0,200.0,AISynphys,Accessed on 2025-07-08 00:00:007,0.0,2
6815,VISp,INH,Vip,L4,INH,Vip,L23,50.0,75.0,250.0,275.0,AISynphys,Accessed on 2025-07-08 00:00:007,0.0,1
6816,VISp,INH,Vip,L4,INH,Vip,L23,50.0,75.0,275.0,300.0,AISynphys,Accessed on 2025-07-08 00:00:007,0.0,1
6817,VISp,INH,Vip,L4,INH,Vip,L23,75.0,100.0,50.0,75.0,AISynphys,Accessed on 2025-07-08 00:00:007,0.0,1
6818,VISp,INH,Vip,L4,INH,Vip,L23,75.0,100.0,75.0,100.0,AISynphys,Accessed on 2025-07-08 00:00:007,0.0,6
6819,VISp,INH,Vip,L4,INH,Vip,L23,75.0,100.0,100.0,125.0,AISynphys,Accessed on 2025-07-08 00:00:007,0.0,2
6820,VISp,INH,Vip,L4,INH,Vip,L23,75.0,100.0,150.0,175.0,AISynphys,Accessed on 2025-07-08 00:00:007,0.0,1
6821,VISp,INH,Vip,L4,INH,Vip,L23,75.0,100.0,175.0,200.0,AISynphys,Accessed on 2025-07-08 00:00:007,0.0,1
6822,VISp,INH,Vip,L4,INH,Vip,L23,100.0,125.0,0.0,25.0,AISynphys,Accessed on 2025-07-08 00:00:007,0.0,1
6823,VISp,INH,Vip,L4,INH,Vip,L23,100.0,125.0,50.0,75.0,AISynphys,Accessed on 2025-07-08 00:00:007,0.0,1
6824,VISp,INH,Vip,L4,INH,Vip,L23,100.0,125.0,100.0,125.0,AISynphys,Accessed on 2025-07-08 00:00:007,0.0,1
6825,VISp,INH,Vip,L4,INH,Vip,L23,100.0,125.0,125.0,150.0,AISynphys,Accessed on 2025-07-08 00:00:007,0.0,1
6826,VISp,INH,Vip,L4,INH,Vip,L23,100.0,125.0,175.0,200.0,AISynphys,Accessed on 2025-07-08 00:00:007,0.0,1
6827,VISp,INH,Vip,L4,INH,Vip,L23,100.0,125.0,200.0,225.0,AISynphys,Accessed on 2025-07-08 00:00:007,0.0,1
6828,VISp,INH,Vip,L4,INH,Vip,L23,125.0,150.0,25.0,50.0,AISynphys,Accessed on 2025-07-08 00:00:007,0.0,1
6829,VISp,INH,Vip,L4,INH,Vip,L23,125.0,150.0,50.0,75.0,AISynphys,Accessed on 2025-07-08 00:00:007,0.0,3
6830,VISp,INH,Vip,L4,INH,Vip,L23,125.0,150.0,75.0,100.0,AISynphys,Accessed on 2025-07-08 00:00:007,0.0,4
6831,VISp,INH,Vip,L4,INH,Vip,L23,125.0,150.0,100.0,125.0,AISynphys,Accessed on 2025-07-08 00:00:007,0.0,2
6832,VISp,INH,Vip,L4,INH,Vip,L23,150.0,175.0,50.0,75.0,AISynphys,Accessed on 2025-07-08 00:00:007,0.0,1
6833,VISp,INH,Vip,L4,INH,Vip,L23,150.0,175.0,75.0,100.0,AISynphys,Accessed on 2025-07-08 00:00:007,0.0,1
6834,VISp,INH,Vip,L4,INH,Vip,L23,150.0,175.0,100.0,125.0,AISynphys,Accessed on 2025-07-08 00:00:007,0.0,1
6835,VISp,INH,Vip,L4,INH,Vip,L23,150.0,175.0,125.0,150.0,AISynphys,Accessed on 2025-07-08 00:00:007,0.0,1
6836,VISp,INH,Vip,L4,INH,Vip,L23,150.0,175.0,175.0,200.0,AISynphys,Accessed on 2025-07-08 00:00:007,0.0,1
6837,VISp,INH,Vip,L4,INH,Vip,L23,150.0,175.0,225.0,250.0,AISynphys,Accessed on 2025-07-08 00:00:007,0.0,1
6838,VISp,INH,Vip,L4,INH,Vip,L23,150.0,175.0,250.0,275.0,AISynphys,Accessed on 2025-07-08 00:00:007,0.0,1
6839,VISp,INH,Vip,L4,INH,Vip,L23,175.0,200.0,25.0,50.0,AISynphys,Accessed on 2025-07-08 00:00:007,0.0,1
6840,VISp,INH,Vip,L4,INH,Vip,L23,175.0,200.0,75.0,100.0,AISynphys,Accessed on 2025-07-08 00:00:007,0.0,1
6841,VISp,INH,Vip,L4,INH,Vip,L23,200.0,225.0,100.0,125.0,AISynphys,Accessed on 2025-07-08 00:00:007,0.0,1
6842,VISp,INH,Vip,L4,INH,Vip,L23,200.0,225.0,150.0,175.0,AISynphys,Accessed on 2025-07-08 00:00:007,0.0,1
6843,VISp,INH,Vip,L4,INH,Vip,L23,225.0,250.0,50.0,75.0,AISynphys,Accessed on 2025-07-08 00:00:007,0.0,1
6844,VISp,INH,Vip,L4,INH,Vip,L4,0.0,25.0,0.0,25.0,AISynphys,Accessed on 2025-07-08 00:00:007,0.0,20
6845,VISp,INH,Vip,L4,INH,Vip,L4,0.0,25.0,25.0,50.0,AISynphys,Accessed on 2025-07-08 00:00:007,0.0,12
6846,VISp,INH,Vip,L4,INH,Vip,L4,0.0,25.0,50.0,75.0,AISynphys,Accessed on 2025-07-08 00:00:007,0.0,4
6847,VISp,INH,Vip,L4,INH,Vip,L4,0.0,25.0,75.0,100.0,AISynphys,Accessed on 2025-07-08 00:00:007,0.0,2
6848,VISp,INH,Vip,L4,INH,Vip,L4,0.0,25.0,100.0,125.0,AISynphys,Accessed on 2025-07-08 00:00:007,0.0,4
6849,VISp,INH,Vip,L4,INH,Vip,L4,25.0,50.0,0.0,25.0,AISynphys,Accessed on 2025-07-08 00:00:007,0.0,20
6850,VISp,INH,Vip,L4,INH,Vip,L4,25.0,50.0,25.0,50.0,AISynphys,Accessed on 2025-07-08 00:00:007,0.07142857142857142,14
6851,VISp,INH,Vip,L4,INH,Vip,L4,25.0,50.0,50.0,75.0,AISynphys,Accessed on 2025-07-08 00:00:007,0.0,10
6852,VISp,INH,Vip,L4,INH,Vip,L4,25.0,50.0,100.0,125.0,AISynphys,Accessed on 2025-07-08 00:00:007,0.0,4
6853,VISp,INH,Vip,L4,INH,Vip,L4,25.0,50.0,125.0,150.0,AISynphys,Accessed on 2025-07-08 00:00:007,0.0,2
6854,VISp,INH,Vip,L4,INH,Vip,L4,50.0,75.0,0.0,25.0,AISynphys,Accessed on 2025-07-08 00:00:007,0.0,6
6855,VISp,INH,Vip,L4,INH,Vip,L4,50.0,75.0,25.0,50.0,AISynphys,Accessed on 2025-07-08 00:00:007,0.0,8
6856,VISp,INH,Vip,L4,INH,Vip,L4,50.0,75.0,50.0,75.0,AISynphys,Accessed on 2025-07-08 00:00:007,0.0,10
6857,VISp,INH,Vip,L4,INH,Vip,L4,50.0,75.0,75.0,100.0,AISynphys,Accessed on 2025-07-08 00:00:007,0.25,4
6858,VISp,INH,Vip,L4,INH,Vip,L4,50.0,75.0,100.0,125.0,AISynphys,Accessed on 2025-07-08 00:00:007,0.0,2
6859,VISp,INH,Vip,L4,INH,Vip,L4,75.0,100.0,0.0,25.0,AISynphys,Accessed on 2025-07-08 00:00:007,0.16666666666666666,12
6860,VISp,INH,Vip,L4,INH,Vip,L4,75.0,100.0,25.0,50.0,AISynphys,Accessed on 2025-07-08 00:00:007,0.0,8
6861,VISp,INH,Vip,L4,INH,Vip,L4,75.0,100.0,50.0,75.0,AISynphys,Accessed on 2025-07-08 00:00:007,0.0,4
6862,VISp,INH,Vip,L4,INH,Vip,L4,75.0,100.0,75.0,100.0,AISynphys,Accessed on 2025-07-08 00:00:007,0.0,2
6863,VISp,INH,Vip,L4,INH,Vip,L4,75.0,100.0,125.0,150.0,AISynphys,Accessed on 2025-07-08 00:00:007,0.0,2
6864,VISp,INH,Vip,L4,INH,Vip,L4,100.0,125.0,0.0,25.0,AISynphys,Accessed on 2025-07-08 00:00:007,0.0,6
6865,VISp,INH,Vip,L4,INH,Vip,L4,100.0,125.0,25.0,50.0,AISynphys,Accessed on 2025-07-08 00:00:007,0.0,8
6866,VISp,INH,Vip,L4,INH,Vip,L4,100.0,125.0,50.0,75.0,AISynphys,Accessed on 2025-07-08 00:00:007,0.0,8
6867,VISp,INH,Vip,L4,INH,Vip,L4,100.0,125.0,75.0,100.0,AISynphys,Accessed on 2025-07-08 00:00:007,0.0,2
6868,VISp,INH,Vip,L4,INH,Vip,L4,125.0,150.0,0.0,25.0,AISynphys,Accessed on 2025-07-08 00:00:007,0.0,4
6869,VISp,INH,Vip,L4,INH,Vip,L4,125.0,150.0,25.0,50.0,AISynphys,Accessed on 2025-07-08 00:00:007,0.0,4
6870,VISp,INH,Vip,L4,INH,Vip,L4,125.0,150.0,50.0,75.0,AISynphys,Accessed on 2025-07-08 00:00:007,0.0,4
6871,VISp,INH,Vip,L4,INH,Vip,L4,125.0,150.0,75.0,100.0,AISynphys,Accessed on 2025-07-08 00:00:007,0.0,2
6872,VISp,INH,Vip,L4,INH,Vip,L4,175.0,200.0,25.0,50.0,AISynphys,Accessed on 2025-07-08 00:00:007,0.0,6
6873,VISp,INH,Vip,L4,INH,Vip,L4,175.0,200.0,75.0,100.0,AISynphys,Accessed on 2025-07-08 00:00:007,0.0,2
6874,VISp,INH,Vip,L4,INH,Vip,L4,200.0,225.0,0.0,25.0,AISynphys,Accessed on 2025-07-08 00:00:007,0.0,2
6875,VISp,INH,Vip,L4,INH,Vip,L4,225.0,250.0,0.0,25.0,AISynphys,Accessed on 2025-07-08 00:00:007,0.0,2
6876,VISp,INH,Vip,L4,INH,Vip,L5,0.0,25.0,0.0,25.0,AISynphys,Accessed on 2025-07-08 00:00:007,0.0,1
6877,VISp,INH,Vip,L4,INH,Vip,L5,0.0,25.0,25.0,50.0,AISynphys,Accessed on 2025-07-08 00:00:007,0.0,1
6878,VISp,INH,Vip,L4,INH,Vip,L5,0.0,25.0,50.0,75.0,AISynphys,Accessed on 2025-07-08 00:00:007,0.0,8
6879,VISp,INH,Vip,L4,INH,Vip,L5,0.0,25.0,75.0,100.0,AISynphys,Accessed on 2025-07-08 00:00:007,0.0,1
6880,VISp,INH,Vip,L4,INH,Vip,L5,0.0,25.0,100.0,125.0,AISynphys,Accessed on 2025-07-08 00:00:007,0.0,2
6881,VISp,INH,Vip,L4,INH,Vip,L5,0.0,25.0,125.0,150.0,AISynphys,Accessed on 2025-07-08 00:00:007,0.3333333333333333,3
6882,VISp,INH,Vip,L4,INH,Vip,L5,0.0,25.0,150.0,175.0,AISynphys,Accessed on 2025-07-08 00:00:007,0.0,1
6883,VISp,INH,Vip,L4,INH,Vip,L5,0.0,25.0,175.0,200.0,AISynphys,Accessed on 2025-07-08 00:00:007,0.0,5
6884,VISp,INH,Vip,L4,INH,Vip,L5,0.0,25.0,200.0,225.0,AISynphys,Accessed on 2025-07-08 00:00:007,0.0,1
6885,VISp,INH,Vip,L4,INH,Vip,L5,0.0,25.0,250.0,275.0,AISynphys,Accessed on 2025-07-08 00:00:007,0.0,1
6886,VISp,INH,Vip,L4,INH,Vip,L5,25.0,50.0,0.0,25.0,AISynphys,Accessed on 2025-07-08 00:00:007,0.0,2
6887,VISp,INH,Vip,L4,INH,Vip,L5,25.0,50.0,25.0,50.0,AISynphys,Accessed on 2025-07-08 00:00:007,0.0,5
6888,VISp,INH,Vip,L4,INH,Vip,L5,25.0,50.0,50.0,75.0,AISynphys,Accessed on 2025-07-08 00:00:007,0.3333333333333333,3
6889,VISp,INH,Vip,L4,INH,Vip,L5,25.0,50.0,75.0,100.0,AISynphys,Accessed on 2025-07-08 00:00:007,0.0,5
6890,VISp,INH,Vip,L4,INH,Vip,L5,25.0,50.0,100.0,125.0,AISynphys,Accessed on 2025-07-08 00:00:007,0.0,2
6891,VISp,INH,Vip,L4,INH,Vip,L5,25.0,50.0,125.0,150.0,AISynphys,Accessed on 2025-07-08 00:00:007,0.0,2
6892,VISp,INH,Vip,L4,INH,Vip,L5,25.0,50.0,175.0,200.0,AISynphys,Accessed on 2025-07-08 00:00:007,0.0,1
6893,VISp,INH,Vip,L4,INH,Vip,L5,25.0,50.0,200.0,225.0,AISynphys,Accessed on 2025-07-08 00:00:007,0.0,1
6894,VISp,INH,Vip,L4,INH,Vip,L5,50.0,75.0,25.0,50.0,AISynphys,Accessed on 2025-07-08 00:00:007,0.0,4
6895,VISp,INH,Vip,L4,INH,Vip,L5,50.0,75.0,50.0,75.0,AISynphys,Accessed on 2025-07-08 00:00:007,0.0,4
6896,VISp,INH,Vip,L4,INH,Vip,L5,50.0,75.0,75.0,100.0,AISynphys,Accessed on 2025-07-08 00:00:007,0.0,2
6897,VISp,INH,Vip,L4,INH,Vip,L5,50.0,75.0,100.0,125.0,AISynphys,Accessed on 2025-07-08 00:00:007,0.0,3
6898,VISp,INH,Vip,L4,INH,Vip,L5,50.0,75.0,125.0,150.0,AISynphys,Accessed on 2025-07-08 00:00:007,0.0,2
6899,VISp,INH,Vip,L4,INH,Vip,L5,50.0,75.0,150.0,175.0,AISynphys,Accessed on 2025-07-08 00:00:007,0.0,2
6900,VISp,INH,Vip,L4,INH,Vip,L5,50.0,75.0,175.0,200.0,AISynphys,Accessed on 2025-07-08 00:00:007,0.0,1
6901,VISp,INH,Vip,L4,INH,Vip,L5,50.0,75.0,200.0,225.0,AISynphys,Accessed on 2025-07-08 00:00:007,0.0,2
6902,VISp,INH,Vip,L4,INH,Vip,L5,50.0,75.0,275.0,300.0,AISynphys,Accessed on 2025-07-08 00:00:007,0.0,1
6903,VISp,INH,Vip,L4,INH,Vip,L5,75.0,100.0,0.0,25.0,AISynphys,Accessed on 2025-07-08 00:00:007,0.0,1
6904,VISp,INH,Vip,L4,INH,Vip,L5,75.0,100.0,25.0,50.0,AISynphys,Accessed on 2025-07-08 00:00:007,0.0,2
6905,VISp,INH,Vip,L4,INH,Vip,L5,75.0,100.0,50.0,75.0,AISynphys,Accessed on 2025-07-08 00:00:007,0.0,3
6906,VISp,INH,Vip,L4,INH,Vip,L5,75.0,100.0,75.0,100.0,AISynphys,Accessed on 2025-07-08 00:00:007,0.0,2
6907,VISp,INH,Vip,L4,INH,Vip,L5,75.0,100.0,100.0,125.0,AISynphys,Accessed on 2025-07-08 00:00:007,0.0,4
6908,VISp,INH,Vip,L4,INH,Vip,L5,75.0,100.0,200.0,225.0,AISynphys,Accessed on 2025-07-08 00:00:007,0.0,1
6909,VISp,INH,Vip,L4,INH,Vip,L5,75.0,100.0,225.0,250.0,AISynphys,Accessed on 2025-07-08 00:00:007,0.0,1
6910,VISp,INH,Vip,L4,INH,Vip,L5,100.0,125.0,0.0,25.0,AISynphys,Accessed on 2025-07-08 00:00:007,0.0,2
6911,VISp,INH,Vip,L4,INH,Vip,L5,100.0,125.0,50.0,75.0,AISynphys,Accessed on 2025-07-08 00:00:007,0.0,1
6912,VISp,INH,Vip,L4,INH,Vip,L5,100.0,125.0,75.0,100.0,AISynphys,Accessed on 2025-07-08 00:00:007,0.0,3
6913,VISp,INH,Vip,L4,INH,Vip,L5,100.0,125.0,100.0,125.0,AISynphys,Accessed on 2025-07-08 00:00:007,0.0,2
6914,VISp,INH,Vip,L4,INH,Vip,L5,100.0,125.0,125.0,150.0,AISynphys,Accessed on 2025-07-08 00:00:007,0.0,1
6915,VISp,INH,Vip,L4,INH,Vip,L5,100.0,125.0,150.0,175.0,AISynphys,Accessed on 2025-07-08 00:00:007,0.0,1
6916,VISp,INH,Vip,L4,INH,Vip,L5,100.0,125.0,175.0,200.0,AISynphys,Accessed on 2025-07-08 00:00:007,0.0,1
6917,VISp,INH,Vip,L4,INH,Vip,L5,100.0,125.0,300.0,325.0,AISynphys,Accessed on 2025-07-08 00:00:007,0.0,1
6918,VISp,INH,Vip,L4,INH,Vip,L5,125.0,150.0,25.0,50.0,AISynphys,Accessed on 2025-07-08 00:00:007,0.0,3
6919,VISp,INH,Vip,L4,INH,Vip,L5,125.0,150.0,50.0,75.0,AISynphys,Accessed on 2025-07-08 00:00:007,0.0,1
6920,VISp,INH,Vip,L4,INH,Vip,L5,125.0,150.0,150.0,175.0,AISynphys,Accessed on 2025-07-08 00:00:007,0.0,1
6921,VISp,INH,Vip,L4,INH,Vip,L5,125.0,150.0,175.0,200.0,AISynphys,Accessed on 2025-07-08 00:00:007,0.0,1
6922,VISp,INH,Vip,L4,INH,Vip,L5,125.0,150.0,225.0,250.0,AISynphys,Accessed on 2025-07-08 00:00:007,0.0,1
6923,VISp,INH,Vip,L4,INH,Vip,L5,125.0,150.0,250.0,275.0,AISynphys,Accessed on 2025-07-08 00:00:007,0.0,1
6924,VISp,INH,Vip,L4,INH,Vip,L5,150.0,175.0,0.0,25.0,AISynphys,Accessed on 2025-07-08 00:00:007,0.0,3
6925,VISp,INH,Vip,L4,INH,Vip,L5,150.0,175.0,75.0,100.0,AISynphys,Accessed on 2025-07-08 00:00:007,0.0,2
6926,VISp,INH,Vip,L4,INH,Vip,L5,150.0,175.0,125.0,150.0,AISynphys,Accessed on 2025-07-08 00:00:007,0.0,1
6927,VISp,INH,Vip,L4,INH,Vip,L5,175.0,200.0,0.0,25.0,AISynphys,Accessed on 2025-07-08 00:00:007,0.0,1
6928,VISp,INH,Vip,L4,INH,Vip,L5,175.0,200.0,25.0,50.0,AISynphys,Accessed on 2025-07-08 00:00:007,0.0,1
6929,VISp,INH,Vip,L4,INH,Vip,L5,175.0,200.0,125.0,150.0,AISynphys,Accessed on 2025-07-08 00:00:007,0.0,1
6930,VISp,INH,Vip,L4,INH,Vip,L5,225.0,250.0,150.0,175.0,AISynphys,Accessed on 2025-07-08 00:00:007,0.0,1
6931,VISp,INH,Vip,L4,INH,Vip,L5,275.0,300.0,25.0,50.0,AISynphys,Accessed on 2025-07-08 00:00:007,0.0,1
6932,VISp,INH,Vip,L4,INH,Vip,L6a,50.0,75.0,225.0,250.0,AISynphys,Accessed on 2025-07-08 00:00:007,0.0,1
6933,VISp,INH,Vip,L4,INH,Vip,L6a,100.0,125.0,250.0,275.0,AISynphys,Accessed on 2025-07-08 00:00:007,0.0,1
6934,VISp,INH,Vip,L5,EXC,Nr5a1,L4,0.0,25.0,25.0,50.0,AISynphys,Accessed on 2025-07-08 00:00:007,0.0,1
6935,VISp,INH,Vip,L5,EXC,Nr5a1,L4,0.0,25.0,75.0,100.0,AISynphys,Accessed on 2025-07-08 00:00:007,0.0,2
6936,VISp,INH,Vip,L5,EXC,Nr5a1,L4,0.0,25.0,100.0,125.0,AISynphys,Accessed on 2025-07-08 00:00:007,0.0,1
6937,VISp,INH,Vip,L5,EXC,Nr5a1,L4,0.0,25.0,125.0,150.0,AISynphys,Accessed on 2025-07-08 00:00:007,0.0,1
6938,VISp,INH,Vip,L5,EXC,Nr5a1,L4,0.0,25.0,150.0,175.0,AISynphys,Accessed on 2025-07-08 00:00:007,0.0,1
6939,VISp,INH,Vip,L5,EXC,Nr5a1,L4,25.0,50.0,25.0,50.0,AISynphys,Accessed on 2025-07-08 00:00:007,0.0,1
6940,VISp,INH,Vip,L5,EXC,Nr5a1,L4,25.0,50.0,50.0,75.0,AISynphys,Accessed on 2025-07-08 00:00:007,0.0,1
6941,VISp,INH,Vip,L5,EXC,Nr5a1,L4,25.0,50.0,75.0,100.0,AISynphys,Accessed on 2025-07-08 00:00:007,0.0,2
6942,VISp,INH,Vip,L5,EXC,Nr5a1,L4,25.0,50.0,100.0,125.0,AISynphys,Accessed on 2025-07-08 00:00:007,0.0,1
6943,VISp,INH,Vip,L5,EXC,Nr5a1,L4,25.0,50.0,125.0,150.0,AISynphys,Accessed on 2025-07-08 00:00:007,0.0,1
6944,VISp,INH,Vip,L5,EXC,Nr5a1,L4,25.0,50.0,175.0,200.0,AISynphys,Accessed on 2025-07-08 00:00:007,0.0,1
6945,VISp,INH,Vip,L5,EXC,Nr5a1,L4,25.0,50.0,200.0,225.0,AISynphys,Accessed on 2025-07-08 00:00:007,0.0,1
6946,VISp,INH,Vip,L5,EXC,Nr5a1,L4,50.0,75.0,25.0,50.0,AISynphys,Accessed on 2025-07-08 00:00:007,0.0,1
6947,VISp,INH,Vip,L5,EXC,Nr5a1,L4,50.0,75.0,50.0,75.0,AISynphys,Accessed on 2025-07-08 00:00:007,0.0,2
6948,VISp,INH,Vip,L5,EXC,Nr5a1,L4,50.0,75.0,75.0,100.0,AISynphys,Accessed on 2025-07-08 00:00:007,0.0,1
6949,VISp,INH,Vip,L5,EXC,Nr5a1,L4,50.0,75.0,100.0,125.0,AISynphys,Accessed on 2025-07-08 00:00:007,0.0,1
6950,VISp,INH,Vip,L5,EXC,Nr5a1,L4,75.0,100.0,0.0,25.0,AISynphys,Accessed on 2025-07-08 00:00:007,0.0,1
6951,VISp,INH,Vip,L5,EXC,Nr5a1,L4,75.0,100.0,50.0,75.0,AISynphys,Accessed on 2025-07-08 00:00:007,0.0,1
6952,VISp,INH,Vip,L5,EXC,Nr5a1,L4,75.0,100.0,75.0,100.0,AISynphys,Accessed on 2025-07-08 00:00:007,0.0,1
6953,VISp,INH,Vip,L5,EXC,Nr5a1,L4,75.0,100.0,100.0,125.0,AISynphys,Accessed on 2025-07-08 00:00:007,0.0,1
6954,VISp,INH,Vip,L5,EXC,Nr5a1,L4,75.0,100.0,125.0,150.0,AISynphys,Accessed on 2025-07-08 00:00:007,0.0,2
6955,VISp,INH,Vip,L5,EXC,Nr5a1,L4,100.0,125.0,25.0,50.0,AISynphys,Accessed on 2025-07-08 00:00:007,0.0,1
6956,VISp,INH,Vip,L5,EXC,Nr5a1,L4,100.0,125.0,75.0,100.0,AISynphys,Accessed on 2025-07-08 00:00:007,0.0,1
6957,VISp,INH,Vip,L5,EXC,Nr5a1,L4,100.0,125.0,100.0,125.0,AISynphys,Accessed on 2025-07-08 00:00:007,0.0,1
6958,VISp,INH,Vip,L5,EXC,Nr5a1,L4,125.0,150.0,200.0,225.0,AISynphys,Accessed on 2025-07-08 00:00:007,0.0,1
6959,VISp,INH,Vip,L5,EXC,Nr5a1,L5,25.0,50.0,0.0,25.0,AISynphys,Accessed on 2025-07-08 00:00:007,0.0,3
6960,VISp,INH,Vip,L5,EXC,Nr5a1,L5,100.0,125.0,0.0,25.0,AISynphys,Accessed on 2025-07-08 00:00:007,0.0,1
6961,VISp,INH,Vip,L5,EXC,Ntsr1,L5,125.0,150.0,0.0,25.0,AISynphys,Accessed on 2025-07-08 00:00:007,0.0,1
6962,VISp,INH,Vip,L5,EXC,Ntsr1,L6a,0.0,25.0,75.0,100.0,AISynphys,Accessed on 2025-07-08 00:00:007,0.0,1
6963,VISp,INH,Vip,L5,EXC,Ntsr1,L6a,0.0,25.0,100.0,125.0,AISynphys,Accessed on 2025-07-08 00:00:007,0.0,1
6964,VISp,INH,Vip,L5,EXC,Ntsr1,L6a,0.0,25.0,125.0,150.0,AISynphys,Accessed on 2025-07-08 00:00:007,0.0,1
6965,VISp,INH,Vip,L5,EXC,Ntsr1,L6a,0.0,25.0,175.0,200.0,AISynphys,Accessed on 2025-07-08 00:00:007,0.0,2
6966,VISp,INH,Vip,L5,EXC,Ntsr1,L6a,0.0,25.0,200.0,225.0,AISynphys,Accessed on 2025-07-08 00:00:007,0.0,1
6967,VISp,INH,Vip,L5,EXC,Ntsr1,L6a,25.0,50.0,75.0,100.0,AISynphys,Accessed on 2025-07-08 00:00:007,0.0,1
6968,VISp,INH,Vip,L5,EXC,Ntsr1,L6a,25.0,50.0,100.0,125.0,AISynphys,Accessed on 2025-07-08 00:00:007,0.0,2
6969,VISp,INH,Vip,L5,EXC,Ntsr1,L6a,25.0,50.0,125.0,150.0,AISynphys,Accessed on 2025-07-08 00:00:007,0.0,1
6970,VISp,INH,Vip,L5,EXC,Ntsr1,L6a,25.0,50.0,150.0,175.0,AISynphys,Accessed on 2025-07-08 00:00:007,0.0,1
6971,VISp,INH,Vip,L5,EXC,Ntsr1,L6a,50.0,75.0,275.0,300.0,AISynphys,Accessed on 2025-07-08 00:00:007,0.0,1
6972,VISp,INH,Vip,L5,EXC,Ntsr1,L6a,75.0,100.0,0.0,25.0,AISynphys,Accessed on 2025-07-08 00:00:007,0.0,1
6973,VISp,INH,Vip,L5,EXC,Ntsr1,L6a,75.0,100.0,100.0,125.0,AISynphys,Accessed on 2025-07-08 00:00:007,1.0,1
6974,VISp,INH,Vip,L5,EXC,Ntsr1,L6a,75.0,100.0,125.0,150.0,AISynphys,Accessed on 2025-07-08 00:00:007,0.0,1
6975,VISp,INH,Vip,L5,EXC,Ntsr1,L6a,75.0,100.0,175.0,200.0,AISynphys,Accessed on 2025-07-08 00:00:007,0.0,1
6976,VISp,INH,Vip,L5,EXC,Ntsr1,L6a,75.0,100.0,225.0,250.0,AISynphys,Accessed on 2025-07-08 00:00:007,0.0,3
6977,VISp,INH,Vip,L5,EXC,Ntsr1,L6a,125.0,150.0,150.0,175.0,AISynphys,Accessed on 2025-07-08 00:00:007,0.0,1
6978,VISp,INH,Vip,L5,EXC,Ntsr1,L6a,125.0,150.0,250.0,275.0,AISynphys,Accessed on 2025-07-08 00:00:007,0.0,1
6979,VISp,INH,Vip,L5,EXC,Ntsr1,L6a,150.0,175.0,25.0,50.0,AISynphys,Accessed on 2025-07-08 00:00:007,0.0,1
6980,VISp,INH,Vip,L5,EXC,Ntsr1,L6a,150.0,175.0,125.0,150.0,AISynphys,Accessed on 2025-07-08 00:00:007,0.0,1
6981,VISp,INH,Vip,L5,EXC,Ntsr1,L6a,175.0,200.0,225.0,250.0,AISynphys,Accessed on 2025-07-08 00:00:007,0.0,1
6982,VISp,INH,Vip,L5,EXC,Ntsr1,L6b,100.0,125.0,300.0,325.0,AISynphys,Accessed on 2025-07-08 00:00:007,0.0,1
6983,VISp,INH,Vip,L5,EXC,Sim1,L4,25.0,50.0,25.0,50.0,AISynphys,Accessed on 2025-07-08 00:00:007,0.0,1
6984,VISp,INH,Vip,L5,EXC,Sim1,L4,25.0,50.0,50.0,75.0,AISynphys,Accessed on 2025-07-08 00:00:007,0.0,1
6985,VISp,INH,Vip,L5,EXC,Sim1,L4,50.0,75.0,0.0,25.0,AISynphys,Accessed on 2025-07-08 00:00:007,0.0,1
6986,VISp,INH,Vip,L5,EXC,Sim1,L4,50.0,75.0,25.0,50.0,AISynphys,Accessed on 2025-07-08 00:00:007,0.0,2
6987,VISp,INH,Vip,L5,EXC,Sim1,L4,50.0,75.0,75.0,100.0,AISynphys,Accessed on 2025-07-08 00:00:007,0.0,1
6988,VISp,INH,Vip,L5,EXC,Sim1,L4,100.0,125.0,25.0,50.0,AISynphys,Accessed on 2025-07-08 00:00:007,0.0,1
6989,VISp,INH,Vip,L5,EXC,Sim1,L4,175.0,200.0,50.0,75.0,AISynphys,Accessed on 2025-07-08 00:00:007,0.0,1
6990,VISp,INH,Vip,L5,EXC,Sim1,L5,0.0,25.0,0.0,25.0,AISynphys,Accessed on 2025-07-08 00:00:007,0.0,2
6991,VISp,INH,Vip,L5,EXC,Sim1,L5,0.0,25.0,25.0,50.0,AISynphys,Accessed on 2025-07-08 00:00:007,0.0,3
6992,VISp,INH,Vip,L5,EXC,Sim1,L5,0.0,25.0,50.0,75.0,AISynphys,Accessed on 2025-07-08 00:00:007,0.0,3
6993,VISp,INH,Vip,L5,EXC,Sim1,L5,0.0,25.0,75.0,100.0,AISynphys,Accessed on 2025-07-08 00:00:007,0.0,2
6994,VISp,INH,Vip,L5,EXC,Sim1,L5,25.0,50.0,0.0,25.0,AISynphys,Accessed on 2025-07-08 00:00:007,0.0,5
6995,VISp,INH,Vip,L5,EXC,Sim1,L5,25.0,50.0,25.0,50.0,AISynphys,Accessed on 2025-07-08 00:00:007,0.0,1
6996,VISp,INH,Vip,L5,EXC,Sim1,L5,25.0,50.0,50.0,75.0,AISynphys,Accessed on 2025-07-08 00:00:007,0.0,1
6997,VISp,INH,Vip,L5,EXC,Sim1,L5,25.0,50.0,75.0,100.0,AISynphys,Accessed on 2025-07-08 00:00:007,0.0,2
6998,VISp,INH,Vip,L5,EXC,Sim1,L5,25.0,50.0,100.0,125.0,AISynphys,Accessed on 2025-07-08 00:00:007,0.0,2
6999,VISp,INH,Vip,L5,EXC,Sim1,L5,50.0,75.0,0.0,25.0,AISynphys,Accessed on 2025-07-08 00:00:007,0.0,7
7000,VISp,INH,Vip,L5,EXC,Sim1,L5,50.0,75.0,25.0,50.0,AISynphys,Accessed on 2025-07-08 00:00:007,0.0,3
7001,VISp,INH,Vip,L5,EXC,Sim1,L5,50.0,75.0,50.0,75.0,AISynphys,Accessed on 2025-07-08 00:00:007,0.0,3
7002,VISp,INH,Vip,L5,EXC,Sim1,L5,50.0,75.0,75.0,100.0,AISynphys,Accessed on 2025-07-08 00:00:007,0.0,2
7003,VISp,INH,Vip,L5,EXC,Sim1,L5,50.0,75.0,100.0,125.0,AISynphys,Accessed on 2025-07-08 00:00:007,0.0,1
7004,VISp,INH,Vip,L5,EXC,Sim1,L5,50.0,75.0,125.0,150.0,AISynphys,Accessed on 2025-07-08 00:00:007,0.0,1
7005,VISp,INH,Vip,L5,EXC,Sim1,L5,75.0,100.0,0.0,25.0,AISynphys,Accessed on 2025-07-08 00:00:007,0.0,2
7006,VISp,INH,Vip,L5,EXC,Sim1,L5,75.0,100.0,25.0,50.0,AISynphys,Accessed on 2025-07-08 00:00:007,0.0,2
7007,VISp,INH,Vip,L5,EXC,Sim1,L5,75.0,100.0,50.0,75.0,AISynphys,Accessed on 2025-07-08 00:00:007,0.0,1
7008,VISp,INH,Vip,L5,EXC,Sim1,L5,75.0,100.0,75.0,100.0,AISynphys,Accessed on 2025-07-08 00:00:007,0.0,1
7009,VISp,INH,Vip,L5,EXC,Sim1,L5,100.0,125.0,0.0,25.0,AISynphys,Accessed on 2025-07-08 00:00:007,0.0,4
7010,VISp,INH,Vip,L5,EXC,Sim1,L5,100.0,125.0,25.0,50.0,AISynphys,Accessed on 2025-07-08 00:00:007,0.0,2
7011,VISp,INH,Vip,L5,EXC,Sim1,L5,100.0,125.0,50.0,75.0,AISynphys,Accessed on 2025-07-08 00:00:007,0.0,3
7012,VISp,INH,Vip,L5,EXC,Sim1,L5,100.0,125.0,75.0,100.0,AISynphys,Accessed on 2025-07-08 00:00:007,0.0,1
7013,VISp,INH,Vip,L5,EXC,Sim1,L5,100.0,125.0,125.0,150.0,AISynphys,Accessed on 2025-07-08 00:00:007,0.0,1
7014,VISp,INH,Vip,L5,EXC,Sim1,L5,125.0,150.0,0.0,25.0,AISynphys,Accessed on 2025-07-08 00:00:007,0.0,2
7015,VISp,INH,Vip,L5,EXC,Sim1,L5,125.0,150.0,25.0,50.0,AISynphys,Accessed on 2025-07-08 00:00:007,0.0,1
7016,VISp,INH,Vip,L5,EXC,Sim1,L5,125.0,150.0,50.0,75.0,AISynphys,Accessed on 2025-07-08 00:00:007,0.0,1
7017,VISp,INH,Vip,L5,EXC,Sim1,L5,125.0,150.0,100.0,125.0,AISynphys,Accessed on 2025-07-08 00:00:007,0.0,1
7018,VISp,INH,Vip,L5,EXC,Sim1,L5,150.0,175.0,0.0,25.0,AISynphys,Accessed on 2025-07-08 00:00:007,0.0,1
7019,VISp,INH,Vip,L5,EXC,Sim1,L5,150.0,175.0,100.0,125.0,AISynphys,Accessed on 2025-07-08 00:00:007,0.0,1
7020,VISp,INH,Vip,L5,EXC,Sim1,L5,150.0,175.0,125.0,150.0,AISynphys,Accessed on 2025-07-08 00:00:007,0.0,1
7021,VISp,INH,Vip,L5,EXC,Sim1,L5,175.0,200.0,50.0,75.0,AISynphys,Accessed on 2025-07-08 00:00:007,0.0,1
7022,VISp,INH,Vip,L5,EXC,Sim1,L5,175.0,200.0,75.0,100.0,AISynphys,Accessed on 2025-07-08 00:00:007,0.0,1
7023,VISp,INH,Vip,L5,EXC,Sim1,L5,200.0,225.0,25.0,50.0,AISynphys,Accessed on 2025-07-08 00:00:007,0.0,1
7024,VISp,INH,Vip,L5,EXC,Sim1,L5,200.0,225.0,100.0,125.0,AISynphys,Accessed on 2025-07-08 00:00:007,0.0,1
7025,VISp,INH,Vip,L5,EXC,Sim1,L6a,25.0,50.0,75.0,100.0,AISynphys,Accessed on 2025-07-08 00:00:007,0.0,1
7026,VISp,INH,Vip,L5,EXC,Sim1,L6a,25.0,50.0,150.0,175.0,AISynphys,Accessed on 2025-07-08 00:00:007,0.0,1
7027,VISp,INH,Vip,L5,EXC,Sim1,L6a,75.0,100.0,200.0,225.0,AISynphys,Accessed on 2025-07-08 00:00:007,0.0,1
7028,VISp,INH,Vip,L5,EXC,Tlx3,L4,0.0,25.0,25.0,50.0,AISynphys,Accessed on 2025-07-08 00:00:007,0.0,3
7029,VISp,INH,Vip,L5,EXC,Tlx3,L4,0.0,25.0,125.0,150.0,AISynphys,Accessed on 2025-07-08 00:00:007,0.0,1
7030,VISp,INH,Vip,L5,EXC,Tlx3,L4,0.0,25.0,175.0,200.0,AISynphys,Accessed on 2025-07-08 00:00:007,0.0,1
7031,VISp,INH,Vip,L5,EXC,Tlx3,L4,25.0,50.0,25.0,50.0,AISynphys,Accessed on 2025-07-08 00:00:007,0.0,1
7032,VISp,INH,Vip,L5,EXC,Tlx3,L4,25.0,50.0,75.0,100.0,AISynphys,Accessed on 2025-07-08 00:00:007,0.0,1
7033,VISp,INH,Vip,L5,EXC,Tlx3,L4,25.0,50.0,125.0,150.0,AISynphys,Accessed on 2025-07-08 00:00:007,0.0,1
7034,VISp,INH,Vip,L5,EXC,Tlx3,L4,25.0,50.0,175.0,200.0,AISynphys,Accessed on 2025-07-08 00:00:007,0.0,1
7035,VISp,INH,Vip,L5,EXC,Tlx3,L4,50.0,75.0,0.0,25.0,AISynphys,Accessed on 2025-07-08 00:00:007,0.0,1
7036,VISp,INH,Vip,L5,EXC,Tlx3,L4,50.0,75.0,25.0,50.0,AISynphys,Accessed on 2025-07-08 00:00:007,0.0,2
7037,VISp,INH,Vip,L5,EXC,Tlx3,L4,50.0,75.0,75.0,100.0,AISynphys,Accessed on 2025-07-08 00:00:007,0.0,1
7038,VISp,INH,Vip,L5,EXC,Tlx3,L4,100.0,125.0,0.0,25.0,AISynphys,Accessed on 2025-07-08 00:00:007,0.0,1
7039,VISp,INH,Vip,L5,EXC,Tlx3,L4,125.0,150.0,0.0,25.0,AISynphys,Accessed on 2025-07-08 00:00:007,0.0,1
7040,VISp,INH,Vip,L5,EXC,Tlx3,L4,125.0,150.0,75.0,100.0,AISynphys,Accessed on 2025-07-08 00:00:007,0.0,1
7041,VISp,INH,Vip,L5,EXC,Tlx3,L4,150.0,175.0,75.0,100.0,AISynphys,Accessed on 2025-07-08 00:00:007,0.0,1
7042,VISp,INH,Vip,L5,EXC,Tlx3,L4,175.0,200.0,0.0,25.0,AISynphys,Accessed on 2025-07-08 00:00:007,0.0,1
7043,VISp,INH,Vip,L5,EXC,Tlx3,L4,175.0,200.0,75.0,100.0,AISynphys,Accessed on 2025-07-08 00:00:007,0.0,1
7044,VISp,INH,Vip,L5,EXC,Tlx3,L5,0.0,25.0,0.0,25.0,AISynphys,Accessed on 2025-07-08 00:00:007,0.0,3
7045,VISp,INH,Vip,L5,EXC,Tlx3,L5,0.0,25.0,25.0,50.0,AISynphys,Accessed on 2025-07-08 00:00:007,0.0,6
7046,VISp,INH,Vip,L5,EXC,Tlx3,L5,0.0,25.0,50.0,75.0,AISynphys,Accessed on 2025-07-08 00:00:007,0.0,4
7047,VISp,INH,Vip,L5,EXC,Tlx3,L5,0.0,25.0,75.0,100.0,AISynphys,Accessed on 2025-07-08 00:00:007,0.0,2
7048,VISp,INH,Vip,L5,EXC,Tlx3,L5,0.0,25.0,100.0,125.0,AISynphys,Accessed on 2025-07-08 00:00:007,0.0,2
7049,VISp,INH,Vip,L5,EXC,Tlx3,L5,0.0,25.0,125.0,150.0,AISynphys,Accessed on 2025-07-08 00:00:007,0.0,2
7050,VISp,INH,Vip,L5,EXC,Tlx3,L5,0.0,25.0,150.0,175.0,AISynphys,Accessed on 2025-07-08 00:00:007,0.0,1
7051,VISp,INH,Vip,L5,EXC,Tlx3,L5,25.0,50.0,0.0,25.0,AISynphys,Accessed on 2025-07-08 00:00:007,0.0,5
7052,VISp,INH,Vip,L5,EXC,Tlx3,L5,25.0,50.0,25.0,50.0,AISynphys,Accessed on 2025-07-08 00:00:007,0.0,5
7053,VISp,INH,Vip,L5,EXC,Tlx3,L5,25.0,50.0,50.0,75.0,AISynphys,Accessed on 2025-07-08 00:00:007,0.0,1
7054,VISp,INH,Vip,L5,EXC,Tlx3,L5,25.0,50.0,75.0,100.0,AISynphys,Accessed on 2025-07-08 00:00:007,0.0,4
7055,VISp,INH,Vip,L5,EXC,Tlx3,L5,25.0,50.0,100.0,125.0,AISynphys,Accessed on 2025-07-08 00:00:007,0.0,1
7056,VISp,INH,Vip,L5,EXC,Tlx3,L5,25.0,50.0,125.0,150.0,AISynphys,Accessed on 2025-07-08 00:00:007,0.0,1
7057,VISp,INH,Vip,L5,EXC,Tlx3,L5,50.0,75.0,0.0,25.0,AISynphys,Accessed on 2025-07-08 00:00:007,0.0,6
7058,VISp,INH,Vip,L5,EXC,Tlx3,L5,50.0,75.0,25.0,50.0,AISynphys,Accessed on 2025-07-08 00:00:007,0.0,6
7059,VISp,INH,Vip,L5,EXC,Tlx3,L5,50.0,75.0,50.0,75.0,AISynphys,Accessed on 2025-07-08 00:00:007,0.0,4
7060,VISp,INH,Vip,L5,EXC,Tlx3,L5,50.0,75.0,75.0,100.0,AISynphys,Accessed on 2025-07-08 00:00:007,0.0,2
7061,VISp,INH,Vip,L5,EXC,Tlx3,L5,50.0,75.0,100.0,125.0,AISynphys,Accessed on 2025-07-08 00:00:007,0.0,2
7062,VISp,INH,Vip,L5,EXC,Tlx3,L5,50.0,75.0,125.0,150.0,AISynphys,Accessed on 2025-07-08 00:00:007,0.0,1
7063,VISp,INH,Vip,L5,EXC,Tlx3,L5,75.0,100.0,0.0,25.0,AISynphys,Accessed on 2025-07-08 00:00:007,0.0,8
7064,VISp,INH,Vip,L5,EXC,Tlx3,L5,75.0,100.0,25.0,50.0,AISynphys,Accessed on 2025-07-08 00:00:007,0.0,4
7065,VISp,INH,Vip,L5,EXC,Tlx3,L5,75.0,100.0,50.0,75.0,AISynphys,Accessed on 2025-07-08 00:00:007,0.0,4
7066,VISp,INH,Vip,L5,EXC,Tlx3,L5,75.0,100.0,100.0,125.0,AISynphys,Accessed on 2025-07-08 00:00:007,0.0,2
7067,VISp,INH,Vip,L5,EXC,Tlx3,L5,75.0,100.0,150.0,175.0,AISynphys,Accessed on 2025-07-08 00:00:007,0.0,1
7068,VISp,INH,Vip,L5,EXC,Tlx3,L5,100.0,125.0,25.0,50.0,AISynphys,Accessed on 2025-07-08 00:00:007,0.0,3
7069,VISp,INH,Vip,L5,EXC,Tlx3,L5,100.0,125.0,50.0,75.0,AISynphys,Accessed on 2025-07-08 00:00:007,0.0,2
7070,VISp,INH,Vip,L5,EXC,Tlx3,L5,100.0,125.0,75.0,100.0,AISynphys,Accessed on 2025-07-08 00:00:007,0.0,3
7071,VISp,INH,Vip,L5,EXC,Tlx3,L5,125.0,150.0,0.0,25.0,AISynphys,Accessed on 2025-07-08 00:00:007,0.0,5
7072,VISp,INH,Vip,L5,EXC,Tlx3,L5,125.0,150.0,25.0,50.0,AISynphys,Accessed on 2025-07-08 00:00:007,0.0,1
7073,VISp,INH,Vip,L5,EXC,Tlx3,L5,150.0,175.0,0.0,25.0,AISynphys,Accessed on 2025-07-08 00:00:007,0.0,1
7074,VISp,INH,Vip,L5,EXC,Tlx3,L5,150.0,175.0,25.0,50.0,AISynphys,Accessed on 2025-07-08 00:00:007,0.0,3
7075,VISp,INH,Vip,L5,EXC,Tlx3,L5,150.0,175.0,50.0,75.0,AISynphys,Accessed on 2025-07-08 00:00:007,0.0,2
7076,VISp,INH,Vip,L5,EXC,Tlx3,L5,175.0,200.0,0.0,25.0,AISynphys,Accessed on 2025-07-08 00:00:007,0.0,1
7077,VISp,INH,Vip,L5,EXC,Tlx3,L5,175.0,200.0,50.0,75.0,AISynphys,Accessed on 2025-07-08 00:00:007,0.0,1
7078,VISp,INH,Vip,L5,EXC,Tlx3,L5,200.0,225.0,100.0,125.0,AISynphys,Accessed on 2025-07-08 00:00:007,0.0,1
7079,VISp,INH,Vip,L5,EXC,"Tlx3,Vip",L5,175.0,200.0,0.0,25.0,AISynphys,Accessed on 2025-07-08 00:00:007,0.0,1
7080,VISp,INH,Vip,L5,INH,Pvalb,L23,0.0,25.0,175.0,200.0,AISynphys,Accessed on 2025-07-08 00:00:007,0.0,1
7081,VISp,INH,Vip,L5,INH,Pvalb,L23,0.0,25.0,225.0,250.0,AISynphys,Accessed on 2025-07-08 00:00:007,0.0,1
7082,VISp,INH,Vip,L5,INH,Pvalb,L23,0.0,25.0,375.0,400.0,AISynphys,Accessed on 2025-07-08 00:00:007,0.0,1
7083,VISp,INH,Vip,L5,INH,Pvalb,L23,50.0,75.0,100.0,125.0,AISynphys,Accessed on 2025-07-08 00:00:007,0.0,1
7084,VISp,INH,Vip,L5,INH,Pvalb,L23,75.0,100.0,300.0,325.0,AISynphys,Accessed on 2025-07-08 00:00:007,0.0,1
7085,VISp,INH,Vip,L5,INH,Pvalb,L23,100.0,125.0,175.0,200.0,AISynphys,Accessed on 2025-07-08 00:00:007,0.0,1
7086,VISp,INH,Vip,L5,INH,Pvalb,L4,0.0,25.0,25.0,50.0,AISynphys,Accessed on 2025-07-08 00:00:007,0.0,1
7087,VISp,INH,Vip,L5,INH,Pvalb,L4,0.0,25.0,50.0,75.0,AISynphys,Accessed on 2025-07-08 00:00:007,0.0,3
7088,VISp,INH,Vip,L5,INH,Pvalb,L4,0.0,25.0,75.0,100.0,AISynphys,Accessed on 2025-07-08 00:00:007,0.0,2
7089,VISp,INH,Vip,L5,INH,Pvalb,L4,25.0,50.0,0.0,25.0,AISynphys,Accessed on 2025-07-08 00:00:007,0.0,1
7090,VISp,INH,Vip,L5,INH,Pvalb,L4,25.0,50.0,25.0,50.0,AISynphys,Accessed on 2025-07-08 00:00:007,0.0,1
7091,VISp,INH,Vip,L5,INH,Pvalb,L4,25.0,50.0,75.0,100.0,AISynphys,Accessed on 2025-07-08 00:00:007,0.0,1
7092,VISp,INH,Vip,L5,INH,Pvalb,L4,25.0,50.0,125.0,150.0,AISynphys,Accessed on 2025-07-08 00:00:007,0.0,1
7093,VISp,INH,Vip,L5,INH,Pvalb,L4,25.0,50.0,150.0,175.0,AISynphys,Accessed on 2025-07-08 00:00:007,0.0,1
7094,VISp,INH,Vip,L5,INH,Pvalb,L4,50.0,75.0,25.0,50.0,AISynphys,Accessed on 2025-07-08 00:00:007,0.0,1
7095,VISp,INH,Vip,L5,INH,Pvalb,L4,50.0,75.0,75.0,100.0,AISynphys,Accessed on 2025-07-08 00:00:007,0.0,1
7096,VISp,INH,Vip,L5,INH,Pvalb,L4,50.0,75.0,125.0,150.0,AISynphys,Accessed on 2025-07-08 00:00:007,0.0,4
7097,VISp,INH,Vip,L5,INH,Pvalb,L4,75.0,100.0,0.0,25.0,AISynphys,Accessed on 2025-07-08 00:00:007,0.0,1
7098,VISp,INH,Vip,L5,INH,Pvalb,L4,75.0,100.0,50.0,75.0,AISynphys,Accessed on 2025-07-08 00:00:007,0.0,1
7099,VISp,INH,Vip,L5,INH,Pvalb,L4,75.0,100.0,125.0,150.0,AISynphys,Accessed on 2025-07-08 00:00:007,0.0,2
7100,VISp,INH,Vip,L5,INH,Pvalb,L4,75.0,100.0,200.0,225.0,AISynphys,Accessed on 2025-07-08 00:00:007,0.0,1
7101,VISp,INH,Vip,L5,INH,Pvalb,L4,100.0,125.0,50.0,75.0,AISynphys,Accessed on 2025-07-08 00:00:007,0.0,1
7102,VISp,INH,Vip,L5,INH,Pvalb,L4,100.0,125.0,150.0,175.0,AISynphys,Accessed on 2025-07-08 00:00:007,0.0,1
7103,VISp,INH,Vip,L5,INH,Pvalb,L4,125.0,150.0,75.0,100.0,AISynphys,Accessed on 2025-07-08 00:00:007,0.0,2
7104,VISp,INH,Vip,L5,INH,Pvalb,L4,175.0,200.0,50.0,75.0,AISynphys,Accessed on 2025-07-08 00:00:007,0.0,1
7105,VISp,INH,Vip,L5,INH,Pvalb,L4,175.0,200.0,75.0,100.0,AISynphys,Accessed on 2025-07-08 00:00:007,0.0,1
7106,VISp,INH,Vip,L5,INH,Pvalb,L4,175.0,200.0,125.0,150.0,AISynphys,Accessed on 2025-07-08 00:00:007,0.0,1
7107,VISp,INH,Vip,L5,INH,Pvalb,L4,200.0,225.0,25.0,50.0,AISynphys,Accessed on 2025-07-08 00:00:007,0.0,1
7108,VISp,INH,Vip,L5,INH,Pvalb,L4,200.0,225.0,50.0,75.0,AISynphys,Accessed on 2025-07-08 00:00:007,0.0,1
7109,VISp,INH,Vip,L5,INH,Pvalb,L4,225.0,250.0,125.0,150.0,AISynphys,Accessed on 2025-07-08 00:00:007,0.0,1
7110,VISp,INH,Vip,L5,INH,Pvalb,L5,0.0,25.0,0.0,25.0,AISynphys,Accessed on 2025-07-08 00:00:007,0.0,9
7111,VISp,INH,Vip,L5,INH,Pvalb,L5,0.0,25.0,25.0,50.0,AISynphys,Accessed on 2025-07-08 00:00:007,0.0,4
7112,VISp,INH,Vip,L5,INH,Pvalb,L5,0.0,25.0,50.0,75.0,AISynphys,Accessed on 2025-07-08 00:00:007,0.1,10
7113,VISp,INH,Vip,L5,INH,Pvalb,L5,0.0,25.0,75.0,100.0,AISynphys,Accessed on 2025-07-08 00:00:007,0.0,6
7114,VISp,INH,Vip,L5,INH,Pvalb,L5,0.0,25.0,100.0,125.0,AISynphys,Accessed on 2025-07-08 00:00:007,0.0,2
7115,VISp,INH,Vip,L5,INH,Pvalb,L5,0.0,25.0,125.0,150.0,AISynphys,Accessed on 2025-07-08 00:00:007,0.0,2
7116,VISp,INH,Vip,L5,INH,Pvalb,L5,0.0,25.0,150.0,175.0,AISynphys,Accessed on 2025-07-08 00:00:007,0.0,3
7117,VISp,INH,Vip,L5,INH,Pvalb,L5,0.0,25.0,175.0,200.0,AISynphys,Accessed on 2025-07-08 00:00:007,0.0,1
7118,VISp,INH,Vip,L5,INH,Pvalb,L5,25.0,50.0,0.0,25.0,AISynphys,Accessed on 2025-07-08 00:00:007,0.0,6
7119,VISp,INH,Vip,L5,INH,Pvalb,L5,25.0,50.0,25.0,50.0,AISynphys,Accessed on 2025-07-08 00:00:007,0.0,11
7120,VISp,INH,Vip,L5,INH,Pvalb,L5,25.0,50.0,50.0,75.0,AISynphys,Accessed on 2025-07-08 00:00:007,0.0,8
7121,VISp,INH,Vip,L5,INH,Pvalb,L5,25.0,50.0,75.0,100.0,AISynphys,Accessed on 2025-07-08 00:00:007,0.0,5
7122,VISp,INH,Vip,L5,INH,Pvalb,L5,25.0,50.0,100.0,125.0,AISynphys,Accessed on 2025-07-08 00:00:007,0.0,1
7123,VISp,INH,Vip,L5,INH,Pvalb,L5,25.0,50.0,125.0,150.0,AISynphys,Accessed on 2025-07-08 00:00:007,0.0,2
7124,VISp,INH,Vip,L5,INH,Pvalb,L5,25.0,50.0,150.0,175.0,AISynphys,Accessed on 2025-07-08 00:00:007,0.0,1
7125,VISp,INH,Vip,L5,INH,Pvalb,L5,50.0,75.0,0.0,25.0,AISynphys,Accessed on 2025-07-08 00:00:007,0.0,8
7126,VISp,INH,Vip,L5,INH,Pvalb,L5,50.0,75.0,25.0,50.0,AISynphys,Accessed on 2025-07-08 00:00:007,0.0,4
7127,VISp,INH,Vip,L5,INH,Pvalb,L5,50.0,75.0,50.0,75.0,AISynphys,Accessed on 2025-07-08 00:00:007,0.0,5
7128,VISp,INH,Vip,L5,INH,Pvalb,L5,50.0,75.0,75.0,100.0,AISynphys,Accessed on 2025-07-08 00:00:007,0.0,4
7129,VISp,INH,Vip,L5,INH,Pvalb,L5,50.0,75.0,100.0,125.0,AISynphys,Accessed on 2025-07-08 00:00:007,0.0,3
7130,VISp,INH,Vip,L5,INH,Pvalb,L5,50.0,75.0,125.0,150.0,AISynphys,Accessed on 2025-07-08 00:00:007,0.0,1
7131,VISp,INH,Vip,L5,INH,Pvalb,L5,75.0,100.0,0.0,25.0,AISynphys,Accessed on 2025-07-08 00:00:007,0.0,3
7132,VISp,INH,Vip,L5,INH,Pvalb,L5,75.0,100.0,25.0,50.0,AISynphys,Accessed on 2025-07-08 00:00:007,0.0,7
7133,VISp,INH,Vip,L5,INH,Pvalb,L5,75.0,100.0,50.0,75.0,AISynphys,Accessed on 2025-07-08 00:00:007,0.0,5
7134,VISp,INH,Vip,L5,INH,Pvalb,L5,75.0,100.0,75.0,100.0,AISynphys,Accessed on 2025-07-08 00:00:007,0.0,3
7135,VISp,INH,Vip,L5,INH,Pvalb,L5,75.0,100.0,150.0,175.0,AISynphys,Accessed on 2025-07-08 00:00:007,0.0,1
7136,VISp,INH,Vip,L5,INH,Pvalb,L5,75.0,100.0,200.0,225.0,AISynphys,Accessed on 2025-07-08 00:00:007,0.0,1
7137,VISp,INH,Vip,L5,INH,Pvalb,L5,100.0,125.0,0.0,25.0,AISynphys,Accessed on 2025-07-08 00:00:007,0.0,5
7138,VISp,INH,Vip,L5,INH,Pvalb,L5,100.0,125.0,25.0,50.0,AISynphys,Accessed on 2025-07-08 00:00:007,0.0,6
7139,VISp,INH,Vip,L5,INH,Pvalb,L5,100.0,125.0,50.0,75.0,AISynphys,Accessed on 2025-07-08 00:00:007,0.0,1
7140,VISp,INH,Vip,L5,INH,Pvalb,L5,100.0,125.0,75.0,100.0,AISynphys,Accessed on 2025-07-08 00:00:007,0.0,2
7141,VISp,INH,Vip,L5,INH,Pvalb,L5,100.0,125.0,100.0,125.0,AISynphys,Accessed on 2025-07-08 00:00:007,0.0,1
7142,VISp,INH,Vip,L5,INH,Pvalb,L5,125.0,150.0,0.0,25.0,AISynphys,Accessed on 2025-07-08 00:00:007,0.0,4
7143,VISp,INH,Vip,L5,INH,Pvalb,L5,125.0,150.0,25.0,50.0,AISynphys,Accessed on 2025-07-08 00:00:007,0.0,3
7144,VISp,INH,Vip,L5,INH,Pvalb,L5,125.0,150.0,50.0,75.0,AISynphys,Accessed on 2025-07-08 00:00:007,0.0,6
7145,VISp,INH,Vip,L5,INH,Pvalb,L5,125.0,150.0,75.0,100.0,AISynphys,Accessed on 2025-07-08 00:00:007,0.0,1
7146,VISp,INH,Vip,L5,INH,Pvalb,L5,125.0,150.0,100.0,125.0,AISynphys,Accessed on 2025-07-08 00:00:007,0.0,1
7147,VISp,INH,Vip,L5,INH,Pvalb,L5,125.0,150.0,125.0,150.0,AISynphys,Accessed on 2025-07-08 00:00:007,0.0,1
7148,VISp,INH,Vip,L5,INH,Pvalb,L5,125.0,150.0,150.0,175.0,AISynphys,Accessed on 2025-07-08 00:00:007,0.0,2
7149,VISp,INH,Vip,L5,INH,Pvalb,L5,150.0,175.0,0.0,25.0,AISynphys,Accessed on 2025-07-08 00:00:007,0.0,2
7150,VISp,INH,Vip,L5,INH,Pvalb,L5,150.0,175.0,25.0,50.0,AISynphys,Accessed on 2025-07-08 00:00:007,0.0,2
7151,VISp,INH,Vip,L5,INH,Pvalb,L5,150.0,175.0,50.0,75.0,AISynphys,Accessed on 2025-07-08 00:00:007,0.0,2
7152,VISp,INH,Vip,L5,INH,Pvalb,L5,150.0,175.0,75.0,100.0,AISynphys,Accessed on 2025-07-08 00:00:007,0.0,1
7153,VISp,INH,Vip,L5,INH,Pvalb,L5,150.0,175.0,150.0,175.0,AISynphys,Accessed on 2025-07-08 00:00:007,0.0,1
7154,VISp,INH,Vip,L5,INH,Pvalb,L5,175.0,200.0,25.0,50.0,AISynphys,Accessed on 2025-07-08 00:00:007,0.0,2
7155,VISp,INH,Vip,L5,INH,Pvalb,L5,175.0,200.0,50.0,75.0,AISynphys,Accessed on 2025-07-08 00:00:007,0.0,1
7156,VISp,INH,Vip,L5,INH,Pvalb,L5,200.0,225.0,25.0,50.0,AISynphys,Accessed on 2025-07-08 00:00:007,0.0,1
7157,VISp,INH,Vip,L5,INH,Pvalb,L5,200.0,225.0,50.0,75.0,AISynphys,Accessed on 2025-07-08 00:00:007,0.0,1
7158,VISp,INH,Vip,L5,INH,Pvalb,L5,200.0,225.0,100.0,125.0,AISynphys,Accessed on 2025-07-08 00:00:007,0.0,1
7159,VISp,INH,Vip,L5,INH,Pvalb,L5,200.0,225.0,125.0,150.0,AISynphys,Accessed on 2025-07-08 00:00:007,0.0,1
7160,VISp,INH,Vip,L5,INH,Pvalb,L5,225.0,250.0,25.0,50.0,AISynphys,Accessed on 2025-07-08 00:00:007,0.0,1
7161,VISp,INH,Vip,L5,INH,Pvalb,L5,250.0,275.0,25.0,50.0,AISynphys,Accessed on 2025-07-08 00:00:007,0.0,1
7162,VISp,INH,Vip,L5,INH,Pvalb,L5,325.0,350.0,0.0,25.0,AISynphys,Accessed on 2025-07-08 00:00:007,0.0,1
7163,VISp,INH,Vip,L5,INH,Pvalb,L6a,0.0,25.0,25.0,50.0,AISynphys,Accessed on 2025-07-08 00:00:007,0.0,1
7164,VISp,INH,Vip,L5,INH,Pvalb,L6a,0.0,25.0,50.0,75.0,AISynphys,Accessed on 2025-07-08 00:00:007,0.0,1
7165,VISp,INH,Vip,L5,INH,Pvalb,L6a,0.0,25.0,250.0,275.0,AISynphys,Accessed on 2025-07-08 00:00:007,0.0,1
7166,VISp,INH,Vip,L5,INH,Pvalb,L6a,25.0,50.0,25.0,50.0,AISynphys,Accessed on 2025-07-08 00:00:007,0.0,3
7167,VISp,INH,Vip,L5,INH,Pvalb,L6a,25.0,50.0,50.0,75.0,AISynphys,Accessed on 2025-07-08 00:00:007,0.0,1
7168,VISp,INH,Vip,L5,INH,Pvalb,L6a,25.0,50.0,75.0,100.0,AISynphys,Accessed on 2025-07-08 00:00:007,0.0,1
7169,VISp,INH,Vip,L5,INH,Pvalb,L6a,25.0,50.0,125.0,150.0,AISynphys,Accessed on 2025-07-08 00:00:007,0.0,1
7170,VISp,INH,Vip,L5,INH,Pvalb,L6a,25.0,50.0,150.0,175.0,AISynphys,Accessed on 2025-07-08 00:00:007,0.0,1
7171,VISp,INH,Vip,L5,INH,Pvalb,L6a,25.0,50.0,175.0,200.0,AISynphys,Accessed on 2025-07-08 00:00:007,0.0,1
7172,VISp,INH,Vip,L5,INH,Pvalb,L6a,50.0,75.0,50.0,75.0,AISynphys,Accessed on 2025-07-08 00:00:007,0.0,1
7173,VISp,INH,Vip,L5,INH,Pvalb,L6a,50.0,75.0,75.0,100.0,AISynphys,Accessed on 2025-07-08 00:00:007,0.0,2
7174,VISp,INH,Vip,L5,INH,Pvalb,L6a,50.0,75.0,225.0,250.0,AISynphys,Accessed on 2025-07-08 00:00:007,0.0,1
7175,VISp,INH,Vip,L5,INH,Pvalb,L6a,50.0,75.0,250.0,275.0,AISynphys,Accessed on 2025-07-08 00:00:007,0.0,1
7176,VISp,INH,Vip,L5,INH,Pvalb,L6a,75.0,100.0,75.0,100.0,AISynphys,Accessed on 2025-07-08 00:00:007,0.0,1
7177,VISp,INH,Vip,L5,INH,Pvalb,L6a,75.0,100.0,125.0,150.0,AISynphys,Accessed on 2025-07-08 00:00:007,0.0,1
7178,VISp,INH,Vip,L5,INH,Pvalb,L6a,75.0,100.0,150.0,175.0,AISynphys,Accessed on 2025-07-08 00:00:007,0.0,2
7179,VISp,INH,Vip,L5,INH,Pvalb,L6a,100.0,125.0,25.0,50.0,AISynphys,Accessed on 2025-07-08 00:00:007,0.0,1
7180,VISp,INH,Vip,L5,INH,Pvalb,L6a,100.0,125.0,125.0,150.0,AISynphys,Accessed on 2025-07-08 00:00:007,0.0,1
7181,VISp,INH,Vip,L5,INH,Pvalb,L6a,100.0,125.0,200.0,225.0,AISynphys,Accessed on 2025-07-08 00:00:007,0.0,1
7182,VISp,INH,Vip,L5,INH,Pvalb,L6a,125.0,150.0,50.0,75.0,AISynphys,Accessed on 2025-07-08 00:00:007,0.0,1
7183,VISp,INH,Vip,L5,INH,Pvalb,L6a,125.0,150.0,125.0,150.0,AISynphys,Accessed on 2025-07-08 00:00:007,0.0,1
7184,VISp,INH,Vip,L5,INH,Pvalb,L6a,125.0,150.0,150.0,175.0,AISynphys,Accessed on 2025-07-08 00:00:007,0.0,1
7185,VISp,INH,Vip,L5,INH,Pvalb,L6a,125.0,150.0,175.0,200.0,AISynphys,Accessed on 2025-07-08 00:00:007,0.0,1
7186,VISp,INH,Vip,L5,INH,Pvalb,L6a,150.0,175.0,125.0,150.0,AISynphys,Accessed on 2025-07-08 00:00:007,0.0,2
7187,VISp,INH,Vip,L5,INH,Pvalb,L6a,150.0,175.0,150.0,175.0,AISynphys,Accessed on 2025-07-08 00:00:007,0.0,1
7188,VISp,INH,Vip,L5,INH,Pvalb,L6a,175.0,200.0,25.0,50.0,AISynphys,Accessed on 2025-07-08 00:00:007,0.0,1
7189,VISp,INH,Vip,L5,INH,Pvalb,L6a,175.0,200.0,50.0,75.0,AISynphys,Accessed on 2025-07-08 00:00:007,0.0,1
7190,VISp,INH,Vip,L5,INH,Pvalb,L6a,175.0,200.0,75.0,100.0,AISynphys,Accessed on 2025-07-08 00:00:007,0.0,1
7191,VISp,INH,Vip,L5,INH,Sst,L23,25.0,50.0,450.0,475.0,AISynphys,Accessed on 2025-07-08 00:00:007,0.0,1
7192,VISp,INH,Vip,L5,INH,Sst,L23,50.0,75.0,425.0,450.0,AISynphys,Accessed on 2025-07-08 00:00:007,0.0,1
7193,VISp,INH,Vip,L5,INH,Sst,L23,125.0,150.0,250.0,275.0,AISynphys,Accessed on 2025-07-08 00:00:007,0.0,1
7194,VISp,INH,Vip,L5,INH,Sst,L4,0.0,25.0,75.0,100.0,AISynphys,Accessed on 2025-07-08 00:00:007,0.0,1
7195,VISp,INH,Vip,L5,INH,Sst,L4,0.0,25.0,100.0,125.0,AISynphys,Accessed on 2025-07-08 00:00:007,0.0,1
7196,VISp,INH,Vip,L5,INH,Sst,L4,0.0,25.0,150.0,175.0,AISynphys,Accessed on 2025-07-08 00:00:007,1.0,1
7197,VISp,INH,Vip,L5,INH,Sst,L4,25.0,50.0,50.0,75.0,AISynphys,Accessed on 2025-07-08 00:00:007,0.0,1
7198,VISp,INH,Vip,L5,INH,Sst,L4,25.0,50.0,75.0,100.0,AISynphys,Accessed on 2025-07-08 00:00:007,0.0,1
7199,VISp,INH,Vip,L5,INH,Sst,L4,25.0,50.0,125.0,150.0,AISynphys,Accessed on 2025-07-08 00:00:007,0.0,1
7200,VISp,INH,Vip,L5,INH,Sst,L4,50.0,75.0,0.0,25.0,AISynphys,Accessed on 2025-07-08 00:00:007,0.0,1
7201,VISp,INH,Vip,L5,INH,Sst,L4,50.0,75.0,50.0,75.0,AISynphys,Accessed on 2025-07-08 00:00:007,0.0,2
7202,VISp,INH,Vip,L5,INH,Sst,L4,50.0,75.0,75.0,100.0,AISynphys,Accessed on 2025-07-08 00:00:007,0.0,1
7203,VISp,INH,Vip,L5,INH,Sst,L4,50.0,75.0,175.0,200.0,AISynphys,Accessed on 2025-07-08 00:00:007,1.0,1
7204,VISp,INH,Vip,L5,INH,Sst,L4,75.0,100.0,50.0,75.0,AISynphys,Accessed on 2025-07-08 00:00:007,0.0,1
7205,VISp,INH,Vip,L5,INH,Sst,L4,75.0,100.0,100.0,125.0,AISynphys,Accessed on 2025-07-08 00:00:007,1.0,1
7206,VISp,INH,Vip,L5,INH,Sst,L4,75.0,100.0,125.0,150.0,AISynphys,Accessed on 2025-07-08 00:00:007,0.0,2
7207,VISp,INH,Vip,L5,INH,Sst,L4,75.0,100.0,150.0,175.0,AISynphys,Accessed on 2025-07-08 00:00:007,0.0,1
7208,VISp,INH,Vip,L5,INH,Sst,L4,100.0,125.0,0.0,25.0,AISynphys,Accessed on 2025-07-08 00:00:007,0.0,1
7209,VISp,INH,Vip,L5,INH,Sst,L4,125.0,150.0,0.0,25.0,AISynphys,Accessed on 2025-07-08 00:00:007,0.0,1
7210,VISp,INH,Vip,L5,INH,Sst,L4,175.0,200.0,0.0,25.0,AISynphys,Accessed on 2025-07-08 00:00:007,0.0,1
7211,VISp,INH,Vip,L5,INH,Sst,L5,0.0,25.0,0.0,25.0,AISynphys,Accessed on 2025-07-08 00:00:007,0.25,4
7212,VISp,INH,Vip,L5,INH,Sst,L5,0.0,25.0,25.0,50.0,AISynphys,Accessed on 2025-07-08 00:00:007,0.0,8
7213,VISp,INH,Vip,L5,INH,Sst,L5,0.0,25.0,50.0,75.0,AISynphys,Accessed on 2025-07-08 00:00:007,0.0,7
7214,VISp,INH,Vip,L5,INH,Sst,L5,0.0,25.0,75.0,100.0,AISynphys,Accessed on 2025-07-08 00:00:007,0.0,6
7215,VISp,INH,Vip,L5,INH,Sst,L5,0.0,25.0,100.0,125.0,AISynphys,Accessed on 2025-07-08 00:00:007,0.0,3
7216,VISp,INH,Vip,L5,INH,Sst,L5,0.0,25.0,125.0,150.0,AISynphys,Accessed on 2025-07-08 00:00:007,0.0,2
7217,VISp,INH,Vip,L5,INH,Sst,L5,0.0,25.0,150.0,175.0,AISynphys,Accessed on 2025-07-08 00:00:007,0.0,1
7218,VISp,INH,Vip,L5,INH,Sst,L5,25.0,50.0,0.0,25.0,AISynphys,Accessed on 2025-07-08 00:00:007,0.2,5
7219,VISp,INH,Vip,L5,INH,Sst,L5,25.0,50.0,25.0,50.0,AISynphys,Accessed on 2025-07-08 00:00:007,0.16666666666666666,6
7220,VISp,INH,Vip,L5,INH,Sst,L5,25.0,50.0,50.0,75.0,AISynphys,Accessed on 2025-07-08 00:00:007,0.0,8
7221,VISp,INH,Vip,L5,INH,Sst,L5,25.0,50.0,75.0,100.0,AISynphys,Accessed on 2025-07-08 00:00:007,0.0,3
7222,VISp,INH,Vip,L5,INH,Sst,L5,25.0,50.0,100.0,125.0,AISynphys,Accessed on 2025-07-08 00:00:007,0.0,2
7223,VISp,INH,Vip,L5,INH,Sst,L5,25.0,50.0,125.0,150.0,AISynphys,Accessed on 2025-07-08 00:00:007,0.0,1
7224,VISp,INH,Vip,L5,INH,Sst,L5,25.0,50.0,150.0,175.0,AISynphys,Accessed on 2025-07-08 00:00:007,0.0,1
7225,VISp,INH,Vip,L5,INH,Sst,L5,50.0,75.0,0.0,25.0,AISynphys,Accessed on 2025-07-08 00:00:007,0.0,10
7226,VISp,INH,Vip,L5,INH,Sst,L5,50.0,75.0,25.0,50.0,AISynphys,Accessed on 2025-07-08 00:00:007,0.0,9
7227,VISp,INH,Vip,L5,INH,Sst,L5,50.0,75.0,50.0,75.0,AISynphys,Accessed on 2025-07-08 00:00:007,0.0,7
7228,VISp,INH,Vip,L5,INH,Sst,L5,50.0,75.0,75.0,100.0,AISynphys,Accessed on 2025-07-08 00:00:007,0.0,4
7229,VISp,INH,Vip,L5,INH,Sst,L5,50.0,75.0,100.0,125.0,AISynphys,Accessed on 2025-07-08 00:00:007,0.0,2
7230,VISp,INH,Vip,L5,INH,Sst,L5,50.0,75.0,125.0,150.0,AISynphys,Accessed on 2025-07-08 00:00:007,0.0,2
7231,VISp,INH,Vip,L5,INH,Sst,L5,75.0,100.0,0.0,25.0,AISynphys,Accessed on 2025-07-08 00:00:007,0.0,7
7232,VISp,INH,Vip,L5,INH,Sst,L5,75.0,100.0,25.0,50.0,AISynphys,Accessed on 2025-07-08 00:00:007,0.0,3
7233,VISp,INH,Vip,L5,INH,Sst,L5,75.0,100.0,50.0,75.0,AISynphys,Accessed on 2025-07-08 00:00:007,0.0,4
7234,VISp,INH,Vip,L5,INH,Sst,L5,75.0,100.0,100.0,125.0,AISynphys,Accessed on 2025-07-08 00:00:007,0.0,2
7235,VISp,INH,Vip,L5,INH,Sst,L5,75.0,100.0,125.0,150.0,AISynphys,Accessed on 2025-07-08 00:00:007,0.0,2
7236,VISp,INH,Vip,L5,INH,Sst,L5,100.0,125.0,0.0,25.0,AISynphys,Accessed on 2025-07-08 00:00:007,0.0,8
7237,VISp,INH,Vip,L5,INH,Sst,L5,100.0,125.0,25.0,50.0,AISynphys,Accessed on 2025-07-08 00:00:007,0.0,8
7238,VISp,INH,Vip,L5,INH,Sst,L5,100.0,125.0,50.0,75.0,AISynphys,Accessed on 2025-07-08 00:00:007,0.0,3
7239,VISp,INH,Vip,L5,INH,Sst,L5,125.0,150.0,0.0,25.0,AISynphys,Accessed on 2025-07-08 00:00:007,0.0,5
7240,VISp,INH,Vip,L5,INH,Sst,L5,125.0,150.0,25.0,50.0,AISynphys,Accessed on 2025-07-08 00:00:007,0.0,5
7241,VISp,INH,Vip,L5,INH,Sst,L5,125.0,150.0,50.0,75.0,AISynphys,Accessed on 2025-07-08 00:00:007,0.3333333333333333,3
7242,VISp,INH,Vip,L5,INH,Sst,L5,125.0,150.0,75.0,100.0,AISynphys,Accessed on 2025-07-08 00:00:007,0.0,1
7243,VISp,INH,Vip,L5,INH,Sst,L5,150.0,175.0,0.0,25.0,AISynphys,Accessed on 2025-07-08 00:00:007,0.0,1
7244,VISp,INH,Vip,L5,INH,Sst,L5,150.0,175.0,25.0,50.0,AISynphys,Accessed on 2025-07-08 00:00:007,0.3333333333333333,3
7245,VISp,INH,Vip,L5,INH,Sst,L5,150.0,175.0,100.0,125.0,AISynphys,Accessed on 2025-07-08 00:00:007,0.0,1
7246,VISp,INH,Vip,L5,INH,Sst,L5,175.0,200.0,0.0,25.0,AISynphys,Accessed on 2025-07-08 00:00:007,0.0,3
7247,VISp,INH,Vip,L5,INH,Sst,L5,175.0,200.0,25.0,50.0,AISynphys,Accessed on 2025-07-08 00:00:007,0.0,1
7248,VISp,INH,Vip,L5,INH,Sst,L5,175.0,200.0,50.0,75.0,AISynphys,Accessed on 2025-07-08 00:00:007,0.0,2
7249,VISp,INH,Vip,L5,INH,Sst,L5,175.0,200.0,75.0,100.0,AISynphys,Accessed on 2025-07-08 00:00:007,0.0,1
7250,VISp,INH,Vip,L5,INH,Sst,L5,200.0,225.0,0.0,25.0,AISynphys,Accessed on 2025-07-08 00:00:007,0.0,1
7251,VISp,INH,Vip,L5,INH,Sst,L5,200.0,225.0,25.0,50.0,AISynphys,Accessed on 2025-07-08 00:00:007,0.0,1
7252,VISp,INH,Vip,L5,INH,Sst,L5,200.0,225.0,100.0,125.0,AISynphys,Accessed on 2025-07-08 00:00:007,0.0,1
7253,VISp,INH,Vip,L5,INH,Sst,L5,225.0,250.0,0.0,25.0,AISynphys,Accessed on 2025-07-08 00:00:007,0.0,1
7254,VISp,INH,Vip,L5,INH,Sst,L5,225.0,250.0,75.0,100.0,AISynphys,Accessed on 2025-07-08 00:00:007,0.0,1
7255,VISp,INH,Vip,L5,INH,Sst,L6a,0.0,25.0,25.0,50.0,AISynphys,Accessed on 2025-07-08 00:00:007,0.0,1
7256,VISp,INH,Vip,L5,INH,Sst,L6a,0.0,25.0,50.0,75.0,AISynphys,Accessed on 2025-07-08 00:00:007,0.0,1
7257,VISp,INH,Vip,L5,INH,Sst,L6a,0.0,25.0,75.0,100.0,AISynphys,Accessed on 2025-07-08 00:00:007,0.0,1
7258,VISp,INH,Vip,L5,INH,Sst,L6a,0.0,25.0,100.0,125.0,AISynphys,Accessed on 2025-07-08 00:00:007,0.0,2
7259,VISp,INH,Vip,L5,INH,Sst,L6a,0.0,25.0,125.0,150.0,AISynphys,Accessed on 2025-07-08 00:00:007,0.0,2
7260,VISp,INH,Vip,L5,INH,Sst,L6a,0.0,25.0,150.0,175.0,AISynphys,Accessed on 2025-07-08 00:00:007,0.0,1
7261,VISp,INH,Vip,L5,INH,Sst,L6a,0.0,25.0,175.0,200.0,AISynphys,Accessed on 2025-07-08 00:00:007,0.5,2
7262,VISp,INH,Vip,L5,INH,Sst,L6a,0.0,25.0,200.0,225.0,AISynphys,Accessed on 2025-07-08 00:00:007,0.0,2
7263,VISp,INH,Vip,L5,INH,Sst,L6a,25.0,50.0,25.0,50.0,AISynphys,Accessed on 2025-07-08 00:00:007,0.0,1
7264,VISp,INH,Vip,L5,INH,Sst,L6a,25.0,50.0,50.0,75.0,AISynphys,Accessed on 2025-07-08 00:00:007,0.0,1
7265,VISp,INH,Vip,L5,INH,Sst,L6a,25.0,50.0,75.0,100.0,AISynphys,Accessed on 2025-07-08 00:00:007,0.0,1
7266,VISp,INH,Vip,L5,INH,Sst,L6a,25.0,50.0,125.0,150.0,AISynphys,Accessed on 2025-07-08 00:00:007,0.0,1
7267,VISp,INH,Vip,L5,INH,Sst,L6a,25.0,50.0,150.0,175.0,AISynphys,Accessed on 2025-07-08 00:00:007,0.0,1
7268,VISp,INH,Vip,L5,INH,Sst,L6a,50.0,75.0,50.0,75.0,AISynphys,Accessed on 2025-07-08 00:00:007,0.0,1
7269,VISp,INH,Vip,L5,INH,Sst,L6a,50.0,75.0,125.0,150.0,AISynphys,Accessed on 2025-07-08 00:00:007,0.0,1
7270,VISp,INH,Vip,L5,INH,Sst,L6a,50.0,75.0,175.0,200.0,AISynphys,Accessed on 2025-07-08 00:00:007,0.0,1
7271,VISp,INH,Vip,L5,INH,Sst,L6a,75.0,100.0,150.0,175.0,AISynphys,Accessed on 2025-07-08 00:00:007,0.0,1
7272,VISp,INH,Vip,L5,INH,Sst,L6a,75.0,100.0,175.0,200.0,AISynphys,Accessed on 2025-07-08 00:00:007,0.0,1
7273,VISp,INH,Vip,L5,INH,Sst,L6a,75.0,100.0,200.0,225.0,AISynphys,Accessed on 2025-07-08 00:00:007,0.0,1
7274,VISp,INH,Vip,L5,INH,Sst,L6a,100.0,125.0,75.0,100.0,AISynphys,Accessed on 2025-07-08 00:00:007,0.0,2
7275,VISp,INH,Vip,L5,INH,Sst,L6a,100.0,125.0,150.0,175.0,AISynphys,Accessed on 2025-07-08 00:00:007,0.0,1
7276,VISp,INH,Vip,L5,INH,Sst,L6a,100.0,125.0,175.0,200.0,AISynphys,Accessed on 2025-07-08 00:00:007,0.0,2
7277,VISp,INH,Vip,L5,INH,Sst,L6a,125.0,150.0,75.0,100.0,AISynphys,Accessed on 2025-07-08 00:00:007,0.0,1
7278,VISp,INH,Vip,L5,INH,Sst,L6a,125.0,150.0,125.0,150.0,AISynphys,Accessed on 2025-07-08 00:00:007,0.0,2
7279,VISp,INH,Vip,L5,INH,Sst,L6a,175.0,200.0,75.0,100.0,AISynphys,Accessed on 2025-07-08 00:00:007,0.3333333333333333,3
7280,VISp,INH,Vip,L5,INH,Sst,L6a,175.0,200.0,150.0,175.0,AISynphys,Accessed on 2025-07-08 00:00:007,0.0,1
7281,VISp,INH,Vip,L5,INH,Sst,L6a,175.0,200.0,225.0,250.0,AISynphys,Accessed on 2025-07-08 00:00:007,0.0,1
7282,VISp,INH,Vip,L5,INH,Sst,L6b,50.0,75.0,150.0,175.0,AISynphys,Accessed on 2025-07-08 00:00:007,0.0,1
7283,VISp,INH,Vip,L5,INH,Vip,L23,0.0,25.0,100.0,125.0,AISynphys,Accessed on 2025-07-08 00:00:007,0.0,1
7284,VISp,INH,Vip,L5,INH,Vip,L23,0.0,25.0,175.0,200.0,AISynphys,Accessed on 2025-07-08 00:00:007,0.0,1
7285,VISp,INH,Vip,L5,INH,Vip,L23,0.0,25.0,425.0,450.0,AISynphys,Accessed on 2025-07-08 00:00:007,0.0,1
7286,VISp,INH,Vip,L5,INH,Vip,L23,25.0,50.0,75.0,100.0,AISynphys,Accessed on 2025-07-08 00:00:007,0.0,1
7287,VISp,INH,Vip,L5,INH,Vip,L23,25.0,50.0,100.0,125.0,AISynphys,Accessed on 2025-07-08 00:00:007,0.0,1
7288,VISp,INH,Vip,L5,INH,Vip,L23,25.0,50.0,125.0,150.0,AISynphys,Accessed on 2025-07-08 00:00:007,0.0,2
7289,VISp,INH,Vip,L5,INH,Vip,L23,25.0,50.0,250.0,275.0,AISynphys,Accessed on 2025-07-08 00:00:007,0.0,1
7290,VISp,INH,Vip,L5,INH,Vip,L23,25.0,50.0,275.0,300.0,AISynphys,Accessed on 2025-07-08 00:00:007,0.0,1
7291,VISp,INH,Vip,L5,INH,Vip,L23,25.0,50.0,300.0,325.0,AISynphys,Accessed on 2025-07-08 00:00:007,0.0,1
7292,VISp,INH,Vip,L5,INH,Vip,L23,25.0,50.0,325.0,350.0,AISynphys,Accessed on 2025-07-08 00:00:007,0.0,1
7293,VISp,INH,Vip,L5,INH,Vip,L23,25.0,50.0,375.0,400.0,AISynphys,Accessed on 2025-07-08 00:00:007,0.0,1
7294,VISp,INH,Vip,L5,INH,Vip,L23,50.0,75.0,0.0,25.0,AISynphys,Accessed on 2025-07-08 00:00:007,0.0,1
7295,VISp,INH,Vip,L5,INH,Vip,L23,50.0,75.0,125.0,150.0,AISynphys,Accessed on 2025-07-08 00:00:007,0.0,1
7296,VISp,INH,Vip,L5,INH,Vip,L23,50.0,75.0,175.0,200.0,AISynphys,Accessed on 2025-07-08 00:00:007,0.0,1
7297,VISp,INH,Vip,L5,INH,Vip,L23,50.0,75.0,200.0,225.0,AISynphys,Accessed on 2025-07-08 00:00:007,0.0,1
7298,VISp,INH,Vip,L5,INH,Vip,L23,50.0,75.0,250.0,275.0,AISynphys,Accessed on 2025-07-08 00:00:007,0.0,1
7299,VISp,INH,Vip,L5,INH,Vip,L23,50.0,75.0,275.0,300.0,AISynphys,Accessed on 2025-07-08 00:00:007,0.0,1
7300,VISp,INH,Vip,L5,INH,Vip,L23,50.0,75.0,300.0,325.0,AISynphys,Accessed on 2025-07-08 00:00:007,0.0,1
7301,VISp,INH,Vip,L5,INH,Vip,L23,75.0,100.0,50.0,75.0,AISynphys,Accessed on 2025-07-08 00:00:007,0.0,1
7302,VISp,INH,Vip,L5,INH,Vip,L23,75.0,100.0,100.0,125.0,AISynphys,Accessed on 2025-07-08 00:00:007,0.0,1
7303,VISp,INH,Vip,L5,INH,Vip,L23,75.0,100.0,125.0,150.0,AISynphys,Accessed on 2025-07-08 00:00:007,0.0,1
7304,VISp,INH,Vip,L5,INH,Vip,L23,75.0,100.0,150.0,175.0,AISynphys,Accessed on 2025-07-08 00:00:007,0.0,1
7305,VISp,INH,Vip,L5,INH,Vip,L23,75.0,100.0,250.0,275.0,AISynphys,Accessed on 2025-07-08 00:00:007,0.0,1
7306,VISp,INH,Vip,L5,INH,Vip,L23,75.0,100.0,275.0,300.0,AISynphys,Accessed on 2025-07-08 00:00:007,0.0,1
7307,VISp,INH,Vip,L5,INH,Vip,L23,125.0,150.0,100.0,125.0,AISynphys,Accessed on 2025-07-08 00:00:007,0.0,2
7308,VISp,INH,Vip,L5,INH,Vip,L23,125.0,150.0,225.0,250.0,AISynphys,Accessed on 2025-07-08 00:00:007,0.0,2
7309,VISp,INH,Vip,L5,INH,Vip,L23,125.0,150.0,350.0,375.0,AISynphys,Accessed on 2025-07-08 00:00:007,0.0,1
7310,VISp,INH,Vip,L5,INH,Vip,L23,150.0,175.0,275.0,300.0,AISynphys,Accessed on 2025-07-08 00:00:007,0.0,1
7311,VISp,INH,Vip,L5,INH,Vip,L23,150.0,175.0,400.0,425.0,AISynphys,Accessed on 2025-07-08 00:00:007,0.0,1
7312,VISp,INH,Vip,L5,INH,Vip,L23,175.0,200.0,250.0,275.0,AISynphys,Accessed on 2025-07-08 00:00:007,0.0,1
7313,VISp,INH,Vip,L5,INH,Vip,L23,175.0,200.0,575.0,600.0,AISynphys,Accessed on 2025-07-08 00:00:007,0.0,1
7314,VISp,INH,Vip,L5,INH,Vip,L23,225.0,250.0,250.0,275.0,AISynphys,Accessed on 2025-07-08 00:00:007,0.0,1
7315,VISp,INH,Vip,L5,INH,Vip,L23,225.0,250.0,525.0,550.0,AISynphys,Accessed on 2025-07-08 00:00:007,0.0,1
7316,VISp,INH,Vip,L5,INH,Vip,L4,0.0,25.0,0.0,25.0,AISynphys,Accessed on 2025-07-08 00:00:007,0.0,1
7317,VISp,INH,Vip,L5,INH,Vip,L4,0.0,25.0,25.0,50.0,AISynphys,Accessed on 2025-07-08 00:00:007,0.0,1
7318,VISp,INH,Vip,L5,INH,Vip,L4,0.0,25.0,50.0,75.0,AISynphys,Accessed on 2025-07-08 00:00:007,0.0,8
7319,VISp,INH,Vip,L5,INH,Vip,L4,0.0,25.0,75.0,100.0,AISynphys,Accessed on 2025-07-08 00:00:007,0.0,1
7320,VISp,INH,Vip,L5,INH,Vip,L4,0.0,25.0,100.0,125.0,AISynphys,Accessed on 2025-07-08 00:00:007,0.0,2
7321,VISp,INH,Vip,L5,INH,Vip,L4,0.0,25.0,125.0,150.0,AISynphys,Accessed on 2025-07-08 00:00:007,0.0,3
7322,VISp,INH,Vip,L5,INH,Vip,L4,0.0,25.0,150.0,175.0,AISynphys,Accessed on 2025-07-08 00:00:007,0.0,1
7323,VISp,INH,Vip,L5,INH,Vip,L4,0.0,25.0,175.0,200.0,AISynphys,Accessed on 2025-07-08 00:00:007,0.0,5
7324,VISp,INH,Vip,L5,INH,Vip,L4,0.0,25.0,200.0,225.0,AISynphys,Accessed on 2025-07-08 00:00:007,0.0,1
7325,VISp,INH,Vip,L5,INH,Vip,L4,0.0,25.0,250.0,275.0,AISynphys,Accessed on 2025-07-08 00:00:007,0.0,1
7326,VISp,INH,Vip,L5,INH,Vip,L4,25.0,50.0,0.0,25.0,AISynphys,Accessed on 2025-07-08 00:00:007,0.0,2
7327,VISp,INH,Vip,L5,INH,Vip,L4,25.0,50.0,25.0,50.0,AISynphys,Accessed on 2025-07-08 00:00:007,0.0,5
7328,VISp,INH,Vip,L5,INH,Vip,L4,25.0,50.0,50.0,75.0,AISynphys,Accessed on 2025-07-08 00:00:007,0.0,3
7329,VISp,INH,Vip,L5,INH,Vip,L4,25.0,50.0,75.0,100.0,AISynphys,Accessed on 2025-07-08 00:00:007,0.0,5
7330,VISp,INH,Vip,L5,INH,Vip,L4,25.0,50.0,100.0,125.0,AISynphys,Accessed on 2025-07-08 00:00:007,0.0,2
7331,VISp,INH,Vip,L5,INH,Vip,L4,25.0,50.0,125.0,150.0,AISynphys,Accessed on 2025-07-08 00:00:007,0.0,2
7332,VISp,INH,Vip,L5,INH,Vip,L4,25.0,50.0,175.0,200.0,AISynphys,Accessed on 2025-07-08 00:00:007,0.0,1
7333,VISp,INH,Vip,L5,INH,Vip,L4,25.0,50.0,200.0,225.0,AISynphys,Accessed on 2025-07-08 00:00:007,0.0,1
7334,VISp,INH,Vip,L5,INH,Vip,L4,50.0,75.0,25.0,50.0,AISynphys,Accessed on 2025-07-08 00:00:007,0.0,4
7335,VISp,INH,Vip,L5,INH,Vip,L4,50.0,75.0,50.0,75.0,AISynphys,Accessed on 2025-07-08 00:00:007,0.0,4
7336,VISp,INH,Vip,L5,INH,Vip,L4,50.0,75.0,75.0,100.0,AISynphys,Accessed on 2025-07-08 00:00:007,0.0,2
7337,VISp,INH,Vip,L5,INH,Vip,L4,50.0,75.0,100.0,125.0,AISynphys,Accessed on 2025-07-08 00:00:007,0.0,3
7338,VISp,INH,Vip,L5,INH,Vip,L4,50.0,75.0,125.0,150.0,AISynphys,Accessed on 2025-07-08 00:00:007,0.0,2
7339,VISp,INH,Vip,L5,INH,Vip,L4,50.0,75.0,150.0,175.0,AISynphys,Accessed on 2025-07-08 00:00:007,0.0,2
7340,VISp,INH,Vip,L5,INH,Vip,L4,50.0,75.0,175.0,200.0,AISynphys,Accessed on 2025-07-08 00:00:007,0.0,1
7341,VISp,INH,Vip,L5,INH,Vip,L4,50.0,75.0,200.0,225.0,AISynphys,Accessed on 2025-07-08 00:00:007,0.0,2
7342,VISp,INH,Vip,L5,INH,Vip,L4,50.0,75.0,275.0,300.0,AISynphys,Accessed on 2025-07-08 00:00:007,0.0,1
7343,VISp,INH,Vip,L5,INH,Vip,L4,75.0,100.0,0.0,25.0,AISynphys,Accessed on 2025-07-08 00:00:007,0.0,1
7344,VISp,INH,Vip,L5,INH,Vip,L4,75.0,100.0,25.0,50.0,AISynphys,Accessed on 2025-07-08 00:00:007,0.0,2
7345,VISp,INH,Vip,L5,INH,Vip,L4,75.0,100.0,50.0,75.0,AISynphys,Accessed on 2025-07-08 00:00:007,0.0,3
7346,VISp,INH,Vip,L5,INH,Vip,L4,75.0,100.0,75.0,100.0,AISynphys,Accessed on 2025-07-08 00:00:007,0.0,2
7347,VISp,INH,Vip,L5,INH,Vip,L4,75.0,100.0,100.0,125.0,AISynphys,Accessed on 2025-07-08 00:00:007,0.0,4
7348,VISp,INH,Vip,L5,INH,Vip,L4,75.0,100.0,200.0,225.0,AISynphys,Accessed on 2025-07-08 00:00:007,0.0,1
7349,VISp,INH,Vip,L5,INH,Vip,L4,75.0,100.0,225.0,250.0,AISynphys,Accessed on 2025-07-08 00:00:007,0.0,1
7350,VISp,INH,Vip,L5,INH,Vip,L4,100.0,125.0,0.0,25.0,AISynphys,Accessed on 2025-07-08 00:00:007,0.0,2
7351,VISp,INH,Vip,L5,INH,Vip,L4,100.0,125.0,50.0,75.0,AISynphys,Accessed on 2025-07-08 00:00:007,0.0,1
7352,VISp,INH,Vip,L5,INH,Vip,L4,100.0,125.0,75.0,100.0,AISynphys,Accessed on 2025-07-08 00:00:007,0.0,3
7353,VISp,INH,Vip,L5,INH,Vip,L4,100.0,125.0,100.0,125.0,AISynphys,Accessed on 2025-07-08 00:00:007,0.0,2
7354,VISp,INH,Vip,L5,INH,Vip,L4,100.0,125.0,125.0,150.0,AISynphys,Accessed on 2025-07-08 00:00:007,0.0,1
7355,VISp,INH,Vip,L5,INH,Vip,L4,100.0,125.0,150.0,175.0,AISynphys,Accessed on 2025-07-08 00:00:007,0.0,1
7356,VISp,INH,Vip,L5,INH,Vip,L4,100.0,125.0,175.0,200.0,AISynphys,Accessed on 2025-07-08 00:00:007,0.0,1
7357,VISp,INH,Vip,L5,INH,Vip,L4,100.0,125.0,300.0,325.0,AISynphys,Accessed on 2025-07-08 00:00:007,0.0,1
7358,VISp,INH,Vip,L5,INH,Vip,L4,125.0,150.0,25.0,50.0,AISynphys,Accessed on 2025-07-08 00:00:007,0.0,3
7359,VISp,INH,Vip,L5,INH,Vip,L4,125.0,150.0,50.0,75.0,AISynphys,Accessed on 2025-07-08 00:00:007,0.0,1
7360,VISp,INH,Vip,L5,INH,Vip,L4,125.0,150.0,150.0,175.0,AISynphys,Accessed on 2025-07-08 00:00:007,0.0,1
7361,VISp,INH,Vip,L5,INH,Vip,L4,125.0,150.0,175.0,200.0,AISynphys,Accessed on 2025-07-08 00:00:007,0.0,1
7362,VISp,INH,Vip,L5,INH,Vip,L4,125.0,150.0,225.0,250.0,AISynphys,Accessed on 2025-07-08 00:00:007,0.0,1
7363,VISp,INH,Vip,L5,INH,Vip,L4,125.0,150.0,250.0,275.0,AISynphys,Accessed on 2025-07-08 00:00:007,0.0,1
7364,VISp,INH,Vip,L5,INH,Vip,L4,150.0,175.0,0.0,25.0,AISynphys,Accessed on 2025-07-08 00:00:007,0.0,3
7365,VISp,INH,Vip,L5,INH,Vip,L4,150.0,175.0,75.0,100.0,AISynphys,Accessed on 2025-07-08 00:00:007,0.0,2
7366,VISp,INH,Vip,L5,INH,Vip,L4,150.0,175.0,125.0,150.0,AISynphys,Accessed on 2025-07-08 00:00:007,0.0,1
7367,VISp,INH,Vip,L5,INH,Vip,L4,175.0,200.0,0.0,25.0,AISynphys,Accessed on 2025-07-08 00:00:007,0.0,1
7368,VISp,INH,Vip,L5,INH,Vip,L4,175.0,200.0,25.0,50.0,AISynphys,Accessed on 2025-07-08 00:00:007,0.0,1
7369,VISp,INH,Vip,L5,INH,Vip,L4,175.0,200.0,125.0,150.0,AISynphys,Accessed on 2025-07-08 00:00:007,0.0,1
7370,VISp,INH,Vip,L5,INH,Vip,L4,225.0,250.0,150.0,175.0,AISynphys,Accessed on 2025-07-08 00:00:007,0.0,1
7371,VISp,INH,Vip,L5,INH,Vip,L4,275.0,300.0,25.0,50.0,AISynphys,Accessed on 2025-07-08 00:00:007,0.0,1
7372,VISp,INH,Vip,L5,INH,Vip,L5,0.0,25.0,0.0,25.0,AISynphys,Accessed on 2025-07-08 00:00:007,0.0,10
7373,VISp,INH,Vip,L5,INH,Vip,L5,0.0,25.0,25.0,50.0,AISynphys,Accessed on 2025-07-08 00:00:007,0.08333333333333333,12
7374,VISp,INH,Vip,L5,INH,Vip,L5,0.0,25.0,50.0,75.0,AISynphys,Accessed on 2025-07-08 00:00:007,0.0,4
7375,VISp,INH,Vip,L5,INH,Vip,L5,0.0,25.0,75.0,100.0,AISynphys,Accessed on 2025-07-08 00:00:007,0.0,8
7376,VISp,INH,Vip,L5,INH,Vip,L5,0.0,25.0,100.0,125.0,AISynphys,Accessed on 2025-07-08 00:00:007,0.0,2
7377,VISp,INH,Vip,L5,INH,Vip,L5,0.0,25.0,125.0,150.0,AISynphys,Accessed on 2025-07-08 00:00:007,0.0,2
7378,VISp,INH,Vip,L5,INH,Vip,L5,0.0,25.0,200.0,225.0,AISynphys,Accessed on 2025-07-08 00:00:007,0.0,2
7379,VISp,INH,Vip,L5,INH,Vip,L5,25.0,50.0,0.0,25.0,AISynphys,Accessed on 2025-07-08 00:00:007,0.0,14
7380,VISp,INH,Vip,L5,INH,Vip,L5,25.0,50.0,25.0,50.0,AISynphys,Accessed on 2025-07-08 00:00:007,0.0,18
7381,VISp,INH,Vip,L5,INH,Vip,L5,25.0,50.0,50.0,75.0,AISynphys,Accessed on 2025-07-08 00:00:007,0.0,18
7382,VISp,INH,Vip,L5,INH,Vip,L5,25.0,50.0,75.0,100.0,AISynphys,Accessed on 2025-07-08 00:00:007,0.1,10
7383,VISp,INH,Vip,L5,INH,Vip,L5,25.0,50.0,100.0,125.0,AISynphys,Accessed on 2025-07-08 00:00:007,0.0,6
7384,VISp,INH,Vip,L5,INH,Vip,L5,50.0,75.0,0.0,25.0,AISynphys,Accessed on 2025-07-08 00:00:007,0.0,12
7385,VISp,INH,Vip,L5,INH,Vip,L5,50.0,75.0,25.0,50.0,AISynphys,Accessed on 2025-07-08 00:00:007,0.0,4
7386,VISp,INH,Vip,L5,INH,Vip,L5,50.0,75.0,50.0,75.0,AISynphys,Accessed on 2025-07-08 00:00:007,0.0,6
7387,VISp,INH,Vip,L5,INH,Vip,L5,50.0,75.0,75.0,100.0,AISynphys,Accessed on 2025-07-08 00:00:007,0.0,4
7388,VISp,INH,Vip,L5,INH,Vip,L5,50.0,75.0,100.0,125.0,AISynphys,Accessed on 2025-07-08 00:00:007,0.0,4
7389,VISp,INH,Vip,L5,INH,Vip,L5,50.0,75.0,125.0,150.0,AISynphys,Accessed on 2025-07-08 00:00:007,0.0,2
7390,VISp,INH,Vip,L5,INH,Vip,L5,75.0,100.0,0.0,25.0,AISynphys,Accessed on 2025-07-08 00:00:007,0.0,10
7391,VISp,INH,Vip,L5,INH,Vip,L5,75.0,100.0,25.0,50.0,AISynphys,Accessed on 2025-07-08 00:00:007,0.1,10
7392,VISp,INH,Vip,L5,INH,Vip,L5,75.0,100.0,50.0,75.0,AISynphys,Accessed on 2025-07-08 00:00:007,0.0,8
7393,VISp,INH,Vip,L5,INH,Vip,L5,75.0,100.0,75.0,100.0,AISynphys,Accessed on 2025-07-08 00:00:007,0.0,2
7394,VISp,INH,Vip,L5,INH,Vip,L5,75.0,100.0,150.0,175.0,AISynphys,Accessed on 2025-07-08 00:00:007,0.0,2
7395,VISp,INH,Vip,L5,INH,Vip,L5,75.0,100.0,175.0,200.0,AISynphys,Accessed on 2025-07-08 00:00:007,0.0,2
7396,VISp,INH,Vip,L5,INH,Vip,L5,100.0,125.0,0.0,25.0,AISynphys,Accessed on 2025-07-08 00:00:007,0.0,4
7397,VISp,INH,Vip,L5,INH,Vip,L5,100.0,125.0,25.0,50.0,AISynphys,Accessed on 2025-07-08 00:00:007,0.0,2
7398,VISp,INH,Vip,L5,INH,Vip,L5,100.0,125.0,50.0,75.0,AISynphys,Accessed on 2025-07-08 00:00:007,0.0,4
7399,VISp,INH,Vip,L5,INH,Vip,L5,100.0,125.0,75.0,100.0,AISynphys,Accessed on 2025-07-08 00:00:007,0.0,6
7400,VISp,INH,Vip,L5,INH,Vip,L5,100.0,125.0,100.0,125.0,AISynphys,Accessed on 2025-07-08 00:00:007,0.0,6
7401,VISp,INH,Vip,L5,INH,Vip,L5,100.0,125.0,125.0,150.0,AISynphys,Accessed on 2025-07-08 00:00:007,0.0,4
7402,VISp,INH,Vip,L5,INH,Vip,L5,125.0,150.0,0.0,25.0,AISynphys,Accessed on 2025-07-08 00:00:007,0.0,6
7403,VISp,INH,Vip,L5,INH,Vip,L5,125.0,150.0,25.0,50.0,AISynphys,Accessed on 2025-07-08 00:00:007,0.0,4
7404,VISp,INH,Vip,L5,INH,Vip,L5,125.0,150.0,50.0,75.0,AISynphys,Accessed on 2025-07-08 00:00:007,0.0,4
7405,VISp,INH,Vip,L5,INH,Vip,L5,125.0,150.0,75.0,100.0,AISynphys,Accessed on 2025-07-08 00:00:007,0.0,6
7406,VISp,INH,Vip,L5,INH,Vip,L5,125.0,150.0,100.0,125.0,AISynphys,Accessed on 2025-07-08 00:00:007,0.0,4
7407,VISp,INH,Vip,L5,INH,Vip,L5,125.0,150.0,125.0,150.0,AISynphys,Accessed on 2025-07-08 00:00:007,0.0,4
7408,VISp,INH,Vip,L5,INH,Vip,L5,125.0,150.0,150.0,175.0,AISynphys,Accessed on 2025-07-08 00:00:007,0.0,4
7409,VISp,INH,Vip,L5,INH,Vip,L5,150.0,175.0,0.0,25.0,AISynphys,Accessed on 2025-07-08 00:00:007,0.0,10
7410,VISp,INH,Vip,L5,INH,Vip,L5,150.0,175.0,50.0,75.0,AISynphys,Accessed on 2025-07-08 00:00:007,0.0,6
7411,VISp,INH,Vip,L5,INH,Vip,L5,150.0,175.0,75.0,100.0,AISynphys,Accessed on 2025-07-08 00:00:007,0.0,2
7412,VISp,INH,Vip,L5,INH,Vip,L5,175.0,200.0,0.0,25.0,AISynphys,Accessed on 2025-07-08 00:00:007,0.0,6
7413,VISp,INH,Vip,L5,INH,Vip,L5,175.0,200.0,25.0,50.0,AISynphys,Accessed on 2025-07-08 00:00:007,0.0,4
7414,VISp,INH,Vip,L5,INH,Vip,L5,175.0,200.0,50.0,75.0,AISynphys,Accessed on 2025-07-08 00:00:007,0.0,4
7415,VISp,INH,Vip,L5,INH,Vip,L5,175.0,200.0,75.0,100.0,AISynphys,Accessed on 2025-07-08 00:00:007,0.0,2
7416,VISp,INH,Vip,L5,INH,Vip,L5,200.0,225.0,50.0,75.0,AISynphys,Accessed on 2025-07-08 00:00:007,0.0,2
7417,VISp,INH,Vip,L5,INH,Vip,L5,200.0,225.0,75.0,100.0,AISynphys,Accessed on 2025-07-08 00:00:007,0.0,2
7418,VISp,INH,Vip,L5,INH,Vip,L5,250.0,275.0,25.0,50.0,AISynphys,Accessed on 2025-07-08 00:00:007,0.0,2
7419,VISp,INH,Vip,L5,INH,Vip,L5,300.0,325.0,25.0,50.0,AISynphys,Accessed on 2025-07-08 00:00:007,0.0,2
7420,VISp,INH,Vip,L5,INH,Vip,L6a,0.0,25.0,25.0,50.0,AISynphys,Accessed on 2025-07-08 00:00:007,0.0,4
7421,VISp,INH,Vip,L5,INH,Vip,L6a,0.0,25.0,75.0,100.0,AISynphys,Accessed on 2025-07-08 00:00:007,0.0,1
7422,VISp,INH,Vip,L5,INH,Vip,L6a,0.0,25.0,100.0,125.0,AISynphys,Accessed on 2025-07-08 00:00:007,0.25,4
7423,VISp,INH,Vip,L5,INH,Vip,L6a,0.0,25.0,125.0,150.0,AISynphys,Accessed on 2025-07-08 00:00:007,0.0,1
7424,VISp,INH,Vip,L5,INH,Vip,L6a,0.0,25.0,175.0,200.0,AISynphys,Accessed on 2025-07-08 00:00:007,0.0,1
7425,VISp,INH,Vip,L5,INH,Vip,L6a,25.0,50.0,0.0,25.0,AISynphys,Accessed on 2025-07-08 00:00:007,0.0,1
7426,VISp,INH,Vip,L5,INH,Vip,L6a,25.0,50.0,25.0,50.0,AISynphys,Accessed on 2025-07-08 00:00:007,0.0,2
7427,VISp,INH,Vip,L5,INH,Vip,L6a,25.0,50.0,50.0,75.0,AISynphys,Accessed on 2025-07-08 00:00:007,0.0,1
7428,VISp,INH,Vip,L5,INH,Vip,L6a,25.0,50.0,75.0,100.0,AISynphys,Accessed on 2025-07-08 00:00:007,0.0,2
7429,VISp,INH,Vip,L5,INH,Vip,L6a,25.0,50.0,125.0,150.0,AISynphys,Accessed on 2025-07-08 00:00:007,0.0,3
7430,VISp,INH,Vip,L5,INH,Vip,L6a,25.0,50.0,150.0,175.0,AISynphys,Accessed on 2025-07-08 00:00:007,0.0,1
7431,VISp,INH,Vip,L5,INH,Vip,L6a,25.0,50.0,175.0,200.0,AISynphys,Accessed on 2025-07-08 00:00:007,0.0,3
7432,VISp,INH,Vip,L5,INH,Vip,L6a,25.0,50.0,225.0,250.0,AISynphys,Accessed on 2025-07-08 00:00:007,0.0,1
7433,VISp,INH,Vip,L5,INH,Vip,L6a,25.0,50.0,250.0,275.0,AISynphys,Accessed on 2025-07-08 00:00:007,0.0,1
7434,VISp,INH,Vip,L5,INH,Vip,L6a,50.0,75.0,50.0,75.0,AISynphys,Accessed on 2025-07-08 00:00:007,0.0,1
7435,VISp,INH,Vip,L5,INH,Vip,L6a,50.0,75.0,75.0,100.0,AISynphys,Accessed on 2025-07-08 00:00:007,0.0,1
7436,VISp,INH,Vip,L5,INH,Vip,L6a,50.0,75.0,100.0,125.0,AISynphys,Accessed on 2025-07-08 00:00:007,0.0,2
7437,VISp,INH,Vip,L5,INH,Vip,L6a,50.0,75.0,125.0,150.0,AISynphys,Accessed on 2025-07-08 00:00:007,0.0,1
7438,VISp,INH,Vip,L5,INH,Vip,L6a,75.0,100.0,0.0,25.0,AISynphys,Accessed on 2025-07-08 00:00:007,0.0,1
7439,VISp,INH,Vip,L5,INH,Vip,L6a,75.0,100.0,50.0,75.0,AISynphys,Accessed on 2025-07-08 00:00:007,0.0,2
7440,VISp,INH,Vip,L5,INH,Vip,L6a,75.0,100.0,75.0,100.0,AISynphys,Accessed on 2025-07-08 00:00:007,0.0,2
7441,VISp,INH,Vip,L5,INH,Vip,L6a,75.0,100.0,225.0,250.0,AISynphys,Accessed on 2025-07-08 00:00:007,0.0,1
7442,VISp,INH,Vip,L5,INH,Vip,L6a,100.0,125.0,75.0,100.0,AISynphys,Accessed on 2025-07-08 00:00:007,0.0,1
7443,VISp,INH,Vip,L5,INH,Vip,L6a,100.0,125.0,100.0,125.0,AISynphys,Accessed on 2025-07-08 00:00:007,0.0,2
7444,VISp,INH,Vip,L5,INH,Vip,L6a,125.0,150.0,25.0,50.0,AISynphys,Accessed on 2025-07-08 00:00:007,0.0,1
7445,VISp,INH,Vip,L5,INH,Vip,L6a,125.0,150.0,50.0,75.0,AISynphys,Accessed on 2025-07-08 00:00:007,0.0,1
7446,VISp,INH,Vip,L5,INH,Vip,L6a,125.0,150.0,125.0,150.0,AISynphys,Accessed on 2025-07-08 00:00:007,0.0,1
7447,VISp,INH,Vip,L5,INH,Vip,L6a,125.0,150.0,250.0,275.0,AISynphys,Accessed on 2025-07-08 00:00:007,0.0,1
7448,VISp,INH,Vip,L5,INH,Vip,L6a,150.0,175.0,50.0,75.0,AISynphys,Accessed on 2025-07-08 00:00:007,0.0,2
7449,VISp,INH,Vip,L5,INH,Vip,L6a,150.0,175.0,75.0,100.0,AISynphys,Accessed on 2025-07-08 00:00:007,0.0,1
7450,VISp,INH,Vip,L5,INH,Vip,L6a,150.0,175.0,200.0,225.0,AISynphys,Accessed on 2025-07-08 00:00:007,0.0,1
7451,VISp,INH,Vip,L5,INH,Vip,L6a,175.0,200.0,50.0,75.0,AISynphys,Accessed on 2025-07-08 00:00:007,0.0,1
7452,VISp,INH,Vip,L5,INH,Vip,L6a,175.0,200.0,175.0,200.0,AISynphys,Accessed on 2025-07-08 00:00:007,0.0,1
7453,VISp,INH,Vip,L5,INH,Vip,L6a,200.0,225.0,150.0,175.0,AISynphys,Accessed on 2025-07-08 00:00:007,0.0,1
7454,VISp,INH,Vip,L5,INH,Vip,L6a,225.0,250.0,50.0,75.0,AISynphys,Accessed on 2025-07-08 00:00:007,0.0,1
7455,VISp,INH,Vip,L5,INH,Vip,L6b,100.0,125.0,225.0,250.0,AISynphys,Accessed on 2025-07-08 00:00:007,0.0,1
7456,VISp,INH,Vip,L5,INH,Vip,L6b,250.0,275.0,275.0,300.0,AISynphys,Accessed on 2025-07-08 00:00:007,0.0,1
7457,VISp,INH,Vip,L6a,EXC,Ntsr1,L5,25.0,50.0,100.0,125.0,AISynphys,Accessed on 2025-07-08 00:00:007,0.0,1
7458,VISp,INH,Vip,L6a,EXC,Ntsr1,L5,50.0,75.0,0.0,25.0,AISynphys,Accessed on 2025-07-08 00:00:007,0.0,1
7459,VISp,INH,Vip,L6a,EXC,Ntsr1,L5,75.0,100.0,50.0,75.0,AISynphys,Accessed on 2025-07-08 00:00:007,0.0,1
7460,VISp,INH,Vip,L6a,EXC,Ntsr1,L5,150.0,175.0,75.0,100.0,AISynphys,Accessed on 2025-07-08 00:00:007,0.0,1
7461,VISp,INH,Vip,L6a,EXC,Ntsr1,L6a,0.0,25.0,0.0,25.0,AISynphys,Accessed on 2025-07-08 00:00:007,0.0,3
7462,VISp,INH,Vip,L6a,EXC,Ntsr1,L6a,0.0,25.0,25.0,50.0,AISynphys,Accessed on 2025-07-08 00:00:007,0.0,12
7463,VISp,INH,Vip,L6a,EXC,Ntsr1,L6a,0.0,25.0,50.0,75.0,AISynphys,Accessed on 2025-07-08 00:00:007,0.0,4
7464,VISp,INH,Vip,L6a,EXC,Ntsr1,L6a,0.0,25.0,75.0,100.0,AISynphys,Accessed on 2025-07-08 00:00:007,0.0,4
7465,VISp,INH,Vip,L6a,EXC,Ntsr1,L6a,25.0,50.0,0.0,25.0,AISynphys,Accessed on 2025-07-08 00:00:007,0.0,5
7466,VISp,INH,Vip,L6a,EXC,Ntsr1,L6a,25.0,50.0,25.0,50.0,AISynphys,Accessed on 2025-07-08 00:00:007,0.0,4
7467,VISp,INH,Vip,L6a,EXC,Ntsr1,L6a,25.0,50.0,50.0,75.0,AISynphys,Accessed on 2025-07-08 00:00:007,0.0,4
7468,VISp,INH,Vip,L6a,EXC,Ntsr1,L6a,25.0,50.0,75.0,100.0,AISynphys,Accessed on 2025-07-08 00:00:007,0.0,6
7469,VISp,INH,Vip,L6a,EXC,Ntsr1,L6a,25.0,50.0,100.0,125.0,AISynphys,Accessed on 2025-07-08 00:00:007,0.0,1
7470,VISp,INH,Vip,L6a,EXC,Ntsr1,L6a,25.0,50.0,125.0,150.0,AISynphys,Accessed on 2025-07-08 00:00:007,0.0,2
7471,VISp,INH,Vip,L6a,EXC,Ntsr1,L6a,25.0,50.0,150.0,175.0,AISynphys,Accessed on 2025-07-08 00:00:007,0.0,1
7472,VISp,INH,Vip,L6a,EXC,Ntsr1,L6a,50.0,75.0,0.0,25.0,AISynphys,Accessed on 2025-07-08 00:00:007,0.0,4
7473,VISp,INH,Vip,L6a,EXC,Ntsr1,L6a,50.0,75.0,25.0,50.0,AISynphys,Accessed on 2025-07-08 00:00:007,0.0,6
7474,VISp,INH,Vip,L6a,EXC,Ntsr1,L6a,50.0,75.0,50.0,75.0,AISynphys,Accessed on 2025-07-08 00:00:007,0.0,2
7475,VISp,INH,Vip,L6a,EXC,Ntsr1,L6a,50.0,75.0,75.0,100.0,AISynphys,Accessed on 2025-07-08 00:00:007,0.0,2
7476,VISp,INH,Vip,L6a,EXC,Ntsr1,L6a,50.0,75.0,100.0,125.0,AISynphys,Accessed on 2025-07-08 00:00:007,0.0,3
7477,VISp,INH,Vip,L6a,EXC,Ntsr1,L6a,50.0,75.0,125.0,150.0,AISynphys,Accessed on 2025-07-08 00:00:007,0.0,1
7478,VISp,INH,Vip,L6a,EXC,Ntsr1,L6a,75.0,100.0,0.0,25.0,AISynphys,Accessed on 2025-07-08 00:00:007,0.0,4
7479,VISp,INH,Vip,L6a,EXC,Ntsr1,L6a,75.0,100.0,25.0,50.0,AISynphys,Accessed on 2025-07-08 00:00:007,0.0,3
7480,VISp,INH,Vip,L6a,EXC,Ntsr1,L6a,75.0,100.0,50.0,75.0,AISynphys,Accessed on 2025-07-08 00:00:007,0.0,5
7481,VISp,INH,Vip,L6a,EXC,Ntsr1,L6a,75.0,100.0,75.0,100.0,AISynphys,Accessed on 2025-07-08 00:00:007,0.0,2
7482,VISp,INH,Vip,L6a,EXC,Ntsr1,L6a,100.0,125.0,0.0,25.0,AISynphys,Accessed on 2025-07-08 00:00:007,0.0,7
7483,VISp,INH,Vip,L6a,EXC,Ntsr1,L6a,100.0,125.0,25.0,50.0,AISynphys,Accessed on 2025-07-08 00:00:007,0.0,3
7484,VISp,INH,Vip,L6a,EXC,Ntsr1,L6a,100.0,125.0,50.0,75.0,AISynphys,Accessed on 2025-07-08 00:00:007,0.0,2
7485,VISp,INH,Vip,L6a,EXC,Ntsr1,L6a,100.0,125.0,125.0,150.0,AISynphys,Accessed on 2025-07-08 00:00:007,0.0,1
7486,VISp,INH,Vip,L6a,EXC,Ntsr1,L6a,125.0,150.0,0.0,25.0,AISynphys,Accessed on 2025-07-08 00:00:007,0.0,3
7487,VISp,INH,Vip,L6a,EXC,Ntsr1,L6a,125.0,150.0,25.0,50.0,AISynphys,Accessed on 2025-07-08 00:00:007,0.0,1
7488,VISp,INH,Vip,L6a,EXC,Ntsr1,L6a,125.0,150.0,50.0,75.0,AISynphys,Accessed on 2025-07-08 00:00:007,0.0,1
7489,VISp,INH,Vip,L6a,EXC,Ntsr1,L6a,125.0,150.0,75.0,100.0,AISynphys,Accessed on 2025-07-08 00:00:007,0.0,1
7490,VISp,INH,Vip,L6a,EXC,Ntsr1,L6a,150.0,175.0,0.0,25.0,AISynphys,Accessed on 2025-07-08 00:00:007,0.0,2
7491,VISp,INH,Vip,L6a,EXC,Ntsr1,L6a,150.0,175.0,75.0,100.0,AISynphys,Accessed on 2025-07-08 00:00:007,0.0,1
7492,VISp,INH,Vip,L6a,EXC,Ntsr1,L6a,175.0,200.0,0.0,25.0,AISynphys,Accessed on 2025-07-08 00:00:007,0.0,1
7493,VISp,INH,Vip,L6a,EXC,Ntsr1,L6a,175.0,200.0,100.0,125.0,AISynphys,Accessed on 2025-07-08 00:00:007,0.0,1
7494,VISp,INH,Vip,L6a,EXC,Ntsr1,L6a,225.0,250.0,100.0,125.0,AISynphys,Accessed on 2025-07-08 00:00:007,0.0,1
7495,VISp,INH,Vip,L6a,EXC,Ntsr1,L6a,250.0,275.0,0.0,25.0,AISynphys,Accessed on 2025-07-08 00:00:007,0.0,1
7496,VISp,INH,Vip,L6a,EXC,Ntsr1,L6b,0.0,25.0,50.0,75.0,AISynphys,Accessed on 2025-07-08 00:00:007,0.0,1
7497,VISp,INH,Vip,L6a,EXC,Ntsr1,L6b,50.0,75.0,50.0,75.0,AISynphys,Accessed on 2025-07-08 00:00:007,0.0,1
7498,VISp,INH,Vip,L6a,EXC,Ntsr1,L6b,50.0,75.0,75.0,100.0,AISynphys,Accessed on 2025-07-08 00:00:007,0.0,1
7499,VISp,INH,Vip,L6a,EXC,Ntsr1,L6b,150.0,175.0,50.0,75.0,AISynphys,Accessed on 2025-07-08 00:00:007,0.0,1
7500,VISp,INH,Vip,L6a,EXC,Ntsr1,L6b,275.0,300.0,75.0,100.0,AISynphys,Accessed on 2025-07-08 00:00:007,0.0,1
7501,VISp,INH,Vip,L6a,EXC,Ntsr1,L6b,325.0,350.0,175.0,200.0,AISynphys,Accessed on 2025-07-08 00:00:007,0.0,1
7502,VISp,INH,Vip,L6a,EXC,Sim1,L5,25.0,50.0,175.0,200.0,AISynphys,Accessed on 2025-07-08 00:00:007,0.0,1
7503,VISp,INH,Vip,L6a,EXC,Sim1,L5,75.0,100.0,150.0,175.0,AISynphys,Accessed on 2025-07-08 00:00:007,0.0,1
7504,VISp,INH,Vip,L6a,EXC,Tlx3,L5,100.0,125.0,100.0,125.0,AISynphys,Accessed on 2025-07-08 00:00:007,0.0,1
7505,VISp,INH,Vip,L6a,EXC,Tlx3,L5,150.0,175.0,50.0,75.0,AISynphys,Accessed on 2025-07-08 00:00:007,0.0,1
7506,VISp,INH,Vip,L6a,EXC,Tlx3,L5,175.0,200.0,75.0,100.0,AISynphys,Accessed on 2025-07-08 00:00:007,0.0,1
7507,VISp,INH,Vip,L6a,INH,Pvalb,L23,50.0,75.0,400.0,425.0,AISynphys,Accessed on 2025-07-08 00:00:007,0.0,1
7508,VISp,INH,Vip,L6a,INH,Pvalb,L23,150.0,175.0,400.0,425.0,AISynphys,Accessed on 2025-07-08 00:00:007,0.0,1
7509,VISp,INH,Vip,L6a,INH,Pvalb,L23,150.0,175.0,425.0,450.0,AISynphys,Accessed on 2025-07-08 00:00:007,0.0,1
7510,VISp,INH,Vip,L6a,INH,Pvalb,L5,0.0,25.0,25.0,50.0,AISynphys,Accessed on 2025-07-08 00:00:007,0.0,1
7511,VISp,INH,Vip,L6a,INH,Pvalb,L5,0.0,25.0,50.0,75.0,AISynphys,Accessed on 2025-07-08 00:00:007,0.0,2
7512,VISp,INH,Vip,L6a,INH,Pvalb,L5,0.0,25.0,75.0,100.0,AISynphys,Accessed on 2025-07-08 00:00:007,0.0,1
7513,VISp,INH,Vip,L6a,INH,Pvalb,L5,0.0,25.0,100.0,125.0,AISynphys,Accessed on 2025-07-08 00:00:007,0.0,2
7514,VISp,INH,Vip,L6a,INH,Pvalb,L5,0.0,25.0,125.0,150.0,AISynphys,Accessed on 2025-07-08 00:00:007,0.0,1
7515,VISp,INH,Vip,L6a,INH,Pvalb,L5,25.0,50.0,75.0,100.0,AISynphys,Accessed on 2025-07-08 00:00:007,0.0,1
7516,VISp,INH,Vip,L6a,INH,Pvalb,L5,25.0,50.0,100.0,125.0,AISynphys,Accessed on 2025-07-08 00:00:007,0.0,1
7517,VISp,INH,Vip,L6a,INH,Pvalb,L5,25.0,50.0,125.0,150.0,AISynphys,Accessed on 2025-07-08 00:00:007,0.0,2
7518,VISp,INH,Vip,L6a,INH,Pvalb,L5,25.0,50.0,175.0,200.0,AISynphys,Accessed on 2025-07-08 00:00:007,0.0,1
7519,VISp,INH,Vip,L6a,INH,Pvalb,L5,50.0,75.0,125.0,150.0,AISynphys,Accessed on 2025-07-08 00:00:007,0.0,1
7520,VISp,INH,Vip,L6a,INH,Pvalb,L5,50.0,75.0,150.0,175.0,AISynphys,Accessed on 2025-07-08 00:00:007,0.0,1
7521,VISp,INH,Vip,L6a,INH,Pvalb,L5,75.0,100.0,50.0,75.0,AISynphys,Accessed on 2025-07-08 00:00:007,0.0,1
7522,VISp,INH,Vip,L6a,INH,Pvalb,L5,75.0,100.0,100.0,125.0,AISynphys,Accessed on 2025-07-08 00:00:007,0.0,3
7523,VISp,INH,Vip,L6a,INH,Pvalb,L5,100.0,125.0,50.0,75.0,AISynphys,Accessed on 2025-07-08 00:00:007,0.0,1
7524,VISp,INH,Vip,L6a,INH,Pvalb,L5,100.0,125.0,125.0,150.0,AISynphys,Accessed on 2025-07-08 00:00:007,0.0,1
7525,VISp,INH,Vip,L6a,INH,Pvalb,L5,125.0,150.0,25.0,50.0,AISynphys,Accessed on 2025-07-08 00:00:007,0.0,1
7526,VISp,INH,Vip,L6a,INH,Pvalb,L5,125.0,150.0,50.0,75.0,AISynphys,Accessed on 2025-07-08 00:00:007,0.0,2
7527,VISp,INH,Vip,L6a,INH,Pvalb,L5,125.0,150.0,150.0,175.0,AISynphys,Accessed on 2025-07-08 00:00:007,0.0,2
7528,VISp,INH,Vip,L6a,INH,Pvalb,L5,175.0,200.0,200.0,225.0,AISynphys,Accessed on 2025-07-08 00:00:007,0.0,1
7529,VISp,INH,Vip,L6a,INH,Pvalb,L6a,0.0,25.0,0.0,25.0,AISynphys,Accessed on 2025-07-08 00:00:007,0.0,3
7530,VISp,INH,Vip,L6a,INH,Pvalb,L6a,0.0,25.0,25.0,50.0,AISynphys,Accessed on 2025-07-08 00:00:007,0.0,2
7531,VISp,INH,Vip,L6a,INH,Pvalb,L6a,0.0,25.0,50.0,75.0,AISynphys,Accessed on 2025-07-08 00:00:007,0.25,4
7532,VISp,INH,Vip,L6a,INH,Pvalb,L6a,0.0,25.0,75.0,100.0,AISynphys,Accessed on 2025-07-08 00:00:007,1.0,1
7533,VISp,INH,Vip,L6a,INH,Pvalb,L6a,0.0,25.0,100.0,125.0,AISynphys,Accessed on 2025-07-08 00:00:007,0.0,1
7534,VISp,INH,Vip,L6a,INH,Pvalb,L6a,0.0,25.0,125.0,150.0,AISynphys,Accessed on 2025-07-08 00:00:007,0.0,1
7535,VISp,INH,Vip,L6a,INH,Pvalb,L6a,25.0,50.0,0.0,25.0,AISynphys,Accessed on 2025-07-08 00:00:007,0.0,5
7536,VISp,INH,Vip,L6a,INH,Pvalb,L6a,25.0,50.0,25.0,50.0,AISynphys,Accessed on 2025-07-08 00:00:007,0.0,1
7537,VISp,INH,Vip,L6a,INH,Pvalb,L6a,25.0,50.0,50.0,75.0,AISynphys,Accessed on 2025-07-08 00:00:007,0.0,2
7538,VISp,INH,Vip,L6a,INH,Pvalb,L6a,25.0,50.0,75.0,100.0,AISynphys,Accessed on 2025-07-08 00:00:007,0.0,3
7539,VISp,INH,Vip,L6a,INH,Pvalb,L6a,25.0,50.0,100.0,125.0,AISynphys,Accessed on 2025-07-08 00:00:007,0.0,1
7540,VISp,INH,Vip,L6a,INH,Pvalb,L6a,50.0,75.0,0.0,25.0,AISynphys,Accessed on 2025-07-08 00:00:007,0.0,6
7541,VISp,INH,Vip,L6a,INH,Pvalb,L6a,50.0,75.0,25.0,50.0,AISynphys,Accessed on 2025-07-08 00:00:007,0.0,1
7542,VISp,INH,Vip,L6a,INH,Pvalb,L6a,50.0,75.0,50.0,75.0,AISynphys,Accessed on 2025-07-08 00:00:007,0.0,2
7543,VISp,INH,Vip,L6a,INH,Pvalb,L6a,50.0,75.0,75.0,100.0,AISynphys,Accessed on 2025-07-08 00:00:007,0.0,3
7544,VISp,INH,Vip,L6a,INH,Pvalb,L6a,50.0,75.0,100.0,125.0,AISynphys,Accessed on 2025-07-08 00:00:007,0.0,5
7545,VISp,INH,Vip,L6a,INH,Pvalb,L6a,75.0,100.0,0.0,25.0,AISynphys,Accessed on 2025-07-08 00:00:007,0.0,4
7546,VISp,INH,Vip,L6a,INH,Pvalb,L6a,75.0,100.0,25.0,50.0,AISynphys,Accessed on 2025-07-08 00:00:007,0.5,2
7547,VISp,INH,Vip,L6a,INH,Pvalb,L6a,75.0,100.0,50.0,75.0,AISynphys,Accessed on 2025-07-08 00:00:007,0.0,2
7548,VISp,INH,Vip,L6a,INH,Pvalb,L6a,75.0,100.0,75.0,100.0,AISynphys,Accessed on 2025-07-08 00:00:007,0.0,2
7549,VISp,INH,Vip,L6a,INH,Pvalb,L6a,75.0,100.0,100.0,125.0,AISynphys,Accessed on 2025-07-08 00:00:007,0.0,2
7550,VISp,INH,Vip,L6a,INH,Pvalb,L6a,100.0,125.0,0.0,25.0,AISynphys,Accessed on 2025-07-08 00:00:007,0.0,6
7551,VISp,INH,Vip,L6a,INH,Pvalb,L6a,100.0,125.0,25.0,50.0,AISynphys,Accessed on 2025-07-08 00:00:007,0.0,3
7552,VISp,INH,Vip,L6a,INH,Pvalb,L6a,100.0,125.0,50.0,75.0,AISynphys,Accessed on 2025-07-08 00:00:007,0.0,2
7553,VISp,INH,Vip,L6a,INH,Pvalb,L6a,100.0,125.0,75.0,100.0,AISynphys,Accessed on 2025-07-08 00:00:007,0.0,5
7554,VISp,INH,Vip,L6a,INH,Pvalb,L6a,100.0,125.0,100.0,125.0,AISynphys,Accessed on 2025-07-08 00:00:007,0.0,1
7555,VISp,INH,Vip,L6a,INH,Pvalb,L6a,125.0,150.0,0.0,25.0,AISynphys,Accessed on 2025-07-08 00:00:007,0.0,1
7556,VISp,INH,Vip,L6a,INH,Pvalb,L6a,125.0,150.0,25.0,50.0,AISynphys,Accessed on 2025-07-08 00:00:007,0.0,5
7557,VISp,INH,Vip,L6a,INH,Pvalb,L6a,125.0,150.0,100.0,125.0,AISynphys,Accessed on 2025-07-08 00:00:007,0.0,1
7558,VISp,INH,Vip,L6a,INH,Pvalb,L6a,150.0,175.0,0.0,25.0,AISynphys,Accessed on 2025-07-08 00:00:007,0.0,5
7559,VISp,INH,Vip,L6a,INH,Pvalb,L6a,150.0,175.0,25.0,50.0,AISynphys,Accessed on 2025-07-08 00:00:007,0.0,4
7560,VISp,INH,Vip,L6a,INH,Pvalb,L6a,150.0,175.0,50.0,75.0,AISynphys,Accessed on 2025-07-08 00:00:007,0.0,1
7561,VISp,INH,Vip,L6a,INH,Pvalb,L6a,150.0,175.0,100.0,125.0,AISynphys,Accessed on 2025-07-08 00:00:007,0.0,2
7562,VISp,INH,Vip,L6a,INH,Pvalb,L6a,175.0,200.0,25.0,50.0,AISynphys,Accessed on 2025-07-08 00:00:007,0.0,1
7563,VISp,INH,Vip,L6a,INH,Pvalb,L6a,175.0,200.0,75.0,100.0,AISynphys,Accessed on 2025-07-08 00:00:007,0.0,1
7564,VISp,INH,Vip,L6a,INH,Pvalb,L6a,175.0,200.0,125.0,150.0,AISynphys,Accessed on 2025-07-08 00:00:007,0.0,1
7565,VISp,INH,Vip,L6a,INH,Pvalb,L6a,175.0,200.0,175.0,200.0,AISynphys,Accessed on 2025-07-08 00:00:007,0.0,1
7566,VISp,INH,Vip,L6a,INH,Pvalb,L6a,200.0,225.0,0.0,25.0,AISynphys,Accessed on 2025-07-08 00:00:007,0.0,2
7567,VISp,INH,Vip,L6a,INH,Pvalb,L6a,200.0,225.0,50.0,75.0,AISynphys,Accessed on 2025-07-08 00:00:007,0.0,5
7568,VISp,INH,Vip,L6a,INH,Pvalb,L6a,200.0,225.0,100.0,125.0,AISynphys,Accessed on 2025-07-08 00:00:007,0.0,2
7569,VISp,INH,Vip,L6a,INH,Pvalb,L6a,225.0,250.0,25.0,50.0,AISynphys,Accessed on 2025-07-08 00:00:007,0.0,2
7570,VISp,INH,Vip,L6a,INH,Pvalb,L6a,225.0,250.0,50.0,75.0,AISynphys,Accessed on 2025-07-08 00:00:007,0.0,2
7571,VISp,INH,Vip,L6a,INH,Pvalb,L6a,250.0,275.0,0.0,25.0,AISynphys,Accessed on 2025-07-08 00:00:007,0.0,1
7572,VISp,INH,Vip,L6a,INH,Pvalb,L6a,250.0,275.0,50.0,75.0,AISynphys,Accessed on 2025-07-08 00:00:007,0.0,1
7573,VISp,INH,Vip,L6a,INH,Pvalb,L6b,25.0,50.0,100.0,125.0,AISynphys,Accessed on 2025-07-08 00:00:007,0.0,1
7574,VISp,INH,Vip,L6a,INH,Pvalb,L6b,100.0,125.0,75.0,100.0,AISynphys,Accessed on 2025-07-08 00:00:007,0.0,1
7575,VISp,INH,Vip,L6a,INH,Sst,L5,0.0,25.0,25.0,50.0,AISynphys,Accessed on 2025-07-08 00:00:007,0.0,2
7576,VISp,INH,Vip,L6a,INH,Sst,L5,0.0,25.0,50.0,75.0,AISynphys,Accessed on 2025-07-08 00:00:007,0.0,1
7577,VISp,INH,Vip,L6a,INH,Sst,L5,0.0,25.0,75.0,100.0,AISynphys,Accessed on 2025-07-08 00:00:007,0.0,1
7578,VISp,INH,Vip,L6a,INH,Sst,L5,0.0,25.0,100.0,125.0,AISynphys,Accessed on 2025-07-08 00:00:007,0.0,3
7579,VISp,INH,Vip,L6a,INH,Sst,L5,0.0,25.0,125.0,150.0,AISynphys,Accessed on 2025-07-08 00:00:007,0.0,1
7580,VISp,INH,Vip,L6a,INH,Sst,L5,25.0,50.0,0.0,25.0,AISynphys,Accessed on 2025-07-08 00:00:007,0.0,1
7581,VISp,INH,Vip,L6a,INH,Sst,L5,25.0,50.0,50.0,75.0,AISynphys,Accessed on 2025-07-08 00:00:007,0.0,1
7582,VISp,INH,Vip,L6a,INH,Sst,L5,25.0,50.0,75.0,100.0,AISynphys,Accessed on 2025-07-08 00:00:007,0.0,2
7583,VISp,INH,Vip,L6a,INH,Sst,L5,25.0,50.0,100.0,125.0,AISynphys,Accessed on 2025-07-08 00:00:007,0.0,2
7584,VISp,INH,Vip,L6a,INH,Sst,L5,25.0,50.0,150.0,175.0,AISynphys,Accessed on 2025-07-08 00:00:007,0.0,1
7585,VISp,INH,Vip,L6a,INH,Sst,L5,50.0,75.0,75.0,100.0,AISynphys,Accessed on 2025-07-08 00:00:007,0.0,1
7586,VISp,INH,Vip,L6a,INH,Sst,L5,50.0,75.0,100.0,125.0,AISynphys,Accessed on 2025-07-08 00:00:007,0.0,4
7587,VISp,INH,Vip,L6a,INH,Sst,L5,50.0,75.0,150.0,175.0,AISynphys,Accessed on 2025-07-08 00:00:007,0.0,1
7588,VISp,INH,Vip,L6a,INH,Sst,L5,75.0,100.0,25.0,50.0,AISynphys,Accessed on 2025-07-08 00:00:007,0.0,1
7589,VISp,INH,Vip,L6a,INH,Sst,L5,75.0,100.0,75.0,100.0,AISynphys,Accessed on 2025-07-08 00:00:007,0.0,1
7590,VISp,INH,Vip,L6a,INH,Sst,L5,75.0,100.0,100.0,125.0,AISynphys,Accessed on 2025-07-08 00:00:007,0.0,1
7591,VISp,INH,Vip,L6a,INH,Sst,L5,75.0,100.0,150.0,175.0,AISynphys,Accessed on 2025-07-08 00:00:007,0.0,1
7592,VISp,INH,Vip,L6a,INH,Sst,L5,75.0,100.0,175.0,200.0,AISynphys,Accessed on 2025-07-08 00:00:007,0.0,1
7593,VISp,INH,Vip,L6a,INH,Sst,L5,75.0,100.0,200.0,225.0,AISynphys,Accessed on 2025-07-08 00:00:007,0.0,1
7594,VISp,INH,Vip,L6a,INH,Sst,L5,100.0,125.0,25.0,50.0,AISynphys,Accessed on 2025-07-08 00:00:007,0.0,1
7595,VISp,INH,Vip,L6a,INH,Sst,L5,100.0,125.0,50.0,75.0,AISynphys,Accessed on 2025-07-08 00:00:007,0.0,1
7596,VISp,INH,Vip,L6a,INH,Sst,L5,100.0,125.0,75.0,100.0,AISynphys,Accessed on 2025-07-08 00:00:007,0.0,1
7597,VISp,INH,Vip,L6a,INH,Sst,L5,125.0,150.0,0.0,25.0,AISynphys,Accessed on 2025-07-08 00:00:007,0.0,1
7598,VISp,INH,Vip,L6a,INH,Sst,L5,125.0,150.0,50.0,75.0,AISynphys,Accessed on 2025-07-08 00:00:007,0.0,1
7599,VISp,INH,Vip,L6a,INH,Sst,L5,125.0,150.0,75.0,100.0,AISynphys,Accessed on 2025-07-08 00:00:007,0.0,1
7600,VISp,INH,Vip,L6a,INH,Sst,L5,125.0,150.0,100.0,125.0,AISynphys,Accessed on 2025-07-08 00:00:007,0.0,1
7601,VISp,INH,Vip,L6a,INH,Sst,L5,150.0,175.0,150.0,175.0,AISynphys,Accessed on 2025-07-08 00:00:007,0.0,1
7602,VISp,INH,Vip,L6a,INH,Sst,L5,225.0,250.0,25.0,50.0,AISynphys,Accessed on 2025-07-08 00:00:007,0.0,1
7603,VISp,INH,Vip,L6a,INH,Sst,L6a,0.0,25.0,0.0,25.0,AISynphys,Accessed on 2025-07-08 00:00:007,0.0,3
7604,VISp,INH,Vip,L6a,INH,Sst,L6a,0.0,25.0,25.0,50.0,AISynphys,Accessed on 2025-07-08 00:00:007,0.0,4
7605,VISp,INH,Vip,L6a,INH,Sst,L6a,0.0,25.0,50.0,75.0,AISynphys,Accessed on 2025-07-08 00:00:007,0.0,4
7606,VISp,INH,Vip,L6a,INH,Sst,L6a,0.0,25.0,75.0,100.0,AISynphys,Accessed on 2025-07-08 00:00:007,0.0,2
7607,VISp,INH,Vip,L6a,INH,Sst,L6a,0.0,25.0,100.0,125.0,AISynphys,Accessed on 2025-07-08 00:00:007,0.0,2
7608,VISp,INH,Vip,L6a,INH,Sst,L6a,0.0,25.0,125.0,150.0,AISynphys,Accessed on 2025-07-08 00:00:007,0.0,1
7609,VISp,INH,Vip,L6a,INH,Sst,L6a,25.0,50.0,0.0,25.0,AISynphys,Accessed on 2025-07-08 00:00:007,0.0,9
7610,VISp,INH,Vip,L6a,INH,Sst,L6a,25.0,50.0,25.0,50.0,AISynphys,Accessed on 2025-07-08 00:00:007,0.0,1
7611,VISp,INH,Vip,L6a,INH,Sst,L6a,25.0,50.0,50.0,75.0,AISynphys,Accessed on 2025-07-08 00:00:007,0.0,4
7612,VISp,INH,Vip,L6a,INH,Sst,L6a,25.0,50.0,75.0,100.0,AISynphys,Accessed on 2025-07-08 00:00:007,0.0,1
7613,VISp,INH,Vip,L6a,INH,Sst,L6a,25.0,50.0,100.0,125.0,AISynphys,Accessed on 2025-07-08 00:00:007,0.0,3
7614,VISp,INH,Vip,L6a,INH,Sst,L6a,25.0,50.0,150.0,175.0,AISynphys,Accessed on 2025-07-08 00:00:007,0.5,2
7615,VISp,INH,Vip,L6a,INH,Sst,L6a,50.0,75.0,0.0,25.0,AISynphys,Accessed on 2025-07-08 00:00:007,0.0,3
7616,VISp,INH,Vip,L6a,INH,Sst,L6a,50.0,75.0,25.0,50.0,AISynphys,Accessed on 2025-07-08 00:00:007,0.16666666666666666,6
7617,VISp,INH,Vip,L6a,INH,Sst,L6a,50.0,75.0,50.0,75.0,AISynphys,Accessed on 2025-07-08 00:00:007,0.0,1
7618,VISp,INH,Vip,L6a,INH,Sst,L6a,50.0,75.0,75.0,100.0,AISynphys,Accessed on 2025-07-08 00:00:007,0.0,2
7619,VISp,INH,Vip,L6a,INH,Sst,L6a,50.0,75.0,100.0,125.0,AISynphys,Accessed on 2025-07-08 00:00:007,0.3333333333333333,3
7620,VISp,INH,Vip,L6a,INH,Sst,L6a,50.0,75.0,125.0,150.0,AISynphys,Accessed on 2025-07-08 00:00:007,0.0,2
7621,VISp,INH,Vip,L6a,INH,Sst,L6a,50.0,75.0,150.0,175.0,AISynphys,Accessed on 2025-07-08 00:00:007,0.0,2
7622,VISp,INH,Vip,L6a,INH,Sst,L6a,75.0,100.0,0.0,25.0,AISynphys,Accessed on 2025-07-08 00:00:007,0.0,7
7623,VISp,INH,Vip,L6a,INH,Sst,L6a,75.0,100.0,25.0,50.0,AISynphys,Accessed on 2025-07-08 00:00:007,0.0,2
7624,VISp,INH,Vip,L6a,INH,Sst,L6a,75.0,100.0,50.0,75.0,AISynphys,Accessed on 2025-07-08 00:00:007,0.0,1
7625,VISp,INH,Vip,L6a,INH,Sst,L6a,75.0,100.0,75.0,100.0,AISynphys,Accessed on 2025-07-08 00:00:007,0.0,1
7626,VISp,INH,Vip,L6a,INH,Sst,L6a,100.0,125.0,0.0,25.0,AISynphys,Accessed on 2025-07-08 00:00:007,0.0,3
7627,VISp,INH,Vip,L6a,INH,Sst,L6a,100.0,125.0,25.0,50.0,AISynphys,Accessed on 2025-07-08 00:00:007,0.0,1
7628,VISp,INH,Vip,L6a,INH,Sst,L6a,100.0,125.0,50.0,75.0,AISynphys,Accessed on 2025-07-08 00:00:007,0.0,2
7629,VISp,INH,Vip,L6a,INH,Sst,L6a,100.0,125.0,75.0,100.0,AISynphys,Accessed on 2025-07-08 00:00:007,0.0,1
7630,VISp,INH,Vip,L6a,INH,Sst,L6a,100.0,125.0,125.0,150.0,AISynphys,Accessed on 2025-07-08 00:00:007,0.0,2
7631,VISp,INH,Vip,L6a,INH,Sst,L6a,100.0,125.0,150.0,175.0,AISynphys,Accessed on 2025-07-08 00:00:007,0.0,1
7632,VISp,INH,Vip,L6a,INH,Sst,L6a,125.0,150.0,0.0,25.0,AISynphys,Accessed on 2025-07-08 00:00:007,0.0,2
7633,VISp,INH,Vip,L6a,INH,Sst,L6a,125.0,150.0,25.0,50.0,AISynphys,Accessed on 2025-07-08 00:00:007,0.0,4
7634,VISp,INH,Vip,L6a,INH,Sst,L6a,125.0,150.0,75.0,100.0,AISynphys,Accessed on 2025-07-08 00:00:007,0.0,3
7635,VISp,INH,Vip,L6a,INH,Sst,L6a,125.0,150.0,100.0,125.0,AISynphys,Accessed on 2025-07-08 00:00:007,0.0,1
7636,VISp,INH,Vip,L6a,INH,Sst,L6a,125.0,150.0,125.0,150.0,AISynphys,Accessed on 2025-07-08 00:00:007,0.0,1
7637,VISp,INH,Vip,L6a,INH,Sst,L6a,150.0,175.0,0.0,25.0,AISynphys,Accessed on 2025-07-08 00:00:007,0.0,2
7638,VISp,INH,Vip,L6a,INH,Sst,L6a,150.0,175.0,25.0,50.0,AISynphys,Accessed on 2025-07-08 00:00:007,0.0,2
7639,VISp,INH,Vip,L6a,INH,Sst,L6a,175.0,200.0,75.0,100.0,AISynphys,Accessed on 2025-07-08 00:00:007,0.0,1
7640,VISp,INH,Vip,L6a,INH,Sst,L6a,200.0,225.0,25.0,50.0,AISynphys,Accessed on 2025-07-08 00:00:007,1.0,1
7641,VISp,INH,Vip,L6a,INH,Sst,L6a,200.0,225.0,50.0,75.0,AISynphys,Accessed on 2025-07-08 00:00:007,0.0,1
7642,VISp,INH,Vip,L6a,INH,Sst,L6a,225.0,250.0,25.0,50.0,AISynphys,Accessed on 2025-07-08 00:00:007,0.0,1
7643,VISp,INH,Vip,L6a,INH,Sst,L6b,50.0,75.0,125.0,150.0,AISynphys,Accessed on 2025-07-08 00:00:007,1.0,1
7644,VISp,INH,Vip,L6a,INH,Sst,L6b,125.0,150.0,25.0,50.0,AISynphys,Accessed on 2025-07-08 00:00:007,0.0,1
7645,VISp,INH,Vip,L6a,INH,Sst,L6b,125.0,150.0,75.0,100.0,AISynphys,Accessed on 2025-07-08 00:00:007,0.0,1
7646,VISp,INH,Vip,L6a,INH,Sst,L6b,150.0,175.0,25.0,50.0,AISynphys,Accessed on 2025-07-08 00:00:007,0.0,1
7647,VISp,INH,Vip,L6a,INH,Vip,L23,25.0,50.0,425.0,450.0,AISynphys,Accessed on 2025-07-08 00:00:007,0.0,2
7648,VISp,INH,Vip,L6a,INH,Vip,L23,50.0,75.0,500.0,525.0,AISynphys,Accessed on 2025-07-08 00:00:007,0.0,1
7649,VISp,INH,Vip,L6a,INH,Vip,L23,100.0,125.0,500.0,525.0,AISynphys,Accessed on 2025-07-08 00:00:007,0.0,2
7650,VISp,INH,Vip,L6a,INH,Vip,L23,150.0,175.0,500.0,525.0,AISynphys,Accessed on 2025-07-08 00:00:007,0.0,1
7651,VISp,INH,Vip,L6a,INH,Vip,L23,150.0,175.0,600.0,625.0,AISynphys,Accessed on 2025-07-08 00:00:007,0.0,1
7652,VISp,INH,Vip,L6a,INH,Vip,L4,50.0,75.0,225.0,250.0,AISynphys,Accessed on 2025-07-08 00:00:007,0.0,1
7653,VISp,INH,Vip,L6a,INH,Vip,L4,100.0,125.0,250.0,275.0,AISynphys,Accessed on 2025-07-08 00:00:007,0.0,1
7654,VISp,INH,Vip,L6a,INH,Vip,L5,0.0,25.0,25.0,50.0,AISynphys,Accessed on 2025-07-08 00:00:007,0.0,4
7655,VISp,INH,Vip,L6a,INH,Vip,L5,0.0,25.0,75.0,100.0,AISynphys,Accessed on 2025-07-08 00:00:007,0.0,1
7656,VISp,INH,Vip,L6a,INH,Vip,L5,0.0,25.0,100.0,125.0,AISynphys,Accessed on 2025-07-08 00:00:007,0.0,4
7657,VISp,INH,Vip,L6a,INH,Vip,L5,0.0,25.0,125.0,150.0,AISynphys,Accessed on 2025-07-08 00:00:007,0.0,1
7658,VISp,INH,Vip,L6a,INH,Vip,L5,0.0,25.0,175.0,200.0,AISynphys,Accessed on 2025-07-08 00:00:007,0.0,1
7659,VISp,INH,Vip,L6a,INH,Vip,L5,25.0,50.0,0.0,25.0,AISynphys,Accessed on 2025-07-08 00:00:007,0.0,1
7660,VISp,INH,Vip,L6a,INH,Vip,L5,25.0,50.0,25.0,50.0,AISynphys,Accessed on 2025-07-08 00:00:007,0.0,2
7661,VISp,INH,Vip,L6a,INH,Vip,L5,25.0,50.0,50.0,75.0,AISynphys,Accessed on 2025-07-08 00:00:007,0.0,1
7662,VISp,INH,Vip,L6a,INH,Vip,L5,25.0,50.0,75.0,100.0,AISynphys,Accessed on 2025-07-08 00:00:007,0.0,2
7663,VISp,INH,Vip,L6a,INH,Vip,L5,25.0,50.0,125.0,150.0,AISynphys,Accessed on 2025-07-08 00:00:007,0.0,3
7664,VISp,INH,Vip,L6a,INH,Vip,L5,25.0,50.0,150.0,175.0,AISynphys,Accessed on 2025-07-08 00:00:007,0.0,1
7665,VISp,INH,Vip,L6a,INH,Vip,L5,25.0,50.0,175.0,200.0,AISynphys,Accessed on 2025-07-08 00:00:007,0.0,3
7666,VISp,INH,Vip,L6a,INH,Vip,L5,25.0,50.0,225.0,250.0,AISynphys,Accessed on 2025-07-08 00:00:007,0.0,1
7667,VISp,INH,Vip,L6a,INH,Vip,L5,25.0,50.0,250.0,275.0,AISynphys,Accessed on 2025-07-08 00:00:007,0.0,1
7668,VISp,INH,Vip,L6a,INH,Vip,L5,50.0,75.0,50.0,75.0,AISynphys,Accessed on 2025-07-08 00:00:007,0.0,1
7669,VISp,INH,Vip,L6a,INH,Vip,L5,50.0,75.0,75.0,100.0,AISynphys,Accessed on 2025-07-08 00:00:007,0.0,1
7670,VISp,INH,Vip,L6a,INH,Vip,L5,50.0,75.0,100.0,125.0,AISynphys,Accessed on 2025-07-08 00:00:007,0.0,2
7671,VISp,INH,Vip,L6a,INH,Vip,L5,50.0,75.0,125.0,150.0,AISynphys,Accessed on 2025-07-08 00:00:007,0.0,1
7672,VISp,INH,Vip,L6a,INH,Vip,L5,75.0,100.0,0.0,25.0,AISynphys,Accessed on 2025-07-08 00:00:007,0.0,1
7673,VISp,INH,Vip,L6a,INH,Vip,L5,75.0,100.0,50.0,75.0,AISynphys,Accessed on 2025-07-08 00:00:007,0.0,2
7674,VISp,INH,Vip,L6a,INH,Vip,L5,75.0,100.0,75.0,100.0,AISynphys,Accessed on 2025-07-08 00:00:007,0.0,2
7675,VISp,INH,Vip,L6a,INH,Vip,L5,75.0,100.0,225.0,250.0,AISynphys,Accessed on 2025-07-08 00:00:007,0.0,1
7676,VISp,INH,Vip,L6a,INH,Vip,L5,100.0,125.0,75.0,100.0,AISynphys,Accessed on 2025-07-08 00:00:007,0.0,1
7677,VISp,INH,Vip,L6a,INH,Vip,L5,100.0,125.0,100.0,125.0,AISynphys,Accessed on 2025-07-08 00:00:007,0.0,2
7678,VISp,INH,Vip,L6a,INH,Vip,L5,125.0,150.0,25.0,50.0,AISynphys,Accessed on 2025-07-08 00:00:007,0.0,1
7679,VISp,INH,Vip,L6a,INH,Vip,L5,125.0,150.0,50.0,75.0,AISynphys,Accessed on 2025-07-08 00:00:007,0.0,1
7680,VISp,INH,Vip,L6a,INH,Vip,L5,125.0,150.0,125.0,150.0,AISynphys,Accessed on 2025-07-08 00:00:007,0.0,1
7681,VISp,INH,Vip,L6a,INH,Vip,L5,125.0,150.0,250.0,275.0,AISynphys,Accessed on 2025-07-08 00:00:007,0.0,1
7682,VISp,INH,Vip,L6a,INH,Vip,L5,150.0,175.0,50.0,75.0,AISynphys,Accessed on 2025-07-08 00:00:007,0.0,2
7683,VISp,INH,Vip,L6a,INH,Vip,L5,150.0,175.0,75.0,100.0,AISynphys,Accessed on 2025-07-08 00:00:007,0.0,1
7684,VISp,INH,Vip,L6a,INH,Vip,L5,150.0,175.0,200.0,225.0,AISynphys,Accessed on 2025-07-08 00:00:007,0.0,1
7685,VISp,INH,Vip,L6a,INH,Vip,L5,175.0,200.0,50.0,75.0,AISynphys,Accessed on 2025-07-08 00:00:007,0.0,1
7686,VISp,INH,Vip,L6a,INH,Vip,L5,175.0,200.0,175.0,200.0,AISynphys,Accessed on 2025-07-08 00:00:007,0.0,1
7687,VISp,INH,Vip,L6a,INH,Vip,L5,200.0,225.0,150.0,175.0,AISynphys,Accessed on 2025-07-08 00:00:007,0.0,1
7688,VISp,INH,Vip,L6a,INH,Vip,L5,225.0,250.0,50.0,75.0,AISynphys,Accessed on 2025-07-08 00:00:007,0.0,1
7689,VISp,INH,Vip,L6a,INH,Vip,L6a,0.0,25.0,0.0,25.0,AISynphys,Accessed on 2025-07-08 00:00:007,0.0,10
7690,VISp,INH,Vip,L6a,INH,Vip,L6a,0.0,25.0,25.0,50.0,AISynphys,Accessed on 2025-07-08 00:00:007,0.0,12
7691,VISp,INH,Vip,L6a,INH,Vip,L6a,0.0,25.0,50.0,75.0,AISynphys,Accessed on 2025-07-08 00:00:007,0.0,8
7692,VISp,INH,Vip,L6a,INH,Vip,L6a,0.0,25.0,75.0,100.0,AISynphys,Accessed on 2025-07-08 00:00:007,0.0,10
7693,VISp,INH,Vip,L6a,INH,Vip,L6a,0.0,25.0,100.0,125.0,AISynphys,Accessed on 2025-07-08 00:00:007,0.0,2
7694,VISp,INH,Vip,L6a,INH,Vip,L6a,0.0,25.0,125.0,150.0,AISynphys,Accessed on 2025-07-08 00:00:007,0.0,4
7695,VISp,INH,Vip,L6a,INH,Vip,L6a,25.0,50.0,0.0,25.0,AISynphys,Accessed on 2025-07-08 00:00:007,0.0,12
7696,VISp,INH,Vip,L6a,INH,Vip,L6a,25.0,50.0,25.0,50.0,AISynphys,Accessed on 2025-07-08 00:00:007,0.0,6
7697,VISp,INH,Vip,L6a,INH,Vip,L6a,25.0,50.0,50.0,75.0,AISynphys,Accessed on 2025-07-08 00:00:007,0.0,4
7698,VISp,INH,Vip,L6a,INH,Vip,L6a,25.0,50.0,75.0,100.0,AISynphys,Accessed on 2025-07-08 00:00:007,0.0,2
7699,VISp,INH,Vip,L6a,INH,Vip,L6a,25.0,50.0,100.0,125.0,AISynphys,Accessed on 2025-07-08 00:00:007,0.0,2
7700,VISp,INH,Vip,L6a,INH,Vip,L6a,50.0,75.0,0.0,25.0,AISynphys,Accessed on 2025-07-08 00:00:007,0.0,8
7701,VISp,INH,Vip,L6a,INH,Vip,L6a,50.0,75.0,25.0,50.0,AISynphys,Accessed on 2025-07-08 00:00:007,0.0,2
7702,VISp,INH,Vip,L6a,INH,Vip,L6a,50.0,75.0,50.0,75.0,AISynphys,Accessed on 2025-07-08 00:00:007,0.0,2
7703,VISp,INH,Vip,L6a,INH,Vip,L6a,50.0,75.0,75.0,100.0,AISynphys,Accessed on 2025-07-08 00:00:007,0.0,2
7704,VISp,INH,Vip,L6a,INH,Vip,L6a,50.0,75.0,150.0,175.0,AISynphys,Accessed on 2025-07-08 00:00:007,0.0,2
7705,VISp,INH,Vip,L6a,INH,Vip,L6a,75.0,100.0,0.0,25.0,AISynphys,Accessed on 2025-07-08 00:00:007,0.0,10
7706,VISp,INH,Vip,L6a,INH,Vip,L6a,75.0,100.0,25.0,50.0,AISynphys,Accessed on 2025-07-08 00:00:007,0.0,8
7707,VISp,INH,Vip,L6a,INH,Vip,L6a,75.0,100.0,50.0,75.0,AISynphys,Accessed on 2025-07-08 00:00:007,0.0,4
7708,VISp,INH,Vip,L6a,INH,Vip,L6a,75.0,100.0,100.0,125.0,AISynphys,Accessed on 2025-07-08 00:00:007,0.0,2
7709,VISp,INH,Vip,L6a,INH,Vip,L6a,100.0,125.0,0.0,25.0,AISynphys,Accessed on 2025-07-08 00:00:007,0.0,4
7710,VISp,INH,Vip,L6a,INH,Vip,L6a,100.0,125.0,25.0,50.0,AISynphys,Accessed on 2025-07-08 00:00:007,0.0,8
7711,VISp,INH,Vip,L6a,INH,Vip,L6a,100.0,125.0,50.0,75.0,AISynphys,Accessed on 2025-07-08 00:00:007,0.0,4
7712,VISp,INH,Vip,L6a,INH,Vip,L6a,100.0,125.0,100.0,125.0,AISynphys,Accessed on 2025-07-08 00:00:007,0.0,2
7713,VISp,INH,Vip,L6a,INH,Vip,L6a,125.0,150.0,0.0,25.0,AISynphys,Accessed on 2025-07-08 00:00:007,0.0,2
7714,VISp,INH,Vip,L6a,INH,Vip,L6a,125.0,150.0,25.0,50.0,AISynphys,Accessed on 2025-07-08 00:00:007,0.0,2
7715,VISp,INH,Vip,L6a,INH,Vip,L6a,125.0,150.0,50.0,75.0,AISynphys,Accessed on 2025-07-08 00:00:007,0.0,8
7716,VISp,INH,Vip,L6a,INH,Vip,L6a,125.0,150.0,75.0,100.0,AISynphys,Accessed on 2025-07-08 00:00:007,0.0,2
7717,VISp,INH,Vip,L6a,INH,Vip,L6a,125.0,150.0,125.0,150.0,AISynphys,Accessed on 2025-07-08 00:00:007,0.0,2
7718,VISp,INH,Vip,L6a,INH,Vip,L6a,150.0,175.0,25.0,50.0,AISynphys,Accessed on 2025-07-08 00:00:007,0.0,2
7719,VISp,INH,Vip,L6a,INH,Vip,L6a,150.0,175.0,50.0,75.0,AISynphys,Accessed on 2025-07-08 00:00:007,0.0,2
7720,VISp,INH,Vip,L6a,INH,Vip,L6a,150.0,175.0,75.0,100.0,AISynphys,Accessed on 2025-07-08 00:00:007,0.0,2
7721,VISp,INH,Vip,L6a,INH,Vip,L6a,150.0,175.0,150.0,175.0,AISynphys,Accessed on 2025-07-08 00:00:007,0.0,2
7722,VISp,INH,Vip,L6a,INH,Vip,L6a,175.0,200.0,0.0,25.0,AISynphys,Accessed on 2025-07-08 00:00:007,0.0,4
7723,VISp,INH,Vip,L6a,INH,Vip,L6a,175.0,200.0,25.0,50.0,AISynphys,Accessed on 2025-07-08 00:00:007,0.0,2
7724,VISp,INH,Vip,L6a,INH,Vip,L6a,175.0,200.0,75.0,100.0,AISynphys,Accessed on 2025-07-08 00:00:007,0.0,2
7725,VISp,INH,Vip,L6a,INH,Vip,L6a,175.0,200.0,125.0,150.0,AISynphys,Accessed on 2025-07-08 00:00:007,0.0,2
7726,VISp,INH,Vip,L6a,INH,Vip,L6a,200.0,225.0,75.0,100.0,AISynphys,Accessed on 2025-07-08 00:00:007,0.0,2
7727,VISp,INH,Vip,L6a,INH,Vip,L6a,225.0,250.0,0.0,25.0,AISynphys,Accessed on 2025-07-08 00:00:007,0.0,2
7728,VISp,INH,Vip,L6a,INH,Vip,L6b,0.0,25.0,50.0,75.0,AISynphys,Accessed on 2025-07-08 00:00:007,0.0,1
7729,VISp,INH,Vip,L6a,INH,Vip,L6b,0.0,25.0,150.0,175.0,AISynphys,Accessed on 2025-07-08 00:00:007,0.0,1
7730,VISp,INH,Vip,L6a,INH,Vip,L6b,75.0,100.0,100.0,125.0,AISynphys,Accessed on 2025-07-08 00:00:007,0.0,1
7731,VISp,INH,Vip,L6a,INH,Vip,L6b,100.0,125.0,125.0,150.0,AISynphys,Accessed on 2025-07-08 00:00:007,0.0,2
7732,VISp,INH,Vip,L6a,INH,Vip,L6b,100.0,125.0,150.0,175.0,AISynphys,Accessed on 2025-07-08 00:00:007,0.0,1
7733,VISp,INH,Vip,L6a,INH,Vip,L6b,150.0,175.0,75.0,100.0,AISynphys,Accessed on 2025-07-08 00:00:007,0.0,1
7734,VISp,INH,Vip,L6a,INH,Vip,L6b,175.0,200.0,75.0,100.0,AISynphys,Accessed on 2025-07-08 00:00:007,0.0,1
7735,VISp,INH,Vip,L6a,INH,Vip,L6b,175.0,200.0,100.0,125.0,AISynphys,Accessed on 2025-07-08 00:00:007,0.0,1
7736,VISp,INH,Vip,L6a,INH,Vip,L6b,200.0,225.0,100.0,125.0,AISynphys,Accessed on 2025-07-08 00:00:007,0.0,1
7737,VISp,INH,Vip,L6a,INH,Vip,L6b,300.0,325.0,150.0,175.0,AISynphys,Accessed on 2025-07-08 00:00:007,0.0,1
7738,VISp,INH,Vip,L6b,EXC,Ntsr1,L6a,0.0,25.0,50.0,75.0,AISynphys,Accessed on 2025-07-08 00:00:007,0.0,1
7739,VISp,INH,Vip,L6b,EXC,Ntsr1,L6a,0.0,25.0,100.0,125.0,AISynphys,Accessed on 2025-07-08 00:00:007,0.0,1
7740,VISp,INH,Vip,L6b,EXC,Ntsr1,L6a,25.0,50.0,25.0,50.0,AISynphys,Accessed on 2025-07-08 00:00:007,0.0,1
7741,VISp,INH,Vip,L6b,EXC,Ntsr1,L6a,25.0,50.0,75.0,100.0,AISynphys,Accessed on 2025-07-08 00:00:007,0.0,1
7742,VISp,INH,Vip,L6b,EXC,Ntsr1,L6a,50.0,75.0,100.0,125.0,AISynphys,Accessed on 2025-07-08 00:00:007,0.0,1
7743,VISp,INH,Vip,L6b,EXC,Ntsr1,L6a,75.0,100.0,50.0,75.0,AISynphys,Accessed on 2025-07-08 00:00:007,0.0,1
7744,VISp,INH,Vip,L6b,EXC,Ntsr1,L6a,75.0,100.0,150.0,175.0,AISynphys,Accessed on 2025-07-08 00:00:007,0.0,1
7745,VISp,INH,Vip,L6b,INH,Pvalb,L6a,0.0,25.0,75.0,100.0,AISynphys,Accessed on 2025-07-08 00:00:007,0.0,1
7746,VISp,INH,Vip,L6b,INH,Pvalb,L6a,25.0,50.0,75.0,100.0,AISynphys,Accessed on 2025-07-08 00:00:007,0.0,1
7747,VISp,INH,Vip,L6b,INH,Pvalb,L6a,50.0,75.0,125.0,150.0,AISynphys,Accessed on 2025-07-08 00:00:007,0.0,1
7748,VISp,INH,Vip,L6b,INH,Pvalb,L6a,50.0,75.0,150.0,175.0,AISynphys,Accessed on 2025-07-08 00:00:007,0.0,1
7749,VISp,INH,Vip,L6b,INH,Pvalb,L6a,75.0,100.0,100.0,125.0,AISynphys,Accessed on 2025-07-08 00:00:007,0.0,1
7750,VISp,INH,Vip,L6b,INH,Pvalb,L6a,150.0,175.0,25.0,50.0,AISynphys,Accessed on 2025-07-08 00:00:007,0.0,1
7751,VISp,INH,Vip,L6b,INH,Pvalb,L6a,150.0,175.0,50.0,75.0,AISynphys,Accessed on 2025-07-08 00:00:007,0.0,1
7752,VISp,INH,Vip,L6b,INH,Pvalb,L6a,175.0,200.0,75.0,100.0,AISynphys,Accessed on 2025-07-08 00:00:007,0.0,1
7753,VISp,INH,Vip,L6b,INH,Pvalb,L6a,225.0,250.0,25.0,50.0,AISynphys,Accessed on 2025-07-08 00:00:007,0.0,1
7754,VISp,INH,Vip,L6b,INH,Pvalb,L6a,400.0,425.0,200.0,225.0,AISynphys,Accessed on 2025-07-08 00:00:007,0.0,1
7755,VISp,INH,Vip,L6b,INH,Pvalb,L6a,425.0,450.0,175.0,200.0,AISynphys,Accessed on 2025-07-08 00:00:007,0.0,1
7756,VISp,INH,Vip,L6b,INH,Pvalb,L6b,50.0,75.0,0.0,25.0,AISynphys,Accessed on 2025-07-08 00:00:007,0.0,1
7757,VISp,INH,Vip,L6b,INH,Sst,L6a,50.0,75.0,50.0,75.0,AISynphys,Accessed on 2025-07-08 00:00:007,0.0,1
7758,VISp,INH,Vip,L6b,INH,Sst,L6a,150.0,175.0,50.0,75.0,AISynphys,Accessed on 2025-07-08 00:00:007,0.0,1
7759,VISp,INH,Vip,L6b,INH,Sst,L6b,25.0,50.0,0.0,25.0,AISynphys,Accessed on 2025-07-08 00:00:007,0.0,1
7760,VISp,INH,Vip,L6b,INH,Vip,L5,100.0,125.0,225.0,250.0,AISynphys,Accessed on 2025-07-08 00:00:007,0.0,1
7761,VISp,INH,Vip,L6b,INH,Vip,L5,250.0,275.0,275.0,300.0,AISynphys,Accessed on 2025-07-08 00:00:007,0.0,1
7762,VISp,INH,Vip,L6b,INH,Vip,L6a,0.0,25.0,50.0,75.0,AISynphys,Accessed on 2025-07-08 00:00:007,0.0,1
7763,VISp,INH,Vip,L6b,INH,Vip,L6a,0.0,25.0,150.0,175.0,AISynphys,Accessed on 2025-07-08 00:00:007,0.0,1
7764,VISp,INH,Vip,L6b,INH,Vip,L6a,75.0,100.0,100.0,125.0,AISynphys,Accessed on 2025-07-08 00:00:007,0.0,1
7765,VISp,INH,Vip,L6b,INH,Vip,L6a,100.0,125.0,125.0,150.0,AISynphys,Accessed on 2025-07-08 00:00:007,0.0,2
7766,VISp,INH,Vip,L6b,INH,Vip,L6a,100.0,125.0,150.0,175.0,AISynphys,Accessed on 2025-07-08 00:00:007,0.0,1
7767,VISp,INH,Vip,L6b,INH,Vip,L6a,150.0,175.0,75.0,100.0,AISynphys,Accessed on 2025-07-08 00:00:007,0.0,1
7768,VISp,INH,Vip,L6b,INH,Vip,L6a,175.0,200.0,75.0,100.0,AISynphys,Accessed on 2025-07-08 00:00:007,0.0,1
7769,VISp,INH,Vip,L6b,INH,Vip,L6a,175.0,200.0,100.0,125.0,AISynphys,Accessed on 2025-07-08 00:00:007,0.0,1
7770,VISp,INH,Vip,L6b,INH,Vip,L6a,200.0,225.0,100.0,125.0,AISynphys,Accessed on 2025-07-08 00:00:007,0.0,1
7771,VISp,INH,Vip,L6b,INH,Vip,L6a,300.0,325.0,150.0,175.0,AISynphys,Accessed on 2025-07-08 00:00:007,0.0,1
7772,VISp,INH,Vip,L6b,INH,Vip,L6b,0.0,25.0,25.0,50.0,AISynphys,Accessed on 2025-07-08 00:00:007,0.0,2
7773,VISp,INH,"Vip,Sim1",L4,EXC,Sim1,L5,50.0,75.0,50.0,75.0,AISynphys,Accessed on 2025-07-08 00:00:007,0.0,1
