firing rate (Hz),visual stimulus type,region,spiking class,citation,dataset
9.63676049865972,brain observatory 1.1gray,VISpm,RS,siegle_survey_2019,Siegle2019
1.11498567048147,brain observatory 1.1gray,VISpm,RS,siegle_survey_2019,Siegle2019
1.15959784363591,brain observatory 1.1gray,VISpm,RS,siegle_survey_2019,Siegle2019
10.2140632631702,brain observatory 1.1gray,VISpm,RS,siegle_survey_2019,Siegle2019
0.757238529566769,brain observatory 1.1gray,VISpm,RS,siegle_survey_2019,Siegle2019
0.922303570238218,brain observatory 1.1gray,VISpm,RS,siegle_survey_2019,Siegle2019
5.3293489611381,brain observatory 1.1gray,VISpm,RS,siegle_survey_2019,Siegle2019
2.12141505295378,brain observatory 1.1gray,VISpm,RS,siegle_survey_2019,Siegle2019
5.73893119847987,brain observatory 1.1gray,VISpm,RS,siegle_survey_2019,Siegle2019
2.03590838774109,brain observatory 1.1gray,VISpm,RS,siegle_survey_2019,Siegle2019
3.00696669006953,brain observatory 1.1gray,VISpm,RS,siegle_survey_2019,Siegle2019
2.86495127219454,brain observatory 1.1gray,VISpm,RS,siegle_survey_2019,Siegle2019
2.50869120371833,brain observatory 1.1gray,VISpm,RS,siegle_survey_2019,Siegle2019
1.7045036728795,brain observatory 1.1gray,VISpm,RS,siegle_survey_2019,Siegle2019
2.03760789909936,brain observatory 1.1gray,VISpm,RS,siegle_survey_2019,Siegle2019
9.0471362768018,brain observatory 1.1gray,VISpm,FS,siegle_survey_2019,Siegle2019
13.9682838535767,brain observatory 1.1gray,VISpm,FS,siegle_survey_2019,Siegle2019
1.10648811369014,brain observatory 1.1gray,VISpm,RS,siegle_survey_2019,Siegle2019
2.9420666000758,brain observatory 1.1gray,VISpm,RS,siegle_survey_2019,Siegle2019
3.79394666840593,brain observatory 1.1gray,VISpm,RS,siegle_survey_2019,Siegle2019
3.30597446966421,brain observatory 1.1gray,VISpm,FS,siegle_survey_2019,Siegle2019
7.05488408707612,brain observatory 1.1gray,VISpm,FS,siegle_survey_2019,Siegle2019
3.24776620564364,brain observatory 1.1gray,VISpm,RS,siegle_survey_2019,Siegle2019
5.82401298585299,brain observatory 1.1gray,VISpm,RS,siegle_survey_2019,Siegle2019
6.87632917499845,brain observatory 1.1gray,VISpm,RS,siegle_survey_2019,Siegle2019
3.74094315792005,brain observatory 1.1gray,VISpm,RS,siegle_survey_2019,Siegle2019
5.16906379616177,brain observatory 1.1gray,VISpm,RS,siegle_survey_2019,Siegle2019
6.18144146838801,brain observatory 1.1gray,VISpm,RS,siegle_survey_2019,Siegle2019
7.71471937192235,brain observatory 1.1gray,VISpm,RS,siegle_survey_2019,Siegle2019
4.67822367200298,brain observatory 1.1gray,VISpm,RS,siegle_survey_2019,Siegle2019
32.7439542423845,brain observatory 1.1gray,VISpm,FS,siegle_survey_2019,Siegle2019
3.55112898309387,brain observatory 1.1gray,VISpm,RS,siegle_survey_2019,Siegle2019
11.4603361860776,brain observatory 1.1gray,VISpm,RS,siegle_survey_2019,Siegle2019
23.1702881029004,brain observatory 1.1gray,VISpm,FS,siegle_survey_2019,Siegle2019
6.9396359730938,brain observatory 1.1gray,VISpm,RS,siegle_survey_2019,Siegle2019
36.2638547042703,brain observatory 1.1gray,VISpm,FS,siegle_survey_2019,Siegle2019
10.2655797012176,brain observatory 1.1gray,VISpm,RS,siegle_survey_2019,Siegle2019
5.70664048267284,brain observatory 1.1gray,VISpm,RS,siegle_survey_2019,Siegle2019
15.4052207069894,brain observatory 1.1gray,VISpm,RS,siegle_survey_2019,Siegle2019
9.51343970572565,brain observatory 1.1gray,VISpm,RS,siegle_survey_2019,Siegle2019
7.04914823624198,brain observatory 1.1gray,VISpm,RS,siegle_survey_2019,Siegle2019
0.477031594372894,brain observatory 1.1gray,VISpm,RS,siegle_survey_2019,Siegle2019
8.64445830435298,brain observatory 1.1gray,VISpm,RS,siegle_survey_2019,Siegle2019
10.2131072880312,brain observatory 1.1gray,VISpm,RS,siegle_survey_2019,Siegle2019
0.312603870460794,brain observatory 1.1gray,VISpm,RS,siegle_survey_2019,Siegle2019
13.2317581186888,brain observatory 1.1gray,VISpm,RS,siegle_survey_2019,Siegle2019
2.3898316280997,brain observatory 1.1gray,VISpm,RS,siegle_survey_2019,Siegle2019
3.49568242503049,brain observatory 1.1gray,VISpm,RS,siegle_survey_2019,Siegle2019
0.604282507322956,brain observatory 1.1gray,VISpm,RS,siegle_survey_2019,Siegle2019
2.56307556718279,brain observatory 1.1gray,VISpm,RS,siegle_survey_2019,Siegle2019
0.747891217096314,brain observatory 1.1gray,VISpm,RS,siegle_survey_2019,Siegle2019
1.09129873092565,brain observatory 1.1gray,VISpm,RS,siegle_survey_2019,Siegle2019
1.63779785206761,brain observatory 1.1gray,VISpm,RS,siegle_survey_2019,Siegle2019
2.96649707585085,brain observatory 1.1gray,VISpm,RS,siegle_survey_2019,Siegle2019
18.6994048166057,brain observatory 1.1gray,VISpm,FS,siegle_survey_2019,Siegle2019
0.180466862355722,brain observatory 1.1gray,VISpm,RS,siegle_survey_2019,Siegle2019
8.63107465240664,brain observatory 1.1gray,VISpm,FS,siegle_survey_2019,Siegle2019
23.8061177898111,brain observatory 1.1gray,VISpm,FS,siegle_survey_2019,Siegle2019
0.841045683421192,brain observatory 1.1gray,VISpm,RS,siegle_survey_2019,Siegle2019
0.210102091665461,brain observatory 1.1gray,VISpm,RS,siegle_survey_2019,Siegle2019
0.759894016064058,brain observatory 1.1gray,VISpm,RS,siegle_survey_2019,Siegle2019
0.957568430922208,brain observatory 1.1gray,VISpm,RS,siegle_survey_2019,Siegle2019
0.36826286744396,brain observatory 1.1gray,VISpm,RS,siegle_survey_2019,Siegle2019
10.6013394139348,brain observatory 1.1gray,VISpm,FS,siegle_survey_2019,Siegle2019
0.0625632618761155,brain observatory 1.1gray,VISpm,RS,siegle_survey_2019,Siegle2019
1.42758954094226,brain observatory 1.1gray,VISpm,RS,siegle_survey_2019,Siegle2019
5.83343396685842,brain observatory 1.1gray,VISp,RS,siegle_survey_2019,Siegle2019
8.73724535792481,brain observatory 1.1gray,VISp,RS,siegle_survey_2019,Siegle2019
4.37016285253657,brain observatory 1.1gray,VISp,RS,siegle_survey_2019,Siegle2019
14.0346989209746,brain observatory 1.1gray,VISp,FS,siegle_survey_2019,Siegle2019
5.64234622479505,brain observatory 1.1gray,VISp,FS,siegle_survey_2019,Siegle2019
13.1982253419034,brain observatory 1.1gray,VISp,RS,siegle_survey_2019,Siegle2019
3.05103074098292,brain observatory 1.1gray,VISp,RS,siegle_survey_2019,Siegle2019
2.77358705989925,brain observatory 1.1gray,VISp,RS,siegle_survey_2019,Siegle2019
0.226458624835524,brain observatory 1.1gray,VISp,RS,siegle_survey_2019,Siegle2019
5.734862858112,brain observatory 1.1gray,VISp,RS,siegle_survey_2019,Siegle2019
1.06611876992221,brain observatory 1.1gray,VISp,RS,siegle_survey_2019,Siegle2019
2.32863622526698,brain observatory 1.1gray,VISp,RS,siegle_survey_2019,Siegle2019
2.5563694765087,brain observatory 1.1gray,VISp,RS,siegle_survey_2019,Siegle2019
0.851450439344072,brain observatory 1.1gray,VISp,RS,siegle_survey_2019,Siegle2019
3.65339793678136,brain observatory 1.1gray,VISp,RS,siegle_survey_2019,Siegle2019
1.43597286545565,brain observatory 1.1gray,VISp,RS,siegle_survey_2019,Siegle2019
1.1148732299595,brain observatory 1.1gray,VISp,RS,siegle_survey_2019,Siegle2019
1.52700243463203,brain observatory 1.1gray,VISp,RS,siegle_survey_2019,Siegle2019
12.0983289722168,brain observatory 1.1gray,VISp,FS,siegle_survey_2019,Siegle2019
2.19947408277167,brain observatory 1.1gray,VISp,RS,siegle_survey_2019,Siegle2019
8.197122418296,brain observatory 1.1gray,VISp,RS,siegle_survey_2019,Siegle2019
1.14567670144276,brain observatory 1.1gray,VISp,RS,siegle_survey_2019,Siegle2019
0.557649052714119,brain observatory 1.1gray,VISp,RS,siegle_survey_2019,Siegle2019
41.5286029405228,brain observatory 1.1gray,VISp,FS,siegle_survey_2019,Siegle2019
1.97556471074855,brain observatory 1.1gray,VISp,RS,siegle_survey_2019,Siegle2019
0.68659875747506,brain observatory 1.1gray,VISp,RS,siegle_survey_2019,Siegle2019
8.56251532140772,brain observatory 1.1gray,VISp,RS,siegle_survey_2019,Siegle2019
3.35078038417516,brain observatory 1.1gray,VISp,RS,siegle_survey_2019,Siegle2019
19.4760790490582,brain observatory 1.1gray,VISp,FS,siegle_survey_2019,Siegle2019
7.50606246839922,brain observatory 1.1gray,VISp,RS,siegle_survey_2019,Siegle2019
15.0169047858217,brain observatory 1.1gray,VISp,FS,siegle_survey_2019,Siegle2019
9.27641232774898,brain observatory 1.1gray,VISp,RS,siegle_survey_2019,Siegle2019
1.88262320196287,brain observatory 1.1gray,VISp,RS,siegle_survey_2019,Siegle2019
2.54383565018103,brain observatory 1.1gray,VISp,RS,siegle_survey_2019,Siegle2019
7.13185339931125,brain observatory 1.1gray,VISp,RS,siegle_survey_2019,Siegle2019
10.0929167597896,brain observatory 1.1gray,VISp,FS,siegle_survey_2019,Siegle2019
48.6548267398733,brain observatory 1.1gray,VISp,RS,siegle_survey_2019,Siegle2019
6.59863468604937,brain observatory 1.1gray,VISp,RS,siegle_survey_2019,Siegle2019
3.86626054661737,brain observatory 1.1gray,VISp,FS,siegle_survey_2019,Siegle2019
10.8251896301537,brain observatory 1.1gray,VISp,RS,siegle_survey_2019,Siegle2019
0.765838032394056,brain observatory 1.1gray,VISp,RS,siegle_survey_2019,Siegle2019
44.0482206889859,brain observatory 1.1gray,VISp,FS,siegle_survey_2019,Siegle2019
13.2719412357288,brain observatory 1.1gray,VISp,RS,siegle_survey_2019,Siegle2019
19.9446104722052,brain observatory 1.1gray,VISp,RS,siegle_survey_2019,Siegle2019
0.416377959359875,brain observatory 1.1gray,VISp,RS,siegle_survey_2019,Siegle2019
18.1323041603179,brain observatory 1.1gray,VISp,RS,siegle_survey_2019,Siegle2019
16.4715721719017,brain observatory 1.1gray,VISp,RS,siegle_survey_2019,Siegle2019
10.7272558346103,brain observatory 1.1gray,VISp,RS,siegle_survey_2019,Siegle2019
11.8921581510133,brain observatory 1.1gray,VISp,RS,siegle_survey_2019,Siegle2019
5.37424980402353,brain observatory 1.1gray,VISp,RS,siegle_survey_2019,Siegle2019
5.61717235327252,brain observatory 1.1gray,VISp,RS,siegle_survey_2019,Siegle2019
5.56841789323523,brain observatory 1.1gray,VISp,RS,siegle_survey_2019,Siegle2019
15.7274027884131,brain observatory 1.1gray,VISp,FS,siegle_survey_2019,Siegle2019
11.2441168423259,brain observatory 1.1gray,VISp,RS,siegle_survey_2019,Siegle2019
11.0020440440144,brain observatory 1.1gray,VISp,RS,siegle_survey_2019,Siegle2019
0.19045042886027,brain observatory 1.1gray,VISp,RS,siegle_survey_2019,Siegle2019
13.9992218193352,brain observatory 1.1gray,VISp,RS,siegle_survey_2019,Siegle2019
11.3675431659933,brain observatory 1.1gray,VISp,RS,siegle_survey_2019,Siegle2019
9.30179863700587,brain observatory 1.1gray,VISp,FS,siegle_survey_2019,Siegle2019
3.53485768100441,brain observatory 1.1gray,VISp,RS,siegle_survey_2019,Siegle2019
2.65695874373161,brain observatory 1.1gray,VISp,RS,siegle_survey_2019,Siegle2019
2.3784528739761,brain observatory 1.1gray,VISp,RS,siegle_survey_2019,Siegle2019
2.80842684833549,brain observatory 1.1gray,VISp,RS,siegle_survey_2019,Siegle2019
11.7441952690265,brain observatory 1.1gray,VISp,RS,siegle_survey_2019,Siegle2019
11.4974488405589,brain observatory 1.1gray,VISp,RS,siegle_survey_2019,Siegle2019
1.35705224713821,brain observatory 1.1gray,VISp,RS,siegle_survey_2019,Siegle2019
16.7752519131797,brain observatory 1.1gray,VISp,FS,siegle_survey_2019,Siegle2019
2.13468057378965,brain observatory 1.1gray,VISp,RS,siegle_survey_2019,Siegle2019
10.0057110698319,brain observatory 1.1gray,VISp,RS,siegle_survey_2019,Siegle2019
16.7154506909553,brain observatory 1.1gray,VISp,FS,siegle_survey_2019,Siegle2019
0.921130016216541,brain observatory 1.1gray,VISp,RS,siegle_survey_2019,Siegle2019
2.20913999968538,brain observatory 1.1gray,VISp,RS,siegle_survey_2019,Siegle2019
34.6445581583509,brain observatory 1.1gray,VISp,FS,siegle_survey_2019,Siegle2019
2.01242265766128,brain observatory 1.1gray,VISp,RS,siegle_survey_2019,Siegle2019
0.931433246333354,brain observatory 1.1gray,VISp,RS,siegle_survey_2019,Siegle2019
1.45806638982985,brain observatory 1.1gray,VISp,RS,siegle_survey_2019,Siegle2019
0.918686982271317,brain observatory 1.1gray,VISp,RS,siegle_survey_2019,Siegle2019
11.0788402849882,brain observatory 1.1gray,VISp,RS,siegle_survey_2019,Siegle2019
0.849963375203501,brain observatory 1.1gray,VISp,RS,siegle_survey_2019,Siegle2019
1.23840577249408,brain observatory 1.1gray,VISp,RS,siegle_survey_2019,Siegle2019
1.20165404444854,brain observatory 1.1gray,VISp,RS,siegle_survey_2019,Siegle2019
8.79853364428977,brain observatory 1.1gray,VISp,FS,siegle_survey_2019,Siegle2019
0.816079556571919,brain observatory 1.1gray,VISp,RS,siegle_survey_2019,Siegle2019
1.04466255875112,brain observatory 1.1gray,VISp,RS,siegle_survey_2019,Siegle2019
0.892132265475406,brain observatory 1.1gray,VISp,RS,siegle_survey_2019,Siegle2019
0.579530139353949,brain observatory 1.1gray,VISp,RS,siegle_survey_2019,Siegle2019
2.92101884755015,brain observatory 1.1gray,VISp,RS,siegle_survey_2019,Siegle2019
10.4848643796973,brain observatory 1.1gray,VISp,FS,siegle_survey_2019,Siegle2019
1.09118642257755,brain observatory 1.1gray,VISp,RS,siegle_survey_2019,Siegle2019
1.44107137108047,brain observatory 1.1gray,VISp,RS,siegle_survey_2019,Siegle2019
4.92983006372718,brain observatory 1.1gray,VISp,RS,siegle_survey_2019,Siegle2019
1.06760583406278,brain observatory 1.1gray,VISp,RS,siegle_survey_2019,Siegle2019
1.01959490609578,brain observatory 1.1gray,VISp,RS,siegle_survey_2019,Siegle2019
2.4096812209281,brain observatory 1.1gray,VISp,RS,siegle_survey_2019,Siegle2019
0.359444646549443,brain observatory 1.1gray,VISp,RS,siegle_survey_2019,Siegle2019
0.831162635711996,brain observatory 1.1gray,VISp,RS,siegle_survey_2019,Siegle2019
0.661424885952537,brain observatory 1.1gray,VISp,RS,siegle_survey_2019,Siegle2019
20.2320387268041,brain observatory 1.1gray,VISp,FS,siegle_survey_2019,Siegle2019
0.776035043643686,brain observatory 1.1gray,VISp,RS,siegle_survey_2019,Siegle2019
0.168356904486072,brain observatory 1.1gray,VISp,RS,siegle_survey_2019,Siegle2019
0.996757849651293,brain observatory 1.1gray,VISp,RS,siegle_survey_2019,Siegle2019
1.19655553882372,brain observatory 1.1gray,VISp,RS,siegle_survey_2019,Siegle2019
0.978381985628523,brain observatory 1.1gray,VISp,RS,siegle_survey_2019,Siegle2019
0.634339074820708,brain observatory 1.1gray,VISp,RS,siegle_survey_2019,Siegle2019
0.980187706370645,brain observatory 1.1gray,VISp,RS,siegle_survey_2019,Siegle2019
0.543840599980245,brain observatory 1.1gray,VISp,RS,siegle_survey_2019,Siegle2019
0.176004662923294,brain observatory 1.1gray,VISp,RS,siegle_survey_2019,Siegle2019
0.5110189700205,brain observatory 1.1gray,VISp,RS,siegle_survey_2019,Siegle2019
1.28737267026574,brain observatory 1.1gray,VISp,RS,siegle_survey_2019,Siegle2019
0.76010221356614,brain observatory 1.1gray,VISp,RS,siegle_survey_2019,Siegle2019
1.29885130721981,brain observatory 1.1gray,VISl,RS,siegle_survey_2019,Siegle2019
5.44087835375533,brain observatory 1.1gray,VISl,RS,siegle_survey_2019,Siegle2019
2.83945805893031,brain observatory 1.1gray,VISl,RS,siegle_survey_2019,Siegle2019
15.3367062230574,brain observatory 1.1gray,VISl,RS,siegle_survey_2019,Siegle2019
1.96208548797549,brain observatory 1.1gray,VISl,RS,siegle_survey_2019,Siegle2019
3.21844901936213,brain observatory 1.1gray,VISl,RS,siegle_survey_2019,Siegle2019
4.53726958122352,brain observatory 1.1gray,VISl,RS,siegle_survey_2019,Siegle2019
3.27124008083483,brain observatory 1.1gray,VISl,RS,siegle_survey_2019,Siegle2019
5.4546868809011,brain observatory 1.1gray,VISl,RS,siegle_survey_2019,Siegle2019
11.5162054201394,brain observatory 1.1gray,VISl,RS,siegle_survey_2019,Siegle2019
2.34861802861769,brain observatory 1.1gray,VISl,RS,siegle_survey_2019,Siegle2019
3.69399345037481,brain observatory 1.1gray,VISl,RS,siegle_survey_2019,Siegle2019
4.22519686772894,brain observatory 1.1gray,VISl,RS,siegle_survey_2019,Siegle2019
1.93414977536518,brain observatory 1.1gray,VISl,RS,siegle_survey_2019,Siegle2019
1.75113368096383,brain observatory 1.1gray,VISl,RS,siegle_survey_2019,Siegle2019
0.60693787777674,brain observatory 1.1gray,VISl,RS,siegle_survey_2019,Siegle2019
1.46402253577123,brain observatory 1.1gray,VISl,RS,siegle_survey_2019,Siegle2019
3.92725133969888,brain observatory 1.1gray,VISl,RS,siegle_survey_2019,Siegle2019
2.68257194666636,brain observatory 1.1gray,VISl,RS,siegle_survey_2019,Siegle2019
4.91158688631369,brain observatory 1.1gray,VISl,RS,siegle_survey_2019,Siegle2019
6.28617265395611,brain observatory 1.1gray,VISl,RS,siegle_survey_2019,Siegle2019
1.8538478790405,brain observatory 1.1gray,VISl,RS,siegle_survey_2019,Siegle2019
3.93840438085508,brain observatory 1.1gray,VISl,RS,siegle_survey_2019,Siegle2019
1.00026846255225,brain observatory 1.1gray,VISl,RS,siegle_survey_2019,Siegle2019
4.31824509680356,brain observatory 1.1gray,VISl,RS,siegle_survey_2019,Siegle2019
8.1549974739778,brain observatory 1.1gray,VISl,RS,siegle_survey_2019,Siegle2019
2.19714910777246,brain observatory 1.1gray,VISl,RS,siegle_survey_2019,Siegle2019
5.05190276600271,brain observatory 1.1gray,VISl,RS,siegle_survey_2019,Siegle2019
0.262468235209367,brain observatory 1.1gray,VISl,FS,siegle_survey_2019,Siegle2019
4.34777410100761,brain observatory 1.1gray,VISl,RS,siegle_survey_2019,Siegle2019
0.64273382891618,brain observatory 1.1gray,VISl,RS,siegle_survey_2019,Siegle2019
1.89314907168618,brain observatory 1.1gray,VISl,RS,siegle_survey_2019,Siegle2019
1.09374156938521,brain observatory 1.1gray,VISl,RS,siegle_survey_2019,Siegle2019
0.896173411761,brain observatory 1.1gray,VISl,RS,siegle_survey_2019,Siegle2019
2.67343707486223,brain observatory 1.1gray,VISl,RS,siegle_survey_2019,Siegle2019
0.361570972340221,brain observatory 1.1gray,VISl,RS,siegle_survey_2019,Siegle2019
0.784536780759363,brain observatory 1.1gray,VISl,RS,siegle_survey_2019,Siegle2019
1.01715735344593,brain observatory 1.1gray,VISl,RS,siegle_survey_2019,Siegle2019
1.69515603630364,brain observatory 1.1gray,VISl,RS,siegle_survey_2019,Siegle2019
0.816827490392567,brain observatory 1.1gray,VISl,RS,siegle_survey_2019,Siegle2019
2.18180362528177,brain observatory 1.1gray,VISal,RS,siegle_survey_2019,Siegle2019
3.14501634693017,brain observatory 1.1gray,VISal,RS,siegle_survey_2019,Siegle2019
2.70551554620538,brain observatory 1.1gray,VISal,RS,siegle_survey_2019,Siegle2019
1.16490219727454,brain observatory 1.1gray,VISal,RS,siegle_survey_2019,Siegle2019
1.24373346755193,brain observatory 1.1gray,VISal,RS,siegle_survey_2019,Siegle2019
0.333111523706969,brain observatory 1.1gray,VISal,RS,siegle_survey_2019,Siegle2019
2.27007708113556,brain observatory 1.1gray,VISal,RS,siegle_survey_2019,Siegle2019
3.14391841837477,brain observatory 1.1gray,VISal,RS,siegle_survey_2019,Siegle2019
5.21340395243959,brain observatory 1.1gray,VISal,RS,siegle_survey_2019,Siegle2019
3.71044955295881,brain observatory 1.1gray,VISal,RS,siegle_survey_2019,Siegle2019
1.5190939492451,brain observatory 1.1gray,VISal,RS,siegle_survey_2019,Siegle2019
15.9800207452137,brain observatory 1.1gray,VISal,FS,siegle_survey_2019,Siegle2019
4.94364290637894,brain observatory 1.1gray,VISal,RS,siegle_survey_2019,Siegle2019
1.37702199417693,brain observatory 1.1gray,VISal,RS,siegle_survey_2019,Siegle2019
0.563786313195546,brain observatory 1.1gray,VISal,RS,siegle_survey_2019,Siegle2019
23.3632609016812,brain observatory 1.1gray,VISal,FS,siegle_survey_2019,Siegle2019
10.6323401304492,brain observatory 1.1gray,VISal,RS,siegle_survey_2019,Siegle2019
0.534800999333107,brain observatory 1.1gray,VISal,RS,siegle_survey_2019,Siegle2019
3.93651304251473,brain observatory 1.1gray,VISal,RS,siegle_survey_2019,Siegle2019
0.515148078191529,brain observatory 1.1gray,VISal,RS,siegle_survey_2019,Siegle2019
2.40907483624862,brain observatory 1.1gray,VISal,RS,siegle_survey_2019,Siegle2019
3.62536008991566,brain observatory 1.1gray,VISal,RS,siegle_survey_2019,Siegle2019
14.776032291367,brain observatory 1.1gray,VISal,FS,siegle_survey_2019,Siegle2019
2.6444707185254,brain observatory 1.1gray,VISal,RS,siegle_survey_2019,Siegle2019
0.542157120654256,brain observatory 1.1gray,VISal,RS,siegle_survey_2019,Siegle2019
23.3635902802478,brain observatory 1.1gray,VISal,FS,siegle_survey_2019,Siegle2019
4.72789994524374,brain observatory 1.1gray,VISal,RS,siegle_survey_2019,Siegle2019
0.0588489705691943,brain observatory 1.1gray,VISal,RS,siegle_survey_2019,Siegle2019
2.87953722223556,brain observatory 1.1gray,VISal,RS,siegle_survey_2019,Siegle2019
12.002006003305,brain observatory 1.1gray,VISal,RS,siegle_survey_2019,Siegle2019
15.2031264994159,brain observatory 1.1gray,VISal,RS,siegle_survey_2019,Siegle2019
4.83461860082818,brain observatory 1.1gray,VISal,RS,siegle_survey_2019,Siegle2019
7.42144807019532,brain observatory 1.1gray,VISal,RS,siegle_survey_2019,Siegle2019
7.66376090237108,brain observatory 1.1gray,VISal,RS,siegle_survey_2019,Siegle2019
1.13646584768979,brain observatory 1.1gray,VISal,RS,siegle_survey_2019,Siegle2019
14.0269156380208,brain observatory 1.1gray,VISal,RS,siegle_survey_2019,Siegle2019
10.3666414200435,brain observatory 1.1gray,VISal,RS,siegle_survey_2019,Siegle2019
1.78611017391726,brain observatory 1.1gray,VISal,RS,siegle_survey_2019,Siegle2019
3.98185749185256,brain observatory 1.1gray,VISal,RS,siegle_survey_2019,Siegle2019
3.49712203464548,brain observatory 1.1gray,VISal,RS,siegle_survey_2019,Siegle2019
10.7277501219131,brain observatory 1.1gray,VISal,RS,siegle_survey_2019,Siegle2019
5.54849174754628,brain observatory 1.1gray,VISal,RS,siegle_survey_2019,Siegle2019
1.75009811730029,brain observatory 1.1gray,VISal,FS,siegle_survey_2019,Siegle2019
7.19999588057206,brain observatory 1.1gray,VISal,RS,siegle_survey_2019,Siegle2019
16.3673699395572,brain observatory 1.1gray,VISal,RS,siegle_survey_2019,Siegle2019
4.64511613216693,brain observatory 1.1gray,VISal,RS,siegle_survey_2019,Siegle2019
0.472219071675568,brain observatory 1.1gray,VISal,RS,siegle_survey_2019,Siegle2019
4.2726987661768,brain observatory 1.1gray,VISal,RS,siegle_survey_2019,Siegle2019
5.1498338890822,brain observatory 1.1gray,VISal,RS,siegle_survey_2019,Siegle2019
3.91378592141804,brain observatory 1.1gray,VISal,RS,siegle_survey_2019,Siegle2019
1.06663759156665,brain observatory 1.1gray,VISal,RS,siegle_survey_2019,Siegle2019
3.45594971381815,brain observatory 1.1gray,VISal,RS,siegle_survey_2019,Siegle2019
3.45660847095139,brain observatory 1.1gray,VISal,RS,siegle_survey_2019,Siegle2019
2.09034617661733,brain observatory 1.1gray,VISal,RS,siegle_survey_2019,Siegle2019
4.14984056082805,brain observatory 1.1gray,VISal,RS,siegle_survey_2019,Siegle2019
8.43955721961348,brain observatory 1.1gray,VISal,RS,siegle_survey_2019,Siegle2019
3.1578621110283,brain observatory 1.1gray,VISal,RS,siegle_survey_2019,Siegle2019
2.10483883354855,brain observatory 1.1gray,VISal,RS,siegle_survey_2019,Siegle2019
4.57737394029903,brain observatory 1.1gray,VISal,RS,siegle_survey_2019,Siegle2019
5.75171832314997,brain observatory 1.1gray,VISal,RS,siegle_survey_2019,Siegle2019
3.56706008362417,brain observatory 1.1gray,VISal,RS,siegle_survey_2019,Siegle2019
1.64502635454895,brain observatory 1.1gray,VISal,RS,siegle_survey_2019,Siegle2019
8.83481149955583,brain observatory 1.1gray,VISal,RS,siegle_survey_2019,Siegle2019
4.8774378144886,brain observatory 1.1gray,VISal,RS,siegle_survey_2019,Siegle2019
8.89783259863553,brain observatory 1.1gray,VISal,FS,siegle_survey_2019,Siegle2019
0.219585711079083,brain observatory 1.1gray,VISal,RS,siegle_survey_2019,Siegle2019
1.68246571828794,brain observatory 1.1gray,VISal,RS,siegle_survey_2019,Siegle2019
2.10879137634798,brain observatory 1.1gray,VISal,RS,siegle_survey_2019,Siegle2019
2.42730045026819,brain observatory 1.1gray,VISal,RS,siegle_survey_2019,Siegle2019
6.64663988865277,brain observatory 1.1gray,VISal,FS,siegle_survey_2019,Siegle2019
5.9508825630987,brain observatory 1.1gray,VISal,RS,siegle_survey_2019,Siegle2019
8.50279790440426,brain observatory 1.1gray,VISal,FS,siegle_survey_2019,Siegle2019
0.772722117287294,brain observatory 1.1gray,VISal,RS,siegle_survey_2019,Siegle2019
0.285461424402808,brain observatory 1.1gray,VISal,RS,siegle_survey_2019,Siegle2019
0.464094400365642,brain observatory 1.1gray,VISal,RS,siegle_survey_2019,Siegle2019
1.42039017211505,brain observatory 1.1gray,VISal,RS,siegle_survey_2019,Siegle2019
0.93894850057416,brain observatory 1.1gray,VISal,RS,siegle_survey_2019,Siegle2019
6.58142293246228,brain observatory 1.1gray,VISal,RS,siegle_survey_2019,Siegle2019
0.987806321289256,brain observatory 1.1gray,VISal,RS,siegle_survey_2019,Siegle2019
0.450150707712121,brain observatory 1.1gray,VISal,RS,siegle_survey_2019,Siegle2019
3.54532109822734,brain observatory 1.1gray,VISal,RS,siegle_survey_2019,Siegle2019
5.33055292930028,brain observatory 1.1gray,VISal,FS,siegle_survey_2019,Siegle2019
1.15359353315396,brain observatory 1.1gray,VISal,RS,siegle_survey_2019,Siegle2019
2.2701868739911,brain observatory 1.1gray,VISal,RS,siegle_survey_2019,Siegle2019
0.325865195241359,brain observatory 1.1gray,VISal,RS,siegle_survey_2019,Siegle2019
3.32347569865378,brain observatory 1.1gray,VISrl,RS,siegle_survey_2019,Siegle2019
3.64988564534313,brain observatory 1.1gray,VISrl,RS,siegle_survey_2019,Siegle2019
0.636037344866848,brain observatory 1.1gray,VISrl,RS,siegle_survey_2019,Siegle2019
7.50997802173026,brain observatory 1.1gray,VISrl,RS,siegle_survey_2019,Siegle2019
1.6775113205548,brain observatory 1.1gray,VISrl,RS,siegle_survey_2019,Siegle2019
10.7660048703522,brain observatory 1.1gray,VISrl,RS,siegle_survey_2019,Siegle2019
1.46921652541721,brain observatory 1.1gray,VISrl,RS,siegle_survey_2019,Siegle2019
2.89573314892452,brain observatory 1.1gray,VISrl,RS,siegle_survey_2019,Siegle2019
8.24692309499114,brain observatory 1.1gray,VISrl,RS,siegle_survey_2019,Siegle2019
5.09116666279441,brain observatory 1.1gray,VISrl,FS,siegle_survey_2019,Siegle2019
4.59703744964802,brain observatory 1.1gray,VISrl,RS,siegle_survey_2019,Siegle2019
0.785062126905624,brain observatory 1.1gray,VISrl,RS,siegle_survey_2019,Siegle2019
44.0207309652459,brain observatory 1.1gray,VISrl,FS,siegle_survey_2019,Siegle2019
6.4489598123323,brain observatory 1.1gray,VISrl,RS,siegle_survey_2019,Siegle2019
12.1252850811507,brain observatory 1.1gray,VISrl,RS,siegle_survey_2019,Siegle2019
2.42401607334775,brain observatory 1.1gray,VISrl,RS,siegle_survey_2019,Siegle2019
0.982628837235006,brain observatory 1.1gray,VISrl,RS,siegle_survey_2019,Siegle2019
10.652563339905,brain observatory 1.1gray,VISrl,RS,siegle_survey_2019,Siegle2019
5.07767689278805,brain observatory 1.1gray,VISrl,RS,siegle_survey_2019,Siegle2019
9.61353239343084,brain observatory 1.1gray,VISrl,RS,siegle_survey_2019,Siegle2019
14.0017439546339,brain observatory 1.1gray,VISrl,RS,siegle_survey_2019,Siegle2019
20.8762157248047,brain observatory 1.1gray,VISrl,RS,siegle_survey_2019,Siegle2019
2.91941991043175,brain observatory 1.1gray,VISrl,RS,siegle_survey_2019,Siegle2019
24.6744888402178,brain observatory 1.1gray,VISrl,RS,siegle_survey_2019,Siegle2019
4.7424507971969,brain observatory 1.1gray,VISrl,RS,siegle_survey_2019,Siegle2019
9.77827753736679,brain observatory 1.1gray,VISrl,RS,siegle_survey_2019,Siegle2019
8.36418849725116,brain observatory 1.1gray,VISrl,RS,siegle_survey_2019,Siegle2019
3.57393930239393,brain observatory 1.1gray,VISrl,RS,siegle_survey_2019,Siegle2019
5.20598903584068,brain observatory 1.1gray,VISrl,RS,siegle_survey_2019,Siegle2019
9.32876016203671,brain observatory 1.1gray,VISrl,RS,siegle_survey_2019,Siegle2019
15.7316210752922,brain observatory 1.1gray,VISrl,RS,siegle_survey_2019,Siegle2019
7.51921904527792,brain observatory 1.1gray,VISrl,RS,siegle_survey_2019,Siegle2019
15.3894907667056,brain observatory 1.1gray,VISrl,RS,siegle_survey_2019,Siegle2019
2.07423802113557,brain observatory 1.1gray,VISrl,RS,siegle_survey_2019,Siegle2019
2.10748446217487,brain observatory 1.1gray,VISrl,RS,siegle_survey_2019,Siegle2019
4.37461557253526,brain observatory 1.1gray,VISrl,RS,siegle_survey_2019,Siegle2019
6.44396753524333,brain observatory 1.1gray,VISrl,RS,siegle_survey_2019,Siegle2019
5.85296690283867,brain observatory 1.1gray,VISrl,RS,siegle_survey_2019,Siegle2019
3.56406096687746,brain observatory 1.1gray,VISrl,RS,siegle_survey_2019,Siegle2019
2.09367603618411,brain observatory 1.1gray,VISrl,RS,siegle_survey_2019,Siegle2019
2.27562860327778,brain observatory 1.1gray,VISrl,RS,siegle_survey_2019,Siegle2019
1.33113226550958,brain observatory 1.1gray,VISrl,RS,siegle_survey_2019,Siegle2019
5.60112245649944,brain observatory 1.1gray,VISrl,RS,siegle_survey_2019,Siegle2019
1.97970341242958,brain observatory 1.1gray,VISrl,RS,siegle_survey_2019,Siegle2019
1.53560318883434,brain observatory 1.1gray,VISrl,RS,siegle_survey_2019,Siegle2019
0.335438532914079,brain observatory 1.1gray,VISrl,RS,siegle_survey_2019,Siegle2019
10.4501105711482,brain observatory 1.1gray,VISrl,RS,siegle_survey_2019,Siegle2019
3.76810701555635,brain observatory 1.1gray,VISrl,RS,siegle_survey_2019,Siegle2019
8.94233667161827,brain observatory 1.1gray,VISrl,RS,siegle_survey_2019,Siegle2019
2.72291538671704,brain observatory 1.1gray,VISrl,RS,siegle_survey_2019,Siegle2019
2.48296743046217,brain observatory 1.1gray,VISrl,RS,siegle_survey_2019,Siegle2019
3.39697901238922,brain observatory 1.1gray,VISrl,FS,siegle_survey_2019,Siegle2019
1.15332222621313,brain observatory 1.1gray,VISrl,RS,siegle_survey_2019,Siegle2019
2.98506304321861,brain observatory 1.1gray,VISrl,RS,siegle_survey_2019,Siegle2019
3.4938504316475,brain observatory 1.1gray,VISrl,FS,siegle_survey_2019,Siegle2019
0.535660709780146,brain observatory 1.1gray,VISrl,RS,siegle_survey_2019,Siegle2019
0.0796639961005571,brain observatory 1.1gray,VISrl,RS,siegle_survey_2019,Siegle2019
0.487862312119812,brain observatory 1.1gray,VISrl,RS,siegle_survey_2019,Siegle2019
12.3386783720387,brain observatory 1.1gray,VISrl,FS,siegle_survey_2019,Siegle2019
0.266608840283198,brain observatory 1.1gray,VISrl,RS,siegle_survey_2019,Siegle2019
13.0407837243383,brain observatory 1.1gray,VISrl,FS,siegle_survey_2019,Siegle2019
0.219341535930201,brain observatory 1.1gray,VISrl,RS,siegle_survey_2019,Siegle2019
0.321205232277447,brain observatory 1.1gray,VISrl,RS,siegle_survey_2019,Siegle2019
0.556160911443356,brain observatory 1.1gray,VISrl,RS,siegle_survey_2019,Siegle2019
3.23201650417316,brain observatory 1.1gray,VISam,RS,siegle_survey_2019,Siegle2019
5.50078852857981,brain observatory 1.1gray,VISam,FS,siegle_survey_2019,Siegle2019
3.05730739958905,brain observatory 1.1gray,VISam,RS,siegle_survey_2019,Siegle2019
3.17697396247221,brain observatory 1.1gray,VISam,RS,siegle_survey_2019,Siegle2019
13.0149109158208,brain observatory 1.1gray,VISam,FS,siegle_survey_2019,Siegle2019
0.211709924283072,brain observatory 1.1gray,VISam,RS,siegle_survey_2019,Siegle2019
5.77477806949117,brain observatory 1.1gray,VISam,RS,siegle_survey_2019,Siegle2019
1.05100675458967,brain observatory 1.1gray,VISam,RS,siegle_survey_2019,Siegle2019
6.57381229984986,brain observatory 1.1gray,VISam,RS,siegle_survey_2019,Siegle2019
3.30724131116444,brain observatory 1.1gray,VISam,RS,siegle_survey_2019,Siegle2019
8.2193804354425,brain observatory 1.1gray,VISam,RS,siegle_survey_2019,Siegle2019
4.60777425479839,brain observatory 1.1gray,VISam,RS,siegle_survey_2019,Siegle2019
3.03845023252484,brain observatory 1.1gray,VISam,RS,siegle_survey_2019,Siegle2019
15.473885500994,brain observatory 1.1gray,VISam,FS,siegle_survey_2019,Siegle2019
12.4586754527429,brain observatory 1.1gray,VISam,RS,siegle_survey_2019,Siegle2019
6.21389523550536,brain observatory 1.1gray,VISam,RS,siegle_survey_2019,Siegle2019
8.3353774955456,brain observatory 1.1gray,VISam,RS,siegle_survey_2019,Siegle2019
7.02454955800092,brain observatory 1.1gray,VISam,RS,siegle_survey_2019,Siegle2019
12.5173874972239,brain observatory 1.1gray,VISam,FS,siegle_survey_2019,Siegle2019
7.75753273831847,brain observatory 1.1gray,VISam,RS,siegle_survey_2019,Siegle2019
11.6771732912223,brain observatory 1.1gray,VISam,FS,siegle_survey_2019,Siegle2019
4.79705943986997,brain observatory 1.1gray,VISam,FS,siegle_survey_2019,Siegle2019
2.01628984701177,brain observatory 1.1gray,VISam,RS,siegle_survey_2019,Siegle2019
6.29951696704016,brain observatory 1.1gray,VISam,RS,siegle_survey_2019,Siegle2019
12.2686767532419,brain observatory 1.1gray,VISam,RS,siegle_survey_2019,Siegle2019
5.5401337528327,brain observatory 1.1gray,VISam,RS,siegle_survey_2019,Siegle2019
3.64779155528083,brain observatory 1.1gray,VISam,RS,siegle_survey_2019,Siegle2019
5.5744843760794,brain observatory 1.1gray,VISam,RS,siegle_survey_2019,Siegle2019
5.40252739858034,brain observatory 1.1gray,VISam,RS,siegle_survey_2019,Siegle2019
2.00823732702219,brain observatory 1.1gray,VISam,RS,siegle_survey_2019,Siegle2019
7.22535290457658,brain observatory 1.1gray,VISam,RS,siegle_survey_2019,Siegle2019
2.05390225050741,brain observatory 1.1gray,VISam,RS,siegle_survey_2019,Siegle2019
1.93229900560144,brain observatory 1.1gray,VISam,RS,siegle_survey_2019,Siegle2019
4.34509901412556,brain observatory 1.1gray,VISam,RS,siegle_survey_2019,Siegle2019
0.665403170784734,brain observatory 1.1gray,VISam,RS,siegle_survey_2019,Siegle2019
0.208448144034127,brain observatory 1.1gray,VISam,RS,siegle_survey_2019,Siegle2019
1.21450348956803,brain observatory 1.1gray,VISam,RS,siegle_survey_2019,Siegle2019
2.65080803606431,brain observatory 1.1gray,VISam,FS,siegle_survey_2019,Siegle2019
9.38893251595476,brain observatory 1.1gray,VISam,FS,siegle_survey_2019,Siegle2019
9.39037552950123,brain observatory 1.1gray,LP,RS,siegle_survey_2019,Siegle2019
9.85660703747343,brain observatory 1.1gray,LP,FS,siegle_survey_2019,Siegle2019
11.2709989055587,brain observatory 1.1gray,LP,FS,siegle_survey_2019,Siegle2019
7.16502216656966,brain observatory 1.1gray,LP,FS,siegle_survey_2019,Siegle2019
15.1326475018698,brain observatory 1.1gray,LP,RS,siegle_survey_2019,Siegle2019
4.65660695456971,brain observatory 1.1gray,LP,FS,siegle_survey_2019,Siegle2019
7.10478106005205,brain observatory 1.1gray,LP,FS,siegle_survey_2019,Siegle2019
5.99934146583288,brain observatory 1.1gray,LP,FS,siegle_survey_2019,Siegle2019
4.03228076604113,brain observatory 1.1gray,LP,RS,siegle_survey_2019,Siegle2019
3.06516127595801,brain observatory 1.1gray,LP,FS,siegle_survey_2019,Siegle2019
4.85068320974659,brain observatory 1.1gray,LP,FS,siegle_survey_2019,Siegle2019
9.74111943394643,brain observatory 1.1gray,LP,FS,siegle_survey_2019,Siegle2019
3.39378619543819,brain observatory 1.1gray,LP,FS,siegle_survey_2019,Siegle2019
1.18219349135582,brain observatory 1.1gray,LP,FS,siegle_survey_2019,Siegle2019
9.20985607156097,brain observatory 1.1gray,LP,FS,siegle_survey_2019,Siegle2019
5.06015101667332,brain observatory 1.1gray,LP,FS,siegle_survey_2019,Siegle2019
4.86576896907757,brain observatory 1.1gray,LP,FS,siegle_survey_2019,Siegle2019
6.17415279862088,brain observatory 1.1gray,LP,RS,siegle_survey_2019,Siegle2019
3.65065182728995,brain observatory 1.1gray,LP,FS,siegle_survey_2019,Siegle2019
2.58751351768129,brain observatory 1.1gray,LP,FS,siegle_survey_2019,Siegle2019
3.25740277662166,brain observatory 1.1gray,LP,FS,siegle_survey_2019,Siegle2019
9.79805008355482,brain observatory 1.1gray,LP,FS,siegle_survey_2019,Siegle2019
3.07238310136291,brain observatory 1.1gray,LP,FS,siegle_survey_2019,Siegle2019
13.5621322004392,brain observatory 1.1gray,LP,FS,siegle_survey_2019,Siegle2019
14.9729494821711,brain observatory 1.1gray,LP,FS,siegle_survey_2019,Siegle2019
12.2739370695579,brain observatory 1.1gray,LP,FS,siegle_survey_2019,Siegle2019
3.89414517963202,brain observatory 1.1gray,LP,FS,siegle_survey_2019,Siegle2019
9.54220503065783,brain observatory 1.1gray,LP,FS,siegle_survey_2019,Siegle2019
14.8884492635052,brain observatory 1.1gray,LP,FS,siegle_survey_2019,Siegle2019
9.20797557709241,brain observatory 1.1gray,LP,FS,siegle_survey_2019,Siegle2019
7.75179931187874,brain observatory 1.1gray,LP,FS,siegle_survey_2019,Siegle2019
12.1150277319219,brain observatory 1.1gray,LP,FS,siegle_survey_2019,Siegle2019
9.58817559593932,brain observatory 1.1gray,LP,FS,siegle_survey_2019,Siegle2019
8.80433158925494,brain observatory 1.1gray,LP,FS,siegle_survey_2019,Siegle2019
3.52760382097961,brain observatory 1.1gray,VISp,RS,siegle_survey_2019,Siegle2019
21.9285712210705,brain observatory 1.1gray,VISp,FS,siegle_survey_2019,Siegle2019
6.30184079496256,brain observatory 1.1gray,VISp,RS,siegle_survey_2019,Siegle2019
3.42129051812242,brain observatory 1.1gray,VISp,RS,siegle_survey_2019,Siegle2019
3.99434266449168,brain observatory 1.1gray,VISp,FS,siegle_survey_2019,Siegle2019
9.56197950884987,brain observatory 1.1gray,VISp,RS,siegle_survey_2019,Siegle2019
5.26643280797947,brain observatory 1.1gray,VISp,RS,siegle_survey_2019,Siegle2019
11.0839008175371,brain observatory 1.1gray,VISp,FS,siegle_survey_2019,Siegle2019
6.79446993466421,brain observatory 1.1gray,VISp,RS,siegle_survey_2019,Siegle2019
3.61088087604608,brain observatory 1.1gray,VISp,RS,siegle_survey_2019,Siegle2019
2.34133899005726,brain observatory 1.1gray,VISp,RS,siegle_survey_2019,Siegle2019
6.42813243661171,brain observatory 1.1gray,VISp,RS,siegle_survey_2019,Siegle2019
1.65004769573561,brain observatory 1.1gray,VISp,RS,siegle_survey_2019,Siegle2019
2.74284244159559,brain observatory 1.1gray,VISp,RS,siegle_survey_2019,Siegle2019
12.3175632379403,brain observatory 1.1gray,VISp,FS,siegle_survey_2019,Siegle2019
3.49060312209451,brain observatory 1.1gray,VISp,RS,siegle_survey_2019,Siegle2019
2.85496577155045,brain observatory 1.1gray,VISp,RS,siegle_survey_2019,Siegle2019
3.76663037438337,brain observatory 1.1gray,VISp,RS,siegle_survey_2019,Siegle2019
5.0249599273767,brain observatory 1.1gray,VISp,RS,siegle_survey_2019,Siegle2019
17.5377196897384,brain observatory 1.1gray,VISp,RS,siegle_survey_2019,Siegle2019
24.4435994422578,brain observatory 1.1gray,VISp,RS,siegle_survey_2019,Siegle2019
13.5439886070465,brain observatory 1.1gray,VISp,FS,siegle_survey_2019,Siegle2019
11.7269790799781,brain observatory 1.1gray,VISp,RS,siegle_survey_2019,Siegle2019
2.5602852743691,brain observatory 1.1gray,VISp,RS,siegle_survey_2019,Siegle2019
13.8853531816091,brain observatory 1.1gray,VISp,FS,siegle_survey_2019,Siegle2019
7.29902491946105,brain observatory 1.1gray,VISp,RS,siegle_survey_2019,Siegle2019
7.83405706394562,brain observatory 1.1gray,VISp,RS,siegle_survey_2019,Siegle2019
20.2921821855294,brain observatory 1.1gray,VISp,RS,siegle_survey_2019,Siegle2019
10.0670441451465,brain observatory 1.1gray,VISp,RS,siegle_survey_2019,Siegle2019
12.7846078723523,brain observatory 1.1gray,VISp,FS,siegle_survey_2019,Siegle2019
11.4808174055772,brain observatory 1.1gray,VISp,RS,siegle_survey_2019,Siegle2019
8.13566882152417,brain observatory 1.1gray,VISp,RS,siegle_survey_2019,Siegle2019
7.08660217434658,brain observatory 1.1gray,VISp,FS,siegle_survey_2019,Siegle2019
12.74047205247,brain observatory 1.1gray,VISp,RS,siegle_survey_2019,Siegle2019
6.82372393075243,brain observatory 1.1gray,VISp,RS,siegle_survey_2019,Siegle2019
3.85204796574897,brain observatory 1.1gray,VISp,FS,siegle_survey_2019,Siegle2019
13.3304446286325,brain observatory 1.1gray,VISp,FS,siegle_survey_2019,Siegle2019
10.1737651692035,brain observatory 1.1gray,VISp,FS,siegle_survey_2019,Siegle2019
1.83178942056243,brain observatory 1.1gray,VISp,RS,siegle_survey_2019,Siegle2019
2.46936344680571,brain observatory 1.1gray,VISp,RS,siegle_survey_2019,Siegle2019
1.5589220075723,brain observatory 1.1gray,VISp,RS,siegle_survey_2019,Siegle2019
7.68187512610689,brain observatory 1.1gray,LP,FS,siegle_survey_2019,Siegle2019
4.04491687386464,brain observatory 1.1gray,VISl,FS,siegle_survey_2019,Siegle2019
1.2127717401719,brain observatory 1.1gray,VISl,FS,siegle_survey_2019,Siegle2019
8.62282949738124,brain observatory 1.1gray,VISl,RS,siegle_survey_2019,Siegle2019
1.74372887536735,brain observatory 1.1gray,VISl,RS,siegle_survey_2019,Siegle2019
16.7194926035398,brain observatory 1.1gray,VISl,FS,siegle_survey_2019,Siegle2019
1.9004983270722,brain observatory 1.1gray,VISl,RS,siegle_survey_2019,Siegle2019
30.4813633535893,brain observatory 1.1gray,VISl,FS,siegle_survey_2019,Siegle2019
11.2272613962829,brain observatory 1.1gray,VISl,FS,siegle_survey_2019,Siegle2019
15.5966237608996,brain observatory 1.1gray,VISl,RS,siegle_survey_2019,Siegle2019
12.5283051424213,brain observatory 1.1gray,VISl,RS,siegle_survey_2019,Siegle2019
10.5118096527742,brain observatory 1.1gray,VISl,RS,siegle_survey_2019,Siegle2019
10.4246588847588,brain observatory 1.1gray,VISl,RS,siegle_survey_2019,Siegle2019
14.2289173220336,brain observatory 1.1gray,VISl,RS,siegle_survey_2019,Siegle2019
15.0889068305082,brain observatory 1.1gray,VISl,FS,siegle_survey_2019,Siegle2019
12.9339894192648,brain observatory 1.1gray,VISl,RS,siegle_survey_2019,Siegle2019
10.234660017413,brain observatory 1.1gray,VISl,RS,siegle_survey_2019,Siegle2019
15.4940814537376,brain observatory 1.1gray,VISl,RS,siegle_survey_2019,Siegle2019
3.71139954878123,brain observatory 1.1gray,VISl,RS,siegle_survey_2019,Siegle2019
7.60923038960939,brain observatory 1.1gray,VISl,FS,siegle_survey_2019,Siegle2019
12.2213917359952,brain observatory 1.1gray,VISl,RS,siegle_survey_2019,Siegle2019
13.6822628555232,brain observatory 1.1gray,VISl,RS,siegle_survey_2019,Siegle2019
8.27687662411317,brain observatory 1.1gray,VISl,RS,siegle_survey_2019,Siegle2019
7.7955597509335,brain observatory 1.1gray,VISl,RS,siegle_survey_2019,Siegle2019
2.2893640346496,brain observatory 1.1gray,VISl,RS,siegle_survey_2019,Siegle2019
1.2910545353015,brain observatory 1.1gray,VISl,RS,siegle_survey_2019,Siegle2019
9.10689850007718,brain observatory 1.1gray,VISl,FS,siegle_survey_2019,Siegle2019
0.748477297704007,brain observatory 1.1gray,VISl,RS,siegle_survey_2019,Siegle2019
18.5395730636509,brain observatory 1.1gray,LP,RS,siegle_survey_2019,Siegle2019
3.11737109673612,brain observatory 1.1gray,LP,RS,siegle_survey_2019,Siegle2019
11.2661200954466,brain observatory 1.1gray,LP,FS,siegle_survey_2019,Siegle2019
5.85939411387317,brain observatory 1.1gray,VISal,RS,siegle_survey_2019,Siegle2019
1.27418078836393,brain observatory 1.1gray,VISal,RS,siegle_survey_2019,Siegle2019
1.54598812983377,brain observatory 1.1gray,VISal,RS,siegle_survey_2019,Siegle2019
17.981815727547,brain observatory 1.1gray,VISal,FS,siegle_survey_2019,Siegle2019
4.43150229951282,brain observatory 1.1gray,VISal,FS,siegle_survey_2019,Siegle2019
4.51181605251834,brain observatory 1.1gray,VISal,RS,siegle_survey_2019,Siegle2019
1.10477864352838,brain observatory 1.1gray,VISal,RS,siegle_survey_2019,Siegle2019
1.38814786203757,brain observatory 1.1gray,VISal,RS,siegle_survey_2019,Siegle2019
10.8938689471974,brain observatory 1.1gray,VISal,RS,siegle_survey_2019,Siegle2019
8.42324034735017,brain observatory 1.1gray,VISal,RS,siegle_survey_2019,Siegle2019
12.5769479047835,brain observatory 1.1gray,VISal,RS,siegle_survey_2019,Siegle2019
8.97624905538432,brain observatory 1.1gray,VISal,RS,siegle_survey_2019,Siegle2019
3.09042779399262,brain observatory 1.1gray,VISal,RS,siegle_survey_2019,Siegle2019
7.54918308938392,brain observatory 1.1gray,VISal,RS,siegle_survey_2019,Siegle2019
8.97046811686464,brain observatory 1.1gray,VISal,FS,siegle_survey_2019,Siegle2019
6.7625625265278,brain observatory 1.1gray,VISal,RS,siegle_survey_2019,Siegle2019
14.9420743766466,brain observatory 1.1gray,VISal,RS,siegle_survey_2019,Siegle2019
2.99493907737295,brain observatory 1.1gray,VISal,RS,siegle_survey_2019,Siegle2019
3.40910202988985,brain observatory 1.1gray,VISal,RS,siegle_survey_2019,Siegle2019
1.5741702051172,brain observatory 1.1gray,VISal,RS,siegle_survey_2019,Siegle2019
3.86455740040444,brain observatory 1.1gray,VISal,RS,siegle_survey_2019,Siegle2019
2.24176537309496,brain observatory 1.1gray,VISal,RS,siegle_survey_2019,Siegle2019
10.5724074730853,brain observatory 1.1gray,VISal,RS,siegle_survey_2019,Siegle2019
5.18374692438586,brain observatory 1.1gray,VISal,RS,siegle_survey_2019,Siegle2019
13.8019907157302,brain observatory 1.1gray,VISal,RS,siegle_survey_2019,Siegle2019
12.119531144414,brain observatory 1.1gray,VISal,FS,siegle_survey_2019,Siegle2019
3.78992135487361,brain observatory 1.1gray,VISal,RS,siegle_survey_2019,Siegle2019
2.46267980938264,brain observatory 1.1gray,VISal,RS,siegle_survey_2019,Siegle2019
2.80633595816847,brain observatory 1.1gray,VISal,RS,siegle_survey_2019,Siegle2019
1.91710373658807,brain observatory 1.1gray,VISal,RS,siegle_survey_2019,Siegle2019
3.93268989010064,brain observatory 1.1gray,VISal,RS,siegle_survey_2019,Siegle2019
1.8663140624509,brain observatory 1.1gray,VISal,RS,siegle_survey_2019,Siegle2019
10.1070419222512,brain observatory 1.1gray,VISal,FS,siegle_survey_2019,Siegle2019
2.04748454641579,brain observatory 1.1gray,VISal,RS,siegle_survey_2019,Siegle2019
1.56281479016783,brain observatory 1.1gray,VISal,RS,siegle_survey_2019,Siegle2019
0.274594579684684,brain observatory 1.1gray,VISal,RS,siegle_survey_2019,Siegle2019
1.03963985413701,brain observatory 1.1gray,VISal,FS,siegle_survey_2019,Siegle2019
4.20861792014948,brain observatory 1.1gray,LP,RS,siegle_survey_2019,Siegle2019
16.0867649760469,brain observatory 1.1gray,LP,FS,siegle_survey_2019,Siegle2019
11.6992041500958,brain observatory 1.1gray,LP,RS,siegle_survey_2019,Siegle2019
5.49709200213778,brain observatory 1.1gray,LP,RS,siegle_survey_2019,Siegle2019
14.7460238109244,brain observatory 1.1gray,LP,FS,siegle_survey_2019,Siegle2019
10.8592050604585,brain observatory 1.1gray,LP,RS,siegle_survey_2019,Siegle2019
4.68423773164351,brain observatory 1.1gray,LP,FS,siegle_survey_2019,Siegle2019
5.04776540761757,brain observatory 1.1gray,LP,RS,siegle_survey_2019,Siegle2019
6.87211015457027,brain observatory 1.1gray,LP,FS,siegle_survey_2019,Siegle2019
3.97985628745014,brain observatory 1.1gray,LP,RS,siegle_survey_2019,Siegle2019
7.43182568027205,brain observatory 1.1gray,LP,RS,siegle_survey_2019,Siegle2019
6.60875218374748,brain observatory 1.1gray,LP,FS,siegle_survey_2019,Siegle2019
4.66571538446357,brain observatory 1.1gray,LP,FS,siegle_survey_2019,Siegle2019
5.84582309042212,brain observatory 1.1gray,LP,RS,siegle_survey_2019,Siegle2019
3.70862099656232,brain observatory 1.1gray,LP,FS,siegle_survey_2019,Siegle2019
24.2440492541998,brain observatory 1.1gray,LP,RS,siegle_survey_2019,Siegle2019
3.20628216700987,brain observatory 1.1gray,LP,FS,siegle_survey_2019,Siegle2019
3.13698304049183,brain observatory 1.1gray,LP,FS,siegle_survey_2019,Siegle2019
5.67944131661613,brain observatory 1.1gray,LP,FS,siegle_survey_2019,Siegle2019
2.65604071544035,brain observatory 1.1gray,LP,FS,siegle_survey_2019,Siegle2019
5.58725538180104,brain observatory 1.1gray,LP,FS,siegle_survey_2019,Siegle2019
5.96611189682056,brain observatory 1.1gray,LP,FS,siegle_survey_2019,Siegle2019
9.72135811214617,brain observatory 1.1gray,LP,RS,siegle_survey_2019,Siegle2019
0.151904536929717,brain observatory 1.1gray,LP,RS,siegle_survey_2019,Siegle2019
2.97677538241249,brain observatory 1.1gray,LP,FS,siegle_survey_2019,Siegle2019
9.69879065466257,brain observatory 1.1gray,LP,FS,siegle_survey_2019,Siegle2019
9.5752018898585,brain observatory 1.1gray,LP,FS,siegle_survey_2019,Siegle2019
5.71488925690877,brain observatory 1.1gray,LP,FS,siegle_survey_2019,Siegle2019
16.4097350987131,brain observatory 1.1gray,LP,FS,siegle_survey_2019,Siegle2019
5.46356016672582,brain observatory 1.1gray,LP,FS,siegle_survey_2019,Siegle2019
11.5637994051942,brain observatory 1.1gray,LP,RS,siegle_survey_2019,Siegle2019
2.9237582784943,brain observatory 1.1gray,VISam,RS,siegle_survey_2019,Siegle2019
10.1062369221047,brain observatory 1.1gray,VISam,FS,siegle_survey_2019,Siegle2019
5.17606935578316,brain observatory 1.1gray,VISam,RS,siegle_survey_2019,Siegle2019
3.91716417937434,brain observatory 1.1gray,VISam,RS,siegle_survey_2019,Siegle2019
16.8135931802895,brain observatory 1.1gray,VISam,RS,siegle_survey_2019,Siegle2019
5.48437980623242,brain observatory 1.1gray,VISam,FS,siegle_survey_2019,Siegle2019
3.91938056172718,brain observatory 1.1gray,VISam,RS,siegle_survey_2019,Siegle2019
6.75425024270262,brain observatory 1.1gray,VISam,RS,siegle_survey_2019,Siegle2019
6.12643077833714,brain observatory 1.1gray,VISam,RS,siegle_survey_2019,Siegle2019
3.66706292861262,brain observatory 1.1gray,VISam,RS,siegle_survey_2019,Siegle2019
7.36317213121763,brain observatory 1.1gray,VISam,RS,siegle_survey_2019,Siegle2019
14.5895118150735,brain observatory 1.1gray,VISam,RS,siegle_survey_2019,Siegle2019
9.82230667753658,brain observatory 1.1gray,VISam,RS,siegle_survey_2019,Siegle2019
11.8144844576246,brain observatory 1.1gray,VISam,RS,siegle_survey_2019,Siegle2019
7.66763307547513,brain observatory 1.1gray,VISam,RS,siegle_survey_2019,Siegle2019
4.19351206326171,brain observatory 1.1gray,VISam,RS,siegle_survey_2019,Siegle2019
8.13843934789785,brain observatory 1.1gray,VISam,RS,siegle_survey_2019,Siegle2019
2.96598619490089,brain observatory 1.1gray,VISam,RS,siegle_survey_2019,Siegle2019
3.71174053077761,brain observatory 1.1gray,VISam,RS,siegle_survey_2019,Siegle2019
4.00978563138218,brain observatory 1.1gray,VISam,RS,siegle_survey_2019,Siegle2019
4.85714360038085,brain observatory 1.1gray,VISam,RS,siegle_survey_2019,Siegle2019
5.55017136660071,brain observatory 1.1gray,VISam,RS,siegle_survey_2019,Siegle2019
2.02344043643322,brain observatory 1.1gray,VISam,RS,siegle_survey_2019,Siegle2019
1.53525306029618,brain observatory 1.1gray,VISam,RS,siegle_survey_2019,Siegle2019
0.941029286331531,brain observatory 1.1gray,VISam,RS,siegle_survey_2019,Siegle2019
0.866138893146352,brain observatory 1.1gray,VISam,RS,siegle_survey_2019,Siegle2019
4.20681035737871,brain observatory 1.1gray,VISam,FS,siegle_survey_2019,Siegle2019
1.11320719963578,brain observatory 1.1gray,VISam,RS,siegle_survey_2019,Siegle2019
2.70277238447479,brain observatory 1.1gray,VISrl,RS,siegle_survey_2019,Siegle2019
0.857031133021132,brain observatory 1.1gray,VISrl,RS,siegle_survey_2019,Siegle2019
14.7028050008379,brain observatory 1.1gray,VISrl,FS,siegle_survey_2019,Siegle2019
12.2488069000384,brain observatory 1.1gray,VISrl,RS,siegle_survey_2019,Siegle2019
4.49944006092873,brain observatory 1.1gray,VISrl,RS,siegle_survey_2019,Siegle2019
2.82338054168668,brain observatory 1.1gray,VISrl,RS,siegle_survey_2019,Siegle2019
7.79290500000969,brain observatory 1.1gray,VISrl,RS,siegle_survey_2019,Siegle2019
1.26207441474333,brain observatory 1.1gray,VISrl,RS,siegle_survey_2019,Siegle2019
5.67230914844914,brain observatory 1.1gray,VISrl,RS,siegle_survey_2019,Siegle2019
2.44186276988843,brain observatory 1.1gray,VISrl,RS,siegle_survey_2019,Siegle2019
2.50637163420476,brain observatory 1.1gray,VISrl,RS,siegle_survey_2019,Siegle2019
3.95835333267803,brain observatory 1.1gray,VISrl,RS,siegle_survey_2019,Siegle2019
7.54157590982674,brain observatory 1.1gray,VISrl,FS,siegle_survey_2019,Siegle2019
8.06956925472611,brain observatory 1.1gray,VISrl,FS,siegle_survey_2019,Siegle2019
6.09949408657034,brain observatory 1.1gray,VISrl,RS,siegle_survey_2019,Siegle2019
13.2644489370717,brain observatory 1.1gray,VISrl,FS,siegle_survey_2019,Siegle2019
6.79280470256421,brain observatory 1.1gray,VISrl,FS,siegle_survey_2019,Siegle2019
10.8939078488531,brain observatory 1.1gray,VISrl,RS,siegle_survey_2019,Siegle2019
2.50241232805058,brain observatory 1.1gray,VISam,RS,siegle_survey_2019,Siegle2019
0.145348021664694,brain observatory 1.1gray,VISam,RS,siegle_survey_2019,Siegle2019
19.2480186783607,brain observatory 1.1gray,VISrl,FS,siegle_survey_2019,Siegle2019
7.50783117387249,brain observatory 1.1gray,VISrl,RS,siegle_survey_2019,Siegle2019
12.8784602538852,brain observatory 1.1gray,VISrl,RS,siegle_survey_2019,Siegle2019
5.76896599465249,brain observatory 1.1gray,VISrl,FS,siegle_survey_2019,Siegle2019
15.8534259816881,brain observatory 1.1gray,VISrl,FS,siegle_survey_2019,Siegle2019
8.0940528170904,brain observatory 1.1gray,VISrl,FS,siegle_survey_2019,Siegle2019
13.480330086962,brain observatory 1.1gray,VISrl,RS,siegle_survey_2019,Siegle2019
11.1900525031898,brain observatory 1.1gray,VISrl,RS,siegle_survey_2019,Siegle2019
6.21169267236146,brain observatory 1.1gray,VISrl,RS,siegle_survey_2019,Siegle2019
3.45154359173732,brain observatory 1.1gray,VISrl,RS,siegle_survey_2019,Siegle2019
5.7564048626569,brain observatory 1.1gray,VISrl,FS,siegle_survey_2019,Siegle2019
2.92280509493991,brain observatory 1.1gray,VISrl,RS,siegle_survey_2019,Siegle2019
14.0388746596811,brain observatory 1.1gray,VISrl,RS,siegle_survey_2019,Siegle2019
3.34871262980732,brain observatory 1.1gray,VISrl,RS,siegle_survey_2019,Siegle2019
3.58396772904676,brain observatory 1.1gray,VISrl,RS,siegle_survey_2019,Siegle2019
3.11569298626202,brain observatory 1.1gray,VISrl,RS,siegle_survey_2019,Siegle2019
3.09355132986301,brain observatory 1.1gray,VISrl,RS,siegle_survey_2019,Siegle2019
3.16285045638105,brain observatory 1.1gray,VISrl,RS,siegle_survey_2019,Siegle2019
4.52328492166612,brain observatory 1.1gray,VISrl,RS,siegle_survey_2019,Siegle2019
3.10941242026422,brain observatory 1.1gray,VISrl,RS,siegle_survey_2019,Siegle2019
4.95653752524282,brain observatory 1.1gray,VISrl,RS,siegle_survey_2019,Siegle2019
2.13070862731971,brain observatory 1.1gray,VISrl,RS,siegle_survey_2019,Siegle2019
0.431123598153718,brain observatory 1.1gray,VISrl,RS,siegle_survey_2019,Siegle2019
0.76260974251191,brain observatory 1.1gray,VISrl,RS,siegle_survey_2019,Siegle2019
1.31796080709659,brain observatory 1.1gray,VISrl,RS,siegle_survey_2019,Siegle2019
0.225461674293722,brain observatory 1.1gray,VISrl,RS,siegle_survey_2019,Siegle2019
0.94953641864967,brain observatory 1.1gray,VISrl,RS,siegle_survey_2019,Siegle2019
0.232061591104964,brain observatory 1.1gray,VISrl,RS,siegle_survey_2019,Siegle2019
8.00360558094749,brain observatory 1.1gray,VISam,RS,siegle_survey_2019,Siegle2019
3.39815759321113,brain observatory 1.1gray,VISam,RS,siegle_survey_2019,Siegle2019
8.76415353244917,brain observatory 1.1gray,VISam,RS,siegle_survey_2019,Siegle2019
4.27980629891976,brain observatory 1.1gray,VISam,RS,siegle_survey_2019,Siegle2019
5.48514030000061,brain observatory 1.1gray,VISam,RS,siegle_survey_2019,Siegle2019
19.6916869356907,brain observatory 1.1gray,VISam,RS,siegle_survey_2019,Siegle2019
10.4283596159087,brain observatory 1.1gray,VISam,FS,siegle_survey_2019,Siegle2019
8.01225198254492,brain observatory 1.1gray,VISpm,RS,siegle_survey_2019,Siegle2019
1.38123199610506,brain observatory 1.1gray,VISpm,RS,siegle_survey_2019,Siegle2019
1.12169818133372,brain observatory 1.1gray,VISam,FS,siegle_survey_2019,Siegle2019
2.2515153954616,brain observatory 1.1gray,VISam,RS,siegle_survey_2019,Siegle2019
2.81935859269211,brain observatory 1.1gray,VISam,RS,siegle_survey_2019,Siegle2019
1.971457673899,brain observatory 1.1gray,VISam,RS,siegle_survey_2019,Siegle2019
4.30015837493663,brain observatory 1.1gray,VISpm,RS,siegle_survey_2019,Siegle2019
3.59915678150796,brain observatory 1.1gray,VISpm,RS,siegle_survey_2019,Siegle2019
9.49055537261792,brain observatory 1.1gray,VISpm,RS,siegle_survey_2019,Siegle2019
4.15841208569615,brain observatory 1.1gray,VISam,RS,siegle_survey_2019,Siegle2019
3.40887597376221,brain observatory 1.1gray,VISpm,RS,siegle_survey_2019,Siegle2019
3.49791027382097,brain observatory 1.1gray,VISpm,RS,siegle_survey_2019,Siegle2019
10.6021794003153,brain observatory 1.1gray,VISpm,RS,siegle_survey_2019,Siegle2019
4.03597805436367,brain observatory 1.1gray,VISpm,RS,siegle_survey_2019,Siegle2019
5.09552454555287,brain observatory 1.1gray,VISam,RS,siegle_survey_2019,Siegle2019
6.73059644863922,brain observatory 1.1gray,VISpm,RS,siegle_survey_2019,Siegle2019
9.64413930373007,brain observatory 1.1gray,VISam,RS,siegle_survey_2019,Siegle2019
4.3261728235515,brain observatory 1.1gray,VISam,RS,siegle_survey_2019,Siegle2019
0.355378869171135,brain observatory 1.1gray,VISam,RS,siegle_survey_2019,Siegle2019
6.27717909875028,brain observatory 1.1gray,VISpm,RS,siegle_survey_2019,Siegle2019
7.93835985957751,brain observatory 1.1gray,VISam,RS,siegle_survey_2019,Siegle2019
5.59352449681911,brain observatory 1.1gray,VISam,RS,siegle_survey_2019,Siegle2019
1.65559795230428,brain observatory 1.1gray,VISam,RS,siegle_survey_2019,Siegle2019
5.38506167483205,brain observatory 1.1gray,VISpm,RS,siegle_survey_2019,Siegle2019
6.92934994063993,brain observatory 1.1gray,VISam,RS,siegle_survey_2019,Siegle2019
6.12419621860645,brain observatory 1.1gray,VISam,RS,siegle_survey_2019,Siegle2019
9.74665432021544,brain observatory 1.1gray,VISam,RS,siegle_survey_2019,Siegle2019
4.88384277487125,brain observatory 1.1gray,VISam,RS,siegle_survey_2019,Siegle2019
12.6310629949331,brain observatory 1.1gray,VISam,RS,siegle_survey_2019,Siegle2019
5.53160816637074,brain observatory 1.1gray,VISpm,RS,siegle_survey_2019,Siegle2019
5.92062438714332,brain observatory 1.1gray,VISpm,FS,siegle_survey_2019,Siegle2019
3.83472679032393,brain observatory 1.1gray,VISam,RS,siegle_survey_2019,Siegle2019
5.38115798843196,brain observatory 1.1gray,VISam,RS,siegle_survey_2019,Siegle2019
10.4225882552478,brain observatory 1.1gray,VISam,RS,siegle_survey_2019,Siegle2019
4.91426469293132,brain observatory 1.1gray,VISam,RS,siegle_survey_2019,Siegle2019
1.21005233362397,brain observatory 1.1gray,VISpm,RS,siegle_survey_2019,Siegle2019
4.78760290163584,brain observatory 1.1gray,VISpm,RS,siegle_survey_2019,Siegle2019
26.0965277938931,brain observatory 1.1gray,VISam,FS,siegle_survey_2019,Siegle2019
4.04670202002221,brain observatory 1.1gray,VISam,RS,siegle_survey_2019,Siegle2019
5.1791603653,brain observatory 1.1gray,VISam,RS,siegle_survey_2019,Siegle2019
5.05845088978192,brain observatory 1.1gray,VISam,RS,siegle_survey_2019,Siegle2019
6.38429872703641,brain observatory 1.1gray,VISam,RS,siegle_survey_2019,Siegle2019
1.70386390874473,brain observatory 1.1gray,VISpm,RS,siegle_survey_2019,Siegle2019
4.46016960821926,brain observatory 1.1gray,VISpm,RS,siegle_survey_2019,Siegle2019
5.97375270921824,brain observatory 1.1gray,VISpm,RS,siegle_survey_2019,Siegle2019
1.46181718163871,brain observatory 1.1gray,VISam,RS,siegle_survey_2019,Siegle2019
2.59584064167201,brain observatory 1.1gray,VISam,RS,siegle_survey_2019,Siegle2019
2.22216949379594,brain observatory 1.1gray,VISam,RS,siegle_survey_2019,Siegle2019
1.57339160502439,brain observatory 1.1gray,VISpm,RS,siegle_survey_2019,Siegle2019
8.35273250633353,brain observatory 1.1gray,VISpm,FS,siegle_survey_2019,Siegle2019
20.063206050778,brain observatory 1.1gray,VISam,FS,siegle_survey_2019,Siegle2019
14.744163554205,brain observatory 1.1gray,VISam,FS,siegle_survey_2019,Siegle2019
22.8341144408621,brain observatory 1.1gray,VISpm,RS,siegle_survey_2019,Siegle2019
2.56336451049534,brain observatory 1.1gray,VISam,RS,siegle_survey_2019,Siegle2019
5.61612084110167,brain observatory 1.1gray,VISam,RS,siegle_survey_2019,Siegle2019
3.20173569139565,brain observatory 1.1gray,VISam,RS,siegle_survey_2019,Siegle2019
5.08560164333311,brain observatory 1.1gray,VISpm,RS,siegle_survey_2019,Siegle2019
7.32074877282709,brain observatory 1.1gray,VISpm,RS,siegle_survey_2019,Siegle2019
6.70220567534968,brain observatory 1.1gray,VISpm,RS,siegle_survey_2019,Siegle2019
1.92665626402276,brain observatory 1.1gray,VISam,RS,siegle_survey_2019,Siegle2019
8.17925653130696,brain observatory 1.1gray,VISpm,RS,siegle_survey_2019,Siegle2019
8.79383327075128,brain observatory 1.1gray,VISpm,RS,siegle_survey_2019,Siegle2019
11.3295722560611,brain observatory 1.1gray,VISam,RS,siegle_survey_2019,Siegle2019
19.0521918008174,brain observatory 1.1gray,VISam,FS,siegle_survey_2019,Siegle2019
4.5409580586829,brain observatory 1.1gray,VISpm,RS,siegle_survey_2019,Siegle2019
11.9909266011146,brain observatory 1.1gray,VISpm,RS,siegle_survey_2019,Siegle2019
18.6720563994293,brain observatory 1.1gray,VISam,FS,siegle_survey_2019,Siegle2019
17.109093586863,brain observatory 1.1gray,VISam,FS,siegle_survey_2019,Siegle2019
16.896366753642,brain observatory 1.1gray,VISam,FS,siegle_survey_2019,Siegle2019
7.13787879193266,brain observatory 1.1gray,VISpm,RS,siegle_survey_2019,Siegle2019
3.94621310940408,brain observatory 1.1gray,VISpm,RS,siegle_survey_2019,Siegle2019
1.73600572286819,brain observatory 1.1gray,VISam,RS,siegle_survey_2019,Siegle2019
3.8178051648937,brain observatory 1.1gray,VISam,RS,siegle_survey_2019,Siegle2019
23.9111384968515,brain observatory 1.1gray,VISam,FS,siegle_survey_2019,Siegle2019
6.60743059392722,brain observatory 1.1gray,VISpm,RS,siegle_survey_2019,Siegle2019
11.6109016333626,brain observatory 1.1gray,VISam,FS,siegle_survey_2019,Siegle2019
1.42640646029548,brain observatory 1.1gray,VISam,RS,siegle_survey_2019,Siegle2019
4.08361024006137,brain observatory 1.1gray,VISam,RS,siegle_survey_2019,Siegle2019
9.91456034366172,brain observatory 1.1gray,VISam,RS,siegle_survey_2019,Siegle2019
0.875325393506618,brain observatory 1.1gray,VISam,RS,siegle_survey_2019,Siegle2019
8.44213059484462,brain observatory 1.1gray,VISam,FS,siegle_survey_2019,Siegle2019
3.19493768629915,brain observatory 1.1gray,VISam,RS,siegle_survey_2019,Siegle2019
3.68598902407485,brain observatory 1.1gray,VISam,RS,siegle_survey_2019,Siegle2019
0.91921145984067,brain observatory 1.1gray,VISam,RS,siegle_survey_2019,Siegle2019
0.568337355005824,brain observatory 1.1gray,VISpm,RS,siegle_survey_2019,Siegle2019
30.5815516026892,brain observatory 1.1gray,VISam,FS,siegle_survey_2019,Siegle2019
2.96266069503863,brain observatory 1.1gray,VISpm,RS,siegle_survey_2019,Siegle2019
8.27358389673324,brain observatory 1.1gray,VISam,FS,siegle_survey_2019,Siegle2019
8.09878121437225,brain observatory 1.1gray,VISpm,RS,siegle_survey_2019,Siegle2019
8.91859317606187,brain observatory 1.1gray,VISam,RS,siegle_survey_2019,Siegle2019
0.864725902414762,brain observatory 1.1gray,VISam,RS,siegle_survey_2019,Siegle2019
4.52406652849608,brain observatory 1.1gray,VISam,RS,siegle_survey_2019,Siegle2019
16.2447356273648,brain observatory 1.1gray,VISam,RS,siegle_survey_2019,Siegle2019
8.84658059049679,brain observatory 1.1gray,VISam,RS,siegle_survey_2019,Siegle2019
9.64016756073269,brain observatory 1.1gray,VISam,RS,siegle_survey_2019,Siegle2019
8.53504338484094,brain observatory 1.1gray,VISam,RS,siegle_survey_2019,Siegle2019
8.57291207207776,brain observatory 1.1gray,VISam,RS,siegle_survey_2019,Siegle2019
1.8008601655493,brain observatory 1.1gray,VISam,RS,siegle_survey_2019,Siegle2019
10.4155444518602,brain observatory 1.1gray,VISam,RS,siegle_survey_2019,Siegle2019
1.04696395175851,brain observatory 1.1gray,VISam,RS,siegle_survey_2019,Siegle2019
10.3798485581534,brain observatory 1.1gray,VISam,RS,siegle_survey_2019,Siegle2019
4.34838065164334,brain observatory 1.1gray,VISam,RS,siegle_survey_2019,Siegle2019
9.31572248563266,brain observatory 1.1gray,VISpm,FS,siegle_survey_2019,Siegle2019
2.85380910209214,brain observatory 1.1gray,VISam,RS,siegle_survey_2019,Siegle2019
13.3072222411891,brain observatory 1.1gray,VISam,FS,siegle_survey_2019,Siegle2019
4.05267379884878,brain observatory 1.1gray,VISam,RS,siegle_survey_2019,Siegle2019
3.734618212603,brain observatory 1.1gray,VISam,RS,siegle_survey_2019,Siegle2019
0.879278949232152,brain observatory 1.1gray,VISpm,RS,siegle_survey_2019,Siegle2019
5.17390529849104,brain observatory 1.1gray,VISpm,RS,siegle_survey_2019,Siegle2019
1.07373487069695,brain observatory 1.1gray,VISpm,RS,siegle_survey_2019,Siegle2019
4.2851863808918,brain observatory 1.1gray,VISam,FS,siegle_survey_2019,Siegle2019
0.968417627133892,brain observatory 1.1gray,VISpm,RS,siegle_survey_2019,Siegle2019
1.16782478918548,brain observatory 1.1gray,VISam,RS,siegle_survey_2019,Siegle2019
1.80041810548566,brain observatory 1.1gray,VISam,FS,siegle_survey_2019,Siegle2019
4.90033097205022,brain observatory 1.1gray,VISpm,FS,siegle_survey_2019,Siegle2019
1.90604379058978,brain observatory 1.1gray,VISpm,RS,siegle_survey_2019,Siegle2019
7.63680488135925,brain observatory 1.1gray,VISpm,FS,siegle_survey_2019,Siegle2019
2.44480658666287,brain observatory 1.1gray,VISam,FS,siegle_survey_2019,Siegle2019
3.61263137584835,brain observatory 1.1gray,VISam,RS,siegle_survey_2019,Siegle2019
0.475649830442891,brain observatory 1.1gray,VISpm,RS,siegle_survey_2019,Siegle2019
3.05002494960977,brain observatory 1.1gray,VISpm,RS,siegle_survey_2019,Siegle2019
0.162235250238579,brain observatory 1.1gray,VISam,RS,siegle_survey_2019,Siegle2019
2.47967474950113,brain observatory 1.1gray,VISam,FS,siegle_survey_2019,Siegle2019
0.155509936931495,brain observatory 1.1gray,VISam,RS,siegle_survey_2019,Siegle2019
0.801726211900778,brain observatory 1.1gray,VISpm,RS,siegle_survey_2019,Siegle2019
3.12395976431978,brain observatory 1.1gray,VISam,FS,siegle_survey_2019,Siegle2019
0.744130050839195,brain observatory 1.1gray,VISam,FS,siegle_survey_2019,Siegle2019
19.5372358926134,brain observatory 1.1gray,VISpm,FS,siegle_survey_2019,Siegle2019
19.3503995536859,brain observatory 1.1gray,VISpm,FS,siegle_survey_2019,Siegle2019
0.138091886257614,brain observatory 1.1gray,VISpm,RS,siegle_survey_2019,Siegle2019
0.851931954372367,brain observatory 1.1gray,VISpm,RS,siegle_survey_2019,Siegle2019
0.299034737973069,brain observatory 1.1gray,VISam,RS,siegle_survey_2019,Siegle2019
0.401966803046479,brain observatory 1.1gray,VISam,RS,siegle_survey_2019,Siegle2019
27.9661308418363,brain observatory 1.1gray,LP,FS,siegle_survey_2019,Siegle2019
51.1791101289561,brain observatory 1.1gray,LP,FS,siegle_survey_2019,Siegle2019
2.11603330723029,brain observatory 1.1gray,LP,RS,siegle_survey_2019,Siegle2019
4.58782792599673,brain observatory 1.1gray,LP,RS,siegle_survey_2019,Siegle2019
7.14990716080653,brain observatory 1.1gray,LP,RS,siegle_survey_2019,Siegle2019
7.17915128939565,brain observatory 1.1gray,LP,FS,siegle_survey_2019,Siegle2019
6.94011723447994,brain observatory 1.1gray,LP,RS,siegle_survey_2019,Siegle2019
11.1774672641808,brain observatory 1.1gray,LP,RS,siegle_survey_2019,Siegle2019
8.32791485798914,brain observatory 1.1gray,LP,RS,siegle_survey_2019,Siegle2019
8.5183968847453,brain observatory 1.1gray,LP,RS,siegle_survey_2019,Siegle2019
7.78605164138995,brain observatory 1.1gray,LP,RS,siegle_survey_2019,Siegle2019
15.134570470877,brain observatory 1.1gray,LP,RS,siegle_survey_2019,Siegle2019
30.4868346866182,brain observatory 1.1gray,LP,RS,siegle_survey_2019,Siegle2019
6.04446792346403,brain observatory 1.1gray,VISam,RS,siegle_survey_2019,Siegle2019
1.62409860391755,brain observatory 1.1gray,VISam,RS,siegle_survey_2019,Siegle2019
6.03987040287232,brain observatory 1.1gray,VISam,RS,siegle_survey_2019,Siegle2019
11.8002881649437,brain observatory 1.1gray,LP,RS,siegle_survey_2019,Siegle2019
4.38368358433985,brain observatory 1.1gray,LP,RS,siegle_survey_2019,Siegle2019
5.45637656607366,brain observatory 1.1gray,VISam,FS,siegle_survey_2019,Siegle2019
1.7179075879058,brain observatory 1.1gray,VISam,RS,siegle_survey_2019,Siegle2019
7.5240965127152,brain observatory 1.1gray,LP,RS,siegle_survey_2019,Siegle2019
5.19484118968442,brain observatory 1.1gray,LP,RS,siegle_survey_2019,Siegle2019
5.89240963147434,brain observatory 1.1gray,LP,RS,siegle_survey_2019,Siegle2019
3.27411939840537,brain observatory 1.1gray,VISam,RS,siegle_survey_2019,Siegle2019
1.60609979989895,brain observatory 1.1gray,VISam,RS,siegle_survey_2019,Siegle2019
25.2059555538316,brain observatory 1.1gray,VISam,FS,siegle_survey_2019,Siegle2019
17.0460412406597,brain observatory 1.1gray,VISam,RS,siegle_survey_2019,Siegle2019
7.76648393402624,brain observatory 1.1gray,VISam,RS,siegle_survey_2019,Siegle2019
12.6363342561025,brain observatory 1.1gray,VISam,RS,siegle_survey_2019,Siegle2019
15.759615851265,brain observatory 1.1gray,VISam,FS,siegle_survey_2019,Siegle2019
2.34600715640273,brain observatory 1.1gray,VISam,RS,siegle_survey_2019,Siegle2019
12.4758123137409,brain observatory 1.1gray,VISam,FS,siegle_survey_2019,Siegle2019
4.79932239980767,brain observatory 1.1gray,VISam,RS,siegle_survey_2019,Siegle2019
4.57697847842571,brain observatory 1.1gray,VISam,RS,siegle_survey_2019,Siegle2019
14.5451714313588,brain observatory 1.1gray,LP,RS,siegle_survey_2019,Siegle2019
10.2823033589509,brain observatory 1.1gray,LP,RS,siegle_survey_2019,Siegle2019
5.23865092672141,brain observatory 1.1gray,LP,RS,siegle_survey_2019,Siegle2019
10.6999637128163,brain observatory 1.1gray,LP,RS,siegle_survey_2019,Siegle2019
12.565829446157,brain observatory 1.1gray,LP,RS,siegle_survey_2019,Siegle2019
12.4551759866306,brain observatory 1.1gray,LP,RS,siegle_survey_2019,Siegle2019
3.76624974089222,brain observatory 1.1gray,VISam,RS,siegle_survey_2019,Siegle2019
11.0767500336731,brain observatory 1.1gray,LP,RS,siegle_survey_2019,Siegle2019
16.4712190972786,brain observatory 1.1gray,LP,RS,siegle_survey_2019,Siegle2019
14.6166445332774,brain observatory 1.1gray,LP,RS,siegle_survey_2019,Siegle2019
0.87913044476793,brain observatory 1.1gray,LP,RS,siegle_survey_2019,Siegle2019
11.0751692699656,brain observatory 1.1gray,LP,RS,siegle_survey_2019,Siegle2019
11.6889572352569,brain observatory 1.1gray,LP,RS,siegle_survey_2019,Siegle2019
6.28014838659032,brain observatory 1.1gray,LP,RS,siegle_survey_2019,Siegle2019
10.9548155545821,brain observatory 1.1gray,VISam,FS,siegle_survey_2019,Siegle2019
14.8649373470515,brain observatory 1.1gray,LP,RS,siegle_survey_2019,Siegle2019
6.47525979277565,brain observatory 1.1gray,LP,RS,siegle_survey_2019,Siegle2019
14.3291713618956,brain observatory 1.1gray,LP,RS,siegle_survey_2019,Siegle2019
1.60854528957539,brain observatory 1.1gray,VISam,RS,siegle_survey_2019,Siegle2019
10.5254617352937,brain observatory 1.1gray,LP,FS,siegle_survey_2019,Siegle2019
6.80024621628699,brain observatory 1.1gray,LP,RS,siegle_survey_2019,Siegle2019
7.23978486874838,brain observatory 1.1gray,LP,RS,siegle_survey_2019,Siegle2019
10.5388387263427,brain observatory 1.1gray,LP,RS,siegle_survey_2019,Siegle2019
11.0338435901833,brain observatory 1.1gray,LP,FS,siegle_survey_2019,Siegle2019
8.69002265870462,brain observatory 1.1gray,LP,RS,siegle_survey_2019,Siegle2019
7.44474036882262,brain observatory 1.1gray,LP,FS,siegle_survey_2019,Siegle2019
4.34891286231779,brain observatory 1.1gray,LP,RS,siegle_survey_2019,Siegle2019
5.16643931003489,brain observatory 1.1gray,VISam,FS,siegle_survey_2019,Siegle2019
5.11512553414805,brain observatory 1.1gray,LP,RS,siegle_survey_2019,Siegle2019
3.25216570918284,brain observatory 1.1gray,LP,FS,siegle_survey_2019,Siegle2019
1.67367754236897,brain observatory 1.1gray,LP,FS,siegle_survey_2019,Siegle2019
0.94899668759942,brain observatory 1.1gray,LP,FS,siegle_survey_2019,Siegle2019
2.9769442537735,brain observatory 1.1gray,LP,RS,siegle_survey_2019,Siegle2019
6.24062929390232,brain observatory 1.1gray,LP,FS,siegle_survey_2019,Siegle2019
2.88692617670517,brain observatory 1.1gray,LP,RS,siegle_survey_2019,Siegle2019
3.92774616641372,brain observatory 1.1gray,LP,RS,siegle_survey_2019,Siegle2019
12.7394876305974,brain observatory 1.1gray,LP,FS,siegle_survey_2019,Siegle2019
5.08080037935619,brain observatory 1.1gray,LP,RS,siegle_survey_2019,Siegle2019
0.257099925858795,brain observatory 1.1gray,LP,RS,siegle_survey_2019,Siegle2019
10.0197836718092,brain observatory 1.1gray,LP,FS,siegle_survey_2019,Siegle2019
0.350194121666255,brain observatory 1.1gray,VISam,RS,siegle_survey_2019,Siegle2019
0.866430250976618,brain observatory 1.1gray,LP,RS,siegle_survey_2019,Siegle2019
10.5492590791825,brain observatory 1.1gray,LP,RS,siegle_survey_2019,Siegle2019
2.12530974269294,brain observatory 1.1gray,LP,RS,siegle_survey_2019,Siegle2019
6.90805853077441,brain observatory 1.1gray,LP,FS,siegle_survey_2019,Siegle2019
2.33296743480067,brain observatory 1.1gray,LP,FS,siegle_survey_2019,Siegle2019
8.10434066139199,brain observatory 1.1gray,LP,RS,siegle_survey_2019,Siegle2019
1.36814034017958,brain observatory 1.1gray,LP,RS,siegle_survey_2019,Siegle2019
7.93294975449592,brain observatory 1.1gray,LP,RS,siegle_survey_2019,Siegle2019
4.59226657025868,brain observatory 1.1gray,LP,RS,siegle_survey_2019,Siegle2019
1.34610193040432,brain observatory 1.1gray,LP,RS,siegle_survey_2019,Siegle2019
5.79293442959397,brain observatory 1.1gray,LP,RS,siegle_survey_2019,Siegle2019
7.80423042402643,brain observatory 1.1gray,LP,RS,siegle_survey_2019,Siegle2019
5.90318981839264,brain observatory 1.1gray,LP,RS,siegle_survey_2019,Siegle2019
3.13524832399015,brain observatory 1.1gray,LP,FS,siegle_survey_2019,Siegle2019
5.50370484119886,brain observatory 1.1gray,LP,RS,siegle_survey_2019,Siegle2019
2.41863787280027,brain observatory 1.1gray,LP,FS,siegle_survey_2019,Siegle2019
15.6519157203826,brain observatory 1.1gray,LGd,RS,siegle_survey_2019,Siegle2019
3.7521684831856,brain observatory 1.1gray,LP,RS,siegle_survey_2019,Siegle2019
5.16390338569439,brain observatory 1.1gray,LP,RS,siegle_survey_2019,Siegle2019
9.18118852496977,brain observatory 1.1gray,LP,RS,siegle_survey_2019,Siegle2019
2.74072974899924,brain observatory 1.1gray,LP,RS,siegle_survey_2019,Siegle2019
8.42343986871647,brain observatory 1.1gray,LGd,FS,siegle_survey_2019,Siegle2019
14.7960921950737,brain observatory 1.1gray,LGd,FS,siegle_survey_2019,Siegle2019
12.6442570242261,brain observatory 1.1gray,LGd,FS,siegle_survey_2019,Siegle2019
0.907506535862899,brain observatory 1.1gray,LP,RS,siegle_survey_2019,Siegle2019
3.08951603703867,brain observatory 1.1gray,LP,FS,siegle_survey_2019,Siegle2019
0.949824421299899,brain observatory 1.1gray,LP,FS,siegle_survey_2019,Siegle2019
7.27826601904321,brain observatory 1.1gray,LGd,FS,siegle_survey_2019,Siegle2019
4.79626291200258,brain observatory 1.1gray,LP,RS,siegle_survey_2019,Siegle2019
7.78401923090885,brain observatory 1.1gray,LP,RS,siegle_survey_2019,Siegle2019
6.89608167405617,brain observatory 1.1gray,LP,RS,siegle_survey_2019,Siegle2019
5.13759496113352,brain observatory 1.1gray,LP,RS,siegle_survey_2019,Siegle2019
9.72052752966013,brain observatory 1.1gray,LGd,FS,siegle_survey_2019,Siegle2019
4.60016149556542,brain observatory 1.1gray,LGd,RS,siegle_survey_2019,Siegle2019
6.65094903792468,brain observatory 1.1gray,LGd,FS,siegle_survey_2019,Siegle2019
0.353617789917898,brain observatory 1.1gray,LGd,FS,siegle_survey_2019,Siegle2019
2.09637146769861,brain observatory 1.1gray,LGd,FS,siegle_survey_2019,Siegle2019
18.5930571005932,brain observatory 1.1gray,LGd,FS,siegle_survey_2019,Siegle2019
8.51207382991522,brain observatory 1.1gray,LP,RS,siegle_survey_2019,Siegle2019
2.94299995227383,brain observatory 1.1gray,LGd,FS,siegle_survey_2019,Siegle2019
5.54920708278076,brain observatory 1.1gray,LGd,FS,siegle_survey_2019,Siegle2019
8.33525411805977,brain observatory 1.1gray,LP,RS,siegle_survey_2019,Siegle2019
11.9634455618984,brain observatory 1.1gray,LP,RS,siegle_survey_2019,Siegle2019
6.17164024923841,brain observatory 1.1gray,LP,RS,siegle_survey_2019,Siegle2019
8.29855781770662,brain observatory 1.1gray,LP,RS,siegle_survey_2019,Siegle2019
6.92668074296602,brain observatory 1.1gray,LP,RS,siegle_survey_2019,Siegle2019
6.7887026536382,brain observatory 1.1gray,LP,RS,siegle_survey_2019,Siegle2019
7.30335415212936,brain observatory 1.1gray,LP,FS,siegle_survey_2019,Siegle2019
15.701118970266,brain observatory 1.1gray,LGd,FS,siegle_survey_2019,Siegle2019
8.86705167432578,brain observatory 1.1gray,LGd,FS,siegle_survey_2019,Siegle2019
13.9433010768152,brain observatory 1.1gray,LGd,FS,siegle_survey_2019,Siegle2019
22.3802400478854,brain observatory 1.1gray,LGd,FS,siegle_survey_2019,Siegle2019
9.91511453203265,brain observatory 1.1gray,LP,RS,siegle_survey_2019,Siegle2019
23.6012240738205,brain observatory 1.1gray,LGd,FS,siegle_survey_2019,Siegle2019
10.9541302817084,brain observatory 1.1gray,LGd,FS,siegle_survey_2019,Siegle2019
13.4623221907775,brain observatory 1.1gray,LGd,FS,siegle_survey_2019,Siegle2019
5.16986274272499,brain observatory 1.1gray,LGd,FS,siegle_survey_2019,Siegle2019
9.07911635414134,brain observatory 1.1gray,LP,FS,siegle_survey_2019,Siegle2019
8.62001740880016,brain observatory 1.1gray,LP,RS,siegle_survey_2019,Siegle2019
13.0880460281055,brain observatory 1.1gray,LP,RS,siegle_survey_2019,Siegle2019
12.7332774874607,brain observatory 1.1gray,LP,RS,siegle_survey_2019,Siegle2019
7.2572861812245,brain observatory 1.1gray,LP,RS,siegle_survey_2019,Siegle2019
6.4269335880029,brain observatory 1.1gray,LP,FS,siegle_survey_2019,Siegle2019
7.4726087805274,brain observatory 1.1gray,LP,FS,siegle_survey_2019,Siegle2019
9.31803749736365,brain observatory 1.1gray,LP,FS,siegle_survey_2019,Siegle2019
2.24476377400717,brain observatory 1.1gray,LGd,FS,siegle_survey_2019,Siegle2019
7.29714519842195,brain observatory 1.1gray,LGd,FS,siegle_survey_2019,Siegle2019
39.3671974271337,brain observatory 1.1gray,LGd,FS,siegle_survey_2019,Siegle2019
17.2082252743504,brain observatory 1.1gray,LGd,FS,siegle_survey_2019,Siegle2019
2.84312615877281,brain observatory 1.1gray,LGd,FS,siegle_survey_2019,Siegle2019
10.9533477250502,brain observatory 1.1gray,LGd,FS,siegle_survey_2019,Siegle2019
11.0775785945373,brain observatory 1.1gray,LGd,FS,siegle_survey_2019,Siegle2019
10.3438402318508,brain observatory 1.1gray,LP,FS,siegle_survey_2019,Siegle2019
8.1545954086289,brain observatory 1.1gray,LP,FS,siegle_survey_2019,Siegle2019
9.31216608930715,brain observatory 1.1gray,LP,FS,siegle_survey_2019,Siegle2019
13.2782257369392,brain observatory 1.1gray,LGd,FS,siegle_survey_2019,Siegle2019
12.7254865806165,brain observatory 1.1gray,LP,FS,siegle_survey_2019,Siegle2019
16.6525552768698,brain observatory 1.1gray,LP,FS,siegle_survey_2019,Siegle2019
7.96004856091054,brain observatory 1.1gray,LP,FS,siegle_survey_2019,Siegle2019
18.2068653897783,brain observatory 1.1gray,LGd,FS,siegle_survey_2019,Siegle2019
10.9200890670773,brain observatory 1.1gray,LGd,FS,siegle_survey_2019,Siegle2019
17.0885919252302,brain observatory 1.1gray,LGd,RS,siegle_survey_2019,Siegle2019
4.05804537060692,brain observatory 1.1gray,LGd,FS,siegle_survey_2019,Siegle2019
10.5779061722571,brain observatory 1.1gray,LP,FS,siegle_survey_2019,Siegle2019
4.29233802438387,brain observatory 1.1gray,LP,FS,siegle_survey_2019,Siegle2019
5.32480254878125,brain observatory 1.1gray,LP,FS,siegle_survey_2019,Siegle2019
3.05155142567404,brain observatory 1.1gray,LP,FS,siegle_survey_2019,Siegle2019
10.1763667830536,brain observatory 1.1gray,LGd,FS,siegle_survey_2019,Siegle2019
12.6638209406808,brain observatory 1.1gray,LGd,FS,siegle_survey_2019,Siegle2019
3.20359131944984,brain observatory 1.1gray,LGd,FS,siegle_survey_2019,Siegle2019
8.82732327787207,brain observatory 1.1gray,LP,FS,siegle_survey_2019,Siegle2019
5.77498147034428,brain observatory 1.1gray,LP,FS,siegle_survey_2019,Siegle2019
8.0340057200838,brain observatory 1.1gray,LP,FS,siegle_survey_2019,Siegle2019
10.2396227388478,brain observatory 1.1gray,LP,FS,siegle_survey_2019,Siegle2019
10.4861089655276,brain observatory 1.1gray,LP,RS,siegle_survey_2019,Siegle2019
2.91357333634622,brain observatory 1.1gray,LP,FS,siegle_survey_2019,Siegle2019
4.2759658288417,brain observatory 1.1gray,LP,FS,siegle_survey_2019,Siegle2019
11.2354594003264,brain observatory 1.1gray,LGd,FS,siegle_survey_2019,Siegle2019
7.89687705733942,brain observatory 1.1gray,LGd,FS,siegle_survey_2019,Siegle2019
9.58651470194574,brain observatory 1.1gray,LGd,FS,siegle_survey_2019,Siegle2019
18.0931990351768,brain observatory 1.1gray,LGd,FS,siegle_survey_2019,Siegle2019
4.70668702066102,brain observatory 1.1gray,LGd,FS,siegle_survey_2019,Siegle2019
0.284654984415237,brain observatory 1.1gray,LGd,RS,siegle_survey_2019,Siegle2019
7.08938649314719,brain observatory 1.1gray,LP,FS,siegle_survey_2019,Siegle2019
3.39120927824998,brain observatory 1.1gray,LGd,FS,siegle_survey_2019,Siegle2019
6.42674655535433,brain observatory 1.1gray,LGd,FS,siegle_survey_2019,Siegle2019
3.59544705275433,brain observatory 1.1gray,LP,RS,siegle_survey_2019,Siegle2019
3.64467655107424,brain observatory 1.1gray,LP,RS,siegle_survey_2019,Siegle2019
5.43771424217554,brain observatory 1.1gray,LP,FS,siegle_survey_2019,Siegle2019
11.9017085751897,brain observatory 1.1gray,LGd,FS,siegle_survey_2019,Siegle2019
11.1561277191027,brain observatory 1.1gray,LGd,FS,siegle_survey_2019,Siegle2019
11.4220013437215,brain observatory 1.1gray,LGd,FS,siegle_survey_2019,Siegle2019
14.5276752613158,brain observatory 1.1gray,LGd,FS,siegle_survey_2019,Siegle2019
6.91926815210028,brain observatory 1.1gray,LGd,FS,siegle_survey_2019,Siegle2019
9.21978908800322,brain observatory 1.1gray,LGd,FS,siegle_survey_2019,Siegle2019
43.5904600722002,brain observatory 1.1gray,LGd,FS,siegle_survey_2019,Siegle2019
2.41555676465631,brain observatory 1.1gray,LGd,FS,siegle_survey_2019,Siegle2019
6.69917409198541,brain observatory 1.1gray,LGd,FS,siegle_survey_2019,Siegle2019
5.64526591257312,brain observatory 1.1gray,LGd,FS,siegle_survey_2019,Siegle2019
9.48165210974878,brain observatory 1.1gray,LGd,FS,siegle_survey_2019,Siegle2019
6.12732081401583,brain observatory 1.1gray,LGd,FS,siegle_survey_2019,Siegle2019
10.1848770867114,brain observatory 1.1gray,LGd,FS,siegle_survey_2019,Siegle2019
10.7760008223888,brain observatory 1.1gray,LGd,FS,siegle_survey_2019,Siegle2019
2.18528946798502,brain observatory 1.1gray,LGd,FS,siegle_survey_2019,Siegle2019
9.7378415957225,brain observatory 1.1gray,LGd,FS,siegle_survey_2019,Siegle2019
17.821945333533,brain observatory 1.1gray,LGd,FS,siegle_survey_2019,Siegle2019
14.7382808219502,brain observatory 1.1gray,LGd,RS,siegle_survey_2019,Siegle2019
9.49573812959614,brain observatory 1.1gray,LGd,FS,siegle_survey_2019,Siegle2019
7.33304498511625,brain observatory 1.1gray,LGd,FS,siegle_survey_2019,Siegle2019
4.83238518388218,brain observatory 1.1gray,LGd,FS,siegle_survey_2019,Siegle2019
7.68685841419869,brain observatory 1.1gray,LGd,FS,siegle_survey_2019,Siegle2019
9.95871821249556,brain observatory 1.1gray,LGd,FS,siegle_survey_2019,Siegle2019
13.3334938009236,brain observatory 1.1gray,LGd,FS,siegle_survey_2019,Siegle2019
10.9463047151266,brain observatory 1.1gray,LGd,FS,siegle_survey_2019,Siegle2019
9.32240182980789,brain observatory 1.1gray,LGd,FS,siegle_survey_2019,Siegle2019
1.24553674108564,brain observatory 1.1gray,LGd,FS,siegle_survey_2019,Siegle2019
12.4507698904896,brain observatory 1.1gray,LGd,FS,siegle_survey_2019,Siegle2019
5.36843649473974,brain observatory 1.1gray,LGd,FS,siegle_survey_2019,Siegle2019
6.5264247096908,brain observatory 1.1gray,LGd,FS,siegle_survey_2019,Siegle2019
11.6417041255073,brain observatory 1.1gray,LGd,FS,siegle_survey_2019,Siegle2019
9.06171815270876,brain observatory 1.1gray,VISpm,FS,siegle_survey_2019,Siegle2019
10.6142361746701,brain observatory 1.1gray,VISpm,FS,siegle_survey_2019,Siegle2019
4.4446195714357,brain observatory 1.1gray,VISpm,RS,siegle_survey_2019,Siegle2019
11.0972187888997,brain observatory 1.1gray,VISpm,RS,siegle_survey_2019,Siegle2019
5.65962917702663,brain observatory 1.1gray,VISpm,RS,siegle_survey_2019,Siegle2019
6.54954637175435,brain observatory 1.1gray,VISpm,RS,siegle_survey_2019,Siegle2019
9.0474397463755,brain observatory 1.1gray,VISpm,RS,siegle_survey_2019,Siegle2019
17.5060504315726,brain observatory 1.1gray,VISpm,RS,siegle_survey_2019,Siegle2019
4.94105285829811,brain observatory 1.1gray,VISpm,RS,siegle_survey_2019,Siegle2019
3.73638992396318,brain observatory 1.1gray,VISpm,RS,siegle_survey_2019,Siegle2019
8.77294255795408,brain observatory 1.1gray,VISpm,RS,siegle_survey_2019,Siegle2019
6.4105905767864,brain observatory 1.1gray,VISpm,RS,siegle_survey_2019,Siegle2019
1.10161008862527,brain observatory 1.1gray,VISpm,RS,siegle_survey_2019,Siegle2019
4.64762126147823,brain observatory 1.1gray,VISpm,RS,siegle_survey_2019,Siegle2019
4.95202032982946,brain observatory 1.1gray,VISpm,RS,siegle_survey_2019,Siegle2019
3.0522680205171,brain observatory 1.1gray,VISpm,RS,siegle_survey_2019,Siegle2019
1.25008482114873,brain observatory 1.1gray,VISpm,RS,siegle_survey_2019,Siegle2019
3.91197293517733,brain observatory 1.1gray,VISpm,RS,siegle_survey_2019,Siegle2019
2.34414183975714,brain observatory 1.1gray,LP,RS,siegle_survey_2019,Siegle2019
11.0546193417678,brain observatory 1.1gray,VISp,FS,siegle_survey_2019,Siegle2019
9.91059806429688,brain observatory 1.1gray,VISp,RS,siegle_survey_2019,Siegle2019
6.51444015038347,brain observatory 1.1gray,VISp,RS,siegle_survey_2019,Siegle2019
3.28031051649087,brain observatory 1.1gray,VISp,RS,siegle_survey_2019,Siegle2019
1.27770872244977,brain observatory 1.1gray,VISp,RS,siegle_survey_2019,Siegle2019
8.77289984165603,brain observatory 1.1gray,VISp,RS,siegle_survey_2019,Siegle2019
4.2788241677977,brain observatory 1.1gray,VISp,FS,siegle_survey_2019,Siegle2019
1.6743675013439,brain observatory 1.1gray,VISp,RS,siegle_survey_2019,Siegle2019
10.5205470320128,brain observatory 1.1gray,VISp,RS,siegle_survey_2019,Siegle2019
4.56524558731787,brain observatory 1.1gray,VISp,RS,siegle_survey_2019,Siegle2019
2.44295739827882,brain observatory 1.1gray,VISp,RS,siegle_survey_2019,Siegle2019
52.1955755936843,brain observatory 1.1gray,VISp,FS,siegle_survey_2019,Siegle2019
2.119126661624,brain observatory 1.1gray,VISp,RS,siegle_survey_2019,Siegle2019
2.93497874652742,brain observatory 1.1gray,VISp,RS,siegle_survey_2019,Siegle2019
3.40118687564186,brain observatory 1.1gray,VISp,FS,siegle_survey_2019,Siegle2019
1.26404640754906,brain observatory 1.1gray,VISp,RS,siegle_survey_2019,Siegle2019
2.20900436956586,brain observatory 1.1gray,VISp,RS,siegle_survey_2019,Siegle2019
4.29595119857249,brain observatory 1.1gray,VISp,RS,siegle_survey_2019,Siegle2019
2.64357421093532,brain observatory 1.1gray,VISp,FS,siegle_survey_2019,Siegle2019
2.8874384295426,brain observatory 1.1gray,VISp,RS,siegle_survey_2019,Siegle2019
4.32656012394706,brain observatory 1.1gray,VISp,RS,siegle_survey_2019,Siegle2019
0.807402832083632,brain observatory 1.1gray,VISp,RS,siegle_survey_2019,Siegle2019
1.33034631891657,brain observatory 1.1gray,VISp,RS,siegle_survey_2019,Siegle2019
0.954523483822642,brain observatory 1.1gray,VISp,RS,siegle_survey_2019,Siegle2019
3.216894782639,brain observatory 1.1gray,VISp,RS,siegle_survey_2019,Siegle2019
2.94593453974202,brain observatory 1.1gray,VISp,RS,siegle_survey_2019,Siegle2019
4.266401080849,brain observatory 1.1gray,VISp,RS,siegle_survey_2019,Siegle2019
2.88880790369443,brain observatory 1.1gray,VISp,RS,siegle_survey_2019,Siegle2019
23.6037673829596,brain observatory 1.1gray,VISp,FS,siegle_survey_2019,Siegle2019
8.2571465788519,brain observatory 1.1gray,VISp,FS,siegle_survey_2019,Siegle2019
8.44748834129369,brain observatory 1.1gray,VISp,FS,siegle_survey_2019,Siegle2019
4.97059856660336,brain observatory 1.1gray,VISp,RS,siegle_survey_2019,Siegle2019
3.99240843090155,brain observatory 1.1gray,VISp,RS,siegle_survey_2019,Siegle2019
1.95854367627556,brain observatory 1.1gray,VISp,RS,siegle_survey_2019,Siegle2019
33.7084324122069,brain observatory 1.1gray,VISp,FS,siegle_survey_2019,Siegle2019
2.06696145927584,brain observatory 1.1gray,VISp,RS,siegle_survey_2019,Siegle2019
6.82487225520657,brain observatory 1.1gray,VISp,RS,siegle_survey_2019,Siegle2019
2.10488177135638,brain observatory 1.1gray,VISp,RS,siegle_survey_2019,Siegle2019
4.05061108235415,brain observatory 1.1gray,VISp,RS,siegle_survey_2019,Siegle2019
14.5555593071511,brain observatory 1.1gray,VISp,FS,siegle_survey_2019,Siegle2019
1.18726645604094,brain observatory 1.1gray,VISp,RS,siegle_survey_2019,Siegle2019
45.575224274897,brain observatory 1.1gray,VISp,FS,siegle_survey_2019,Siegle2019
3.99854179817194,brain observatory 1.1gray,VISp,RS,siegle_survey_2019,Siegle2019
1.96353434812668,brain observatory 1.1gray,VISp,RS,siegle_survey_2019,Siegle2019
2.18382217425092,brain observatory 1.1gray,VISp,RS,siegle_survey_2019,Siegle2019
2.2362534703494,brain observatory 1.1gray,VISp,RS,siegle_survey_2019,Siegle2019
8.16204758039293,brain observatory 1.1gray,VISp,FS,siegle_survey_2019,Siegle2019
3.18480995965337,brain observatory 1.1gray,VISp,RS,siegle_survey_2019,Siegle2019
4.79648539718789,brain observatory 1.1gray,VISp,RS,siegle_survey_2019,Siegle2019
4.11908478994544,brain observatory 1.1gray,VISp,RS,siegle_survey_2019,Siegle2019
1.69110493834042,brain observatory 1.1gray,VISp,RS,siegle_survey_2019,Siegle2019
26.768915606576,brain observatory 1.1gray,VISp,FS,siegle_survey_2019,Siegle2019
3.53930812581173,brain observatory 1.1gray,VISp,RS,siegle_survey_2019,Siegle2019
1.87083384784996,brain observatory 1.1gray,VISp,RS,siegle_survey_2019,Siegle2019
6.69521177150773,brain observatory 1.1gray,VISp,RS,siegle_survey_2019,Siegle2019
0.413934267983461,brain observatory 1.1gray,VISp,FS,siegle_survey_2019,Siegle2019
60.450323674354,brain observatory 1.1gray,VISp,FS,siegle_survey_2019,Siegle2019
0.704117320006783,brain observatory 1.1gray,VISp,RS,siegle_survey_2019,Siegle2019
12.0187986151708,brain observatory 1.1gray,VISp,RS,siegle_survey_2019,Siegle2019
39.9447242408751,brain observatory 1.1gray,VISp,FS,siegle_survey_2019,Siegle2019
16.9099939378088,brain observatory 1.1gray,VISp,FS,siegle_survey_2019,Siegle2019
16.9417221236526,brain observatory 1.1gray,VISp,RS,siegle_survey_2019,Siegle2019
2.28936950352379,brain observatory 1.1gray,VISp,RS,siegle_survey_2019,Siegle2019
7.98618633595492,brain observatory 1.1gray,VISp,RS,siegle_survey_2019,Siegle2019
5.90742688669578,brain observatory 1.1gray,VISp,FS,siegle_survey_2019,Siegle2019
5.05449195479532,brain observatory 1.1gray,VISp,FS,siegle_survey_2019,Siegle2019
2.7344486028672,brain observatory 1.1gray,VISp,RS,siegle_survey_2019,Siegle2019
9.48957549591292,brain observatory 1.1gray,VISp,RS,siegle_survey_2019,Siegle2019
30.3558618689548,brain observatory 1.1gray,VISp,FS,siegle_survey_2019,Siegle2019
16.617101538673,brain observatory 1.1gray,VISp,RS,siegle_survey_2019,Siegle2019
11.5657961296632,brain observatory 1.1gray,VISp,FS,siegle_survey_2019,Siegle2019
15.1968590236473,brain observatory 1.1gray,VISp,RS,siegle_survey_2019,Siegle2019
4.0445462682532,brain observatory 1.1gray,VISp,RS,siegle_survey_2019,Siegle2019
4.80988667995933,brain observatory 1.1gray,VISp,RS,siegle_survey_2019,Siegle2019
13.0593055118116,brain observatory 1.1gray,VISp,RS,siegle_survey_2019,Siegle2019
16.5992983746993,brain observatory 1.1gray,VISp,RS,siegle_survey_2019,Siegle2019
4.77075884705002,brain observatory 1.1gray,VISp,FS,siegle_survey_2019,Siegle2019
1.91188373553121,brain observatory 1.1gray,VISp,RS,siegle_survey_2019,Siegle2019
8.85747070000835,brain observatory 1.1gray,VISp,RS,siegle_survey_2019,Siegle2019
4.64484833116084,brain observatory 1.1gray,VISp,RS,siegle_survey_2019,Siegle2019
17.2016448418463,brain observatory 1.1gray,VISp,RS,siegle_survey_2019,Siegle2019
4.12964930483095,brain observatory 1.1gray,VISp,RS,siegle_survey_2019,Siegle2019
4.12003478026419,brain observatory 1.1gray,VISp,RS,siegle_survey_2019,Siegle2019
5.0588955108377,brain observatory 1.1gray,VISp,FS,siegle_survey_2019,Siegle2019
2.00373091097504,brain observatory 1.1gray,VISp,RS,siegle_survey_2019,Siegle2019
2.80605253709124,brain observatory 1.1gray,VISp,RS,siegle_survey_2019,Siegle2019
11.2112979635049,brain observatory 1.1gray,VISp,FS,siegle_survey_2019,Siegle2019
6.74602967189431,brain observatory 1.1gray,VISp,RS,siegle_survey_2019,Siegle2019
2.20162533822466,brain observatory 1.1gray,VISp,RS,siegle_survey_2019,Siegle2019
2.5722637354581,brain observatory 1.1gray,VISp,RS,siegle_survey_2019,Siegle2019
2.82356224231815,brain observatory 1.1gray,VISp,RS,siegle_survey_2019,Siegle2019
15.6214456927932,brain observatory 1.1gray,VISp,RS,siegle_survey_2019,Siegle2019
16.7347549896609,brain observatory 1.1gray,VISp,RS,siegle_survey_2019,Siegle2019
4.19839549547983,brain observatory 1.1gray,VISp,RS,siegle_survey_2019,Siegle2019
2.06604739719389,brain observatory 1.1gray,VISp,RS,siegle_survey_2019,Siegle2019
2.40802465682127,brain observatory 1.1gray,VISp,RS,siegle_survey_2019,Siegle2019
0.311261910793569,brain observatory 1.1gray,VISp,RS,siegle_survey_2019,Siegle2019
8.94463852730874,brain observatory 1.1gray,VISp,RS,siegle_survey_2019,Siegle2019
3.58450077282198,brain observatory 1.1gray,VISp,RS,siegle_survey_2019,Siegle2019
3.03113539590205,brain observatory 1.1gray,VISp,RS,siegle_survey_2019,Siegle2019
1.17363934811478,brain observatory 1.1gray,VISp,RS,siegle_survey_2019,Siegle2019
38.5383721065322,brain observatory 1.1gray,VISp,FS,siegle_survey_2019,Siegle2019
6.13528268396545,brain observatory 1.1gray,VISp,FS,siegle_survey_2019,Siegle2019
1.26212690876136,brain observatory 1.1gray,VISp,RS,siegle_survey_2019,Siegle2019
14.9627188735309,brain observatory 1.1gray,VISp,RS,siegle_survey_2019,Siegle2019
2.65286023629881,brain observatory 1.1gray,VISp,RS,siegle_survey_2019,Siegle2019
9.27829258128886,brain observatory 1.1gray,VISp,RS,siegle_survey_2019,Siegle2019
0.994752018803681,brain observatory 1.1gray,VISp,RS,siegle_survey_2019,Siegle2019
16.9889137708937,brain observatory 1.1gray,VISp,FS,siegle_survey_2019,Siegle2019
1.07122224547466,brain observatory 1.1gray,VISp,RS,siegle_survey_2019,Siegle2019
14.1372214831253,brain observatory 1.1gray,VISp,FS,siegle_survey_2019,Siegle2019
5.13669166758636,brain observatory 1.1gray,VISp,FS,siegle_survey_2019,Siegle2019
2.83627878801368,brain observatory 1.1gray,VISp,FS,siegle_survey_2019,Siegle2019
13.4185968375014,brain observatory 1.1gray,VISp,FS,siegle_survey_2019,Siegle2019
6.99253501922297,brain observatory 1.1gray,VISp,FS,siegle_survey_2019,Siegle2019
2.26227347923409,brain observatory 1.1gray,VISp,RS,siegle_survey_2019,Siegle2019
0.657054134129605,brain observatory 1.1gray,VISp,RS,siegle_survey_2019,Siegle2019
7.50863113529678,brain observatory 1.1gray,VISp,FS,siegle_survey_2019,Siegle2019
1.84384795312873,brain observatory 1.1gray,VISp,FS,siegle_survey_2019,Siegle2019
18.4645621324614,brain observatory 1.1gray,VISp,FS,siegle_survey_2019,Siegle2019
2.6391979213981,brain observatory 1.1gray,VISp,FS,siegle_survey_2019,Siegle2019
1.22421207215007,brain observatory 1.1gray,VISp,RS,siegle_survey_2019,Siegle2019
1.27732810532446,brain observatory 1.1gray,VISp,RS,siegle_survey_2019,Siegle2019
0.41969276434657,brain observatory 1.1gray,VISp,RS,siegle_survey_2019,Siegle2019
1.22411425256779,brain observatory 1.1gray,VISp,RS,siegle_survey_2019,Siegle2019
0.710072347721721,brain observatory 1.1gray,VISp,RS,siegle_survey_2019,Siegle2019
15.8365990917145,brain observatory 1.1gray,LGd,FS,siegle_survey_2019,Siegle2019
10.121392177816,brain observatory 1.1gray,LGd,FS,siegle_survey_2019,Siegle2019
12.0887396164962,brain observatory 1.1gray,VISp,FS,siegle_survey_2019,Siegle2019
2.40665518266945,brain observatory 1.1gray,VISp,RS,siegle_survey_2019,Siegle2019
2.21103678004696,brain observatory 1.1gray,VISp,RS,siegle_survey_2019,Siegle2019
5.40406655754404,brain observatory 1.1gray,VISp,FS,siegle_survey_2019,Siegle2019
1.53616358862929,brain observatory 1.1gray,VISp,RS,siegle_survey_2019,Siegle2019
0.84096629240066,brain observatory 1.1gray,VISp,RS,siegle_survey_2019,Siegle2019
0.70219782121908,brain observatory 1.1gray,VISp,RS,siegle_survey_2019,Siegle2019
3.11949632643353,brain observatory 1.1gray,VISp,RS,siegle_survey_2019,Siegle2019
5.98136260799743,brain observatory 1.1gray,VISp,RS,siegle_survey_2019,Siegle2019
2.09570142925079,brain observatory 1.1gray,VISp,RS,siegle_survey_2019,Siegle2019
6.28234485720456,brain observatory 1.1gray,VISp,RS,siegle_survey_2019,Siegle2019
4.1562244588005,brain observatory 1.1gray,VISp,RS,siegle_survey_2019,Siegle2019
1.67614727987473,brain observatory 1.1gray,VISp,RS,siegle_survey_2019,Siegle2019
12.7253853624741,brain observatory 1.1gray,LGd,FS,siegle_survey_2019,Siegle2019
4.55301611425232,brain observatory 1.1gray,VISp,FS,siegle_survey_2019,Siegle2019
32.0530058193971,brain observatory 1.1gray,VISp,FS,siegle_survey_2019,Siegle2019
12.7188404511506,brain observatory 1.1gray,LGd,FS,siegle_survey_2019,Siegle2019
6.18032749807145,brain observatory 1.1gray,VISp,FS,siegle_survey_2019,Siegle2019
0.487220835859884,brain observatory 1.1gray,VISp,RS,siegle_survey_2019,Siegle2019
6.90738224718748,brain observatory 1.1gray,VISp,FS,siegle_survey_2019,Siegle2019
5.55714915104224,brain observatory 1.1gray,LGd,FS,siegle_survey_2019,Siegle2019
2.53915619724727,brain observatory 1.1gray,VISp,RS,siegle_survey_2019,Siegle2019
1.87087006880833,brain observatory 1.1gray,VISp,FS,siegle_survey_2019,Siegle2019
10.0748001639455,brain observatory 1.1gray,LGd,FS,siegle_survey_2019,Siegle2019
27.428391315165,brain observatory 1.1gray,VISp,FS,siegle_survey_2019,Siegle2019
9.93746091363375,brain observatory 1.1gray,LGd,FS,siegle_survey_2019,Siegle2019
10.3173073029178,brain observatory 1.1gray,VISp,RS,siegle_survey_2019,Siegle2019
14.2228339309074,brain observatory 1.1gray,VISp,RS,siegle_survey_2019,Siegle2019
4.49290243711608,brain observatory 1.1gray,VISp,RS,siegle_survey_2019,Siegle2019
18.4021312812766,brain observatory 1.1gray,VISp,FS,siegle_survey_2019,Siegle2019
3.90087066332328,brain observatory 1.1gray,VISp,RS,siegle_survey_2019,Siegle2019
3.31712727871044,brain observatory 1.1gray,LGd,FS,siegle_survey_2019,Siegle2019
4.61333672315152,brain observatory 1.1gray,VISp,RS,siegle_survey_2019,Siegle2019
1.95136652459491,brain observatory 1.1gray,VISp,RS,siegle_survey_2019,Siegle2019
11.1624166227954,brain observatory 1.1gray,VISp,RS,siegle_survey_2019,Siegle2019
11.7675427846567,brain observatory 1.1gray,LGd,FS,siegle_survey_2019,Siegle2019
17.5411934467805,brain observatory 1.1gray,LGd,RS,siegle_survey_2019,Siegle2019
15.4386147122418,brain observatory 1.1gray,LGd,FS,siegle_survey_2019,Siegle2019
4.36553593702189,brain observatory 1.1gray,VISp,RS,siegle_survey_2019,Siegle2019
5.81178202826195,brain observatory 1.1gray,VISp,RS,siegle_survey_2019,Siegle2019
5.51773199311356,brain observatory 1.1gray,VISp,RS,siegle_survey_2019,Siegle2019
19.1898877754098,brain observatory 1.1gray,LGd,FS,siegle_survey_2019,Siegle2019
27.8129642753184,brain observatory 1.1gray,LGd,FS,siegle_survey_2019,Siegle2019
12.9331317183371,brain observatory 1.1gray,VISp,RS,siegle_survey_2019,Siegle2019
10.6090810886738,brain observatory 1.1gray,VISp,RS,siegle_survey_2019,Siegle2019
4.14173923539417,brain observatory 1.1gray,VISp,RS,siegle_survey_2019,Siegle2019
1.6211034309307,brain observatory 1.1gray,VISp,RS,siegle_survey_2019,Siegle2019
4.62637342421721,brain observatory 1.1gray,VISp,RS,siegle_survey_2019,Siegle2019
1.45669614526891,brain observatory 1.1gray,VISp,RS,siegle_survey_2019,Siegle2019
3.41852146048373,brain observatory 1.1gray,LGd,FS,siegle_survey_2019,Siegle2019
3.36119262555621,brain observatory 1.1gray,VISp,RS,siegle_survey_2019,Siegle2019
4.21126830774453,brain observatory 1.1gray,VISp,RS,siegle_survey_2019,Siegle2019
1.77123242494911,brain observatory 1.1gray,VISp,RS,siegle_survey_2019,Siegle2019
31.4572332327215,brain observatory 1.1gray,LGd,FS,siegle_survey_2019,Siegle2019
1.49352999907357,brain observatory 1.1gray,VISp,RS,siegle_survey_2019,Siegle2019
6.81964317969774,brain observatory 1.1gray,VISp,FS,siegle_survey_2019,Siegle2019
14.2514939800757,brain observatory 1.1gray,VISp,FS,siegle_survey_2019,Siegle2019
1.80992866462029,brain observatory 1.1gray,VISp,RS,siegle_survey_2019,Siegle2019
9.5300142118767,brain observatory 1.1gray,LGd,RS,siegle_survey_2019,Siegle2019
0.267510264412132,brain observatory 1.1gray,LGd,FS,siegle_survey_2019,Siegle2019
6.44050440474956,brain observatory 1.1gray,LGd,FS,siegle_survey_2019,Siegle2019
2.5741276651854,brain observatory 1.1gray,VISp,RS,siegle_survey_2019,Siegle2019
9.2528503143159,brain observatory 1.1gray,VISp,RS,siegle_survey_2019,Siegle2019
8.29022100974296,brain observatory 1.1gray,LGd,FS,siegle_survey_2019,Siegle2019
8.23174553005147,brain observatory 1.1gray,VISp,FS,siegle_survey_2019,Siegle2019
13.5433734872693,brain observatory 1.1gray,VISp,FS,siegle_survey_2019,Siegle2019
8.30383026979655,brain observatory 1.1gray,LGd,RS,siegle_survey_2019,Siegle2019
6.71472877588336,brain observatory 1.1gray,VISp,FS,siegle_survey_2019,Siegle2019
14.4027526359492,brain observatory 1.1gray,LGd,FS,siegle_survey_2019,Siegle2019
3.95281053582311,brain observatory 1.1gray,VISp,FS,siegle_survey_2019,Siegle2019
3.94463673118668,brain observatory 1.1gray,VISp,FS,siegle_survey_2019,Siegle2019
3.77360887165292,brain observatory 1.1gray,LGd,RS,siegle_survey_2019,Siegle2019
38.8233750960777,brain observatory 1.1gray,LGd,FS,siegle_survey_2019,Siegle2019
1.84852143841,brain observatory 1.1gray,VISp,RS,siegle_survey_2019,Siegle2019
66.1486915340561,brain observatory 1.1gray,LGd,RS,siegle_survey_2019,Siegle2019
12.9397052364478,brain observatory 1.1gray,LGd,RS,siegle_survey_2019,Siegle2019
0.290014865770918,brain observatory 1.1gray,VISp,RS,siegle_survey_2019,Siegle2019
10.5893191053123,brain observatory 1.1gray,VISp,FS,siegle_survey_2019,Siegle2019
0.947540542536593,brain observatory 1.1gray,VISp,RS,siegle_survey_2019,Siegle2019
2.76119397888994,brain observatory 1.1gray,VISp,FS,siegle_survey_2019,Siegle2019
0.0943608839040591,brain observatory 1.1gray,VISp,RS,siegle_survey_2019,Siegle2019
11.7956278174148,brain observatory 1.1gray,VISp,FS,siegle_survey_2019,Siegle2019
6.39687166259302,brain observatory 1.1gray,LGd,FS,siegle_survey_2019,Siegle2019
4.06044220759152,brain observatory 1.1gray,LGd,FS,siegle_survey_2019,Siegle2019
7.53942618220647,brain observatory 1.1gray,LGd,FS,siegle_survey_2019,Siegle2019
16.7217289940881,brain observatory 1.1gray,LGd,FS,siegle_survey_2019,Siegle2019
16.7319099672579,brain observatory 1.1gray,LGd,FS,siegle_survey_2019,Siegle2019
14.5825818661229,brain observatory 1.1gray,LGd,RS,siegle_survey_2019,Siegle2019
13.9990458835198,brain observatory 1.1gray,LGd,RS,siegle_survey_2019,Siegle2019
9.58839897638141,brain observatory 1.1gray,LGd,FS,siegle_survey_2019,Siegle2019
11.7394931646989,brain observatory 1.1gray,LGd,FS,siegle_survey_2019,Siegle2019
16.4373889577013,brain observatory 1.1gray,LGd,FS,siegle_survey_2019,Siegle2019
14.2235467306634,brain observatory 1.1gray,LGd,RS,siegle_survey_2019,Siegle2019
6.13434799728449,brain observatory 1.1gray,LGd,FS,siegle_survey_2019,Siegle2019
15.1341205044779,brain observatory 1.1gray,LGd,FS,siegle_survey_2019,Siegle2019
19.3025018051662,brain observatory 1.1gray,LGd,FS,siegle_survey_2019,Siegle2019
13.6906039514656,brain observatory 1.1gray,LGd,FS,siegle_survey_2019,Siegle2019
14.8019922266815,brain observatory 1.1gray,LGd,RS,siegle_survey_2019,Siegle2019
16.2234846336529,brain observatory 1.1gray,LGd,FS,siegle_survey_2019,Siegle2019
7.44894018597231,brain observatory 1.1gray,LGd,RS,siegle_survey_2019,Siegle2019
15.8676700101144,brain observatory 1.1gray,LGd,FS,siegle_survey_2019,Siegle2019
4.90339082550801,brain observatory 1.1gray,VISpm,RS,siegle_survey_2019,Siegle2019
1.3477666987915,brain observatory 1.1gray,VISpm,RS,siegle_survey_2019,Siegle2019
5.87758488965323,brain observatory 1.1gray,VISpm,FS,siegle_survey_2019,Siegle2019
3.16378457800623,brain observatory 1.1gray,VISl,RS,siegle_survey_2019,Siegle2019
0.619590375570957,brain observatory 1.1gray,VISl,FS,siegle_survey_2019,Siegle2019
3.26463675312679,brain observatory 1.1gray,VISl,RS,siegle_survey_2019,Siegle2019
4.73604162040471,brain observatory 1.1gray,VISl,RS,siegle_survey_2019,Siegle2019
1.45123863450785,brain observatory 1.1gray,VISpm,RS,siegle_survey_2019,Siegle2019
2.65184992523074,brain observatory 1.1gray,VISpm,RS,siegle_survey_2019,Siegle2019
0.601787178798946,brain observatory 1.1gray,VISl,RS,siegle_survey_2019,Siegle2019
4.29428757302889,brain observatory 1.1gray,VISl,RS,siegle_survey_2019,Siegle2019
9.76172978073465,brain observatory 1.1gray,VISpm,RS,siegle_survey_2019,Siegle2019
2.90475784694973,brain observatory 1.1gray,VISl,RS,siegle_survey_2019,Siegle2019
5.03850032600392,brain observatory 1.1gray,VISl,RS,siegle_survey_2019,Siegle2019
2.41321354046977,brain observatory 1.1gray,VISl,RS,siegle_survey_2019,Siegle2019
2.22617290789921,brain observatory 1.1gray,VISpm,RS,siegle_survey_2019,Siegle2019
1.99072998630321,brain observatory 1.1gray,VISl,RS,siegle_survey_2019,Siegle2019
8.18096019578873,brain observatory 1.1gray,VISl,FS,siegle_survey_2019,Siegle2019
4.1180356755796,brain observatory 1.1gray,VISpm,RS,siegle_survey_2019,Siegle2019
9.43882452156501,brain observatory 1.1gray,VISl,FS,siegle_survey_2019,Siegle2019
7.99607540666962,brain observatory 1.1gray,VISpm,RS,siegle_survey_2019,Siegle2019
2.95500269721758,brain observatory 1.1gray,VISpm,RS,siegle_survey_2019,Siegle2019
1.04588890047437,brain observatory 1.1gray,VISl,RS,siegle_survey_2019,Siegle2019
11.0033538027273,brain observatory 1.1gray,VISl,RS,siegle_survey_2019,Siegle2019
7.57124048037139,brain observatory 1.1gray,VISpm,RS,siegle_survey_2019,Siegle2019
7.40924321784092,brain observatory 1.1gray,VISpm,RS,siegle_survey_2019,Siegle2019
6.42357566336704,brain observatory 1.1gray,VISpm,RS,siegle_survey_2019,Siegle2019
4.80307673116654,brain observatory 1.1gray,VISpm,RS,siegle_survey_2019,Siegle2019
8.64501180920395,brain observatory 1.1gray,VISpm,RS,siegle_survey_2019,Siegle2019
0.940928295329497,brain observatory 1.1gray,VISl,RS,siegle_survey_2019,Siegle2019
1.38297580199277,brain observatory 1.1gray,VISl,RS,siegle_survey_2019,Siegle2019
0.943765068441521,brain observatory 1.1gray,VISl,RS,siegle_survey_2019,Siegle2019
1.5661922171245,brain observatory 1.1gray,VISl,RS,siegle_survey_2019,Siegle2019
31.9212296319772,brain observatory 1.1gray,VISl,FS,siegle_survey_2019,Siegle2019
9.43765068441521,brain observatory 1.1gray,VISl,FS,siegle_survey_2019,Siegle2019
2.6950070906872,brain observatory 1.1gray,VISpm,RS,siegle_survey_2019,Siegle2019
3.09716931975492,brain observatory 1.1gray,VISl,RS,siegle_survey_2019,Siegle2019
5.81734127489814,brain observatory 1.1gray,VISl,RS,siegle_survey_2019,Siegle2019
4.11456205006725,brain observatory 1.1gray,VISpm,RS,siegle_survey_2019,Siegle2019
3.77688354571524,brain observatory 1.1gray,VISpm,FS,siegle_survey_2019,Siegle2019
4.88970684621694,brain observatory 1.1gray,VISpm,RS,siegle_survey_2019,Siegle2019
5.95477804118756,brain observatory 1.1gray,VISl,RS,siegle_survey_2019,Siegle2019
5.5924536409484,brain observatory 1.1gray,VISl,RS,siegle_survey_2019,Siegle2019
7.16930821218361,brain observatory 1.1gray,VISl,RS,siegle_survey_2019,Siegle2019
4.47633015101082,brain observatory 1.1gray,VISl,RS,siegle_survey_2019,Siegle2019
2.07974597016326,brain observatory 1.1gray,VISl,RS,siegle_survey_2019,Siegle2019
4.46018989020103,brain observatory 1.1gray,VISl,RS,siegle_survey_2019,Siegle2019
13.5517542549494,brain observatory 1.1gray,VISl,RS,siegle_survey_2019,Siegle2019
6.30076654109196,brain observatory 1.1gray,VISl,RS,siegle_survey_2019,Siegle2019
2.20593346376707,brain observatory 1.1gray,VISl,RS,siegle_survey_2019,Siegle2019
3.13023239947436,brain observatory 1.1gray,VISl,RS,siegle_survey_2019,Siegle2019
2.39306266939815,brain observatory 1.1gray,VISl,RS,siegle_survey_2019,Siegle2019
1.43775486898357,brain observatory 1.1gray,VISl,RS,siegle_survey_2019,Siegle2019
18.0066430877435,brain observatory 1.1gray,VISpm,RS,siegle_survey_2019,Siegle2019
0.844301522259189,brain observatory 1.1gray,VISpm,RS,siegle_survey_2019,Siegle2019
9.32271246349701,brain observatory 1.1gray,VISl,RS,siegle_survey_2019,Siegle2019
4.04330009637451,brain observatory 1.1gray,VISpm,FS,siegle_survey_2019,Siegle2019
0.404093438819644,brain observatory 1.1gray,VISl,RS,siegle_survey_2019,Siegle2019
18.3800848584806,brain observatory 1.1gray,VISl,FS,siegle_survey_2019,Siegle2019
0.909353054581365,brain observatory 1.1gray,VISpm,RS,siegle_survey_2019,Siegle2019
2.61578289228469,brain observatory 1.1gray,VISl,RS,siegle_survey_2019,Siegle2019
10.2588887808536,brain observatory 1.1gray,VISl,RS,siegle_survey_2019,Siegle2019
3.81661828892152,brain observatory 1.1gray,VISl,FS,siegle_survey_2019,Siegle2019
1.32030600016069,brain observatory 1.1gray,VISl,RS,siegle_survey_2019,Siegle2019
3.04972090177963,brain observatory 1.1gray,VISl,RS,siegle_survey_2019,Siegle2019
8.18841127804437,brain observatory 1.1gray,VISl,FS,siegle_survey_2019,Siegle2019
2.8116107945825,brain observatory 1.1gray,VISl,RS,siegle_survey_2019,Siegle2019
4.01442005336451,brain observatory 1.1gray,VISl,RS,siegle_survey_2019,Siegle2019
7.89534469322626,brain observatory 1.1gray,VISl,RS,siegle_survey_2019,Siegle2019
5.20237340231702,brain observatory 1.1gray,VISl,RS,siegle_survey_2019,Siegle2019
6.5346264628301,brain observatory 1.1gray,VISl,RS,siegle_survey_2019,Siegle2019
8.70639425993131,brain observatory 1.1gray,VISl,FS,siegle_survey_2019,Siegle2019
0.57792605861153,brain observatory 1.1gray,VISl,FS,siegle_survey_2019,Siegle2019
7.64424865086349,brain observatory 1.1gray,VISl,RS,siegle_survey_2019,Siegle2019
6.73460986438092,brain observatory 1.1gray,VISl,RS,siegle_survey_2019,Siegle2019
15.8131290824187,brain observatory 1.1gray,VISl,RS,siegle_survey_2019,Siegle2019
9.60938424760908,brain observatory 1.1gray,VISl,RS,siegle_survey_2019,Siegle2019
1.50439461706877,brain observatory 1.1gray,VISl,RS,siegle_survey_2019,Siegle2019
16.3323587140816,brain observatory 1.1gray,VISl,RS,siegle_survey_2019,Siegle2019
0.944025542801182,brain observatory 1.1gray,VISl,RS,siegle_survey_2019,Siegle2019
7.37621894904474,brain observatory 1.1gray,VISl,RS,siegle_survey_2019,Siegle2019
2.56705966354322,brain observatory 1.1gray,VISl,RS,siegle_survey_2019,Siegle2019
0.590288668889217,brain observatory 1.1gray,VISl,RS,siegle_survey_2019,Siegle2019
4.90078804403026,brain observatory 1.1gray,VISl,RS,siegle_survey_2019,Siegle2019
1.72401275259003,brain observatory 1.1gray,VISl,RS,siegle_survey_2019,Siegle2019
2.80226092126324,brain observatory 1.1gray,VISl,RS,siegle_survey_2019,Siegle2019
2.12304456835974,brain observatory 1.1gray,VISl,RS,siegle_survey_2019,Siegle2019
1.94726694995767,brain observatory 1.1gray,VISl,RS,siegle_survey_2019,Siegle2019
2.002015652616,brain observatory 1.1gray,VISl,RS,siegle_survey_2019,Siegle2019
13.925285771779,brain observatory 1.1gray,VISl,RS,siegle_survey_2019,Siegle2019
0.716096408773913,brain observatory 1.1gray,VISl,RS,siegle_survey_2019,Siegle2019
3.58328700586534,brain observatory 1.1gray,VISl,RS,siegle_survey_2019,Siegle2019
0.21857926070801,brain observatory 1.1gray,VISl,RS,siegle_survey_2019,Siegle2019
1.10650556359364,brain observatory 1.1gray,VISl,RS,siegle_survey_2019,Siegle2019
2.6534940480057,brain observatory 1.1gray,VISl,RS,siegle_survey_2019,Siegle2019
1.59290675115776,brain observatory 1.1gray,VISl,RS,siegle_survey_2019,Siegle2019
1.85802760349941,brain observatory 1.1gray,VISl,RS,siegle_survey_2019,Siegle2019
1.00033255767939,brain observatory 1.1gray,VISl,RS,siegle_survey_2019,Siegle2019
0.397161841105857,brain observatory 1.1gray,VISl,RS,siegle_survey_2019,Siegle2019
1.12177702334843,brain observatory 1.1gray,VISl,FS,siegle_survey_2019,Siegle2019
2.69261054917991,brain observatory 1.1gray,VISl,RS,siegle_survey_2019,Siegle2019
3.84967571101049,brain observatory 1.1gray,VISl,RS,siegle_survey_2019,Siegle2019
2.28753944942433,brain observatory 1.1gray,VISl,RS,siegle_survey_2019,Siegle2019
5.88434318909314,brain observatory 1.1gray,VISl,RS,siegle_survey_2019,Siegle2019
2.99638800738742,brain observatory 1.1gray,VISl,RS,siegle_survey_2019,Siegle2019
2.48795393734938,brain observatory 1.1gray,VISl,RS,siegle_survey_2019,Siegle2019
3.05743320505174,brain observatory 1.1gray,VISl,RS,siegle_survey_2019,Siegle2019
4.09685702833261,brain observatory 1.1gray,VISl,RS,siegle_survey_2019,Siegle2019
3.21510977204919,brain observatory 1.1gray,VISl,RS,siegle_survey_2019,Siegle2019
4.50823958072806,brain observatory 1.1gray,VISl,RS,siegle_survey_2019,Siegle2019
5.74269763722459,brain observatory 1.1gray,VISl,RS,siegle_survey_2019,Siegle2019
1.27925902359593,brain observatory 1.1gray,VISl,RS,siegle_survey_2019,Siegle2019
1.27336143670293,brain observatory 1.1gray,VISl,RS,siegle_survey_2019,Siegle2019
2.78417834567638,brain observatory 1.1gray,VISl,RS,siegle_survey_2019,Siegle2019
1.93440850090177,brain observatory 1.1gray,VISl,RS,siegle_survey_2019,Siegle2019
6.20477874361244,brain observatory 1.1gray,VISl,RS,siegle_survey_2019,Siegle2019
3.28485243296049,brain observatory 1.1gray,VISl,RS,siegle_survey_2019,Siegle2019
1.96275830456282,brain observatory 1.1gray,VISl,RS,siegle_survey_2019,Siegle2019
1.48877855795226,brain observatory 1.1gray,VISl,RS,siegle_survey_2019,Siegle2019
10.0554891189901,brain observatory 1.1gray,VISl,FS,siegle_survey_2019,Siegle2019
1.43228588350359,brain observatory 1.1gray,VISl,RS,siegle_survey_2019,Siegle2019
24.8995083957806,brain observatory 1.1gray,VISl,FS,siegle_survey_2019,Siegle2019
4.0050822989627,brain observatory 1.1gray,VISl,RS,siegle_survey_2019,Siegle2019
6.95739360430775,brain observatory 1.1gray,VISl,FS,siegle_survey_2019,Siegle2019
0.341232308299852,brain observatory 1.1gray,VISl,RS,siegle_survey_2019,Siegle2019
4.12748309360148,brain observatory 1.1gray,VISl,RS,siegle_survey_2019,Siegle2019
5.90162208402525,brain observatory 1.1gray,VISl,FS,siegle_survey_2019,Siegle2019
3.27098793044012,brain observatory 1.1gray,VISl,RS,siegle_survey_2019,Siegle2019
3.24470745551345,brain observatory 1.1gray,VISl,RS,siegle_survey_2019,Siegle2019
5.57094335227075,brain observatory 1.1gray,VISl,RS,siegle_survey_2019,Siegle2019
6.30669318378083,brain observatory 1.1gray,VISl,RS,siegle_survey_2019,Siegle2019
13.6811599945036,brain observatory 1.1gray,VISl,RS,siegle_survey_2019,Siegle2019
3.890751886388,brain observatory 1.1gray,VISl,RS,siegle_survey_2019,Siegle2019
1.31474801139061,brain observatory 1.1gray,VISl,RS,siegle_survey_2019,Siegle2019
0.729852244617088,brain observatory 1.1gray,VISl,RS,siegle_survey_2019,Siegle2019
2.11350890286267,brain observatory 1.1gray,VISl,RS,siegle_survey_2019,Siegle2019
16.0538523213478,brain observatory 1.1gray,VISl,FS,siegle_survey_2019,Siegle2019
7.65206726044031,brain observatory 1.1gray,VISl,RS,siegle_survey_2019,Siegle2019
2.68981695538849,brain observatory 1.1gray,VISl,RS,siegle_survey_2019,Siegle2019
1.58127755237921,brain observatory 1.1gray,VISl,RS,siegle_survey_2019,Siegle2019
0.926024608636651,brain observatory 1.1gray,VISl,RS,siegle_survey_2019,Siegle2019
15.1326142572786,brain observatory 1.1gray,LP,FS,siegle_survey_2019,Siegle2019
10.5497257637988,brain observatory 1.1gray,LP,FS,siegle_survey_2019,Siegle2019
13.2346986197811,brain observatory 1.1gray,LP,RS,siegle_survey_2019,Siegle2019
16.8002527893942,brain observatory 1.1gray,LP,RS,siegle_survey_2019,Siegle2019
12.4183371848172,brain observatory 1.1gray,LP,FS,siegle_survey_2019,Siegle2019
9.01665801303225,brain observatory 1.1gray,LP,RS,siegle_survey_2019,Siegle2019
13.6886022282233,brain observatory 1.1gray,LP,RS,siegle_survey_2019,Siegle2019
5.88661437981595,brain observatory 1.1gray,LP,RS,siegle_survey_2019,Siegle2019
10.6149847990785,brain observatory 1.1gray,LP,RS,siegle_survey_2019,Siegle2019
6.86352551144725,brain observatory 1.1gray,LP,RS,siegle_survey_2019,Siegle2019
15.1378100403423,brain observatory 1.1gray,LP,RS,siegle_survey_2019,Siegle2019
11.8608296620854,brain observatory 1.1gray,LP,RS,siegle_survey_2019,Siegle2019
18.4511609000449,brain observatory 1.1gray,LP,FS,siegle_survey_2019,Siegle2019
4.698130961832,brain observatory 1.1gray,LP,RS,siegle_survey_2019,Siegle2019
6.39424238513655,brain observatory 1.1gray,LP,RS,siegle_survey_2019,Siegle2019
17.7133597050037,brain observatory 1.1gray,LP,RS,siegle_survey_2019,Siegle2019
10.6823221475837,brain observatory 1.1gray,LP,RS,siegle_survey_2019,Siegle2019
3.8337604913598,brain observatory 1.1gray,LP,RS,siegle_survey_2019,Siegle2019
4.82127102044099,brain observatory 1.1gray,LP,RS,siegle_survey_2019,Siegle2019
18.3902663225386,brain observatory 1.1gray,LP,RS,siegle_survey_2019,Siegle2019
11.1577362979095,brain observatory 1.1gray,LP,FS,siegle_survey_2019,Siegle2019
13.1956263311423,brain observatory 1.1gray,LP,FS,siegle_survey_2019,Siegle2019
5.17655866633476,brain observatory 1.1gray,LP,RS,siegle_survey_2019,Siegle2019
11.6027031594822,brain observatory 1.1gray,LP,FS,siegle_survey_2019,Siegle2019
10.082313119391,brain observatory 1.1gray,LP,RS,siegle_survey_2019,Siegle2019
20.1986066600185,brain observatory 1.1gray,LP,RS,siegle_survey_2019,Siegle2019
16.6099832136026,brain observatory 1.1gray,LP,RS,siegle_survey_2019,Siegle2019
18.2317949390967,brain observatory 1.1gray,LP,RS,siegle_survey_2019,Siegle2019
17.0189952563748,brain observatory 1.1gray,LP,RS,siegle_survey_2019,Siegle2019
13.3723868709684,brain observatory 1.1gray,LP,RS,siegle_survey_2019,Siegle2019
14.2627362567589,brain observatory 1.1gray,LP,RS,siegle_survey_2019,Siegle2019
19.1593461316231,brain observatory 1.1gray,LP,RS,siegle_survey_2019,Siegle2019
8.76112940196093,brain observatory 1.1gray,LP,RS,siegle_survey_2019,Siegle2019
0.449193893659337,brain observatory 1.1gray,VISp,RS,siegle_survey_2019,Siegle2019
5.91729823027525,brain observatory 1.1gray,VISp,RS,siegle_survey_2019,Siegle2019
1.89236313343863,brain observatory 1.1gray,VISp,RS,siegle_survey_2019,Siegle2019
6.18985803827231,brain observatory 1.1gray,VISp,RS,siegle_survey_2019,Siegle2019
3.76623999371286,brain observatory 1.1gray,VISp,RS,siegle_survey_2019,Siegle2019
3.69646558463504,brain observatory 1.1gray,VISp,RS,siegle_survey_2019,Siegle2019
7.82256314933952,brain observatory 1.1gray,LP,RS,siegle_survey_2019,Siegle2019
14.3993853513334,brain observatory 1.1gray,LP,RS,siegle_survey_2019,Siegle2019
14.5388401687624,brain observatory 1.1gray,LP,FS,siegle_survey_2019,Siegle2019
18.2700359024453,brain observatory 1.1gray,LP,RS,siegle_survey_2019,Siegle2019
15.8468265972107,brain observatory 1.1gray,LP,RS,siegle_survey_2019,Siegle2019
11.3833735856902,brain observatory 1.1gray,VISp,FS,siegle_survey_2019,Siegle2019
8.83260605253659,brain observatory 1.1gray,VISp,RS,siegle_survey_2019,Siegle2019
33.8573838582417,brain observatory 1.1gray,VISp,FS,siegle_survey_2019,Siegle2019
4.6623733574749,brain observatory 1.1gray,VISp,FS,siegle_survey_2019,Siegle2019
10.3676655252478,brain observatory 1.1gray,LP,RS,siegle_survey_2019,Siegle2019
3.70885386650916,brain observatory 1.1gray,LP,FS,siegle_survey_2019,Siegle2019
8.85631614768738,brain observatory 1.1gray,LP,FS,siegle_survey_2019,Siegle2019
12.3750945082535,brain observatory 1.1gray,VISp,RS,siegle_survey_2019,Siegle2019
9.90368268429343,brain observatory 1.1gray,VISp,RS,siegle_survey_2019,Siegle2019
2.80258664442963,brain observatory 1.1gray,VISp,RS,siegle_survey_2019,Siegle2019
1.98697135920881,brain observatory 1.1gray,LP,FS,siegle_survey_2019,Siegle2019
19.4926478400807,brain observatory 1.1gray,VISp,RS,siegle_survey_2019,Siegle2019
11.7787994775238,brain observatory 1.1gray,VISp,RS,siegle_survey_2019,Siegle2019
2.40220102077142,brain observatory 1.1gray,VISp,RS,siegle_survey_2019,Siegle2019
5.17396077480293,brain observatory 1.1gray,LP,FS,siegle_survey_2019,Siegle2019
6.81128989165849,brain observatory 1.1gray,VISp,RS,siegle_survey_2019,Siegle2019
5.9021935924458,brain observatory 1.1gray,VISp,FS,siegle_survey_2019,Siegle2019
16.5790163465432,brain observatory 1.1gray,LP,RS,siegle_survey_2019,Siegle2019
21.2203054416586,brain observatory 1.1gray,LP,RS,siegle_survey_2019,Siegle2019
7.90486435306806,brain observatory 1.1gray,LP,RS,siegle_survey_2019,Siegle2019
7.58579710454012,brain observatory 1.1gray,VISp,RS,siegle_survey_2019,Siegle2019
2.96445425579596,brain observatory 1.1gray,VISp,RS,siegle_survey_2019,Siegle2019
15.2504546171626,brain observatory 1.1gray,LGd,FS,siegle_survey_2019,Siegle2019
3.36303634060886,brain observatory 1.1gray,VISp,RS,siegle_survey_2019,Siegle2019
10.201379314947,brain observatory 1.1gray,VISp,RS,siegle_survey_2019,Siegle2019
2.80044494205083,brain observatory 1.1gray,VISp,RS,siegle_survey_2019,Siegle2019
10.0992513721786,brain observatory 1.1gray,LGd,RS,siegle_survey_2019,Siegle2019
15.5281172640852,brain observatory 1.1gray,LGd,FS,siegle_survey_2019,Siegle2019
12.8770419131381,brain observatory 1.1gray,VISp,RS,siegle_survey_2019,Siegle2019
5.48217462613985,brain observatory 1.1gray,LGd,FS,siegle_survey_2019,Siegle2019
3.516090314847,brain observatory 1.1gray,LGd,FS,siegle_survey_2019,Siegle2019
7.08715201450762,brain observatory 1.1gray,LGd,FS,siegle_survey_2019,Siegle2019
2.49293671394903,brain observatory 1.1gray,LGd,RS,siegle_survey_2019,Siegle2019
11.7318703264451,brain observatory 1.1gray,LGd,FS,siegle_survey_2019,Siegle2019
7.46540502154283,brain observatory 1.1gray,LGd,RS,siegle_survey_2019,Siegle2019
9.0242438563052,brain observatory 1.1gray,LGd,RS,siegle_survey_2019,Siegle2019
6.81198334345564,brain observatory 1.1gray,LGd,FS,siegle_survey_2019,Siegle2019
4.20931169120189,brain observatory 1.1gray,LGd,FS,siegle_survey_2019,Siegle2019
13.1716218133881,brain observatory 1.1gray,LGd,FS,siegle_survey_2019,Siegle2019
9.4431278868983,brain observatory 1.1gray,LGd,FS,siegle_survey_2019,Siegle2019
16.8763190534464,brain observatory 1.1gray,LGd,RS,siegle_survey_2019,Siegle2019
4.08222283746452,brain observatory 1.1gray,LGd,FS,siegle_survey_2019,Siegle2019
6.73835928960138,brain observatory 1.1gray,VISp,FS,siegle_survey_2019,Siegle2019
6.62545473146988,brain observatory 1.1gray,LGd,RS,siegle_survey_2019,Siegle2019
14.0474259025647,brain observatory 1.1gray,VISp,FS,siegle_survey_2019,Siegle2019
2.45386442531023,brain observatory 1.1gray,LGd,FS,siegle_survey_2019,Siegle2019
5.64085384090435,brain observatory 1.1gray,LGd,FS,siegle_survey_2019,Siegle2019
8.97280560397487,brain observatory 1.1gray,LGd,FS,siegle_survey_2019,Siegle2019
18.7356819806114,brain observatory 1.1gray,LGd,RS,siegle_survey_2019,Siegle2019
4.46598337454721,brain observatory 1.1gray,LGd,FS,siegle_survey_2019,Siegle2019
11.3556956326354,brain observatory 1.1gray,LGd,FS,siegle_survey_2019,Siegle2019
8.8205448865086,brain observatory 1.1gray,VISp,FS,siegle_survey_2019,Siegle2019
5.36734782043274,brain observatory 1.1gray,LGd,FS,siegle_survey_2019,Siegle2019
3.62655266278063,brain observatory 1.1gray,LGd,FS,siegle_survey_2019,Siegle2019
7.07166858097789,brain observatory 1.1gray,LGd,FS,siegle_survey_2019,Siegle2019
3.27136893254812,brain observatory 1.1gray,LGd,FS,siegle_survey_2019,Siegle2019
2.13606631991077,brain observatory 1.1gray,VISp,RS,siegle_survey_2019,Siegle2019
0.575216170475181,brain observatory 1.1gray,VISp,RS,siegle_survey_2019,Siegle2019
0.361496817306272,brain observatory 1.1gray,VISp,RS,siegle_survey_2019,Siegle2019
4.16452404119305,brain observatory 1.1gray,LGd,FS,siegle_survey_2019,Siegle2019
11.4963974379996,brain observatory 1.1gray,LGd,FS,siegle_survey_2019,Siegle2019
10.2399531775428,brain observatory 1.1gray,LGd,FS,siegle_survey_2019,Siegle2019
7.33779658949908,brain observatory 1.1gray,LGd,FS,siegle_survey_2019,Siegle2019
9.37703752632842,brain observatory 1.1gray,LGd,FS,siegle_survey_2019,Siegle2019
5.47960189675475,brain observatory 1.1gray,VISp,FS,siegle_survey_2019,Siegle2019
6.60433380915948,brain observatory 1.1gray,VISp,FS,siegle_survey_2019,Siegle2019
8.03423935135345,brain observatory 1.1gray,LGd,RS,siegle_survey_2019,Siegle2019
10.3680811878929,brain observatory 1.1gray,LGd,FS,siegle_survey_2019,Siegle2019
16.5095474982711,brain observatory 1.1gray,LP,RS,siegle_survey_2019,Siegle2019
27.2675251918771,brain observatory 1.1gray,LP,FS,siegle_survey_2019,Siegle2019
6.4268719027764,brain observatory 1.1gray,LGd,FS,siegle_survey_2019,Siegle2019
12.1243597790747,brain observatory 1.1gray,LGd,FS,siegle_survey_2019,Siegle2019
10.1219049863362,brain observatory 1.1gray,LGd,RS,siegle_survey_2019,Siegle2019
11.2032513575473,brain observatory 1.1gray,LGd,FS,siegle_survey_2019,Siegle2019
11.136641418671,brain observatory 1.1gray,LGd,FS,siegle_survey_2019,Siegle2019
6.6253508158086,brain observatory 1.1gray,LGd,FS,siegle_survey_2019,Siegle2019
9.53204096098231,brain observatory 1.1gray,VISp,FS,siegle_survey_2019,Siegle2019
13.6926864658365,brain observatory 1.1gray,LGd,FS,siegle_survey_2019,Siegle2019
33.5733621976718,brain observatory 1.1gray,LGd,FS,siegle_survey_2019,Siegle2019
18.8614324616604,brain observatory 1.1gray,LGd,RS,siegle_survey_2019,Siegle2019
5.45617446040065,brain observatory 1.1gray,LGd,FS,siegle_survey_2019,Siegle2019
11.8130201893906,brain observatory 1.1gray,LGd,RS,siegle_survey_2019,Siegle2019
15.259575115063,brain observatory 1.1gray,LGd,RS,siegle_survey_2019,Siegle2019
9.99222604985765,brain observatory 1.1gray,LGd,FS,siegle_survey_2019,Siegle2019
9.23444128579699,brain observatory 1.1gray,LGd,RS,siegle_survey_2019,Siegle2019
10.8446821764409,brain observatory 1.1gray,LGd,FS,siegle_survey_2019,Siegle2019
26.0642159611254,brain observatory 1.1gray,LGd,RS,siegle_survey_2019,Siegle2019
13.759939346317,brain observatory 1.1gray,LGd,RS,siegle_survey_2019,Siegle2019
14.4868912513266,brain observatory 1.1gray,LGd,RS,siegle_survey_2019,Siegle2019
10.9205227324289,brain observatory 1.1gray,LGd,FS,siegle_survey_2019,Siegle2019
9.99377803940719,brain observatory 1.1gray,LGd,RS,siegle_survey_2019,Siegle2019
8.06455156334563,brain observatory 1.1gray,LGd,FS,siegle_survey_2019,Siegle2019
6.94784334945887,brain observatory 1.1gray,LGd,FS,siegle_survey_2019,Siegle2019
3.23320809559411,brain observatory 1.1gray,LGd,FS,siegle_survey_2019,Siegle2019
1.24200550352049,brain observatory 1.1gray,LGd,RS,siegle_survey_2019,Siegle2019
25.7524729936057,brain observatory 1.1gray,LGd,FS,siegle_survey_2019,Siegle2019
20.0652590222619,brain observatory 1.1gray,LGd,RS,siegle_survey_2019,Siegle2019
23.2840853480302,brain observatory 1.1gray,LGd,FS,siegle_survey_2019,Siegle2019
21.3763797937224,brain observatory 1.1gray,LGd,RS,siegle_survey_2019,Siegle2019
8.75580770871554,brain observatory 1.1gray,LGd,FS,siegle_survey_2019,Siegle2019
19.2855394725676,brain observatory 1.1gray,LGd,RS,siegle_survey_2019,Siegle2019
9.21043718076394,brain observatory 1.1gray,LGd,RS,siegle_survey_2019,Siegle2019
6.4074405883053,brain observatory 1.1gray,LGd,RS,siegle_survey_2019,Siegle2019
16.5459675197006,brain observatory 1.1gray,LGd,FS,siegle_survey_2019,Siegle2019
1.97226831956911,brain observatory 1.1gray,LGd,RS,siegle_survey_2019,Siegle2019
20.3697593718838,brain observatory 1.1gray,LGd,FS,siegle_survey_2019,Siegle2019
16.7400696793644,brain observatory 1.1gray,LGd,RS,siegle_survey_2019,Siegle2019
21.6072123727256,brain observatory 1.1gray,LGd,RS,siegle_survey_2019,Siegle2019
1.84303932307651,brain observatory 1.1gray,LGd,FS,siegle_survey_2019,Siegle2019
12.1461806126942,brain observatory 1.1gray,LGd,RS,siegle_survey_2019,Siegle2019
7.36946717708683,brain observatory 1.1gray,LGd,RS,siegle_survey_2019,Siegle2019
2.70315193143754,brain observatory 1.1gray,LGd,RS,siegle_survey_2019,Siegle2019
17.6684698279057,brain observatory 1.1gray,LGd,FS,siegle_survey_2019,Siegle2019
20.5637580655776,brain observatory 1.1gray,LGd,FS,siegle_survey_2019,Siegle2019
5.74080934378826,brain observatory 1.1gray,LGd,RS,siegle_survey_2019,Siegle2019
10.2825515615936,brain observatory 1.1gray,LGd,FS,siegle_survey_2019,Siegle2019
2.91763688718546,brain observatory 1.1gray,LGd,RS,siegle_survey_2019,Siegle2019
22.0172480117169,brain observatory 1.1gray,LGd,RS,siegle_survey_2019,Siegle2019
18.6952661138885,brain observatory 1.1gray,LGd,RS,siegle_survey_2019,Siegle2019
0.540092363243664,brain observatory 1.1gray,LGd,RS,siegle_survey_2019,Siegle2019
7.18974678724885,brain observatory 1.1gray,LGd,RS,siegle_survey_2019,Siegle2019
17.3922156880856,brain observatory 1.1gray,LGd,FS,siegle_survey_2019,Siegle2019
8.96315351253552,brain observatory 1.1gray,LGd,FS,siegle_survey_2019,Siegle2019
1.46011176821736,brain observatory 1.1gray,LGd,FS,siegle_survey_2019,Siegle2019
14.6075325723117,brain observatory 1.1gray,LGd,FS,siegle_survey_2019,Siegle2019
8.22471688485927,brain observatory 1.1gray,LGd,FS,siegle_survey_2019,Siegle2019
13.8278130226174,brain observatory 1.1gray,LGd,FS,siegle_survey_2019,Siegle2019
14.8127055907623,brain observatory 1.1gray,LGd,FS,siegle_survey_2019,Siegle2019
7.76046507760365,brain observatory 1.1gray,LGd,FS,siegle_survey_2019,Siegle2019
10.2805857081642,brain observatory 1.1gray,LGd,FS,siegle_survey_2019,Siegle2019
7.13253010585541,brain observatory 1.1gray,LGd,RS,siegle_survey_2019,Siegle2019
12.5697702937515,brain observatory 1.1gray,LGd,FS,siegle_survey_2019,Siegle2019
17.3264113311847,brain observatory 1.1gray,LGd,RS,siegle_survey_2019,Siegle2019
10.7411384118644,brain observatory 1.1gray,VISrl,FS,siegle_survey_2019,Siegle2019
8.67231067094971,brain observatory 1.1gray,LGd,FS,siegle_survey_2019,Siegle2019
15.5064449194115,brain observatory 1.1gray,LGd,RS,siegle_survey_2019,Siegle2019
13.4886515730556,brain observatory 1.1gray,LGd,FS,siegle_survey_2019,Siegle2019
10.989534534399,brain observatory 1.1gray,LGd,FS,siegle_survey_2019,Siegle2019
9.11607621615125,brain observatory 1.1gray,LGd,RS,siegle_survey_2019,Siegle2019
16.7175140979109,brain observatory 1.1gray,LGd,FS,siegle_survey_2019,Siegle2019
1.92088099863893,brain observatory 1.1gray,VISrl,RS,siegle_survey_2019,Siegle2019
16.299201181322,brain observatory 1.1gray,LGd,FS,siegle_survey_2019,Siegle2019
12.5921189432651,brain observatory 1.1gray,LGd,FS,siegle_survey_2019,Siegle2019
13.9106892645634,brain observatory 1.1gray,LGd,FS,siegle_survey_2019,Siegle2019
12.7937741187367,brain observatory 1.1gray,LGd,FS,siegle_survey_2019,Siegle2019
8.57970862782651,brain observatory 1.1gray,LGd,FS,siegle_survey_2019,Siegle2019
12.6311256139438,brain observatory 1.1gray,LGd,FS,siegle_survey_2019,Siegle2019
14.3271397936929,brain observatory 1.1gray,LGd,FS,siegle_survey_2019,Siegle2019
14.9939779701498,brain observatory 1.1gray,LGd,FS,siegle_survey_2019,Siegle2019
18.2734353543206,brain observatory 1.1gray,LGd,FS,siegle_survey_2019,Siegle2019
47.2698834096762,brain observatory 1.1gray,VISrl,FS,siegle_survey_2019,Siegle2019
1.78371232575803,brain observatory 1.1gray,VISrl,RS,siegle_survey_2019,Siegle2019
0.224353912689285,brain observatory 1.1gray,VISrl,RS,siegle_survey_2019,Siegle2019
1.16115359906905,brain observatory 1.1gray,VISrl,RS,siegle_survey_2019,Siegle2019
2.04516412952192,brain observatory 1.1gray,VISrl,RS,siegle_survey_2019,Siegle2019
3.9298824780377,brain observatory 1.1gray,VISrl,RS,siegle_survey_2019,Siegle2019
9.05469114505831,brain observatory 1.1gray,VISrl,FS,siegle_survey_2019,Siegle2019
5.16824541343289,brain observatory 1.1gray,VISrl,FS,siegle_survey_2019,Siegle2019
1.16967468329347,brain observatory 1.1gray,VISrl,RS,siegle_survey_2019,Siegle2019
2.7345406264097,brain observatory 1.1gray,VISrl,RS,siegle_survey_2019,Siegle2019
2.20197286238349,brain observatory 1.1gray,VISrl,RS,siegle_survey_2019,Siegle2019
5.3827273383012,brain observatory 1.1gray,VISrl,RS,siegle_survey_2019,Siegle2019
12.8660058535831,brain observatory 1.1gray,VISrl,FS,siegle_survey_2019,Siegle2019
4.22510687171545,brain observatory 1.1gray,VISrl,RS,siegle_survey_2019,Siegle2019
3.66604061406452,brain observatory 1.1gray,VISrl,RS,siegle_survey_2019,Siegle2019
2.15791262200357,brain observatory 1.1gray,VISrl,RS,siegle_survey_2019,Siegle2019
1.92264756488057,brain observatory 1.1gray,VISrl,RS,siegle_survey_2019,Siegle2019
1.96972135943743,brain observatory 1.1gray,VISrl,RS,siegle_survey_2019,Siegle2019
1.29582829607938,brain observatory 1.1gray,VISrl,RS,siegle_survey_2019,Siegle2019
0.0905105409691374,brain observatory 1.1gray,VISrl,RS,siegle_survey_2019,Siegle2019
3.96209633303246,brain observatory 1.1gray,VISrl,RS,siegle_survey_2019,Siegle2019
0.142364455944567,brain observatory 1.1gray,VISrl,RS,siegle_survey_2019,Siegle2019
11.0147483479973,brain observatory 1.1gray,VISrl,FS,siegle_survey_2019,Siegle2019
1.24407829676523,brain observatory 1.1gray,VISrl,RS,siegle_survey_2019,Siegle2019
2.25528159661675,brain observatory 1.1gray,VISrl,RS,siegle_survey_2019,Siegle2019
0.887439747274895,brain observatory 1.1gray,VISrl,RS,siegle_survey_2019,Siegle2019
2.04589153915083,brain observatory 1.1gray,VISrl,RS,siegle_survey_2019,Siegle2019
6.5718342502528,brain observatory 1.1gray,LP,RS,siegle_survey_2019,Siegle2019
9.65698631779898,brain observatory 1.1gray,LP,FS,siegle_survey_2019,Siegle2019
0.860006012698715,brain observatory 1.1gray,VISrl,RS,siegle_survey_2019,Siegle2019
24.8436279133887,brain observatory 1.1gray,VISal,FS,siegle_survey_2019,Siegle2019
25.4759084558757,brain observatory 1.1gray,VISal,FS,siegle_survey_2019,Siegle2019
1.70558427195927,brain observatory 1.1gray,VISrl,RS,siegle_survey_2019,Siegle2019
1.84595554004034,brain observatory 1.1gray,VISrl,RS,siegle_survey_2019,Siegle2019
10.6657708816861,brain observatory 1.1gray,VISrl,RS,siegle_survey_2019,Siegle2019
4.18658529798031,brain observatory 1.1gray,VISrl,RS,siegle_survey_2019,Siegle2019
1.12815458869616,brain observatory 1.1gray,VISrl,RS,siegle_survey_2019,Siegle2019
38.0544062275307,brain observatory 1.1gray,VISrl,FS,siegle_survey_2019,Siegle2019
1.95414412714672,brain observatory 1.1gray,VISrl,RS,siegle_survey_2019,Siegle2019
8.79615943700386,brain observatory 1.1gray,VISal,FS,siegle_survey_2019,Siegle2019
3.25671123917985,brain observatory 1.1gray,VISrl,RS,siegle_survey_2019,Siegle2019
0.597384901861392,brain observatory 1.1gray,VISrl,RS,siegle_survey_2019,Siegle2019
4.76342806304935,brain observatory 1.1gray,VISrl,RS,siegle_survey_2019,Siegle2019
3.55157288519196,brain observatory 1.1gray,VISal,RS,siegle_survey_2019,Siegle2019
11.6845154546878,brain observatory 1.1gray,VISal,RS,siegle_survey_2019,Siegle2019
3.00465176793027,brain observatory 1.1gray,VISal,RS,siegle_survey_2019,Siegle2019
56.4069468772158,brain observatory 1.1gray,VISrl,FS,siegle_survey_2019,Siegle2019
12.6598254460294,brain observatory 1.1gray,VISrl,RS,siegle_survey_2019,Siegle2019
4.20899565838166,brain observatory 1.1gray,VISal,RS,siegle_survey_2019,Siegle2019
4.20237383630358,brain observatory 1.1gray,VISal,RS,siegle_survey_2019,Siegle2019
11.546930730379,brain observatory 1.1gray,VISrl,RS,siegle_survey_2019,Siegle2019
1.54369267009573,brain observatory 1.1gray,VISrl,RS,siegle_survey_2019,Siegle2019
6.62288272155323,brain observatory 1.1gray,VISrl,RS,siegle_survey_2019,Siegle2019
17.76640501321,brain observatory 1.1gray,VISrl,RS,siegle_survey_2019,Siegle2019
4.26591707387839,brain observatory 1.1gray,VISrl,RS,siegle_survey_2019,Siegle2019
23.5909811711328,brain observatory 1.1gray,VISrl,FS,siegle_survey_2019,Siegle2019
9.8326405052077,brain observatory 1.1gray,VISrl,RS,siegle_survey_2019,Siegle2019
3.91513563322423,brain observatory 1.1gray,VISrl,RS,siegle_survey_2019,Siegle2019
7.43390584605508,brain observatory 1.1gray,VISrl,RS,siegle_survey_2019,Siegle2019
1.61480759127687,brain observatory 1.1gray,VISrl,RS,siegle_survey_2019,Siegle2019
5.49101098429465,brain observatory 1.1gray,VISrl,RS,siegle_survey_2019,Siegle2019
4.38799605824437,brain observatory 1.1gray,VISrl,RS,siegle_survey_2019,Siegle2019
3.20917086546041,brain observatory 1.1gray,VISrl,RS,siegle_survey_2019,Siegle2019
6.28520912056657,brain observatory 1.1gray,VISrl,RS,siegle_survey_2019,Siegle2019
8.82138045682993,brain observatory 1.1gray,VISrl,RS,siegle_survey_2019,Siegle2019
2.03024785297744,brain observatory 1.1gray,VISrl,RS,siegle_survey_2019,Siegle2019
13.949089078997,brain observatory 1.1gray,VISrl,RS,siegle_survey_2019,Siegle2019
2.63839292173006,brain observatory 1.1gray,VISrl,RS,siegle_survey_2019,Siegle2019
3.69689988473024,brain observatory 1.1gray,VISrl,RS,siegle_survey_2019,Siegle2019
5.62482833254197,brain observatory 1.1gray,VISrl,RS,siegle_survey_2019,Siegle2019
2.16171752844849,brain observatory 1.1gray,VISrl,RS,siegle_survey_2019,Siegle2019
3.5611261425027,brain observatory 1.1gray,VISrl,RS,siegle_survey_2019,Siegle2019
5.92337405392415,brain observatory 1.1gray,VISrl,RS,siegle_survey_2019,Siegle2019
15.6477281523265,brain observatory 1.1gray,VISrl,FS,siegle_survey_2019,Siegle2019
6.31093570140652,brain observatory 1.1gray,VISrl,FS,siegle_survey_2019,Siegle2019
18.4289378346129,brain observatory 1.1gray,VISrl,FS,siegle_survey_2019,Siegle2019
0.782557592089592,brain observatory 1.1gray,VISrl,RS,siegle_survey_2019,Siegle2019
4.22219166842038,brain observatory 1.1gray,VISrl,RS,siegle_survey_2019,Siegle2019
2.45077473902658,brain observatory 1.1gray,VISrl,RS,siegle_survey_2019,Siegle2019
1.63714204283611,brain observatory 1.1gray,VISal,RS,siegle_survey_2019,Siegle2019
2.0971565271011,brain observatory 1.1gray,VISrl,FS,siegle_survey_2019,Siegle2019
22.5099756773601,brain observatory 1.1gray,VISrl,FS,siegle_survey_2019,Siegle2019
12.249620471205,brain observatory 1.1gray,VISrl,FS,siegle_survey_2019,Siegle2019
1.98881034374601,brain observatory 1.1gray,VISrl,FS,siegle_survey_2019,Siegle2019
2.95033994187677,brain observatory 1.1gray,VISrl,RS,siegle_survey_2019,Siegle2019
2.97599047150787,brain observatory 1.1gray,VISrl,FS,siegle_survey_2019,Siegle2019
9.21031990093907,brain observatory 1.1gray,VISrl,RS,siegle_survey_2019,Siegle2019
54.444397867648,brain observatory 1.1gray,VISrl,FS,siegle_survey_2019,Siegle2019
1.5490702489237,brain observatory 1.1gray,VISrl,RS,siegle_survey_2019,Siegle2019
2.56411097843789,brain observatory 1.1gray,VISrl,RS,siegle_survey_2019,Siegle2019
2.37002238339457,brain observatory 1.1gray,VISrl,RS,siegle_survey_2019,Siegle2019
17.8825559411688,brain observatory 1.1gray,VISrl,RS,siegle_survey_2019,Siegle2019
4.97363720013801,brain observatory 1.1gray,VISrl,RS,siegle_survey_2019,Siegle2019
7.35800571428565,brain observatory 1.1gray,VISrl,RS,siegle_survey_2019,Siegle2019
13.0952105258823,brain observatory 1.1gray,VISrl,RS,siegle_survey_2019,Siegle2019
20.6040585280136,brain observatory 1.1gray,VISrl,FS,siegle_survey_2019,Siegle2019
2.68179083360074,brain observatory 1.1gray,VISrl,RS,siegle_survey_2019,Siegle2019
12.3906907569435,brain observatory 1.1gray,VISrl,RS,siegle_survey_2019,Siegle2019
2.0197896695751,brain observatory 1.1gray,VISrl,FS,siegle_survey_2019,Siegle2019
0.321956282190235,brain observatory 1.1gray,VISrl,RS,siegle_survey_2019,Siegle2019
2.68834015416193,brain observatory 1.1gray,VISrl,RS,siegle_survey_2019,Siegle2019
4.2157872494868,brain observatory 1.1gray,VISrl,RS,siegle_survey_2019,Siegle2019
2.84344469824583,brain observatory 1.1gray,VISrl,RS,siegle_survey_2019,Siegle2019
2.08112457641793,brain observatory 1.1gray,VISrl,RS,siegle_survey_2019,Siegle2019
2.92962544023346,brain observatory 1.1gray,VISrl,RS,siegle_survey_2019,Siegle2019
3.94258702036315,brain observatory 1.1gray,VISrl,RS,siegle_survey_2019,Siegle2019
2.10815351841646,brain observatory 1.1gray,VISrl,RS,siegle_survey_2019,Siegle2019
1.28293912770736,brain observatory 1.1gray,VISrl,RS,siegle_survey_2019,Siegle2019
5.10576714352316,brain observatory 1.1gray,VISrl,RS,siegle_survey_2019,Siegle2019
1.7430548864978,brain observatory 1.1gray,VISrl,RS,siegle_survey_2019,Siegle2019
8.32907243431762,brain observatory 1.1gray,VISrl,RS,siegle_survey_2019,Siegle2019
1.17503127465167,brain observatory 1.1gray,VISrl,RS,siegle_survey_2019,Siegle2019
3.41936907775306,brain observatory 1.1gray,VISrl,RS,siegle_survey_2019,Siegle2019
1.15028939697609,brain observatory 1.1gray,VISrl,RS,siegle_survey_2019,Siegle2019
1.00984285605294,brain observatory 1.1gray,VISrl,RS,siegle_survey_2019,Siegle2019
0.622601283189319,brain observatory 1.1gray,VISrl,RS,siegle_survey_2019,Siegle2019
2.38592787618602,brain observatory 1.1gray,VISrl,RS,siegle_survey_2019,Siegle2019
7.65844280034629,brain observatory 1.1gray,VISrl,FS,siegle_survey_2019,Siegle2019
1.5486544190468,brain observatory 1.1gray,VISrl,RS,siegle_survey_2019,Siegle2019
2.31918718094348,brain observatory 1.1gray,VISrl,RS,siegle_survey_2019,Siegle2019
11.397169223559,brain observatory 1.1gray,VISrl,FS,siegle_survey_2019,Siegle2019
1.65105252623355,brain observatory 1.1gray,VISrl,RS,siegle_survey_2019,Siegle2019
2.07530295814132,brain observatory 1.1gray,VISrl,FS,siegle_survey_2019,Siegle2019
0.6473431608649,brain observatory 1.1gray,VISrl,RS,siegle_survey_2019,Siegle2019
5.89095790858058,brain observatory 1.1gray,VISrl,RS,siegle_survey_2019,Siegle2019
5.88858851895086,brain observatory 1.1gray,VISl,RS,siegle_survey_2019,Siegle2019
19.3587520041657,brain observatory 1.1gray,VISrl,RS,siegle_survey_2019,Siegle2019
4.25163119928687,brain observatory 1.1gray,VISl,RS,siegle_survey_2019,Siegle2019
0.542507767815176,brain observatory 1.1gray,VISl,RS,siegle_survey_2019,Siegle2019
0.675931711476199,brain observatory 1.1gray,VISl,RS,siegle_survey_2019,Siegle2019
0.600978129590491,brain observatory 1.1gray,VISrl,RS,siegle_survey_2019,Siegle2019
2.75784285102605,brain observatory 1.1gray,VISl,RS,siegle_survey_2019,Siegle2019
1.6749007255536,brain observatory 1.1gray,VISl,RS,siegle_survey_2019,Siegle2019
3.39728254372317,brain observatory 1.1gray,VISl,RS,siegle_survey_2019,Siegle2019
0.362017413569768,brain observatory 1.1gray,VISl,RS,siegle_survey_2019,Siegle2019
5.68512211951482,brain observatory 1.1gray,VISrl,FS,siegle_survey_2019,Siegle2019
0.205627874127312,brain observatory 1.1gray,VISrl,RS,siegle_survey_2019,Siegle2019
2.38120789584307,brain observatory 1.1gray,VISl,RS,siegle_survey_2019,Siegle2019
2.21222496797402,brain observatory 1.1gray,VISl,RS,siegle_survey_2019,Siegle2019
2.32054595503032,brain observatory 1.1gray,VISrl,RS,siegle_survey_2019,Siegle2019
0.277007597095767,brain observatory 1.1gray,VISl,RS,siegle_survey_2019,Siegle2019
2.14577217241325,brain observatory 1.1gray,VISl,RS,siegle_survey_2019,Siegle2019
2.65303196754408,brain observatory 1.1gray,VISl,RS,siegle_survey_2019,Siegle2019
2.94092496796884,brain observatory 1.1gray,VISl,RS,siegle_survey_2019,Siegle2019
2.96559854884788,brain observatory 1.1gray,VISl,RS,siegle_survey_2019,Siegle2019
0.926606999566606,brain observatory 1.1gray,VISl,FS,siegle_survey_2019,Siegle2019
7.7089761669094,brain observatory 1.1gray,VISrl,RS,siegle_survey_2019,Siegle2019
1.48601306016869,brain observatory 1.1gray,VISl,RS,siegle_survey_2019,Siegle2019
14.2066953904239,brain observatory 1.1gray,VISl,RS,siegle_survey_2019,Siegle2019
3.23410516429624,brain observatory 1.1gray,VISl,RS,siegle_survey_2019,Siegle2019
3.73701079809548,brain observatory 1.1gray,VISl,RS,siegle_survey_2019,Siegle2019
2.25182710198996,brain observatory 1.1gray,VISl,RS,siegle_survey_2019,Siegle2019
10.370754534981,brain observatory 1.1gray,VISrl,RS,siegle_survey_2019,Siegle2019
7.96106564228225,brain observatory 1.1gray,VISl,FS,siegle_survey_2019,Siegle2019
3.27775044812009,brain observatory 1.1gray,VISl,RS,siegle_survey_2019,Siegle2019
6.7420041399435,brain observatory 1.1gray,VISl,RS,siegle_survey_2019,Siegle2019
4.01775053347548,brain observatory 1.1gray,VISl,RS,siegle_survey_2019,Siegle2019
0.57557865983372,brain observatory 1.1gray,VISl,RS,siegle_survey_2019,Siegle2019
0.8246988903057,brain observatory 1.1gray,VISl,RS,siegle_survey_2019,Siegle2019
6.30555698847034,brain observatory 1.1gray,VISrl,RS,siegle_survey_2019,Siegle2019
8.45505561240251,brain observatory 1.1gray,VISl,RS,siegle_survey_2019,Siegle2019
2.70186077676268,brain observatory 1.1gray,VISl,RS,siegle_survey_2019,Siegle2019
7.56836175837553,brain observatory 1.1gray,VISl,RS,siegle_survey_2019,Siegle2019
1.56936414851637,brain observatory 1.1gray,VISl,RS,siegle_survey_2019,Siegle2019
0.560961118220508,brain observatory 1.1gray,VISl,RS,siegle_survey_2019,Siegle2019
1.21802479725979,brain observatory 1.1gray,VISl,RS,siegle_survey_2019,Siegle2019
1.33637290686515,brain observatory 1.1gray,VISrl,RS,siegle_survey_2019,Siegle2019
1.34284408876552,brain observatory 1.1gray,VISl,RS,siegle_survey_2019,Siegle2019
5.83467985484539,brain observatory 1.1gray,VISl,RS,siegle_survey_2019,Siegle2019
5.37922169618452,brain observatory 1.1gray,VISrl,FS,siegle_survey_2019,Siegle2019
1.22059392863798,brain observatory 1.1gray,VISrl,RS,siegle_survey_2019,Siegle2019
0.419039197336936,brain observatory 1.1gray,VISrl,RS,siegle_survey_2019,Siegle2019
0.667327059320904,brain observatory 1.1gray,VISl,RS,siegle_survey_2019,Siegle2019
0.615802816897028,brain observatory 1.1gray,VISl,RS,siegle_survey_2019,Siegle2019
2.17241549294229,brain observatory 1.1gray,VISl,RS,siegle_survey_2019,Siegle2019
1.06739154928818,brain observatory 1.1gray,VISl,RS,siegle_survey_2019,Siegle2019
0.587293427225869,brain observatory 1.1gray,VISl,RS,siegle_survey_2019,Siegle2019
13.6824336319983,brain observatory 1.1gray,VISl,FS,siegle_survey_2019,Siegle2019
18.1065725564226,brain observatory 1.1gray,VISl,FS,siegle_survey_2019,Siegle2019
1.45273482713435,brain observatory 1.1gray,VISl,RS,siegle_survey_2019,Siegle2019
1.4622725138607,brain observatory 1.1gray,VISl,RS,siegle_survey_2019,Siegle2019
0.533592104136196,brain observatory 1.1gray,VISl,RS,siegle_survey_2019,Siegle2019
0.295253606485309,brain observatory 1.1gray,VISl,RS,siegle_survey_2019,Siegle2019
16.104487707952,brain observatory 1.1gray,VISl,FS,siegle_survey_2019,Siegle2019
8.60745125900834,brain observatory 1.1gray,VISl,FS,siegle_survey_2019,Siegle2019
0.677291502658662,brain observatory 1.1gray,VISrl,RS,siegle_survey_2019,Siegle2019
0.483291874261933,brain observatory 1.1gray,VISrl,RS,siegle_survey_2019,Siegle2019
2.32387810497707,brain observatory 1.1gray,VISl,RS,siegle_survey_2019,Siegle2019
3.0650185659193,brain observatory 1.1gray,VISl,RS,siegle_survey_2019,Siegle2019
1.09196145965933,brain observatory 1.1gray,VISl,RS,siegle_survey_2019,Siegle2019
1.94402936404934,brain observatory 1.1gray,VISl,RS,siegle_survey_2019,Siegle2019
3.18247400706562,brain observatory 1.1gray,VISal,RS,siegle_survey_2019,Siegle2019
22.3436671068742,brain observatory 1.1gray,VISal,FS,siegle_survey_2019,Siegle2019
2.57320305327304,brain observatory 1.1gray,VISal,RS,siegle_survey_2019,Siegle2019
0.575163391465244,brain observatory 1.1gray,VISal,RS,siegle_survey_2019,Siegle2019
0.926606054959689,brain observatory 1.1gray,VISal,RS,siegle_survey_2019,Siegle2019
2.83548917086624,brain observatory 1.1gray,VISal,RS,siegle_survey_2019,Siegle2019
1.26913306386401,brain observatory 1.1gray,VISal,RS,siegle_survey_2019,Siegle2019
2.39240187181749,brain observatory 1.1gray,VISal,RS,siegle_survey_2019,Siegle2019
1.74529122121799,brain observatory 1.1gray,VISal,RS,siegle_survey_2019,Siegle2019
3.27619205066414,brain observatory 1.1gray,VISal,FS,siegle_survey_2019,Siegle2019
10.0421371805466,brain observatory 1.1gray,VISal,RS,siegle_survey_2019,Siegle2019
2.29111588885759,brain observatory 1.1gray,VISal,RS,siegle_survey_2019,Siegle2019
9.43773873565789,brain observatory 1.1gray,VISal,RS,siegle_survey_2019,Siegle2019
1.00176709656248,brain observatory 1.1gray,VISal,RS,siegle_survey_2019,Siegle2019
6.43565122843897,brain observatory 1.1gray,VISal,RS,siegle_survey_2019,Siegle2019
8.29902303777501,brain observatory 1.1gray,VISal,RS,siegle_survey_2019,Siegle2019
10.2594303435803,brain observatory 1.1gray,VISal,RS,siegle_survey_2019,Siegle2019
9.39212375868516,brain observatory 1.1gray,VISal,RS,siegle_survey_2019,Siegle2019
1.9845625095204,brain observatory 1.1gray,VISal,RS,siegle_survey_2019,Siegle2019
10.5253449252509,brain observatory 1.1gray,VISal,RS,siegle_survey_2019,Siegle2019
29.4322345284365,brain observatory 1.1gray,VISal,FS,siegle_survey_2019,Siegle2019
8.20043248527258,brain observatory 1.1gray,VISal,RS,siegle_survey_2019,Siegle2019
7.57612932315944,brain observatory 1.1gray,VISal,RS,siegle_survey_2019,Siegle2019
7.97546771247525,brain observatory 1.1gray,VISal,RS,siegle_survey_2019,Siegle2019
1.30645440865988,brain observatory 1.1gray,VISal,RS,siegle_survey_2019,Siegle2019
1.76892807292204,brain observatory 1.1gray,VISal,RS,siegle_survey_2019,Siegle2019
1.74207743874945,brain observatory 1.1gray,VISal,RS,siegle_survey_2019,Siegle2019
1.58709018744438,brain observatory 1.1gray,VISal,RS,siegle_survey_2019,Siegle2019
4.88754111222584,brain observatory 1.1gray,VISal,RS,siegle_survey_2019,Siegle2019
2.89250789208215,brain observatory 1.1gray,VISal,RS,siegle_survey_2019,Siegle2019
2.04977119251096,brain observatory 1.1gray,VISal,RS,siegle_survey_2019,Siegle2019
3.07766323043055,brain observatory 1.1gray,VISal,RS,siegle_survey_2019,Siegle2019
7.75423507415751,brain observatory 1.1gray,VISal,FS,siegle_survey_2019,Siegle2019
1.8668966030112,brain observatory 1.1gray,VISal,RS,siegle_survey_2019,Siegle2019
0.654263908352047,brain observatory 1.1gray,VISal,RS,siegle_survey_2019,Siegle2019
11.6101520139842,brain observatory 1.1gray,VISal,FS,siegle_survey_2019,Siegle2019
11.2271935482177,brain observatory 1.1gray,VISal,FS,siegle_survey_2019,Siegle2019
2.74581427295394,brain observatory 1.1gray,VISal,RS,siegle_survey_2019,Siegle2019
10.9355687067988,brain observatory 1.1gray,VISal,FS,siegle_survey_2019,Siegle2019
33.4716480801762,brain observatory 1.1gray,VISal,FS,siegle_survey_2019,Siegle2019
2.50861639269574,brain observatory 1.1gray,VISal,FS,siegle_survey_2019,Siegle2019
0.443709321462012,brain observatory 1.1gray,VISal,FS,siegle_survey_2019,Siegle2019
14.6867785403926,brain observatory 1.1gray,VISal,FS,siegle_survey_2019,Siegle2019
6.51920957262084,brain observatory 1.1gray,VISal,FS,siegle_survey_2019,Siegle2019
7.62409718269349,brain observatory 1.1gray,VISrl,FS,siegle_survey_2019,Siegle2019
1.32811602903764,brain observatory 1.1gray,VISrl,RS,siegle_survey_2019,Siegle2019
0.486834195016842,brain observatory 1.1gray,VISrl,RS,siegle_survey_2019,Siegle2019
1.3836831347721,brain observatory 1.1gray,VISrl,RS,siegle_survey_2019,Siegle2019
7.15395385339166,brain observatory 1.1gray,VISrl,RS,siegle_survey_2019,Siegle2019
1.78934374062834,brain observatory 1.1gray,VISrl,RS,siegle_survey_2019,Siegle2019
8.33174842102078,brain observatory 1.1gray,VISrl,FS,siegle_survey_2019,Siegle2019
10.7468441210021,brain observatory 1.1gray,VISrl,FS,siegle_survey_2019,Siegle2019
11.5508047646042,brain observatory 1.1gray,VISrl,RS,siegle_survey_2019,Siegle2019
1.14171741689107,brain observatory 1.1gray,VISrl,RS,siegle_survey_2019,Siegle2019
1.50870912267464,brain observatory 1.1gray,VISrl,RS,siegle_survey_2019,Siegle2019
1.77203085507302,brain observatory 1.1gray,VISrl,RS,siegle_survey_2019,Siegle2019
0.386689000726751,brain observatory 1.1gray,VISrl,RS,siegle_survey_2019,Siegle2019
17.0006315954902,brain observatory 1.1gray,VISrl,RS,siegle_survey_2019,Siegle2019
8.88907819793955,brain observatory 1.1gray,VISrl,RS,siegle_survey_2019,Siegle2019
1.24683876990365,brain observatory 1.1gray,VISrl,RS,siegle_survey_2019,Siegle2019
1.18785055504748,brain observatory 1.1gray,VISrl,RS,siegle_survey_2019,Siegle2019
1.40255106992821,brain observatory 1.1gray,VISrl,RS,siegle_survey_2019,Siegle2019
0.423180831358337,brain observatory 1.1gray,VISrl,RS,siegle_survey_2019,Siegle2019
0.493054393419953,brain observatory 1.1gray,VISrl,RS,siegle_survey_2019,Siegle2019
12.0033241984306,brain observatory 1.1gray,VISrl,FS,siegle_survey_2019,Siegle2019
1.48766411807745,brain observatory 1.1gray,VISrl,RS,siegle_survey_2019,Siegle2019
2.15364002710389,brain observatory 1.1gray,VISrl,RS,siegle_survey_2019,Siegle2019
1.78343455214539,brain observatory 1.1gray,VISrl,RS,siegle_survey_2019,Siegle2019
1.26104155625743,brain observatory 1.1gray,VISrl,RS,siegle_survey_2019,Siegle2019
1.55950740963338,brain observatory 1.1gray,VISrl,RS,siegle_survey_2019,Siegle2019
2.5301693704389,brain observatory 1.1gray,VISrl,RS,siegle_survey_2019,Siegle2019
1.97698639245553,brain observatory 1.1gray,VISrl,FS,siegle_survey_2019,Siegle2019
8.96278754901642,brain observatory 1.1gray,VISrl,RS,siegle_survey_2019,Siegle2019
2.85444904718776,brain observatory 1.1gray,VISrl,RS,siegle_survey_2019,Siegle2019
40.9911074765033,brain observatory 1.1gray,VISrl,FS,siegle_survey_2019,Siegle2019
1.80178413743456,brain observatory 1.1gray,VISrl,RS,siegle_survey_2019,Siegle2019
18.7886276264645,brain observatory 1.1gray,VISrl,RS,siegle_survey_2019,Siegle2019
13.8779883271549,brain observatory 1.1gray,VISrl,RS,siegle_survey_2019,Siegle2019
0.416753293008455,brain observatory 1.1gray,VISrl,RS,siegle_survey_2019,Siegle2019
2.79494248246467,brain observatory 1.1gray,VISrl,RS,siegle_survey_2019,Siegle2019
10.5216729388095,brain observatory 1.1gray,VISrl,RS,siegle_survey_2019,Siegle2019
5.55805828310008,brain observatory 1.1gray,VISrl,RS,siegle_survey_2019,Siegle2019
4.64897628648536,brain observatory 1.1gray,VISrl,RS,siegle_survey_2019,Siegle2019
9.35704445780029,brain observatory 1.1gray,VISrl,RS,siegle_survey_2019,Siegle2019
7.95687779725994,brain observatory 1.1gray,VISrl,FS,siegle_survey_2019,Siegle2019
6.29452977402845,brain observatory 1.1gray,VISrl,RS,siegle_survey_2019,Siegle2019
13.4663148628424,brain observatory 1.1gray,VISrl,RS,siegle_survey_2019,Siegle2019
3.80531004307671,brain observatory 1.1gray,VISrl,RS,siegle_survey_2019,Siegle2019
4.87155571934336,brain observatory 1.1gray,VISrl,RS,siegle_survey_2019,Siegle2019
1.12119076216081,brain observatory 1.1gray,VISrl,RS,siegle_survey_2019,Siegle2019
10.390737762424,brain observatory 1.1gray,VISrl,RS,siegle_survey_2019,Siegle2019
1.09330353932019,brain observatory 1.1gray,VISrl,RS,siegle_survey_2019,Siegle2019
14.6144598180833,brain observatory 1.1gray,VISrl,RS,siegle_survey_2019,Siegle2019
34.1283625783506,brain observatory 1.1gray,VISrl,FS,siegle_survey_2019,Siegle2019
4.6081303169716,brain observatory 1.1gray,VISrl,RS,siegle_survey_2019,Siegle2019
2.30665690782043,brain observatory 1.1gray,VISrl,RS,siegle_survey_2019,Siegle2019
2.60522643116977,brain observatory 1.1gray,VISrl,RS,siegle_survey_2019,Siegle2019
2.46382058747237,brain observatory 1.1gray,VISrl,RS,siegle_survey_2019,Siegle2019
2.32262208372175,brain observatory 1.1gray,VISrl,RS,siegle_survey_2019,Siegle2019
3.01119804694617,brain observatory 1.1gray,VISrl,RS,siegle_survey_2019,Siegle2019
3.26249406243186,brain observatory 1.1gray,VISrl,RS,siegle_survey_2019,Siegle2019
3.99378205469098,brain observatory 1.1gray,VISrl,RS,siegle_survey_2019,Siegle2019
1.55349455117704,brain observatory 1.1gray,VISrl,RS,siegle_survey_2019,Siegle2019
2.81018196855229,brain observatory 1.1gray,VISrl,RS,siegle_survey_2019,Siegle2019
2.58076031745087,brain observatory 1.1gray,VISrl,FS,siegle_survey_2019,Siegle2019
0.639332725866454,brain observatory 1.1gray,VISrl,RS,siegle_survey_2019,Siegle2019
0.654157532060535,brain observatory 1.1gray,VISrl,RS,siegle_survey_2019,Siegle2019
4.5199071696208,brain observatory 1.1gray,VISrl,RS,siegle_survey_2019,Siegle2019
1.17385510864048,brain observatory 1.1gray,VISrl,RS,siegle_survey_2019,Siegle2019
2.06634990951356,brain observatory 1.1gray,VISrl,RS,siegle_survey_2019,Siegle2019
3.01430814614772,brain observatory 1.1gray,VISrl,RS,siegle_survey_2019,Siegle2019
2.49347019986054,brain observatory 1.1gray,VISrl,RS,siegle_survey_2019,Siegle2019
12.5046721897214,brain observatory 1.1gray,VISrl,FS,siegle_survey_2019,Siegle2019
1.79566760900484,brain observatory 1.1gray,VISrl,RS,siegle_survey_2019,Siegle2019
0.36408894652878,brain observatory 1.1gray,VISrl,RS,siegle_survey_2019,Siegle2019
1.97771208226923,brain observatory 1.1gray,VISrl,RS,siegle_survey_2019,Siegle2019
2.02602228986673,brain observatory 1.1gray,VISrl,RS,siegle_survey_2019,Siegle2019
0.139332444229692,brain observatory 1.1gray,VISrl,RS,siegle_survey_2019,Siegle2019
1.10760999564735,brain observatory 1.1gray,VISrl,RS,siegle_survey_2019,Siegle2019
0.386896340673521,brain observatory 1.1gray,VISrl,RS,siegle_survey_2019,Siegle2019
15.7654038626057,brain observatory 1.1gray,VISrl,FS,siegle_survey_2019,Siegle2019
0.563446305348496,brain observatory 1.1gray,VISrl,RS,siegle_survey_2019,Siegle2019
0.0824176288412243,brain observatory 1.1gray,VISrl,RS,siegle_survey_2019,Siegle2019
1.31039754325377,brain observatory 1.1gray,VISam,RS,siegle_survey_2019,Siegle2019
1.67569197835699,brain observatory 1.1gray,VISam,RS,siegle_survey_2019,Siegle2019
1.70242605586747,brain observatory 1.1gray,VISam,RS,siegle_survey_2019,Siegle2019
2.33196011308429,brain observatory 1.1gray,VISam,RS,siegle_survey_2019,Siegle2019
1.75664276505873,brain observatory 1.1gray,VISam,RS,siegle_survey_2019,Siegle2019
4.27606222964652,brain observatory 1.1gray,VISam,RS,siegle_survey_2019,Siegle2019
2.38072307046341,brain observatory 1.1gray,VISam,RS,siegle_survey_2019,Siegle2019
15.8983281502433,brain observatory 1.1gray,VISam,RS,siegle_survey_2019,Siegle2019
3.32112098097211,brain observatory 1.1gray,VISam,RS,siegle_survey_2019,Siegle2019
32.2422599044312,brain observatory 1.1gray,VISam,FS,siegle_survey_2019,Siegle2019
10.6516050343462,brain observatory 1.1gray,VISam,RS,siegle_survey_2019,Siegle2019
5.5663557466124,brain observatory 1.1gray,VISam,RS,siegle_survey_2019,Siegle2019
8.2140987832505,brain observatory 1.1gray,VISam,RS,siegle_survey_2019,Siegle2019
1.90314550981617,brain observatory 1.1gray,VISam,RS,siegle_survey_2019,Siegle2019
3.89376492124663,brain observatory 1.1gray,VISam,RS,siegle_survey_2019,Siegle2019
3.10371946265688,brain observatory 1.1gray,VISam,RS,siegle_survey_2019,Siegle2019
7.81319455690332,brain observatory 1.1gray,VISam,RS,siegle_survey_2019,Siegle2019
9.18262094330023,brain observatory 1.1gray,VISam,RS,siegle_survey_2019,Siegle2019
1.56266029864267,brain observatory 1.1gray,VISam,RS,siegle_survey_2019,Siegle2019
15.0161035923974,brain observatory 1.1gray,VISam,FS,siegle_survey_2019,Siegle2019
11.4640001817347,brain observatory 1.1gray,VISam,RS,siegle_survey_2019,Siegle2019
6.51103110952278,brain observatory 1.1gray,VISam,RS,siegle_survey_2019,Siegle2019
6.26358048808576,brain observatory 1.1gray,VISam,RS,siegle_survey_2019,Siegle2019
1.14924452402058,brain observatory 1.1gray,VISam,RS,siegle_survey_2019,Siegle2019
4.92473788636084,brain observatory 1.1gray,VISam,RS,siegle_survey_2019,Siegle2019
8.9532425582603,brain observatory 1.1gray,VISam,RS,siegle_survey_2019,Siegle2019
9.99822417999001,brain observatory 1.1gray,VISam,RS,siegle_survey_2019,Siegle2019
26.85737507596,brain observatory 1.1gray,VISam,FS,siegle_survey_2019,Siegle2019
3.67401080411047,brain observatory 1.1gray,VISam,RS,siegle_survey_2019,Siegle2019
0.435551590800767,brain observatory 1.1gray,VISam,RS,siegle_survey_2019,Siegle2019
4.48608514256886,brain observatory 1.1gray,VISam,RS,siegle_survey_2019,Siegle2019
1.32825590703077,brain observatory 1.1gray,VISam,RS,siegle_survey_2019,Siegle2019
1.62168914178582,brain observatory 1.1gray,VISam,RS,siegle_survey_2019,Siegle2019
0.472979299315441,brain observatory 1.1gray,VISam,RS,siegle_survey_2019,Siegle2019
32.1555345569872,brain observatory 1.1gray,VISam,FS,siegle_survey_2019,Siegle2019
0.123832247028551,brain observatory 1.1gray,VISam,RS,siegle_survey_2019,Siegle2019
0.685354811058707,brain observatory 1.1gray,VISam,RS,siegle_survey_2019,Siegle2019
0.382404244709929,brain observatory 1.1gray,VISam,RS,siegle_survey_2019,Siegle2019
0.814106128349187,brain observatory 1.1gray,VISam,RS,siegle_survey_2019,Siegle2019
0.822661033152541,brain observatory 1.1gray,VISam,RS,siegle_survey_2019,Siegle2019
8.11924627624332,brain observatory 1.1gray,VISam,FS,siegle_survey_2019,Siegle2019
0.114314915434819,brain observatory 1.1gray,VISam,RS,siegle_survey_2019,Siegle2019
1.63003017396909,brain observatory 1.1gray,VISam,RS,siegle_survey_2019,Siegle2019
3.6842766898745,brain observatory 1.1gray,VISam,RS,siegle_survey_2019,Siegle2019
1.61848105248456,brain observatory 1.1gray,VISam,RS,siegle_survey_2019,Siegle2019
0.47511802551628,brain observatory 1.1gray,VISam,RS,siegle_survey_2019,Siegle2019
1.46812860056561,brain observatory 1.1gray,VISam,RS,siegle_survey_2019,Siegle2019
0.569221978353175,brain observatory 1.1gray,VISam,RS,siegle_survey_2019,Siegle2019
6.45809763605203,brain observatory 1.1gray,VISam,FS,siegle_survey_2019,Siegle2019
11.1853241577654,brain observatory 1.1gray,VISam,FS,siegle_survey_2019,Siegle2019
2.78504925873193,brain observatory 1.1gray,VISam,RS,siegle_survey_2019,Siegle2019
4.62189425632211,brain observatory 1.1gray,VISam,RS,siegle_survey_2019,Siegle2019
0.23536681840228,brain observatory 1.1gray,VISam,RS,siegle_survey_2019,Siegle2019
5.25180138947794,brain observatory 1.1gray,LP,RS,siegle_survey_2019,Siegle2019
6.49772873750196,brain observatory 1.1gray,LP,RS,siegle_survey_2019,Siegle2019
2.68894027689159,brain observatory 1.1gray,LP,RS,siegle_survey_2019,Siegle2019
3.60411032619118,brain observatory 1.1gray,LP,RS,siegle_survey_2019,Siegle2019
6.33764348816783,brain observatory 1.1gray,LP,RS,siegle_survey_2019,Siegle2019
8.25460285995381,brain observatory 1.1gray,LP,RS,siegle_survey_2019,Siegle2019
5.63880774708664,brain observatory 1.1gray,LP,RS,siegle_survey_2019,Siegle2019
2.69460795772974,brain observatory 1.1gray,LP,RS,siegle_survey_2019,Siegle2019
0.160726873579959,brain observatory 1.1gray,LP,RS,siegle_survey_2019,Siegle2019
0.103622315701251,brain observatory 1.1gray,LP,RS,siegle_survey_2019,Siegle2019
3.84461248100244,brain observatory 1.1gray,LP,RS,siegle_survey_2019,Siegle2019
1.64373438043749,brain observatory 1.1gray,LP,RS,siegle_survey_2019,Siegle2019
4.78095613041436,brain observatory 1.1gray,LP,RS,siegle_survey_2019,Siegle2019
5.69409436960216,brain observatory 1.1gray,LP,RS,siegle_survey_2019,Siegle2019
3.76975631898915,brain observatory 1.1gray,LP,RS,siegle_survey_2019,Siegle2019
8.92894994231923,brain observatory 1.1gray,LP,RS,siegle_survey_2019,Siegle2019
5.80702023686792,brain observatory 1.1gray,LP,RS,siegle_survey_2019,Siegle2019
9.46438537546284,brain observatory 1.1gray,LP,RS,siegle_survey_2019,Siegle2019
5.38622166897894,brain observatory 1.1gray,LP,RS,siegle_survey_2019,Siegle2019
9.63313255211565,brain observatory 1.1gray,LP,RS,siegle_survey_2019,Siegle2019
3.25538754858356,brain observatory 1.1gray,LP,RS,siegle_survey_2019,Siegle2019
4.53970541398297,brain observatory 1.1gray,LP,RS,siegle_survey_2019,Siegle2019
1.77131066798299,brain observatory 1.1gray,LP,RS,siegle_survey_2019,Siegle2019
5.01493510539304,brain observatory 1.1gray,LP,RS,siegle_survey_2019,Siegle2019
5.02883696405265,brain observatory 1.1gray,LP,RS,siegle_survey_2019,Siegle2019
2.66958461214244,brain observatory 1.1gray,LP,RS,siegle_survey_2019,Siegle2019
4.03592344363354,brain observatory 1.1gray,LP,RS,siegle_survey_2019,Siegle2019
3.8390517375386,brain observatory 1.1gray,LP,RS,siegle_survey_2019,Siegle2019
2.09757659698662,brain observatory 1.1gray,LP,RS,siegle_survey_2019,Siegle2019
2.54446788420594,brain observatory 1.1gray,LP,RS,siegle_survey_2019,Siegle2019
1.90476851111525,brain observatory 1.1gray,LP,FS,siegle_survey_2019,Siegle2019
1.86327680988503,brain observatory 1.1gray,LP,RS,siegle_survey_2019,Siegle2019
5.84081244714821,brain observatory 1.1gray,LP,RS,siegle_survey_2019,Siegle2019
4.51863875124494,brain observatory 1.1gray,LP,RS,siegle_survey_2019,Siegle2019
0.566554209066281,brain observatory 1.1gray,LP,RS,siegle_survey_2019,Siegle2019
3.62667411216947,brain observatory 1.1gray,LP,RS,siegle_survey_2019,Siegle2019
9.76381002351599,brain observatory 1.1gray,LP,RS,siegle_survey_2019,Siegle2019
3.01435070690078,brain observatory 1.1gray,LP,RS,siegle_survey_2019,Siegle2019
3.79542128882228,brain observatory 1.1gray,LP,RS,siegle_survey_2019,Siegle2019
3.26715065975708,brain observatory 1.1gray,LP,RS,siegle_survey_2019,Siegle2019
1.70575805753421,brain observatory 1.1gray,LP,FS,siegle_survey_2019,Siegle2019
1.93684972340666,brain observatory 1.1gray,LP,RS,siegle_survey_2019,Siegle2019
2.08388861307562,brain observatory 1.1gray,LP,RS,siegle_survey_2019,Siegle2019
1.37029551434038,brain observatory 1.1gray,LP,RS,siegle_survey_2019,Siegle2019
0.515545081522941,brain observatory 1.1gray,LP,RS,siegle_survey_2019,Siegle2019
3.88845680446737,brain observatory 1.1gray,LP,RS,siegle_survey_2019,Siegle2019
4.66140014594171,brain observatory 1.1gray,LP,RS,siegle_survey_2019,Siegle2019
7.65019282038367,brain observatory 1.1gray,LP,RS,siegle_survey_2019,Siegle2019
1.11599843824381,brain observatory 1.1gray,LP,RS,siegle_survey_2019,Siegle2019
1.90091876564028,brain observatory 1.1gray,LP,RS,siegle_survey_2019,Siegle2019
6.91240833182458,brain observatory 1.1gray,LP,FS,siegle_survey_2019,Siegle2019
8.76483738123471,brain observatory 1.1gray,LP,FS,siegle_survey_2019,Siegle2019
6.91194195995917,brain observatory 1.1gray,LP,RS,siegle_survey_2019,Siegle2019
8.15249112195085,brain observatory 1.1gray,LP,RS,siegle_survey_2019,Siegle2019
3.45395003522947,brain observatory 1.1gray,LP,RS,siegle_survey_2019,Siegle2019
5.57563110826988,brain observatory 1.1gray,LP,FS,siegle_survey_2019,Siegle2019
3.84741243234738,brain observatory 1.1gray,LP,FS,siegle_survey_2019,Siegle2019
12.8473012337489,brain observatory 1.1gray,LP,RS,siegle_survey_2019,Siegle2019
3.46312201524921,brain observatory 1.1gray,LP,RS,siegle_survey_2019,Siegle2019
9.39412848496182,brain observatory 1.1gray,LP,RS,siegle_survey_2019,Siegle2019
10.028083307343,brain observatory 1.1gray,LP,FS,siegle_survey_2019,Siegle2019
6.73518702296862,brain observatory 1.1gray,LP,RS,siegle_survey_2019,Siegle2019
8.47941779960354,brain observatory 1.1gray,LP,FS,siegle_survey_2019,Siegle2019
5.54811516821067,brain observatory 1.1gray,LP,RS,siegle_survey_2019,Siegle2019
5.89058757471038,brain observatory 1.1gray,LP,FS,siegle_survey_2019,Siegle2019
10.4061554329024,brain observatory 1.1gray,LP,FS,siegle_survey_2019,Siegle2019
9.04916876184659,brain observatory 1.1gray,LP,FS,siegle_survey_2019,Siegle2019
5.01038840739247,brain observatory 1.1gray,LP,FS,siegle_survey_2019,Siegle2019
10.8013278601935,brain observatory 1.1gray,LP,RS,siegle_survey_2019,Siegle2019
7.84515206264539,brain observatory 1.1gray,LP,FS,siegle_survey_2019,Siegle2019
7.14714883741448,brain observatory 1.1gray,LP,FS,siegle_survey_2019,Siegle2019
12.6265518841213,brain observatory 1.1gray,LP,FS,siegle_survey_2019,Siegle2019
6.24021101647971,brain observatory 1.1gray,LP,FS,siegle_survey_2019,Siegle2019
7.25519165290123,brain observatory 1.1gray,LP,FS,siegle_survey_2019,Siegle2019
4.58692275359982,brain observatory 1.1gray,LP,RS,siegle_survey_2019,Siegle2019
4.55816315523284,brain observatory 1.1gray,LP,FS,siegle_survey_2019,Siegle2019
5.64325502875439,brain observatory 1.1gray,LP,RS,siegle_survey_2019,Siegle2019
10.1801205354668,brain observatory 1.1gray,LP,FS,siegle_survey_2019,Siegle2019
1.67132130834243,brain observatory 1.1gray,LP,FS,siegle_survey_2019,Siegle2019
7.37287282027312,brain observatory 1.1gray,LP,RS,siegle_survey_2019,Siegle2019
7.13673319908698,brain observatory 1.1gray,LP,RS,siegle_survey_2019,Siegle2019
7.39199406675495,brain observatory 1.1gray,LP,FS,siegle_survey_2019,Siegle2019
4.4069032135514,brain observatory 1.1gray,LP,FS,siegle_survey_2019,Siegle2019
6.53169343236122,brain observatory 1.1gray,LP,RS,siegle_survey_2019,Siegle2019
6.02816727500645,brain observatory 1.1gray,LP,FS,siegle_survey_2019,Siegle2019
7.79058655439237,brain observatory 1.1gray,LP,FS,siegle_survey_2019,Siegle2019
5.07941144347321,brain observatory 1.1gray,LP,FS,siegle_survey_2019,Siegle2019
14.4839555667625,brain observatory 1.1gray,LP,FS,siegle_survey_2019,Siegle2019
13.4621348096483,brain observatory 1.1gray,LP,RS,siegle_survey_2019,Siegle2019
8.19601916272249,brain observatory 1.1gray,LP,FS,siegle_survey_2019,Siegle2019
5.59615147034794,brain observatory 1.1gray,LP,RS,siegle_survey_2019,Siegle2019
8.10429936252511,brain observatory 1.1gray,LP,RS,siegle_survey_2019,Siegle2019
4.92613055704166,brain observatory 1.1gray,VISp,RS,siegle_survey_2019,Siegle2019
7.13424588247146,brain observatory 1.1gray,VISp,RS,siegle_survey_2019,Siegle2019
0.920618062320143,brain observatory 1.1gray,VISp,RS,siegle_survey_2019,Siegle2019
2.32066640228218,brain observatory 1.1gray,VISp,RS,siegle_survey_2019,Siegle2019
5.27886314458039,brain observatory 1.1gray,VISp,FS,siegle_survey_2019,Siegle2019
2.62334174293354,brain observatory 1.1gray,VISp,RS,siegle_survey_2019,Siegle2019
2.47783372092549,brain observatory 1.1gray,VISp,RS,siegle_survey_2019,Siegle2019
37.4594546016293,brain observatory 1.1gray,VISp,FS,siegle_survey_2019,Siegle2019
3.13339710640405,brain observatory 1.1gray,VISp,FS,siegle_survey_2019,Siegle2019
3.25636382158393,brain observatory 1.1gray,VISp,RS,siegle_survey_2019,Siegle2019
3.34419718956956,brain observatory 1.1gray,VISp,RS,siegle_survey_2019,Siegle2019
11.7399789679762,brain observatory 1.1gray,VISp,RS,siegle_survey_2019,Siegle2019
12.0285076953767,brain observatory 1.1gray,VISp,FS,siegle_survey_2019,Siegle2019
5.94048936430929,brain observatory 1.1gray,VISp,RS,siegle_survey_2019,Siegle2019
4.92690784348401,brain observatory 1.1gray,VISp,RS,siegle_survey_2019,Siegle2019
29.6713553638524,brain observatory 1.1gray,VISp,RS,siegle_survey_2019,Siegle2019
5.02811053827807,brain observatory 1.1gray,VISp,RS,siegle_survey_2019,Siegle2019
8.3906516878871,brain observatory 1.1gray,VISp,RS,siegle_survey_2019,Siegle2019
4.16267981336482,brain observatory 1.1gray,VISp,RS,siegle_survey_2019,Siegle2019
1.82786679783185,brain observatory 1.1gray,VISp,RS,siegle_survey_2019,Siegle2019
9.53279638627718,brain observatory 1.1gray,VISp,RS,siegle_survey_2019,Siegle2019
10.8907158010638,brain observatory 1.1gray,VISp,RS,siegle_survey_2019,Siegle2019
16.2909910879394,brain observatory 1.1gray,VISp,FS,siegle_survey_2019,Siegle2019
17.4556770931576,brain observatory 1.1gray,VISp,FS,siegle_survey_2019,Siegle2019
2.63873201449208,brain observatory 1.1gray,VISp,RS,siegle_survey_2019,Siegle2019
2.61043878799052,brain observatory 1.1gray,VISp,FS,siegle_survey_2019,Siegle2019
10.1642638920429,brain observatory 1.1gray,VISp,FS,siegle_survey_2019,Siegle2019
11.6919426658389,brain observatory 1.1gray,VISp,FS,siegle_survey_2019,Siegle2019
3.38477154186026,brain observatory 1.1gray,VISp,RS,siegle_survey_2019,Siegle2019
1.41823684271305,brain observatory 1.1gray,VISp,RS,siegle_survey_2019,Siegle2019
11.3373445908385,brain observatory 1.1gray,VISp,FS,siegle_survey_2019,Siegle2019
8.74307336084889,brain observatory 1.1gray,VISp,FS,siegle_survey_2019,Siegle2019
0.43528040771638,brain observatory 1.1gray,VISp,RS,siegle_survey_2019,Siegle2019
7.23995683863115,brain observatory 1.1gray,VISp,FS,siegle_survey_2019,Siegle2019
4.90358925021349,brain observatory 1.1gray,VISp,RS,siegle_survey_2019,Siegle2019
1.03752194324968,brain observatory 1.1gray,VISp,RS,siegle_survey_2019,Siegle2019
0.640794943073899,brain observatory 1.1gray,VISp,RS,siegle_survey_2019,Siegle2019
6.47495152206962,brain observatory 1.1gray,VISp,FS,siegle_survey_2019,Siegle2019
1.10063760236856,brain observatory 1.1gray,VISp,RS,siegle_survey_2019,Siegle2019
1.39414096300018,brain observatory 1.1gray,VISp,RS,siegle_survey_2019,Siegle2019
0.350867100077096,brain observatory 1.1gray,VISp,RS,siegle_survey_2019,Siegle2019
2.6932975227451,brain observatory 1.1gray,VISp,RS,siegle_survey_2019,Siegle2019
2.37849651359307,brain observatory 1.1gray,VISp,RS,siegle_survey_2019,Siegle2019
2.63484558228033,brain observatory 1.1gray,VISp,RS,siegle_survey_2019,Siegle2019
0.49264414716186,brain observatory 1.1gray,VISp,RS,siegle_survey_2019,Siegle2019
7.8308310648452,brain observatory 1.1gray,LGd,FS,siegle_survey_2019,Siegle2019
6.79772042674459,brain observatory 1.1gray,LGd,FS,siegle_survey_2019,Siegle2019
3.19343577120365,brain observatory 1.1gray,LGd,FS,siegle_survey_2019,Siegle2019
11.3777979166368,brain observatory 1.1gray,LGd,RS,siegle_survey_2019,Siegle2019
11.6220401997775,brain observatory 1.1gray,LGd,FS,siegle_survey_2019,Siegle2019
3.53809114710659,brain observatory 1.1gray,LGd,FS,siegle_survey_2019,Siegle2019
12.171906145447,brain observatory 1.1gray,LGd,RS,siegle_survey_2019,Siegle2019
6.2532012911263,brain observatory 1.1gray,LGd,RS,siegle_survey_2019,Siegle2019
5.90619331880082,brain observatory 1.1gray,LGd,FS,siegle_survey_2019,Siegle2019
4.35486985053402,brain observatory 1.1gray,LGd,FS,siegle_survey_2019,Siegle2019
4.49335223086114,brain observatory 1.1gray,LGd,RS,siegle_survey_2019,Siegle2019
11.5297542582931,brain observatory 1.1gray,LGd,RS,siegle_survey_2019,Siegle2019
18.8930602522579,brain observatory 1.1gray,LGd,FS,siegle_survey_2019,Siegle2019
3.98626076560153,brain observatory 1.1gray,LGd,FS,siegle_survey_2019,Siegle2019
13.2359213456438,brain observatory 1.1gray,LGd,RS,siegle_survey_2019,Siegle2019
6.88316245136341,brain observatory 1.1gray,LGd,FS,siegle_survey_2019,Siegle2019
1.5103669032743,brain observatory 1.1gray,LGd,FS,siegle_survey_2019,Siegle2019
9.29799574290548,brain observatory 1.1gray,LGd,FS,siegle_survey_2019,Siegle2019
13.8612842492368,brain observatory 1.1gray,LGd,FS,siegle_survey_2019,Siegle2019
5.07316031281762,brain observatory 1.1gray,LGd,FS,siegle_survey_2019,Siegle2019
7.86173562694137,brain observatory 1.1gray,LGd,FS,siegle_survey_2019,Siegle2019
1.26013619287626,brain observatory 1.1gray,LGd,FS,siegle_survey_2019,Siegle2019
13.5811114025519,brain observatory 1.1gray,LGd,FS,siegle_survey_2019,Siegle2019
9.26345534997447,brain observatory 1.1gray,LGd,FS,siegle_survey_2019,Siegle2019
7.53451085180548,brain observatory 1.1gray,LGd,FS,siegle_survey_2019,Siegle2019
8.30188503035945,brain observatory 1.1gray,LGd,FS,siegle_survey_2019,Siegle2019
10.6951172092945,brain observatory 1.1gray,LGd,FS,siegle_survey_2019,Siegle2019
7.91349274823737,brain observatory 1.1gray,LGd,FS,siegle_survey_2019,Siegle2019
12.094270463503,brain observatory 1.1gray,LGd,RS,siegle_survey_2019,Siegle2019
6.3890102664278,brain observatory 1.1gray,LGd,FS,siegle_survey_2019,Siegle2019
1.4694103382818,brain observatory 1.1gray,VISl,RS,siegle_survey_2019,Siegle2019
1.46139012320494,brain observatory 1.1gray,VISl,RS,siegle_survey_2019,Siegle2019
1.29767079943597,brain observatory 1.1gray,VISl,RS,siegle_survey_2019,Siegle2019
8.46988180216942,brain observatory 1.1gray,VISl,RS,siegle_survey_2019,Siegle2019
18.1655732766861,brain observatory 1.1gray,VISl,FS,siegle_survey_2019,Siegle2019
13.9215962666148,brain observatory 1.1gray,VISl,FS,siegle_survey_2019,Siegle2019
12.6692664164134,brain observatory 1.1gray,VISl,FS,siegle_survey_2019,Siegle2019
9.7589977055234,brain observatory 1.1gray,VISl,FS,siegle_survey_2019,Siegle2019
0.189597884416973,brain observatory 1.1gray,VISl,RS,siegle_survey_2019,Siegle2019
0.55521275572077,brain observatory 1.1gray,VISl,RS,siegle_survey_2019,Siegle2019
3.18135198048785,brain observatory 1.1gray,VISl,RS,siegle_survey_2019,Siegle2019
8.62878899689227,brain observatory 1.1gray,VISl,RS,siegle_survey_2019,Siegle2019
5.56880960456757,brain observatory 1.1gray,VISl,RS,siegle_survey_2019,Siegle2019
11.3919134951721,brain observatory 1.1gray,VISl,RS,siegle_survey_2019,Siegle2019
7.50467565171956,brain observatory 1.1gray,VISl,RS,siegle_survey_2019,Siegle2019
7.76816645104467,brain observatory 1.1gray,VISl,RS,siegle_survey_2019,Siegle2019
7.38426548936563,brain observatory 1.1gray,VISl,RS,siegle_survey_2019,Siegle2019
1.34418804688176,brain observatory 1.1gray,VISl,RS,siegle_survey_2019,Siegle2019
3.98989659643638,brain observatory 1.1gray,VISl,RS,siegle_survey_2019,Siegle2019
2.7683630004863,brain observatory 1.1gray,VISrl,RS,siegle_survey_2019,Siegle2019
0.773789967224926,brain observatory 1.1gray,VISrl,RS,siegle_survey_2019,Siegle2019
16.608039279957,brain observatory 1.1gray,VISrl,RS,siegle_survey_2019,Siegle2019
1.14165031648609,brain observatory 1.1gray,VISrl,RS,siegle_survey_2019,Siegle2019
0.43105961275341,brain observatory 1.1gray,VISrl,RS,siegle_survey_2019,Siegle2019
3.7518547540197,brain observatory 1.1gray,VISrl,RS,siegle_survey_2019,Siegle2019
1.63901034102494,brain observatory 1.1gray,VISrl,RS,siegle_survey_2019,Siegle2019
2.69896144040767,brain observatory 1.1gray,VISrl,RS,siegle_survey_2019,Siegle2019
9.52576513134732,brain observatory 1.1gray,VISrl,FS,siegle_survey_2019,Siegle2019
13.3005042210478,brain observatory 1.1gray,VISrl,RS,siegle_survey_2019,Siegle2019
0.887249220296464,brain observatory 1.1gray,VISrl,RS,siegle_survey_2019,Siegle2019
17.6693805492643,brain observatory 1.1gray,VISrl,FS,siegle_survey_2019,Siegle2019
7.15285200631676,brain observatory 1.1gray,VISrl,RS,siegle_survey_2019,Siegle2019
8.53510865589517,brain observatory 1.1gray,VISrl,RS,siegle_survey_2019,Siegle2019
5.44871755113483,brain observatory 1.1gray,VISrl,RS,siegle_survey_2019,Siegle2019
8.10811261676732,brain observatory 1.1gray,VISrl,RS,siegle_survey_2019,Siegle2019
15.2768981091422,brain observatory 1.1gray,VISrl,FS,siegle_survey_2019,Siegle2019
26.5579131744351,brain observatory 1.1gray,VISrl,FS,siegle_survey_2019,Siegle2019
8.30947338352859,brain observatory 1.1gray,VISrl,RS,siegle_survey_2019,Siegle2019
6.30880498982888,brain observatory 1.1gray,VISrl,FS,siegle_survey_2019,Siegle2019
8.7363624865084,brain observatory 1.1gray,VISrl,RS,siegle_survey_2019,Siegle2019
1.97339967594925,brain observatory 1.1gray,VISrl,RS,siegle_survey_2019,Siegle2019
9.37113546127998,brain observatory 1.1gray,VISrl,RS,siegle_survey_2019,Siegle2019
9.66360582617221,brain observatory 1.1gray,VISrl,RS,siegle_survey_2019,Siegle2019
5.37065416306488,brain observatory 1.1gray,VISrl,RS,siegle_survey_2019,Siegle2019
7.97668809082489,brain observatory 1.1gray,VISrl,RS,siegle_survey_2019,Siegle2019
2.16887895456826,brain observatory 1.1gray,VISrl,RS,siegle_survey_2019,Siegle2019
2.24041923760772,brain observatory 1.1gray,VISrl,RS,siegle_survey_2019,Siegle2019
3.66320468729368,brain observatory 1.1gray,VISrl,RS,siegle_survey_2019,Siegle2019
5.57436752508305,brain observatory 1.1gray,VISrl,RS,siegle_survey_2019,Siegle2019
2.15540499991509,brain observatory 1.1gray,VISrl,RS,siegle_survey_2019,Siegle2019
2.49417871690909,brain observatory 1.1gray,VISrl,RS,siegle_survey_2019,Siegle2019
4.00112291510335,brain observatory 1.1gray,VISrl,RS,siegle_survey_2019,Siegle2019
1.14186418878217,brain observatory 1.1gray,VISrl,RS,siegle_survey_2019,Siegle2019
2.77723870077371,brain observatory 1.1gray,VISrl,RS,siegle_survey_2019,Siegle2019
2.68869557019573,brain observatory 1.1gray,VISrl,RS,siegle_survey_2019,Siegle2019
10.5093638210288,brain observatory 1.1gray,VISrl,FS,siegle_survey_2019,Siegle2019
5.50956421937018,brain observatory 1.1gray,VISrl,FS,siegle_survey_2019,Siegle2019
1.50865517656292,brain observatory 1.1gray,VISrl,RS,siegle_survey_2019,Siegle2019
2.70698165151075,brain observatory 1.1gray,VISrl,RS,siegle_survey_2019,Siegle2019
7.89156691698423,brain observatory 1.1gray,VISrl,FS,siegle_survey_2019,Siegle2019
4.71182055498407,brain observatory 1.1gray,VISrl,FS,siegle_survey_2019,Siegle2019
9.11887308805118,brain observatory 1.1gray,VISrl,FS,siegle_survey_2019,Siegle2019
4.59076883540161,brain observatory 1.1gray,VISrl,FS,siegle_survey_2019,Siegle2019
4.00807376472602,brain observatory 1.1gray,VISrl,RS,siegle_survey_2019,Siegle2019
0.312253552279821,brain observatory 1.1gray,VISrl,RS,siegle_survey_2019,Siegle2019
1.14635550699989,brain observatory 1.1gray,VISrl,RS,siegle_survey_2019,Siegle2019
7.79628394669396,brain observatory 1.1gray,LP,RS,siegle_survey_2019,Siegle2019
6.11246797784856,brain observatory 1.1gray,LP,RS,siegle_survey_2019,Siegle2019
8.42218099138164,brain observatory 1.1gray,LP,RS,siegle_survey_2019,Siegle2019
1.55870072157314,brain observatory 1.1gray,LP,RS,siegle_survey_2019,Siegle2019
6.04178320994516,brain observatory 1.1gray,LP,RS,siegle_survey_2019,Siegle2019
5.88030968568779,brain observatory 1.1gray,LP,RS,siegle_survey_2019,Siegle2019
5.51587142696652,brain observatory 1.1gray,LP,RS,siegle_survey_2019,Siegle2019
4.32385462239903,brain observatory 1.1gray,LP,RS,siegle_survey_2019,Siegle2019
3.99802029894724,brain observatory 1.1gray,LP,RS,siegle_survey_2019,Siegle2019
3.36795274601715,brain observatory 1.1gray,LP,FS,siegle_survey_2019,Siegle2019
14.8559919761132,brain observatory 1.1gray,LP,RS,siegle_survey_2019,Siegle2019
3.41286591170463,brain observatory 1.1gray,LP,FS,siegle_survey_2019,Siegle2019
3.58374981353462,brain observatory 1.1gray,LP,RS,siegle_survey_2019,Siegle2019
8.72374081814044,brain observatory 1.1gray,LP,RS,siegle_survey_2019,Siegle2019
6.77151521625795,brain observatory 1.1gray,LP,RS,siegle_survey_2019,Siegle2019
5.67189120967613,brain observatory 1.1gray,LP,RS,siegle_survey_2019,Siegle2019
7.20610356233871,brain observatory 1.1gray,LP,RS,siegle_survey_2019,Siegle2019
5.06278313406687,brain observatory 1.1gray,LP,RS,siegle_survey_2019,Siegle2019
2.96972267692149,brain observatory 1.1gray,LP,RS,siegle_survey_2019,Siegle2019
3.48034259634463,brain observatory 1.1gray,LP,RS,siegle_survey_2019,Siegle2019
8.98584122075952,brain observatory 1.1gray,LP,FS,siegle_survey_2019,Siegle2019
6.01579773551169,brain observatory 1.1gray,LP,FS,siegle_survey_2019,Siegle2019
5.30338937882123,brain observatory 1.1gray,LP,RS,siegle_survey_2019,Siegle2019
7.45676180131836,brain observatory 1.1gray,LP,FS,siegle_survey_2019,Siegle2019
7.24363813652039,brain observatory 1.1gray,LP,FS,siegle_survey_2019,Siegle2019
12.2669618464475,brain observatory 1.1gray,LP,FS,siegle_survey_2019,Siegle2019
6.70040270391943,brain observatory 1.1gray,LP,RS,siegle_survey_2019,Siegle2019
1.8151335104269,brain observatory 1.1gray,LP,RS,siegle_survey_2019,Siegle2019
6.85161036173395,brain observatory 1.1gray,LP,FS,siegle_survey_2019,Siegle2019
10.2770947342746,brain observatory 1.1gray,LP,FS,siegle_survey_2019,Siegle2019
4.01117344032714,brain observatory 1.1gray,LP,RS,siegle_survey_2019,Siegle2019
2.70944018815166,brain observatory 1.1gray,LP,FS,siegle_survey_2019,Siegle2019
5.07422529770629,brain observatory 1.1gray,LP,RS,siegle_survey_2019,Siegle2019
12.4147475487811,brain observatory 1.1gray,LP,RS,siegle_survey_2019,Siegle2019
11.1995256086084,brain observatory 1.1gray,LP,FS,siegle_survey_2019,Siegle2019
15.7047438714978,brain observatory 1.1gray,LP,FS,siegle_survey_2019,Siegle2019
1.59730465684262,brain observatory 1.1gray,LP,FS,siegle_survey_2019,Siegle2019
3.635506890184,brain observatory 1.1gray,LP,FS,siegle_survey_2019,Siegle2019
2.9659799131142,brain observatory 1.1gray,LP,FS,siegle_survey_2019,Siegle2019
10.5368425425005,brain observatory 1.1gray,LGd,RS,siegle_survey_2019,Siegle2019
6.47572993937325,brain observatory 1.1gray,LGd,FS,siegle_survey_2019,Siegle2019
7.65416585812572,brain observatory 1.1gray,LGd,RS,siegle_survey_2019,Siegle2019
5.45919528931327,brain observatory 1.1gray,LGd,FS,siegle_survey_2019,Siegle2019
3.69378706946894,brain observatory 1.1gray,LGd,RS,siegle_survey_2019,Siegle2019
7.78623195246867,brain observatory 1.1gray,LGd,FS,siegle_survey_2019,Siegle2019
7.3764527836248,brain observatory 1.1gray,LGd,FS,siegle_survey_2019,Siegle2019
6.75846901098682,brain observatory 1.1gray,LGd,FS,siegle_survey_2019,Siegle2019
14.774078916788,brain observatory 1.1gray,LGd,FS,siegle_survey_2019,Siegle2019
1.61323813705079,brain observatory 1.1gray,LGd,FS,siegle_survey_2019,Siegle2019
4.87671430479016,brain observatory 1.1gray,LGd,RS,siegle_survey_2019,Siegle2019
1.3754122311247,brain observatory 1.1gray,VISrl,RS,siegle_survey_2019,Siegle2019
10.9439483086249,brain observatory 1.1gray,VISrl,RS,siegle_survey_2019,Siegle2019
4.18569316985564,brain observatory 1.1gray,VISrl,RS,siegle_survey_2019,Siegle2019
11.6958160894551,brain observatory 1.1gray,VISrl,RS,siegle_survey_2019,Siegle2019
12.2893114931825,brain observatory 1.1gray,VISrl,RS,siegle_survey_2019,Siegle2019
12.4984785219556,brain observatory 1.1gray,VISrl,RS,siegle_survey_2019,Siegle2019
9.15758061145974,brain observatory 1.1gray,VISrl,RS,siegle_survey_2019,Siegle2019
3.91022575363909,brain observatory 1.1gray,VISrl,RS,siegle_survey_2019,Siegle2019
5.44753925345628,brain observatory 1.1gray,VISrl,RS,siegle_survey_2019,Siegle2019
1.87180964808015,brain observatory 1.1gray,VISrl,RS,siegle_survey_2019,Siegle2019
7.32801072634759,brain observatory 1.1gray,VISrl,FS,siegle_survey_2019,Siegle2019
1.43123287990772,brain observatory 1.1gray,VISrl,RS,siegle_survey_2019,Siegle2019
7.24545605036964,brain observatory 1.1gray,VISrl,FS,siegle_survey_2019,Siegle2019
0.689951773846726,brain observatory 1.1gray,VISrl,RS,siegle_survey_2019,Siegle2019
1.09834077327646,brain observatory 1.1gray,VISrl,RS,siegle_survey_2019,Siegle2019
16.9707604633409,brain observatory 1.1gray,VISrl,FS,siegle_survey_2019,Siegle2019
13.2675630162993,brain observatory 1.1gray,VISrl,FS,siegle_survey_2019,Siegle2019
0.472015984153666,brain observatory 1.1gray,VISrl,RS,siegle_survey_2019,Siegle2019
9.94163616103262,brain observatory 1.1gray,VISrl,FS,siegle_survey_2019,Siegle2019
1.24377388121687,brain observatory 1.1gray,VISrl,RS,siegle_survey_2019,Siegle2019
1.31221299083589,brain observatory 1.1gray,VISrl,RS,siegle_survey_2019,Siegle2019
4.03662423421671,brain observatory 1.1gray,LGd,FS,siegle_survey_2019,Siegle2019
1.97947498699825,brain observatory 1.1gray,VISam,FS,siegle_survey_2019,Siegle2019
5.3104396685032,brain observatory 1.1gray,VISam,FS,siegle_survey_2019,Siegle2019
37.0615105908334,brain observatory 1.1gray,VISam,FS,siegle_survey_2019,Siegle2019
1.31160998580218,brain observatory 1.1gray,VISam,RS,siegle_survey_2019,Siegle2019
4.52870128221111,brain observatory 1.1gray,VISam,RS,siegle_survey_2019,Siegle2019
6.6771124810227,brain observatory 1.1gray,VISam,FS,siegle_survey_2019,Siegle2019
3.80971337732636,brain observatory 1.1gray,VISam,RS,siegle_survey_2019,Siegle2019
2.74727949916467,brain observatory 1.1gray,VISam,RS,siegle_survey_2019,Siegle2019
9.29101117131541,brain observatory 1.1gray,VISam,RS,siegle_survey_2019,Siegle2019
2.03434562234832,brain observatory 1.1gray,VISam,RS,siegle_survey_2019,Siegle2019
4.68677868177479,brain observatory 1.1gray,VISam,FS,siegle_survey_2019,Siegle2019
3.60080136112489,brain observatory 1.1gray,VISam,RS,siegle_survey_2019,Siegle2019
6.17703054343646,brain observatory 1.1gray,VISam,RS,siegle_survey_2019,Siegle2019
0.768477181951796,brain observatory 1.1gray,VISam,RS,siegle_survey_2019,Siegle2019
7.11069620554021,brain observatory 1.1gray,VISam,RS,siegle_survey_2019,Siegle2019
13.707760982103,brain observatory 1.1gray,VISam,RS,siegle_survey_2019,Siegle2019
1.64842535690898,brain observatory 1.1gray,VISam,RS,siegle_survey_2019,Siegle2019
3.23467680651237,brain observatory 1.1gray,VISam,RS,siegle_survey_2019,Siegle2019
9.79272673552328,brain observatory 1.1gray,VISam,RS,siegle_survey_2019,Siegle2019
9.91476825372746,brain observatory 1.1gray,VISam,RS,siegle_survey_2019,Siegle2019
11.899816790376,brain observatory 1.1gray,VISam,RS,siegle_survey_2019,Siegle2019
17.8945538219752,brain observatory 1.1gray,VISam,FS,siegle_survey_2019,Siegle2019
8.84541548634474,brain observatory 1.1gray,VISam,RS,siegle_survey_2019,Siegle2019
11.7885379887378,brain observatory 1.1gray,VISam,RS,siegle_survey_2019,Siegle2019
9.51827746308933,brain observatory 1.1gray,VISam,RS,siegle_survey_2019,Siegle2019
8.23213283344786,brain observatory 1.1gray,VISam,RS,siegle_survey_2019,Siegle2019
8.39318919920392,brain observatory 1.1gray,VISam,RS,siegle_survey_2019,Siegle2019
2.70643883362391,brain observatory 1.1gray,VISam,RS,siegle_survey_2019,Siegle2019
2.30235648397938,brain observatory 1.1gray,VISam,RS,siegle_survey_2019,Siegle2019
5.69530288142267,brain observatory 1.1gray,VISam,RS,siegle_survey_2019,Siegle2019
3.43426754140218,brain observatory 1.1gray,VISam,RS,siegle_survey_2019,Siegle2019
4.10636075267777,brain observatory 1.1gray,VISam,RS,siegle_survey_2019,Siegle2019
3.17615453518454,brain observatory 1.1gray,VISam,RS,siegle_survey_2019,Siegle2019
1.75576423551848,brain observatory 1.1gray,VISam,RS,siegle_survey_2019,Siegle2019
10.9533704023501,brain observatory 1.1gray,VISam,FS,siegle_survey_2019,Siegle2019
4.74491657036811,brain observatory 1.1gray,VISam,RS,siegle_survey_2019,Siegle2019
4.95152229016258,brain observatory 1.1gray,VISam,FS,siegle_survey_2019,Siegle2019
2.55768271537189,brain observatory 1.1gray,VISam,RS,siegle_survey_2019,Siegle2019
1.12037957538777,brain observatory 1.1gray,VISam,RS,siegle_survey_2019,Siegle2019
9.70970006487099,brain observatory 1.1gray,VISam,FS,siegle_survey_2019,Siegle2019
5.56124940276533,brain observatory 1.1gray,VISam,FS,siegle_survey_2019,Siegle2019
0.618856202547151,brain observatory 1.1gray,VISam,RS,siegle_survey_2019,Siegle2019
0.405427689215284,brain observatory 1.1gray,VISam,RS,siegle_survey_2019,Siegle2019
13.8918803119292,brain observatory 1.1gray,VISam,FS,siegle_survey_2019,Siegle2019
0.870722989329151,brain observatory 1.1gray,VISam,RS,siegle_survey_2019,Siegle2019
1.39108111616033,brain observatory 1.1gray,VISam,RS,siegle_survey_2019,Siegle2019
22.9450546662719,brain observatory 1.1gray,VISam,FS,siegle_survey_2019,Siegle2019
0.289920677497633,brain observatory 1.1gray,VISam,RS,siegle_survey_2019,Siegle2019
0.478268217403287,brain observatory 1.1gray,VISam,RS,siegle_survey_2019,Siegle2019
5.85657713937078,brain observatory 1.1gray,VISpm,RS,siegle_survey_2019,Siegle2019
4.64297942515118,brain observatory 1.1gray,VISpm,RS,siegle_survey_2019,Siegle2019
29.8707055731609,brain observatory 1.1gray,VISpm,FS,siegle_survey_2019,Siegle2019
11.7967578903791,brain observatory 1.1gray,VISpm,RS,siegle_survey_2019,Siegle2019
5.72117772696002,brain observatory 1.1gray,VISpm,RS,siegle_survey_2019,Siegle2019
10.7657427762876,brain observatory 1.1gray,VISpm,RS,siegle_survey_2019,Siegle2019
8.49499180732654,brain observatory 1.1gray,VISpm,RS,siegle_survey_2019,Siegle2019
8.98815701988296,brain observatory 1.1gray,VISpm,RS,siegle_survey_2019,Siegle2019
1.63161577240752,brain observatory 1.1gray,VISpm,FS,siegle_survey_2019,Siegle2019
2.46640263941407,brain observatory 1.1gray,VISpm,RS,siegle_survey_2019,Siegle2019
15.8140555737231,brain observatory 1.1gray,VISpm,RS,siegle_survey_2019,Siegle2019
8.67642125419063,brain observatory 1.1gray,VISpm,RS,siegle_survey_2019,Siegle2019
12.5083495503519,brain observatory 1.1gray,VISpm,RS,siegle_survey_2019,Siegle2019
9.11779066597388,brain observatory 1.1gray,VISpm,FS,siegle_survey_2019,Siegle2019
1.52879293970383,brain observatory 1.1gray,VISpm,RS,siegle_survey_2019,Siegle2019
1.70560977351205,brain observatory 1.1gray,VISpm,RS,siegle_survey_2019,Siegle2019
1.15055866912275,brain observatory 1.1gray,VISpm,FS,siegle_survey_2019,Siegle2019
9.76012516289618,brain observatory 1.1gray,LGd,FS,siegle_survey_2019,Siegle2019
7.19456920870828,brain observatory 1.1gray,LGd,FS,siegle_survey_2019,Siegle2019
5.86076455502156,brain observatory 1.1gray,LGd,FS,siegle_survey_2019,Siegle2019
15.2237272803322,brain observatory 1.1gray,LGd,RS,siegle_survey_2019,Siegle2019
5.6032287861541,brain observatory 1.1gray,LGd,FS,siegle_survey_2019,Siegle2019
7.96323660242875,brain observatory 1.1gray,LGd,FS,siegle_survey_2019,Siegle2019
3.1997858327421,brain observatory 1.1gray,LGd,RS,siegle_survey_2019,Siegle2019
8.21183549573477,brain observatory 1.1gray,LGd,FS,siegle_survey_2019,Siegle2019
5.01560519413001,brain observatory 1.1gray,VISp,RS,siegle_survey_2019,Siegle2019
4.1929321652963,brain observatory 1.1gray,VISp,RS,siegle_survey_2019,Siegle2019
7.96467803397092,brain observatory 1.1gray,VISp,RS,siegle_survey_2019,Siegle2019
3.22438626439511,brain observatory 1.1gray,VISp,FS,siegle_survey_2019,Siegle2019
4.73260413468424,brain observatory 1.1gray,VISp,RS,siegle_survey_2019,Siegle2019
7.89366350666007,brain observatory 1.1gray,VISp,RS,siegle_survey_2019,Siegle2019
0.815946348303597,brain observatory 1.1gray,VISp,RS,siegle_survey_2019,Siegle2019
0.59992380785059,brain observatory 1.1gray,VISp,RS,siegle_survey_2019,Siegle2019
0.976521822101184,brain observatory 1.1gray,VISp,RS,siegle_survey_2019,Siegle2019
1.2083040140819,brain observatory 1.1gray,VISp,RS,siegle_survey_2019,Siegle2019
4.91335965007219,brain observatory 1.1gray,VISp,RS,siegle_survey_2019,Siegle2019
0.60203790744577,brain observatory 1.1gray,VISp,RS,siegle_survey_2019,Siegle2019
5.56027412619747,brain observatory 1.1gray,VISp,FS,siegle_survey_2019,Siegle2019
51.7798726212712,brain observatory 1.1gray,VISp,FS,siegle_survey_2019,Siegle2019
4.28825883795172,brain observatory 1.1gray,VISp,RS,siegle_survey_2019,Siegle2019
6.31154824597577,brain observatory 1.1gray,VISp,RS,siegle_survey_2019,Siegle2019
27.8567216022066,brain observatory 1.1gray,VISp,FS,siegle_survey_2019,Siegle2019
2.55979022801922,brain observatory 1.1gray,VISp,RS,siegle_survey_2019,Siegle2019
1.91450937430839,brain observatory 1.1gray,VISp,RS,siegle_survey_2019,Siegle2019
10.9034686621443,brain observatory 1.1gray,VISp,FS,siegle_survey_2019,Siegle2019
2.08344515105056,brain observatory 1.1gray,VISp,RS,siegle_survey_2019,Siegle2019
4.81697592761918,brain observatory 1.1gray,VISp,RS,siegle_survey_2019,Siegle2019
4.05426645093967,brain observatory 1.1gray,VISp,RS,siegle_survey_2019,Siegle2019
2.97424984411078,brain observatory 1.1gray,VISp,RS,siegle_survey_2019,Siegle2019
7.83562186322875,brain observatory 1.1gray,VISp,FS,siegle_survey_2019,Siegle2019
3.50402398357583,brain observatory 1.1gray,VISp,RS,siegle_survey_2019,Siegle2019
6.61415277439504,brain observatory 1.1gray,VISp,FS,siegle_survey_2019,Siegle2019
0.880426385956608,brain observatory 1.1gray,VISp,RS,siegle_survey_2019,Siegle2019
2.41977917755658,brain observatory 1.1gray,VISp,FS,siegle_survey_2019,Siegle2019
1.71895516175418,brain observatory 1.1gray,VISp,RS,siegle_survey_2019,Siegle2019
3.25744309442885,brain observatory 1.1gray,VISp,FS,siegle_survey_2019,Siegle2019
11.2388417342889,brain observatory 1.1gray,VISp,RS,siegle_survey_2019,Siegle2019
6.3713196072577,brain observatory 1.1gray,VISp,FS,siegle_survey_2019,Siegle2019
0.668920331002395,brain observatory 1.1gray,VISp,RS,siegle_survey_2019,Siegle2019
12.9309862693588,brain observatory 1.1gray,VISp,FS,siegle_survey_2019,Siegle2019
11.8001351768094,brain observatory 1.1gray,VISp,RS,siegle_survey_2019,Siegle2019
5.35020950278543,brain observatory 1.1gray,VISp,FS,siegle_survey_2019,Siegle2019
10.811505329754,brain observatory 1.1gray,VISp,RS,siegle_survey_2019,Siegle2019
2.35174360876621,brain observatory 1.1gray,VISp,RS,siegle_survey_2019,Siegle2019
10.6713020884191,brain observatory 1.1gray,VISp,RS,siegle_survey_2019,Siegle2019
9.10936686932511,brain observatory 1.1gray,VISp,RS,siegle_survey_2019,Siegle2019
13.2074528391467,brain observatory 1.1gray,VISp,FS,siegle_survey_2019,Siegle2019
12.9669259624768,brain observatory 1.1gray,VISp,RS,siegle_survey_2019,Siegle2019
3.69035303426016,brain observatory 1.1gray,VISp,RS,siegle_survey_2019,Siegle2019
13.3239205077539,brain observatory 1.1gray,VISp,RS,siegle_survey_2019,Siegle2019
8.7648647307468,brain observatory 1.1gray,VISp,RS,siegle_survey_2019,Siegle2019
10.7947847238648,brain observatory 1.1gray,VISp,RS,siegle_survey_2019,Siegle2019
4.84590065389869,brain observatory 1.1gray,VISp,RS,siegle_survey_2019,Siegle2019
4.32246881321919,brain observatory 1.1gray,VISp,RS,siegle_survey_2019,Siegle2019
3.52353135711318,brain observatory 1.1gray,VISp,RS,siegle_survey_2019,Siegle2019
4.86031496932038,brain observatory 1.1gray,VISp,RS,siegle_survey_2019,Siegle2019
11.3979757765443,brain observatory 1.1gray,VISp,RS,siegle_survey_2019,Siegle2019
15.6483730126551,brain observatory 1.1gray,VISp,FS,siegle_survey_2019,Siegle2019
2.36135315238067,brain observatory 1.1gray,VISp,RS,siegle_survey_2019,Siegle2019
2.29389415620718,brain observatory 1.1gray,VISp,RS,siegle_survey_2019,Siegle2019
1.74864865152285,brain observatory 1.1gray,VISp,RS,siegle_survey_2019,Siegle2019
13.7293471528479,brain observatory 1.1gray,VISp,FS,siegle_survey_2019,Siegle2019
6.1160901288577,brain observatory 1.1gray,VISp,RS,siegle_survey_2019,Siegle2019
6.32240703026011,brain observatory 1.1gray,VISp,RS,siegle_survey_2019,Siegle2019
2.03703105539273,brain observatory 1.1gray,VISp,RS,siegle_survey_2019,Siegle2019
3.67488166904089,brain observatory 1.1gray,VISp,RS,siegle_survey_2019,Siegle2019
3.89532459955654,brain observatory 1.1gray,VISp,RS,siegle_survey_2019,Siegle2019
16.0222803546936,brain observatory 1.1gray,VISp,FS,siegle_survey_2019,Siegle2019
2.17713820129152,brain observatory 1.1gray,VISp,RS,siegle_survey_2019,Siegle2019
5.26785571400953,brain observatory 1.1gray,VISp,RS,siegle_survey_2019,Siegle2019
3.15827260432764,brain observatory 1.1gray,VISp,RS,siegle_survey_2019,Siegle2019
3.62356670613968,brain observatory 1.1gray,VISp,RS,siegle_survey_2019,Siegle2019
1.34802677823612,brain observatory 1.1gray,VISp,RS,siegle_survey_2019,Siegle2019
6.44608185657818,brain observatory 1.1gray,VISp,FS,siegle_survey_2019,Siegle2019
1.6681206760337,brain observatory 1.1gray,VISp,RS,siegle_survey_2019,Siegle2019
2.22605077828911,brain observatory 1.1gray,VISp,RS,siegle_survey_2019,Siegle2019
2.43111843902163,brain observatory 1.1gray,VISp,RS,siegle_survey_2019,Siegle2019
14.6149626923563,brain observatory 1.1gray,VISp,FS,siegle_survey_2019,Siegle2019
0.968930282645763,brain observatory 1.1gray,VISp,RS,siegle_survey_2019,Siegle2019
1.12748775228431,brain observatory 1.1gray,VISp,RS,siegle_survey_2019,Siegle2019
0.801243746573477,brain observatory 1.1gray,VISp,RS,siegle_survey_2019,Siegle2019
18.2837903489201,brain observatory 1.1gray,VISp,FS,siegle_survey_2019,Siegle2019
1.75345342333008,brain observatory 1.1gray,VISp,RS,siegle_survey_2019,Siegle2019
0.540440732877097,brain observatory 1.1gray,VISp,RS,siegle_survey_2019,Siegle2019
28.9475008978837,brain observatory 1.1gray,VISp,FS,siegle_survey_2019,Siegle2019
3.88715648748426,brain observatory 1.1gray,VISp,RS,siegle_survey_2019,Siegle2019
10.3282413813829,brain observatory 1.1gray,VISp,FS,siegle_survey_2019,Siegle2019
2.63830019934934,brain observatory 1.1gray,VISp,RS,siegle_survey_2019,Siegle2019
0.718121194308419,brain observatory 1.1gray,VISp,RS,siegle_survey_2019,Siegle2019
1.79496665174454,brain observatory 1.1gray,VISp,FS,siegle_survey_2019,Siegle2019
14.9073811045443,brain observatory 1.1gray,VISp,FS,siegle_survey_2019,Siegle2019
0.939717270057812,brain observatory 1.1gray,VISp,RS,siegle_survey_2019,Siegle2019
0.339697366771077,brain observatory 1.1gray,VISp,RS,siegle_survey_2019,Siegle2019
20.9522645152188,brain observatory 1.1gray,VISp,FS,siegle_survey_2019,Siegle2019
12.1990273322455,brain observatory 1.1gray,VISp,RS,siegle_survey_2019,Siegle2019
10.5098617556962,brain observatory 1.1gray,VISp,FS,siegle_survey_2019,Siegle2019
4.83206291109387,brain observatory 1.1gray,VISp,RS,siegle_survey_2019,Siegle2019
0.937026597845763,brain observatory 1.1gray,VISp,RS,siegle_survey_2019,Siegle2019
20.5521097746663,brain observatory 1.1gray,VISl,FS,siegle_survey_2019,Siegle2019
3.78742467444825,brain observatory 1.1gray,VISl,RS,siegle_survey_2019,Siegle2019
6.42314090946631,brain observatory 1.1gray,VISl,RS,siegle_survey_2019,Siegle2019
0.923769147120774,brain observatory 1.1gray,VISl,RS,siegle_survey_2019,Siegle2019
16.8471353164075,brain observatory 1.1gray,VISl,FS,siegle_survey_2019,Siegle2019
4.19381391018879,brain observatory 1.1gray,VISl,RS,siegle_survey_2019,Siegle2019
2.59035900653153,brain observatory 1.1gray,VISl,FS,siegle_survey_2019,Siegle2019
1.21791846152176,brain observatory 1.1gray,VISl,RS,siegle_survey_2019,Siegle2019
0.840838451815954,brain observatory 1.1gray,VISl,RS,siegle_survey_2019,Siegle2019
1.59855401668096,brain observatory 1.1gray,VISl,RS,siegle_survey_2019,Siegle2019
3.76801331818919,brain observatory 1.1gray,VISl,RS,siegle_survey_2019,Siegle2019
13.9425429684545,brain observatory 1.1gray,VISl,RS,siegle_survey_2019,Siegle2019
6.95954779381336,brain observatory 1.1gray,VISl,RS,siegle_survey_2019,Siegle2019
0.251578864783334,brain observatory 1.1gray,VISl,RS,siegle_survey_2019,Siegle2019
3.43974998660024,brain observatory 1.1gray,VISl,RS,siegle_survey_2019,Siegle2019
1.46930513465896,brain observatory 1.1gray,VISl,FS,siegle_survey_2019,Siegle2019
2.23336302384624,brain observatory 1.1gray,VISl,RS,siegle_survey_2019,Siegle2019
3.05085019065748,brain observatory 1.1gray,VISl,RS,siegle_survey_2019,Siegle2019
9.46409323034812,brain observatory 1.1gray,VISl,FS,siegle_survey_2019,Siegle2019
5.77968327822521,brain observatory 1.1gray,VISl,RS,siegle_survey_2019,Siegle2019
4.73886941861165,brain observatory 1.1gray,VISl,RS,siegle_survey_2019,Siegle2019
6.24286514539697,brain observatory 1.1gray,VISl,RS,siegle_survey_2019,Siegle2019
1.10087374902898,brain observatory 1.1gray,VISl,RS,siegle_survey_2019,Siegle2019
8.62863614462379,brain observatory 1.1gray,VISl,RS,siegle_survey_2019,Siegle2019
4.04409661785401,brain observatory 1.1gray,VISl,RS,siegle_survey_2019,Siegle2019
4.48642569142074,brain observatory 1.1gray,VISl,RS,siegle_survey_2019,Siegle2019
15.2629956731863,brain observatory 1.1gray,VISl,RS,siegle_survey_2019,Siegle2019
5.70943723156493,brain observatory 1.1gray,VISl,FS,siegle_survey_2019,Siegle2019
2.50223913678122,brain observatory 1.1gray,VISl,RS,siegle_survey_2019,Siegle2019
2.37904429161229,brain observatory 1.1gray,VISl,RS,siegle_survey_2019,Siegle2019
6.59515243275209,brain observatory 1.1gray,VISl,RS,siegle_survey_2019,Siegle2019
1.84955630652591,brain observatory 1.1gray,VISl,RS,siegle_survey_2019,Siegle2019
2.20636009756506,brain observatory 1.1gray,VISl,RS,siegle_survey_2019,Siegle2019
2.62005261585851,brain observatory 1.1gray,VISl,RS,siegle_survey_2019,Siegle2019
2.12237234820653,brain observatory 1.1gray,VISl,RS,siegle_survey_2019,Siegle2019
6.10304572283786,brain observatory 1.1gray,VISl,RS,siegle_survey_2019,Siegle2019
7.16894059227129,brain observatory 1.1gray,VISl,FS,siegle_survey_2019,Siegle2019
7.17614777900115,brain observatory 1.1gray,VISl,RS,siegle_survey_2019,Siegle2019
8.11903999491179,brain observatory 1.1gray,VISl,RS,siegle_survey_2019,Siegle2019
15.7837389383738,brain observatory 1.1gray,VISl,RS,siegle_survey_2019,Siegle2019
9.22644825990917,brain observatory 1.1gray,VISl,RS,siegle_survey_2019,Siegle2019
1.29594826985028,brain observatory 1.1gray,VISl,RS,siegle_survey_2019,Siegle2019
5.202916148191,brain observatory 1.1gray,VISl,RS,siegle_survey_2019,Siegle2019
2.52203487633254,brain observatory 1.1gray,VISl,RS,siegle_survey_2019,Siegle2019
3.67854810691597,brain observatory 1.1gray,VISl,RS,siegle_survey_2019,Siegle2019
3.71035582435038,brain observatory 1.1gray,VISl,RS,siegle_survey_2019,Siegle2019
4.40349499611592,brain observatory 1.1gray,VISl,RS,siegle_survey_2019,Siegle2019
1.46488472679799,brain observatory 1.1gray,VISl,RS,siegle_survey_2019,Siegle2019
4.01517177511154,brain observatory 1.1gray,VISl,RS,siegle_survey_2019,Siegle2019
3.23304787118811,brain observatory 1.1gray,VISl,RS,siegle_survey_2019,Siegle2019
2.66233477800697,brain observatory 1.1gray,VISl,RS,siegle_survey_2019,Siegle2019
6.15022877196262,brain observatory 1.1gray,VISl,RS,siegle_survey_2019,Siegle2019
1.69407326480725,brain observatory 1.1gray,VISl,RS,siegle_survey_2019,Siegle2019
3.15348052969056,brain observatory 1.1gray,VISl,RS,siegle_survey_2019,Siegle2019
6.94388417465381,brain observatory 1.1gray,VISl,RS,siegle_survey_2019,Siegle2019
3.21027316112178,brain observatory 1.1gray,VISl,FS,siegle_survey_2019,Siegle2019
0.531696334312051,brain observatory 1.1gray,VISal,FS,siegle_survey_2019,Siegle2019
5.5266436976242,brain observatory 1.1gray,VISal,FS,siegle_survey_2019,Siegle2019
3.78904508619631,brain observatory 1.1gray,VISal,RS,siegle_survey_2019,Siegle2019
8.2669987248385,brain observatory 1.1gray,VISal,RS,siegle_survey_2019,Siegle2019
8.26046423166423,brain observatory 1.1gray,VISal,RS,siegle_survey_2019,Siegle2019
3.3027058221527,brain observatory 1.1gray,VISal,RS,siegle_survey_2019,Siegle2019
5.1019977367847,brain observatory 1.1gray,VISal,RS,siegle_survey_2019,Siegle2019
1.21954783639151,brain observatory 1.1gray,VISal,FS,siegle_survey_2019,Siegle2019
2.19482094265087,brain observatory 1.1gray,VISal,FS,siegle_survey_2019,Siegle2019
2.24363745048216,brain observatory 1.1gray,VISal,RS,siegle_survey_2019,Siegle2019
0.392838354358876,brain observatory 1.1gray,VISal,RS,siegle_survey_2019,Siegle2019
1.17688143978306,brain observatory 1.1gray,VISal,RS,siegle_survey_2019,Siegle2019
4.21176913727867,brain observatory 1.1gray,VISal,RS,siegle_survey_2019,Siegle2019
4.09232244587258,brain observatory 1.1gray,VISal,RS,siegle_survey_2019,Siegle2019
7.18573229547302,brain observatory 1.1gray,VISal,RS,siegle_survey_2019,Siegle2019
2.80589214993269,brain observatory 1.1gray,VISal,RS,siegle_survey_2019,Siegle2019
23.7898794512855,brain observatory 1.1gray,VISal,FS,siegle_survey_2019,Siegle2019
1.93180759238662,brain observatory 1.1gray,VISal,RS,siegle_survey_2019,Siegle2019
10.1412451199989,brain observatory 1.1gray,VISal,RS,siegle_survey_2019,Siegle2019
31.6710547923787,brain observatory 1.1gray,VISal,RS,siegle_survey_2019,Siegle2019
15.324827925974,brain observatory 1.1gray,VISal,RS,siegle_survey_2019,Siegle2019
12.6083045797482,brain observatory 1.1gray,VISal,RS,siegle_survey_2019,Siegle2019
10.6542989296667,brain observatory 1.1gray,VISal,RS,siegle_survey_2019,Siegle2019
8.08047738290832,brain observatory 1.1gray,VISal,RS,siegle_survey_2019,Siegle2019
30.9358282147858,brain observatory 1.1gray,VISal,RS,siegle_survey_2019,Siegle2019
12.7096853194372,brain observatory 1.1gray,VISal,RS,siegle_survey_2019,Siegle2019
4.44335926301372,brain observatory 1.1gray,VISal,RS,siegle_survey_2019,Siegle2019
18.0391410759791,brain observatory 1.1gray,VISal,FS,siegle_survey_2019,Siegle2019
2.74938800307285,brain observatory 1.1gray,VISal,RS,siegle_survey_2019,Siegle2019
3.56283630778124,brain observatory 1.1gray,VISal,RS,siegle_survey_2019,Siegle2019
2.26016587439354,brain observatory 1.1gray,VISal,RS,siegle_survey_2019,Siegle2019
3.42695728795163,brain observatory 1.1gray,VISal,RS,siegle_survey_2019,Siegle2019
2.25103680304713,brain observatory 1.1gray,VISal,RS,siegle_survey_2019,Siegle2019
6.60310535259683,brain observatory 1.1gray,VISal,RS,siegle_survey_2019,Siegle2019
2.86854640801537,brain observatory 1.1gray,VISal,RS,siegle_survey_2019,Siegle2019
5.97906125445433,brain observatory 1.1gray,VISal,RS,siegle_survey_2019,Siegle2019
3.57840377681405,brain observatory 1.1gray,VISal,RS,siegle_survey_2019,Siegle2019
3.58301636023118,brain observatory 1.1gray,VISal,RS,siegle_survey_2019,Siegle2019
0.612704830575391,brain observatory 1.1gray,VISal,RS,siegle_survey_2019,Siegle2019
26.1047236582696,brain observatory 1.1gray,VISal,FS,siegle_survey_2019,Siegle2019
12.324438508619,brain observatory 1.1gray,VISal,FS,siegle_survey_2019,Siegle2019
25.5992613921425,brain observatory 1.1gray,VISal,FS,siegle_survey_2019,Siegle2019
0.761556741265679,brain observatory 1.1gray,VISal,RS,siegle_survey_2019,Siegle2019
4.93834299235788,brain observatory 1.1gray,LP,FS,siegle_survey_2019,Siegle2019
0.869567342631766,brain observatory 1.1gray,LP,FS,siegle_survey_2019,Siegle2019
1.04474927053736,brain observatory 1.1gray,LP,FS,siegle_survey_2019,Siegle2019
2.70816077467659,brain observatory 1.1gray,LP,FS,siegle_survey_2019,Siegle2019
1.35331162407815,brain observatory 1.1gray,LP,FS,siegle_survey_2019,Siegle2019
38.1616004244239,brain observatory 1.1gray,LP,FS,siegle_survey_2019,Siegle2019
51.2122216240568,brain observatory 1.1gray,LP,FS,siegle_survey_2019,Siegle2019
6.91185437655819,brain observatory 1.1gray,LP,FS,siegle_survey_2019,Siegle2019
5.58122126865432,brain observatory 1.1gray,LP,FS,siegle_survey_2019,Siegle2019
45.5421121034482,brain observatory 1.1gray,VISrl,FS,siegle_survey_2019,Siegle2019
0.543900006552746,brain observatory 1.1gray,VISrl,RS,siegle_survey_2019,Siegle2019
3.6542200616928,brain observatory 1.1gray,VISrl,RS,siegle_survey_2019,Siegle2019
0.532080271428013,brain observatory 1.1gray,VISrl,RS,siegle_survey_2019,Siegle2019
1.87116977519347,brain observatory 1.1gray,VISrl,RS,siegle_survey_2019,Siegle2019
11.8362635348259,brain observatory 1.1gray,VISrl,RS,siegle_survey_2019,Siegle2019
6.54025343568549,brain observatory 1.1gray,VISrl,FS,siegle_survey_2019,Siegle2019
3.61453265838781,brain observatory 1.1gray,VISrl,RS,siegle_survey_2019,Siegle2019
2.35539453367745,brain observatory 1.1gray,VISrl,FS,siegle_survey_2019,Siegle2019
15.4049586838276,brain observatory 1.1gray,VISrl,FS,siegle_survey_2019,Siegle2019
3.73474801319302,brain observatory 1.1gray,VISrl,FS,siegle_survey_2019,Siegle2019
3.79855536378507,brain observatory 1.1gray,VISrl,FS,siegle_survey_2019,Siegle2019
4.87943650754925,brain observatory 1.1gray,VISrl,RS,siegle_survey_2019,Siegle2019
4.518117775281,brain observatory 1.1gray,VISrl,FS,siegle_survey_2019,Siegle2019
1.49620549505764,brain observatory 1.1gray,VISrl,RS,siegle_survey_2019,Siegle2019
25.650074460968,brain observatory 1.1gray,VISrl,FS,siegle_survey_2019,Siegle2019
4.76402592311995,brain observatory 1.1gray,VISrl,RS,siegle_survey_2019,Siegle2019
0.97604105416188,brain observatory 1.1gray,VISrl,RS,siegle_survey_2019,Siegle2019
7.95506612057526,brain observatory 1.1gray,VISrl,RS,siegle_survey_2019,Siegle2019
8.17695041653467,brain observatory 1.1gray,VISrl,RS,siegle_survey_2019,Siegle2019
12.3418214737789,brain observatory 1.1gray,VISrl,RS,siegle_survey_2019,Siegle2019
11.8167561670998,brain observatory 1.1gray,VISrl,RS,siegle_survey_2019,Siegle2019
10.0752190966483,brain observatory 1.1gray,VISrl,RS,siegle_survey_2019,Siegle2019
7.88520475930956,brain observatory 1.1gray,VISrl,RS,siegle_survey_2019,Siegle2019
27.4832865501918,brain observatory 1.1gray,VISrl,FS,siegle_survey_2019,Siegle2019
9.10196480930441,brain observatory 1.1gray,VISrl,RS,siegle_survey_2019,Siegle2019
7.43057738634118,brain observatory 1.1gray,VISrl,FS,siegle_survey_2019,Siegle2019
12.2611013314637,brain observatory 1.1gray,VISrl,RS,siegle_survey_2019,Siegle2019
2.85182340891623,brain observatory 1.1gray,VISrl,RS,siegle_survey_2019,Siegle2019
2.60466602077954,brain observatory 1.1gray,VISrl,RS,siegle_survey_2019,Siegle2019
1.86098366199655,brain observatory 1.1gray,VISrl,RS,siegle_survey_2019,Siegle2019
2.31128674162662,brain observatory 1.1gray,VISrl,RS,siegle_survey_2019,Siegle2019
4.99830652664921,brain observatory 1.1gray,VISrl,RS,siegle_survey_2019,Siegle2019
8.30946598350221,brain observatory 1.1gray,VISrl,RS,siegle_survey_2019,Siegle2019
1.27038128738998,brain observatory 1.1gray,VISrl,FS,siegle_survey_2019,Siegle2019
5.49809874115112,brain observatory 1.1gray,VISrl,RS,siegle_survey_2019,Siegle2019
2.10439332924003,brain observatory 1.1gray,VISrl,RS,siegle_survey_2019,Siegle2019
4.71857279536387,brain observatory 1.1gray,VISrl,RS,siegle_survey_2019,Siegle2019
3.95740107241258,brain observatory 1.1gray,VISrl,RS,siegle_survey_2019,Siegle2019
3.23793475632416,brain observatory 1.1gray,VISrl,RS,siegle_survey_2019,Siegle2019
2.27611582247497,brain observatory 1.1gray,VISrl,RS,siegle_survey_2019,Siegle2019
0.23255088619393,brain observatory 1.1gray,VISrl,RS,siegle_survey_2019,Siegle2019
4.12845089779489,brain observatory 1.1gray,VISrl,RS,siegle_survey_2019,Siegle2019
2.40882358025754,brain observatory 1.1gray,VISrl,RS,siegle_survey_2019,Siegle2019
1.49937664350574,brain observatory 1.1gray,VISrl,RS,siegle_survey_2019,Siegle2019
1.50773694395982,brain observatory 1.1gray,VISrl,RS,siegle_survey_2019,Siegle2019
16.1425870319369,brain observatory 1.1gray,VISrl,FS,siegle_survey_2019,Siegle2019
2.31637979822508,brain observatory 1.1gray,VISrl,RS,siegle_survey_2019,Siegle2019
2.29735290753648,brain observatory 1.1gray,VISrl,RS,siegle_survey_2019,Siegle2019
17.399995439312,brain observatory 1.1gray,VISrl,FS,siegle_survey_2019,Siegle2019
5.62580953774275,brain observatory 1.1gray,VISrl,RS,siegle_survey_2019,Siegle2019
2.48320142567659,brain observatory 1.1gray,VISrl,FS,siegle_survey_2019,Siegle2019
0.233127458639039,brain observatory 1.1gray,VISrl,RS,siegle_survey_2019,Siegle2019
5.28390207779316,brain observatory 1.1gray,VISrl,FS,siegle_survey_2019,Siegle2019
2.42919580665139,brain observatory 1.1gray,VISrl,RS,siegle_survey_2019,Siegle2019
2.30725073451085,brain observatory 1.1gray,VISrl,RS,siegle_survey_2019,Siegle2019
4.5318594185561,brain observatory 1.1gray,VISrl,FS,siegle_survey_2019,Siegle2019
14.242588634488,brain observatory 1.1gray,VISrl,FS,siegle_survey_2019,Siegle2019
23.7691946835902,brain observatory 1.1gray,VISam,FS,siegle_survey_2019,Siegle2019
1.23195620409483,brain observatory 1.1gray,VISam,RS,siegle_survey_2019,Siegle2019
1.8374263045558,brain observatory 1.1gray,VISam,RS,siegle_survey_2019,Siegle2019
4.86363566641684,brain observatory 1.1gray,VISam,RS,siegle_survey_2019,Siegle2019
1.83115003211502,brain observatory 1.1gray,VISam,RS,siegle_survey_2019,Siegle2019
4.49799524922312,brain observatory 1.1gray,VISam,RS,siegle_survey_2019,Siegle2019
4.33928163250106,brain observatory 1.1gray,VISam,RS,siegle_survey_2019,Siegle2019
1.96685064988757,brain observatory 1.1gray,VISam,RS,siegle_survey_2019,Siegle2019
1.62270171105166,brain observatory 1.1gray,VISam,RS,siegle_survey_2019,Siegle2019
3.3593272764071,brain observatory 1.1gray,VISam,RS,siegle_survey_2019,Siegle2019
0.545655322199625,brain observatory 1.1gray,VISam,RS,siegle_survey_2019,Siegle2019
3.30341139466201,brain observatory 1.1gray,VISam,RS,siegle_survey_2019,Siegle2019
1.13629059689148,brain observatory 1.1gray,VISam,RS,siegle_survey_2019,Siegle2019
1.23595019564805,brain observatory 1.1gray,VISam,RS,siegle_survey_2019,Siegle2019
1.96979859603399,brain observatory 1.1gray,VISam,RS,siegle_survey_2019,Siegle2019
6.69383474816205,brain observatory 1.1gray,VISam,FS,siegle_survey_2019,Siegle2019
2.10217088751219,brain observatory 1.1gray,VISam,RS,siegle_survey_2019,Siegle2019
12.028856512896,brain observatory 1.1gray,VISam,RS,siegle_survey_2019,Siegle2019
1.89952336370469,brain observatory 1.1gray,VISam,RS,siegle_survey_2019,Siegle2019
3.62949227647144,brain observatory 1.1gray,VISam,RS,siegle_survey_2019,Siegle2019
3.22885688566854,brain observatory 1.1gray,VISam,RS,siegle_survey_2019,Siegle2019
22.4209372492671,brain observatory 1.1gray,VISam,FS,siegle_survey_2019,Siegle2019
3.19167472620879,brain observatory 1.1gray,VISam,RS,siegle_survey_2019,Siegle2019
5.88162803730339,brain observatory 1.1gray,VISam,RS,siegle_survey_2019,Siegle2019
16.2766567198209,brain observatory 1.1gray,VISam,RS,siegle_survey_2019,Siegle2019
14.9164173108381,brain observatory 1.1gray,VISam,RS,siegle_survey_2019,Siegle2019
10.9143426794733,brain observatory 1.1gray,VISam,RS,siegle_survey_2019,Siegle2019
19.8687766467586,brain observatory 1.1gray,VISam,FS,siegle_survey_2019,Siegle2019
7.9390091623973,brain observatory 1.1gray,VISam,FS,siegle_survey_2019,Siegle2019
7.16075137974102,brain observatory 1.1gray,VISam,RS,siegle_survey_2019,Siegle2019
7.94994509165017,brain observatory 1.1gray,VISam,RS,siegle_survey_2019,Siegle2019
2.00755132571563,brain observatory 1.1gray,VISam,RS,siegle_survey_2019,Siegle2019
10.5812247649272,brain observatory 1.1gray,VISam,RS,siegle_survey_2019,Siegle2019
8.21079077809032,brain observatory 1.1gray,VISam,RS,siegle_survey_2019,Siegle2019
15.824574914011,brain observatory 1.1gray,VISam,RS,siegle_survey_2019,Siegle2019
8.70319287958033,brain observatory 1.1gray,VISam,RS,siegle_survey_2019,Siegle2019
11.01305132786,brain observatory 1.1gray,VISam,RS,siegle_survey_2019,Siegle2019
14.5374635884669,brain observatory 1.1gray,VISam,RS,siegle_survey_2019,Siegle2019
14.6812472843829,brain observatory 1.1gray,VISam,RS,siegle_survey_2019,Siegle2019
5.82171816400507,brain observatory 1.1gray,VISam,RS,siegle_survey_2019,Siegle2019
2.42882233954351,brain observatory 1.1gray,VISam,RS,siegle_survey_2019,Siegle2019
28.6482357459981,brain observatory 1.1gray,VISam,FS,siegle_survey_2019,Siegle2019
5.20692874991992,brain observatory 1.1gray,VISam,RS,siegle_survey_2019,Siegle2019
3.45432721835158,brain observatory 1.1gray,VISam,RS,siegle_survey_2019,Siegle2019
2.16502870695693,brain observatory 1.1gray,VISam,RS,siegle_survey_2019,Siegle2019
3.82025292065625,brain observatory 1.1gray,VISam,RS,siegle_survey_2019,Siegle2019
5.01997190721436,brain observatory 1.1gray,VISam,RS,siegle_survey_2019,Siegle2019
3.35238533870746,brain observatory 1.1gray,VISam,RS,siegle_survey_2019,Siegle2019
3.78012281505007,brain observatory 1.1gray,VISam,RS,siegle_survey_2019,Siegle2019
8.06966974320983,brain observatory 1.1gray,VISam,RS,siegle_survey_2019,Siegle2019
2.17986353272604,brain observatory 1.1gray,VISam,RS,siegle_survey_2019,Siegle2019
14.1192356158225,brain observatory 1.1gray,VISam,FS,siegle_survey_2019,Siegle2019
6.53331432573734,brain observatory 1.1gray,VISam,RS,siegle_survey_2019,Siegle2019
4.46870597783283,brain observatory 1.1gray,VISam,RS,siegle_survey_2019,Siegle2019
23.7535040024883,brain observatory 1.1gray,VISam,FS,siegle_survey_2019,Siegle2019
2.48901749795277,brain observatory 1.1gray,VISam,RS,siegle_survey_2019,Siegle2019
9.00302753118287,brain observatory 1.1gray,VISam,RS,siegle_survey_2019,Siegle2019
25.5877921708237,brain observatory 1.1gray,VISam,FS,siegle_survey_2019,Siegle2019
9.29411343938313,brain observatory 1.1gray,VISam,FS,siegle_survey_2019,Siegle2019
16.7062010018661,brain observatory 1.1gray,VISam,FS,siegle_survey_2019,Siegle2019
0.599193828020188,brain observatory 1.1gray,VISam,RS,siegle_survey_2019,Siegle2019
1.37355271416023,brain observatory 1.1gray,VISam,RS,siegle_survey_2019,Siegle2019
7.13079644309186,brain observatory 1.1gray,VISam,FS,siegle_survey_2019,Siegle2019
0.423838579826373,brain observatory 1.1gray,VISam,RS,siegle_survey_2019,Siegle2019
1.44078490530612,brain observatory 1.1gray,VISam,RS,siegle_survey_2019,Siegle2019
1.32362781974496,brain observatory 1.1gray,VISam,RS,siegle_survey_2019,Siegle2019
0.163943843756039,brain observatory 1.1gray,VISam,RS,siegle_survey_2019,Siegle2019
23.6836089250876,brain observatory 1.1gray,VISpm,FS,siegle_survey_2019,Siegle2019
2.44822170380635,brain observatory 1.1gray,VISpm,RS,siegle_survey_2019,Siegle2019
2.7901834535398,brain observatory 1.1gray,VISpm,FS,siegle_survey_2019,Siegle2019
7.33220766169294,brain observatory 1.1gray,VISpm,RS,siegle_survey_2019,Siegle2019
2.27667025872316,brain observatory 1.1gray,VISpm,RS,siegle_survey_2019,Siegle2019
1.61490390266224,brain observatory 1.1gray,VISpm,RS,siegle_survey_2019,Siegle2019
1.70115510038422,brain observatory 1.1gray,VISpm,RS,siegle_survey_2019,Siegle2019
1.74489881697971,brain observatory 1.1gray,VISpm,RS,siegle_survey_2019,Siegle2019
5.64674324226145,brain observatory 1.1gray,VISpm,RS,siegle_survey_2019,Siegle2019
2.48188534657766,brain observatory 1.1gray,VISpm,RS,siegle_survey_2019,Siegle2019
2.32868724345737,brain observatory 1.1gray,VISpm,RS,siegle_survey_2019,Siegle2019
9.45472886693504,brain observatory 1.1gray,VISpm,RS,siegle_survey_2019,Siegle2019
3.83974736672336,brain observatory 1.1gray,VISpm,RS,siegle_survey_2019,Siegle2019
2.24329190106008,brain observatory 1.1gray,VISpm,RS,siegle_survey_2019,Siegle2019
1.00791228738176,brain observatory 1.1gray,VISpm,RS,siegle_survey_2019,Siegle2019
2.98348118910193,brain observatory 1.1gray,VISam,RS,siegle_survey_2019,Siegle2019
2.49805086409439,brain observatory 1.1gray,VISam,RS,siegle_survey_2019,Siegle2019
39.6034532818377,brain observatory 1.1gray,VISam,FS,siegle_survey_2019,Siegle2019
7.3542272776852,brain observatory 1.1gray,VISam,RS,siegle_survey_2019,Siegle2019
5.62005249515776,brain observatory 1.1gray,VISam,RS,siegle_survey_2019,Siegle2019
7.81709725065036,brain observatory 1.1gray,VISpm,RS,siegle_survey_2019,Siegle2019
7.15143199811027,brain observatory 1.1gray,VISpm,RS,siegle_survey_2019,Siegle2019
2.39961612136182,brain observatory 1.1gray,VISam,RS,siegle_survey_2019,Siegle2019
7.26984126131788,brain observatory 1.1gray,VISam,RS,siegle_survey_2019,Siegle2019
8.51404877005982,brain observatory 1.1gray,VISpm,RS,siegle_survey_2019,Siegle2019
4.62304517889088,brain observatory 1.1gray,VISpm,RS,siegle_survey_2019,Siegle2019
9.41925841847826,brain observatory 1.1gray,VISpm,FS,siegle_survey_2019,Siegle2019
6.30831940825022,brain observatory 1.1gray,VISpm,RS,siegle_survey_2019,Siegle2019
2.32806127507477,brain observatory 1.1gray,VISam,RS,siegle_survey_2019,Siegle2019
6.3849660073284,brain observatory 1.1gray,VISpm,RS,siegle_survey_2019,Siegle2019
10.31372232782,brain observatory 1.1gray,VISpm,RS,siegle_survey_2019,Siegle2019
2.65609945267101,brain observatory 1.1gray,VISpm,RS,siegle_survey_2019,Siegle2019
10.3278914881955,brain observatory 1.1gray,VISpm,RS,siegle_survey_2019,Siegle2019
23.5272147275458,brain observatory 1.1gray,VISam,FS,siegle_survey_2019,Siegle2019
5.09842526424058,brain observatory 1.1gray,VISpm,RS,siegle_survey_2019,Siegle2019
16.4379377462248,brain observatory 1.1gray,VISpm,FS,siegle_survey_2019,Siegle2019
20.0133472890675,brain observatory 1.1gray,VISam,RS,siegle_survey_2019,Siegle2019
25.0149748496267,brain observatory 1.1gray,VISam,RS,siegle_survey_2019,Siegle2019
4.95676529436605,brain observatory 1.1gray,VISam,RS,siegle_survey_2019,Siegle2019
2.55682023500646,brain observatory 1.1gray,VISpm,RS,siegle_survey_2019,Siegle2019
0.647502100649347,brain observatory 1.1gray,VISpm,RS,siegle_survey_2019,Siegle2019
4.35972702399324,brain observatory 1.1gray,VISpm,RS,siegle_survey_2019,Siegle2019
3.87042411362855,brain observatory 1.1gray,VISam,RS,siegle_survey_2019,Siegle2019
3.0794625532865,brain observatory 1.1gray,VISpm,RS,siegle_survey_2019,Siegle2019
2.72627958929595,brain observatory 1.1gray,VISpm,RS,siegle_survey_2019,Siegle2019
2.55244586334691,brain observatory 1.1gray,VISpm,RS,siegle_survey_2019,Siegle2019
0.587116752740354,brain observatory 1.1gray,VISpm,RS,siegle_survey_2019,Siegle2019
8.66375589127877,brain observatory 1.1gray,VISam,RS,siegle_survey_2019,Siegle2019
1.39466379910755,brain observatory 1.1gray,VISpm,RS,siegle_survey_2019,Siegle2019
13.051128036337,brain observatory 1.1gray,VISpm,RS,siegle_survey_2019,Siegle2019
9.81022562085958,brain observatory 1.1gray,VISam,RS,siegle_survey_2019,Siegle2019
2.19973837453674,brain observatory 1.1gray,VISpm,RS,siegle_survey_2019,Siegle2019
3.07660970220419,brain observatory 1.1gray,VISpm,RS,siegle_survey_2019,Siegle2019
5.58302956808976,brain observatory 1.1gray,VISpm,RS,siegle_survey_2019,Siegle2019
6.0107670403648,brain observatory 1.1gray,VISpm,RS,siegle_survey_2019,Siegle2019
5.61536188035599,brain observatory 1.1gray,VISpm,RS,siegle_survey_2019,Siegle2019
3.43987747962128,brain observatory 1.1gray,VISam,RS,siegle_survey_2019,Siegle2019
22.2249461667001,brain observatory 1.1gray,VISpm,FS,siegle_survey_2019,Siegle2019
4.29619418067163,brain observatory 1.1gray,VISam,RS,siegle_survey_2019,Siegle2019
3.84504274799531,brain observatory 1.1gray,VISam,RS,siegle_survey_2019,Siegle2019
14.5322332232386,brain observatory 1.1gray,VISpm,FS,siegle_survey_2019,Siegle2019
19.3309538204191,brain observatory 1.1gray,VISam,FS,siegle_survey_2019,Siegle2019
17.0397002084213,brain observatory 1.1gray,VISam,FS,siegle_survey_2019,Siegle2019
16.7861675266163,brain observatory 1.1gray,VISam,FS,siegle_survey_2019,Siegle2019
5.91863475950738,brain observatory 1.1gray,VISam,FS,siegle_survey_2019,Siegle2019
1.92548429049023,brain observatory 1.1gray,VISpm,RS,siegle_survey_2019,Siegle2019
0.617452069248966,brain observatory 1.1gray,VISpm,RS,siegle_survey_2019,Siegle2019
1.37298213088196,brain observatory 1.1gray,VISpm,RS,siegle_survey_2019,Siegle2019
3.91040297852868,brain observatory 1.1gray,VISpm,RS,siegle_survey_2019,Siegle2019
3.09118809123558,brain observatory 1.1gray,VISam,RS,siegle_survey_2019,Siegle2019
4.39310538165632,brain observatory 1.1gray,VISpm,FS,siegle_survey_2019,Siegle2019
0.475689874727632,brain observatory 1.1gray,VISam,RS,siegle_survey_2019,Siegle2019
2.42181310901892,brain observatory 1.1gray,VISam,RS,siegle_survey_2019,Siegle2019
0.9243125366582,brain observatory 1.1gray,VISam,RS,siegle_survey_2019,Siegle2019
6.32173954801451,brain observatory 1.1gray,VISam,FS,siegle_survey_2019,Siegle2019
3.01812625501674,brain observatory 1.1gray,VISpm,RS,siegle_survey_2019,Siegle2019
20.8429300073908,brain observatory 1.1gray,VISpm,FS,siegle_survey_2019,Siegle2019
0.801807642753152,brain observatory 1.1gray,VISam,RS,siegle_survey_2019,Siegle2019
0.670873513028948,brain observatory 1.1gray,VISam,RS,siegle_survey_2019,Siegle2019
1.02445882365919,brain observatory 1.1gray,VISpm,RS,siegle_survey_2019,Siegle2019
5.47994654898212,brain observatory 1.1gray,VISpm,FS,siegle_survey_2019,Siegle2019
3.32280582128345,brain observatory 1.1gray,LP,RS,siegle_survey_2019,Siegle2019
3.77431638276973,brain observatory 1.1gray,LP,FS,siegle_survey_2019,Siegle2019
4.12226860359499,brain observatory 1.1gray,LP,RS,siegle_survey_2019,Siegle2019
2.0921827850168,brain observatory 1.1gray,LP,FS,siegle_survey_2019,Siegle2019
12.2727569596245,brain observatory 1.1gray,LP,FS,siegle_survey_2019,Siegle2019
2.58620076457056,brain observatory 1.1gray,LP,RS,siegle_survey_2019,Siegle2019
0.283858261591526,brain observatory 1.1gray,LP,RS,siegle_survey_2019,Siegle2019
10.3389071747919,brain observatory 1.1gray,LP,RS,siegle_survey_2019,Siegle2019
0.0419368486974415,brain observatory 1.1gray,LP,RS,siegle_survey_2019,Siegle2019
9.84022954538288,brain observatory 1.1gray,LP,RS,siegle_survey_2019,Siegle2019
7.33894852205226,brain observatory 1.1gray,LP,RS,siegle_survey_2019,Siegle2019
9.68009179923284,brain observatory 1.1gray,LP,FS,siegle_survey_2019,Siegle2019
5.153097265455,brain observatory 1.1gray,LP,FS,siegle_survey_2019,Siegle2019
5.83445218816967,brain observatory 1.1gray,LP,FS,siegle_survey_2019,Siegle2019
18.4055207789642,brain observatory 1.1gray,LP,FS,siegle_survey_2019,Siegle2019
4.32056808853379,brain observatory 1.1gray,LP,FS,siegle_survey_2019,Siegle2019
3.09220070089502,brain observatory 1.1gray,LP,FS,siegle_survey_2019,Siegle2019
6.02473707307575,brain observatory 1.1gray,LP,FS,siegle_survey_2019,Siegle2019
2.88422816551791,brain observatory 1.1gray,LP,FS,siegle_survey_2019,Siegle2019
12.483764074498,brain observatory 1.1gray,LP,FS,siegle_survey_2019,Siegle2019
7.98618110037042,brain observatory 1.1gray,LP,RS,siegle_survey_2019,Siegle2019
9.09097876728301,brain observatory 1.1gray,LP,RS,siegle_survey_2019,Siegle2019
8.64750496660218,brain observatory 1.1gray,LP,FS,siegle_survey_2019,Siegle2019
1.3620441811643,brain observatory 1.1gray,LP,FS,siegle_survey_2019,Siegle2019
6.2334703676129,brain observatory 1.1gray,LP,RS,siegle_survey_2019,Siegle2019
5.67497804924538,brain observatory 1.1gray,LP,FS,siegle_survey_2019,Siegle2019
5.67449781665251,brain observatory 1.1gray,LP,RS,siegle_survey_2019,Siegle2019
4.03715695424442,brain observatory 1.1gray,LP,RS,siegle_survey_2019,Siegle2019
1.78835459547411,brain observatory 1.1gray,LP,FS,siegle_survey_2019,Siegle2019
2.47893372300432,brain observatory 1.1gray,LP,FS,siegle_survey_2019,Siegle2019
9.41157239341406,brain observatory 1.1gray,LP,RS,siegle_survey_2019,Siegle2019
10.4759095150481,brain observatory 1.1gray,LP,FS,siegle_survey_2019,Siegle2019
5.06969904253515,brain observatory 1.1gray,LP,FS,siegle_survey_2019,Siegle2019
3.89451633005673,brain observatory 1.1gray,LP,FS,siegle_survey_2019,Siegle2019
1.38876584666085,brain observatory 1.1gray,LP,FS,siegle_survey_2019,Siegle2019
2.43233722445161,brain observatory 1.1gray,LP,FS,siegle_survey_2019,Siegle2019
13.0408384265842,brain observatory 1.1gray,LP,FS,siegle_survey_2019,Siegle2019
2.19469508183277,brain observatory 1.1gray,LP,FS,siegle_survey_2019,Siegle2019
4.0795709957375,brain observatory 1.1gray,LP,FS,siegle_survey_2019,Siegle2019
6.0772294551188,brain observatory 1.1gray,LP,FS,siegle_survey_2019,Siegle2019
5.85318588248576,brain observatory 1.1gray,LP,FS,siegle_survey_2019,Siegle2019
10.7248542589149,brain observatory 1.1gray,LP,RS,siegle_survey_2019,Siegle2019
8.85533355450308,brain observatory 1.1gray,LP,RS,siegle_survey_2019,Siegle2019
5.22451353160416,brain observatory 1.1gray,LP,FS,siegle_survey_2019,Siegle2019
17.9710382105674,brain observatory 1.1gray,LP,RS,siegle_survey_2019,Siegle2019
9.45774611753985,brain observatory 1.1gray,LP,FS,siegle_survey_2019,Siegle2019
7.47798915897777,brain observatory 1.1gray,LP,RS,siegle_survey_2019,Siegle2019
8.40118266548484,brain observatory 1.1gray,LP,RS,siegle_survey_2019,Siegle2019
4.26205809925313,brain observatory 1.1gray,LP,FS,siegle_survey_2019,Siegle2019
7.0116318934432,brain observatory 1.1gray,LP,FS,siegle_survey_2019,Siegle2019
10.7578001872913,brain observatory 1.1gray,LP,FS,siegle_survey_2019,Siegle2019
11.9177847339459,brain observatory 1.1gray,LP,RS,siegle_survey_2019,Siegle2019
7.36316363001585,brain observatory 1.1gray,LP,FS,siegle_survey_2019,Siegle2019
1.75088720684193,brain observatory 1.1gray,LP,FS,siegle_survey_2019,Siegle2019
2.79065478883247,brain observatory 1.1gray,LP,FS,siegle_survey_2019,Siegle2019
10.7100625499985,brain observatory 1.1gray,LP,FS,siegle_survey_2019,Siegle2019
2.74120544342959,brain observatory 1.1gray,LP,FS,siegle_survey_2019,Siegle2019
2.38716714932398,brain observatory 1.1gray,LP,FS,siegle_survey_2019,Siegle2019
2.33914422734618,brain observatory 1.1gray,LP,FS,siegle_survey_2019,Siegle2019
3.71716435087141,brain observatory 1.1gray,LP,FS,siegle_survey_2019,Siegle2019
3.65906137002302,brain observatory 1.1gray,LP,FS,siegle_survey_2019,Siegle2019
3.18025857367015,brain observatory 1.1gray,LP,FS,siegle_survey_2019,Siegle2019
2.03211215488322,brain observatory 1.1gray,LP,RS,siegle_survey_2019,Siegle2019
6.57202884768195,brain observatory 1.1gray,LP,RS,siegle_survey_2019,Siegle2019
0.482716783254279,brain observatory 1.1gray,LP,RS,siegle_survey_2019,Siegle2019
4.07499505677347,brain observatory 1.1gray,LP,RS,siegle_survey_2019,Siegle2019
6.81301260463059,brain observatory 1.1gray,LP,RS,siegle_survey_2019,Siegle2019
5.08725795809521,brain observatory 1.1gray,LP,RS,siegle_survey_2019,Siegle2019
4.08370531304872,brain observatory 1.1gray,LP,RS,siegle_survey_2019,Siegle2019
4.84927127857462,brain observatory 1.1gray,LP,RS,siegle_survey_2019,Siegle2019
14.1132376086575,brain observatory 1.1gray,LP,RS,siegle_survey_2019,Siegle2019
2.17424967940658,brain observatory 1.1gray,LP,RS,siegle_survey_2019,Siegle2019
6.42432582188901,brain observatory 1.1gray,LP,RS,siegle_survey_2019,Siegle2019
1.27512744712924,brain observatory 1.1gray,LP,FS,siegle_survey_2019,Siegle2019
0.0558207033682498,brain observatory 1.1gray,LP,FS,siegle_survey_2019,Siegle2019
3.14478817783308,brain observatory 1.1gray,LP,FS,siegle_survey_2019,Siegle2019
4.09175995863659,brain observatory 1.1gray,LP,RS,siegle_survey_2019,Siegle2019
3.04503066689234,brain observatory 1.1gray,LP,RS,siegle_survey_2019,Siegle2019
12.7389839492299,brain observatory 1.1gray,LP,RS,siegle_survey_2019,Siegle2019
4.04086737347025,brain observatory 1.1gray,LP,FS,siegle_survey_2019,Siegle2019
14.7012267365718,brain observatory 1.1gray,LP,RS,siegle_survey_2019,Siegle2019
7.50889651995447,brain observatory 1.1gray,LP,RS,siegle_survey_2019,Siegle2019
11.8701124711061,brain observatory 1.1gray,LP,RS,siegle_survey_2019,Siegle2019
9.11551733872512,brain observatory 1.1gray,LP,RS,siegle_survey_2019,Siegle2019
9.4561539201562,brain observatory 1.1gray,LP,FS,siegle_survey_2019,Siegle2019
2.38145899258955,brain observatory 1.1gray,LP,FS,siegle_survey_2019,Siegle2019
8.8912984836396,brain observatory 1.1gray,LP,RS,siegle_survey_2019,Siegle2019
1.9691735288943,brain observatory 1.1gray,LP,RS,siegle_survey_2019,Siegle2019
2.11234290275798,brain observatory 1.1gray,LP,FS,siegle_survey_2019,Siegle2019
2.83297201710993,brain observatory 1.1gray,LP,RS,siegle_survey_2019,Siegle2019
2.07392456517574,brain observatory 1.1gray,LP,FS,siegle_survey_2019,Siegle2019
9.70069670655064,brain observatory 1.1gray,LP,FS,siegle_survey_2019,Siegle2019
1.0427155237357,brain observatory 1.1gray,LP,FS,siegle_survey_2019,Siegle2019
1.82525141473626,brain observatory 1.1gray,LP,RS,siegle_survey_2019,Siegle2019
0.924322379453812,brain observatory 1.1gray,LP,FS,siegle_survey_2019,Siegle2019
3.39640927001773,brain observatory 1.1gray,LP,FS,siegle_survey_2019,Siegle2019
0.986229156102416,brain observatory 1.1gray,LP,FS,siegle_survey_2019,Siegle2019
8.33630378087032,brain observatory 1.1gray,LP,RS,siegle_survey_2019,Siegle2019
15.9335300377576,brain observatory 1.1gray,LP,FS,siegle_survey_2019,Siegle2019
23.8811809827403,brain observatory 1.1gray,VISp,FS,siegle_survey_2019,Siegle2019
4.43522590305821,brain observatory 1.1gray,VISp,RS,siegle_survey_2019,Siegle2019
3.17997328898513,brain observatory 1.1gray,VISp,RS,siegle_survey_2019,Siegle2019
4.41848920153724,brain observatory 1.1gray,VISp,RS,siegle_survey_2019,Siegle2019
3.2532914530344,brain observatory 1.1gray,VISp,RS,siegle_survey_2019,Siegle2019
1.70134276654405,brain observatory 1.1gray,VISp,RS,siegle_survey_2019,Siegle2019
0.123813553297208,brain observatory 1.1gray,VISp,RS,siegle_survey_2019,Siegle2019
2.28360880866295,brain observatory 1.1gray,VISp,RS,siegle_survey_2019,Siegle2019
8.96240856958677,brain observatory 1.1gray,VISp,RS,siegle_survey_2019,Siegle2019
4.15307934957678,brain observatory 1.1gray,VISp,RS,siegle_survey_2019,Siegle2019
2.37071573248802,brain observatory 1.1gray,VISp,RS,siegle_survey_2019,Siegle2019
4.18008629975836,brain observatory 1.1gray,VISp,RS,siegle_survey_2019,Siegle2019
0.44076483835066,brain observatory 1.1gray,VISp,RS,siegle_survey_2019,Siegle2019
1.84436548863238,brain observatory 1.1gray,VISp,RS,siegle_survey_2019,Siegle2019
2.04377948345898,brain observatory 1.1gray,VISp,RS,siegle_survey_2019,Siegle2019
0.73242088133264,brain observatory 1.1gray,VISp,RS,siegle_survey_2019,Siegle2019
0.97890684918699,brain observatory 1.1gray,VISp,RS,siegle_survey_2019,Siegle2019
32.1632806734575,brain observatory 1.1gray,VISp,FS,siegle_survey_2019,Siegle2019
39.1009287385864,brain observatory 1.1gray,VISp,FS,siegle_survey_2019,Siegle2019
1.23490230654189,brain observatory 1.1gray,VISp,RS,siegle_survey_2019,Siegle2019
5.83188462600452,brain observatory 1.1gray,VISp,FS,siegle_survey_2019,Siegle2019
5.0276670989427,brain observatory 1.1gray,VISp,FS,siegle_survey_2019,Siegle2019
3.39203490484748,brain observatory 1.1gray,VISp,RS,siegle_survey_2019,Siegle2019
19.2870515101279,brain observatory 1.1gray,VISp,FS,siegle_survey_2019,Siegle2019
5.74877168776968,brain observatory 1.1gray,VISp,RS,siegle_survey_2019,Siegle2019
10.8628800462724,brain observatory 1.1gray,VISp,RS,siegle_survey_2019,Siegle2019
47.5888137820955,brain observatory 1.1gray,VISp,FS,siegle_survey_2019,Siegle2019
11.8434035086745,brain observatory 1.1gray,VISp,RS,siegle_survey_2019,Siegle2019
5.52482321003164,brain observatory 1.1gray,VISp,RS,siegle_survey_2019,Siegle2019
10.7258483025694,brain observatory 1.1gray,VISp,RS,siegle_survey_2019,Siegle2019
3.56196948222237,brain observatory 1.1gray,VISp,RS,siegle_survey_2019,Siegle2019
11.4675884836126,brain observatory 1.1gray,VISp,FS,siegle_survey_2019,Siegle2019
9.65032504005682,brain observatory 1.1gray,VISp,RS,siegle_survey_2019,Siegle2019
12.6850884243685,brain observatory 1.1gray,VISp,RS,siegle_survey_2019,Siegle2019
6.09377596684977,brain observatory 1.1gray,VISp,RS,siegle_survey_2019,Siegle2019
5.27291683316198,brain observatory 1.1gray,VISp,RS,siegle_survey_2019,Siegle2019
14.8318556791185,brain observatory 1.1gray,VISp,RS,siegle_survey_2019,Siegle2019
6.578664836483,brain observatory 1.1gray,VISp,RS,siegle_survey_2019,Siegle2019
8.26526789430119,brain observatory 1.1gray,VISp,RS,siegle_survey_2019,Siegle2019
4.53307855001891,brain observatory 1.1gray,VISp,RS,siegle_survey_2019,Siegle2019
11.1776596414902,brain observatory 1.1gray,VISam,FS,siegle_survey_2019,Siegle2019
7.75470340301646,brain observatory 1.1gray,VISp,RS,siegle_survey_2019,Siegle2019
3.45394168149608,brain observatory 1.1gray,VISp,FS,siegle_survey_2019,Siegle2019
16.5085688678561,brain observatory 1.1gray,VISp,FS,siegle_survey_2019,Siegle2019
8.13923160794435,brain observatory 1.1gray,VISam,FS,siegle_survey_2019,Siegle2019
9.08603193309397,brain observatory 1.1gray,VISp,FS,siegle_survey_2019,Siegle2019
8.20241016870253,brain observatory 1.1gray,VISp,RS,siegle_survey_2019,Siegle2019
4.75921421034207,brain observatory 1.1gray,VISp,RS,siegle_survey_2019,Siegle2019
13.0244821046433,brain observatory 1.1gray,VISp,FS,siegle_survey_2019,Siegle2019
1.70856997856447,brain observatory 1.1gray,VISp,RS,siegle_survey_2019,Siegle2019
2.05328897295954,brain observatory 1.1gray,VISp,RS,siegle_survey_2019,Siegle2019
2.0114472191571,brain observatory 1.1gray,VISp,RS,siegle_survey_2019,Siegle2019
2.25431958100124,brain observatory 1.1gray,VISp,RS,siegle_survey_2019,Siegle2019
12.5264701394993,brain observatory 1.1gray,VISp,FS,siegle_survey_2019,Siegle2019
33.5244690005667,brain observatory 1.1gray,VISp,FS,siegle_survey_2019,Siegle2019
2.45344829114283,brain observatory 1.1gray,VISp,RS,siegle_survey_2019,Siegle2019
4.65869890632122,brain observatory 1.1gray,VISp,RS,siegle_survey_2019,Siegle2019
5.78100885717656,brain observatory 1.1gray,VISp,RS,siegle_survey_2019,Siegle2019
14.2304582947754,brain observatory 1.1gray,VISam,FS,siegle_survey_2019,Siegle2019
13.0349425430939,brain observatory 1.1gray,VISp,RS,siegle_survey_2019,Siegle2019
0.785388737850724,brain observatory 1.1gray,VISp,RS,siegle_survey_2019,Siegle2019
14.8536324100747,brain observatory 1.1gray,VISp,FS,siegle_survey_2019,Siegle2019
17.5910756228763,brain observatory 1.1gray,VISam,FS,siegle_survey_2019,Siegle2019
2.14610835186696,brain observatory 1.1gray,VISam,RS,siegle_survey_2019,Siegle2019
3.61133674048592,brain observatory 1.1gray,VISam,RS,siegle_survey_2019,Siegle2019
20.8041003701512,brain observatory 1.1gray,VISp,FS,siegle_survey_2019,Siegle2019
12.3751154823002,brain observatory 1.1gray,VISam,FS,siegle_survey_2019,Siegle2019
7.31483705556655,brain observatory 1.1gray,VISam,FS,siegle_survey_2019,Siegle2019
0.605961132340455,brain observatory 1.1gray,VISam,RS,siegle_survey_2019,Siegle2019
13.7941662794902,brain observatory 1.1gray,VISam,FS,siegle_survey_2019,Siegle2019
3.10770116878092,brain observatory 1.1gray,VISp,RS,siegle_survey_2019,Siegle2019
1.01665952250419,brain observatory 1.1gray,VISp,RS,siegle_survey_2019,Siegle2019
1.67690337852763,brain observatory 1.1gray,VISp,FS,siegle_survey_2019,Siegle2019
0.881014794150644,brain observatory 1.1gray,VISam,RS,siegle_survey_2019,Siegle2019
1.85725889510705,brain observatory 1.1gray,VISam,RS,siegle_survey_2019,Siegle2019
6.76096175020861,brain observatory 1.1gray,VISp,FS,siegle_survey_2019,Siegle2019
0.568287092553085,brain observatory 1.1gray,VISp,RS,siegle_survey_2019,Siegle2019
15.4459253123253,brain observatory 1.1gray,VISam,FS,siegle_survey_2019,Siegle2019
1.0213678469378,brain observatory 1.1gray,VISam,FS,siegle_survey_2019,Siegle2019
18.8913616520098,brain observatory 1.1gray,VISp,FS,siegle_survey_2019,Siegle2019
2.6675068998003,brain observatory 1.1gray,VISp,RS,siegle_survey_2019,Siegle2019
1.60059962656316,brain observatory 1.1gray,VISam,RS,siegle_survey_2019,Siegle2019
1.58450453245514,brain observatory 1.1gray,VISam,RS,siegle_survey_2019,Siegle2019
2.90562451689416,brain observatory 1.1gray,VISp,RS,siegle_survey_2019,Siegle2019
0.268452888600629,brain observatory 1.1gray,VISp,RS,siegle_survey_2019,Siegle2019
0.707886398421212,brain observatory 1.1gray,VISp,RS,siegle_survey_2019,Siegle2019
1.42374519963818,brain observatory 1.1gray,VISam,RS,siegle_survey_2019,Siegle2019
1.6244548553304,brain observatory 1.1gray,VISam,RS,siegle_survey_2019,Siegle2019
11.0080899509459,brain observatory 1.1gray,VISp,FS,siegle_survey_2019,Siegle2019
6.36793454915073,brain observatory 1.1gray,VISp,FS,siegle_survey_2019,Siegle2019
7.65580395991433,brain observatory 1.1gray,VISam,RS,siegle_survey_2019,Siegle2019
1.21426671432569,brain observatory 1.1gray,VISp,RS,siegle_survey_2019,Siegle2019
5.04274627065173,brain observatory 1.1gray,VISam,RS,siegle_survey_2019,Siegle2019
3.27516004271791,brain observatory 1.1gray,VISam,RS,siegle_survey_2019,Siegle2019
9.86849618324004,brain observatory 1.1gray,VISam,RS,siegle_survey_2019,Siegle2019
26.6732114939819,brain observatory 1.1gray,VISam,FS,siegle_survey_2019,Siegle2019
0.112782545476566,brain observatory 1.1gray,VISp,RS,siegle_survey_2019,Siegle2019
0.449323378901159,brain observatory 1.1gray,VISp,RS,siegle_survey_2019,Siegle2019
6.77437013040439,brain observatory 1.1gray,VISp,FS,siegle_survey_2019,Siegle2019
21.6782714849962,brain observatory 1.1gray,VISam,RS,siegle_survey_2019,Siegle2019
10.3681147295097,brain observatory 1.1gray,VISam,RS,siegle_survey_2019,Siegle2019
17.29283736122,brain observatory 1.1gray,VISam,FS,siegle_survey_2019,Siegle2019
7.25160632871363,brain observatory 1.1gray,VISam,RS,siegle_survey_2019,Siegle2019
0.529222022932597,brain observatory 1.1gray,VISam,RS,siegle_survey_2019,Siegle2019
9.13348688564068,brain observatory 1.1gray,VISam,RS,siegle_survey_2019,Siegle2019
1.58513680484728,brain observatory 1.1gray,VISp,RS,siegle_survey_2019,Siegle2019
10.4314345076323,brain observatory 1.1gray,VISp,FS,siegle_survey_2019,Siegle2019
1.88379663955895,brain observatory 1.1gray,VISam,RS,siegle_survey_2019,Siegle2019
11.8294151487332,brain observatory 1.1gray,VISam,RS,siegle_survey_2019,Siegle2019
9.7832305061202,brain observatory 1.1gray,VISam,RS,siegle_survey_2019,Siegle2019
30.7885737707908,brain observatory 1.1gray,VISam,FS,siegle_survey_2019,Siegle2019
5.22486992481445,brain observatory 1.1gray,VISam,RS,siegle_survey_2019,Siegle2019
0.725003479522208,brain observatory 1.1gray,VISp,RS,siegle_survey_2019,Siegle2019
11.7396549782235,brain observatory 1.1gray,VISp,FS,siegle_survey_2019,Siegle2019
0.636660322062065,brain observatory 1.1gray,VISp,RS,siegle_survey_2019,Siegle2019
1.30169073598573,brain observatory 1.1gray,VISam,RS,siegle_survey_2019,Siegle2019
3.77870655838296,brain observatory 1.1gray,VISam,RS,siegle_survey_2019,Siegle2019
3.92710715822413,brain observatory 1.1gray,VISam,RS,siegle_survey_2019,Siegle2019
3.5502137045281,brain observatory 1.1gray,VISam,RS,siegle_survey_2019,Siegle2019
0.89136164036294,brain observatory 1.1gray,VISam,RS,siegle_survey_2019,Siegle2019
5.85061832032061,brain observatory 1.1gray,LP,RS,siegle_survey_2019,Siegle2019
1.60835976122238,brain observatory 1.1gray,VISam,RS,siegle_survey_2019,Siegle2019
1.30772639627624,brain observatory 1.1gray,VISam,RS,siegle_survey_2019,Siegle2019
18.8820362961234,brain observatory 1.1gray,VISam,FS,siegle_survey_2019,Siegle2019
1.76279602135405,brain observatory 1.1gray,VISam,RS,siegle_survey_2019,Siegle2019
0.979788853825428,brain observatory 1.1gray,VISam,RS,siegle_survey_2019,Siegle2019
1.42307457071701,brain observatory 1.1gray,VISam,RS,siegle_survey_2019,Siegle2019
1.74056946282393,brain observatory 1.1gray,VISam,RS,siegle_survey_2019,Siegle2019
1.54273393107958,brain observatory 1.1gray,VISam,RS,siegle_survey_2019,Siegle2019
1.57751083084869,brain observatory 1.1gray,VISam,RS,siegle_survey_2019,Siegle2019
1.51169339244269,brain observatory 1.1gray,VISam,RS,siegle_survey_2019,Siegle2019
2.3279445936349,brain observatory 1.1gray,VISam,RS,siegle_survey_2019,Siegle2019
0.438878726838202,brain observatory 1.1gray,VISam,RS,siegle_survey_2019,Siegle2019
2.64620564331906,brain observatory 1.1gray,VISp,RS,siegle_survey_2019,Siegle2019
0.402568960963572,brain observatory 1.1gray,VISam,RS,siegle_survey_2019,Siegle2019
0.657581198963283,brain observatory 1.1gray,VISp,RS,siegle_survey_2019,Siegle2019
1.12211976106533,brain observatory 1.1gray,VISp,RS,siegle_survey_2019,Siegle2019
0.938111139229615,brain observatory 1.1gray,VISp,RS,siegle_survey_2019,Siegle2019
2.36080541077209,brain observatory 1.1gray,VISam,RS,siegle_survey_2019,Siegle2019
6.53959002269715,brain observatory 1.1gray,VISam,RS,siegle_survey_2019,Siegle2019
13.0089556169349,brain observatory 1.1gray,VISam,FS,siegle_survey_2019,Siegle2019
1.1588467757771,brain observatory 1.1gray,VISam,RS,siegle_survey_2019,Siegle2019
2.50269132966478,brain observatory 1.1gray,VISam,FS,siegle_survey_2019,Siegle2019
7.47770407927861,brain observatory 1.1gray,VISam,FS,siegle_survey_2019,Siegle2019
14.0259164738193,brain observatory 1.1gray,VISam,FS,siegle_survey_2019,Siegle2019
1.20837751181188,brain observatory 1.1gray,VISam,RS,siegle_survey_2019,Siegle2019
0.816538613586988,brain observatory 1.1gray,VISam,RS,siegle_survey_2019,Siegle2019
1.67427300375997,brain observatory 1.1gray,VISam,FS,siegle_survey_2019,Siegle2019
1.96120637788798,brain observatory 1.1gray,VISam,FS,siegle_survey_2019,Siegle2019
8.91821500194597,brain observatory 1.1gray,VISam,FS,siegle_survey_2019,Siegle2019
0.259916609018127,brain observatory 1.1gray,VISam,RS,siegle_survey_2019,Siegle2019
0.512073083377033,brain observatory 1.1gray,VISam,RS,siegle_survey_2019,Siegle2019
0.325063418502951,brain observatory 1.1gray,VISam,RS,siegle_survey_2019,Siegle2019
2.39116113491421,brain observatory 1.1gray,LP,FS,siegle_survey_2019,Siegle2019
0.355337524087075,brain observatory 1.1gray,VISam,RS,siegle_survey_2019,Siegle2019
1.28894878648355,brain observatory 1.1gray,VISam,RS,siegle_survey_2019,Siegle2019
0.809640716112124,brain observatory 1.1gray,VISam,RS,siegle_survey_2019,Siegle2019
2.25053485530587,brain observatory 1.1gray,VISam,RS,siegle_survey_2019,Siegle2019
2.64342759897831,brain observatory 1.1gray,VISam,RS,siegle_survey_2019,Siegle2019
0.849495234855781,brain observatory 1.1gray,VISam,RS,siegle_survey_2019,Siegle2019
2.40305503280563,brain observatory 1.1gray,VISam,RS,siegle_survey_2019,Siegle2019
2.33024389279318,brain observatory 1.1gray,VISam,RS,siegle_survey_2019,Siegle2019
1.19525234578332,brain observatory 1.1gray,VISam,RS,siegle_survey_2019,Siegle2019
1.82976310933919,brain observatory 1.1gray,VISam,RS,siegle_survey_2019,Siegle2019
0.607589802577576,brain observatory 1.1gray,VISam,RS,siegle_survey_2019,Siegle2019
5.53860917833212,brain observatory 1.1gray,VISl,RS,siegle_survey_2019,Siegle2019
11.0468831004465,brain observatory 1.1gray,VISl,RS,siegle_survey_2019,Siegle2019
2.50771131766785,brain observatory 1.1gray,VISp,RS,siegle_survey_2019,Siegle2019
4.3269376345448,brain observatory 1.1gray,VISp,RS,siegle_survey_2019,Siegle2019
3.66837882085984,brain observatory 1.1gray,VISl,RS,siegle_survey_2019,Siegle2019
9.67622819909461,brain observatory 1.1gray,LP,RS,siegle_survey_2019,Siegle2019
7.50827406129944,brain observatory 1.1gray,LP,RS,siegle_survey_2019,Siegle2019
9.13301816059098,brain observatory 1.1gray,LP,RS,siegle_survey_2019,Siegle2019
1.69475392318206,brain observatory 1.1gray,VISp,RS,siegle_survey_2019,Siegle2019
1.00430208998515,brain observatory 1.1gray,VISp,RS,siegle_survey_2019,Siegle2019
3.96583550251812,brain observatory 1.1gray,VISl,RS,siegle_survey_2019,Siegle2019
0.925463051757776,brain observatory 1.1gray,VISl,RS,siegle_survey_2019,Siegle2019
21.4489280428608,brain observatory 1.1gray,VISl,FS,siegle_survey_2019,Siegle2019
9.38163016234,brain observatory 1.1gray,LP,RS,siegle_survey_2019,Siegle2019
9.75654112045257,brain observatory 1.1gray,VISl,FS,siegle_survey_2019,Siegle2019
5.87005814509178,brain observatory 1.1gray,VISp,RS,siegle_survey_2019,Siegle2019
3.80797485541511,brain observatory 1.1gray,VISp,RS,siegle_survey_2019,Siegle2019
3.77172894393285,brain observatory 1.1gray,VISp,RS,siegle_survey_2019,Siegle2019
3.66479957722739,brain observatory 1.1gray,LP,RS,siegle_survey_2019,Siegle2019
2.18870300033467,brain observatory 1.1gray,VISl,RS,siegle_survey_2019,Siegle2019
6.79395765087915,brain observatory 1.1gray,LP,RS,siegle_survey_2019,Siegle2019
3.52722468916897,brain observatory 1.1gray,LP,RS,siegle_survey_2019,Siegle2019
11.6746088328066,brain observatory 1.1gray,LP,RS,siegle_survey_2019,Siegle2019
8.1435423243248,brain observatory 1.1gray,VISl,RS,siegle_survey_2019,Siegle2019
3.86089201300548,brain observatory 1.1gray,VISp,RS,siegle_survey_2019,Siegle2019
9.02878314791162,brain observatory 1.1gray,LP,RS,siegle_survey_2019,Siegle2019
7.25381800093513,brain observatory 1.1gray,LP,RS,siegle_survey_2019,Siegle2019
2.39635114001306,brain observatory 1.1gray,VISp,RS,siegle_survey_2019,Siegle2019
3.89573304419773,brain observatory 1.1gray,VISp,RS,siegle_survey_2019,Siegle2019
8.38385727734968,brain observatory 1.1gray,VISp,RS,siegle_survey_2019,Siegle2019
2.68509810207897,brain observatory 1.1gray,VISl,RS,siegle_survey_2019,Siegle2019
2.58353680540025,brain observatory 1.1gray,VISl,RS,siegle_survey_2019,Siegle2019
1.97825810375226,brain observatory 1.1gray,VISl,RS,siegle_survey_2019,Siegle2019
9.958427480798,brain observatory 1.1gray,VISl,FS,siegle_survey_2019,Siegle2019
0.465225387473301,brain observatory 1.1gray,LP,RS,siegle_survey_2019,Siegle2019
8.29367721749922,brain observatory 1.1gray,LP,RS,siegle_survey_2019,Siegle2019
1.95632257252982,brain observatory 1.1gray,LP,RS,siegle_survey_2019,Siegle2019
6.17774478180414,brain observatory 1.1gray,LP,RS,siegle_survey_2019,Siegle2019
5.54831092766501,brain observatory 1.1gray,LP,FS,siegle_survey_2019,Siegle2019
5.380086068254,brain observatory 1.1gray,VISl,RS,siegle_survey_2019,Siegle2019
0.688867072229072,brain observatory 1.1gray,VISl,RS,siegle_survey_2019,Siegle2019
9.89569578677244,brain observatory 1.1gray,VISp,FS,siegle_survey_2019,Siegle2019
1.77570607947729,brain observatory 1.1gray,VISl,RS,siegle_survey_2019,Siegle2019
2.32432761047854,brain observatory 1.1gray,VISp,RS,siegle_survey_2019,Siegle2019
13.1737744501809,brain observatory 1.1gray,VISl,RS,siegle_survey_2019,Siegle2019
8.63775024458633,brain observatory 1.1gray,VISl,RS,siegle_survey_2019,Siegle2019
17.2248149356804,brain observatory 1.1gray,VISl,FS,siegle_survey_2019,Siegle2019
8.96887050211002,brain observatory 1.1gray,VISl,RS,siegle_survey_2019,Siegle2019
2.97235205891716,brain observatory 1.1gray,VISp,RS,siegle_survey_2019,Siegle2019
3.74353767944665,brain observatory 1.1gray,VISp,RS,siegle_survey_2019,Siegle2019
4.58234487126862,brain observatory 1.1gray,VISp,FS,siegle_survey_2019,Siegle2019
11.4664262201667,brain observatory 1.1gray,LP,RS,siegle_survey_2019,Siegle2019
10.1817871714374,brain observatory 1.1gray,LP,RS,siegle_survey_2019,Siegle2019
9.2168468702366,brain observatory 1.1gray,LP,RS,siegle_survey_2019,Siegle2019
5.71606415119585,brain observatory 1.1gray,LP,RS,siegle_survey_2019,Siegle2019
7.79185461050063,brain observatory 1.1gray,LP,RS,siegle_survey_2019,Siegle2019
7.05603765314704,brain observatory 1.1gray,VISl,RS,siegle_survey_2019,Siegle2019
15.771860767184,brain observatory 1.1gray,VISl,RS,siegle_survey_2019,Siegle2019
4.50730556177714,brain observatory 1.1gray,VISl,RS,siegle_survey_2019,Siegle2019
3.25267250611715,brain observatory 1.1gray,VISp,FS,siegle_survey_2019,Siegle2019
11.047665888897,brain observatory 1.1gray,LP,RS,siegle_survey_2019,Siegle2019
7.8170817143079,brain observatory 1.1gray,VISl,RS,siegle_survey_2019,Siegle2019
3.76695235094681,brain observatory 1.1gray,VISp,RS,siegle_survey_2019,Siegle2019
3.15564210742046,brain observatory 1.1gray,VISp,FS,siegle_survey_2019,Siegle2019
5.58069276064812,brain observatory 1.1gray,LP,RS,siegle_survey_2019,Siegle2019
3.4280015663104,brain observatory 1.1gray,VISp,RS,siegle_survey_2019,Siegle2019
2.10928726742101,brain observatory 1.1gray,VISp,RS,siegle_survey_2019,Siegle2019
8.67963140773979,brain observatory 1.1gray,VISp,RS,siegle_survey_2019,Siegle2019
15.5593301879188,brain observatory 1.1gray,VISp,FS,siegle_survey_2019,Siegle2019
9.85448881294234,brain observatory 1.1gray,VISl,RS,siegle_survey_2019,Siegle2019
10.0382724205241,brain observatory 1.1gray,LP,RS,siegle_survey_2019,Siegle2019
3.1581949662893,brain observatory 1.1gray,VISl,RS,siegle_survey_2019,Siegle2019
9.614659608613,brain observatory 1.1gray,VISl,FS,siegle_survey_2019,Siegle2019
3.74063426018063,brain observatory 1.1gray,VISp,RS,siegle_survey_2019,Siegle2019
6.22174651102429,brain observatory 1.1gray,VISp,RS,siegle_survey_2019,Siegle2019
4.25901291605791,brain observatory 1.1gray,VISl,RS,siegle_survey_2019,Siegle2019
3.69833369768924,brain observatory 1.1gray,VISl,RS,siegle_survey_2019,Siegle2019
9.41104206389566,brain observatory 1.1gray,LP,RS,siegle_survey_2019,Siegle2019
7.63875943562783,brain observatory 1.1gray,LP,RS,siegle_survey_2019,Siegle2019
4.70559970204549,brain observatory 1.1gray,VISp,RS,siegle_survey_2019,Siegle2019
14.4991138623912,brain observatory 1.1gray,VISp,RS,siegle_survey_2019,Siegle2019
15.5859503411475,brain observatory 1.1gray,VISl,FS,siegle_survey_2019,Siegle2019
2.138778205619,brain observatory 1.1gray,VISl,RS,siegle_survey_2019,Siegle2019
2.86996248479754,brain observatory 1.1gray,VISl,RS,siegle_survey_2019,Siegle2019
2.56660992262047,brain observatory 1.1gray,VISl,RS,siegle_survey_2019,Siegle2019
3.86018512741507,brain observatory 1.1gray,VISl,RS,siegle_survey_2019,Siegle2019
4.43455800376288,brain observatory 1.1gray,VISl,RS,siegle_survey_2019,Siegle2019
9.24280108666179,brain observatory 1.1gray,VISp,RS,siegle_survey_2019,Siegle2019
5.51669552859866,brain observatory 1.1gray,LP,RS,siegle_survey_2019,Siegle2019
1.09600050096676,brain observatory 1.1gray,LP,RS,siegle_survey_2019,Siegle2019
16.2358268769016,brain observatory 1.1gray,VISp,RS,siegle_survey_2019,Siegle2019
33.6637415092196,brain observatory 1.1gray,VISp,FS,siegle_survey_2019,Siegle2019
3.11124789025615,brain observatory 1.1gray,VISp,RS,siegle_survey_2019,Siegle2019
3.40926982911027,brain observatory 1.1gray,VISp,RS,siegle_survey_2019,Siegle2019
2.17776709292076,brain observatory 1.1gray,VISl,RS,siegle_survey_2019,Siegle2019
1.67262326524533,brain observatory 1.1gray,VISl,RS,siegle_survey_2019,Siegle2019
40.5836198656929,brain observatory 1.1gray,VISp,FS,siegle_survey_2019,Siegle2019
10.2083284806427,brain observatory 1.1gray,VISp,FS,siegle_survey_2019,Siegle2019
8.91508934434546,brain observatory 1.1gray,VISp,FS,siegle_survey_2019,Siegle2019
2.59627951490863,brain observatory 1.1gray,VISl,RS,siegle_survey_2019,Siegle2019
2.42482338055726,brain observatory 1.1gray,VISp,RS,siegle_survey_2019,Siegle2019
1.35140118030362,brain observatory 1.1gray,VISp,RS,siegle_survey_2019,Siegle2019
4.48681301154794,brain observatory 1.1gray,VISp,FS,siegle_survey_2019,Siegle2019
3.12445376498224,brain observatory 1.1gray,VISp,RS,siegle_survey_2019,Siegle2019
2.0089788147143,brain observatory 1.1gray,VISp,RS,siegle_survey_2019,Siegle2019
1.63468042126142,brain observatory 1.1gray,VISl,RS,siegle_survey_2019,Siegle2019
7.74463674539513,brain observatory 1.1gray,VISp,RS,siegle_survey_2019,Siegle2019
2.06611061317471,brain observatory 1.1gray,VISp,RS,siegle_survey_2019,Siegle2019
13.3601305819371,brain observatory 1.1gray,VISp,RS,siegle_survey_2019,Siegle2019
1.62591478897157,brain observatory 1.1gray,VISp,RS,siegle_survey_2019,Siegle2019
14.1228869207265,brain observatory 1.1gray,VISp,FS,siegle_survey_2019,Siegle2019
3.72031032531848,brain observatory 1.1gray,VISp,RS,siegle_survey_2019,Siegle2019
2.33041542506859,brain observatory 1.1gray,VISp,RS,siegle_survey_2019,Siegle2019
5.24248382453293,brain observatory 1.1gray,VISl,RS,siegle_survey_2019,Siegle2019
2.69399844412318,brain observatory 1.1gray,VISp,RS,siegle_survey_2019,Siegle2019
3.93254090779599,brain observatory 1.1gray,VISp,RS,siegle_survey_2019,Siegle2019
1.87055127680531,brain observatory 1.1gray,VISp,RS,siegle_survey_2019,Siegle2019
2.81613880135171,brain observatory 1.1gray,VISl,FS,siegle_survey_2019,Siegle2019
21.4020462832517,brain observatory 1.1gray,VISl,FS,siegle_survey_2019,Siegle2019
1.79037944158874,brain observatory 1.1gray,VISp,RS,siegle_survey_2019,Siegle2019
15.4431934172779,brain observatory 1.1gray,VISp,FS,siegle_survey_2019,Siegle2019
5.06431246942805,brain observatory 1.1gray,VISp,FS,siegle_survey_2019,Siegle2019
6.07676286509526,brain observatory 1.1gray,VISp,FS,siegle_survey_2019,Siegle2019
2.05505888822663,brain observatory 1.1gray,VISp,RS,siegle_survey_2019,Siegle2019
1.41162371540205,brain observatory 1.1gray,VISp,FS,siegle_survey_2019,Siegle2019
9.64594581330149,brain observatory 1.1gray,VISl,FS,siegle_survey_2019,Siegle2019
0.663001273824005,brain observatory 1.1gray,VISl,RS,siegle_survey_2019,Siegle2019
8.62510262992502,brain observatory 1.1gray,VISl,FS,siegle_survey_2019,Siegle2019
4.64518984957507,brain observatory 1.1gray,VISp,RS,siegle_survey_2019,Siegle2019
0.420604508623576,brain observatory 1.1gray,VISl,RS,siegle_survey_2019,Siegle2019
2.14001443863101,brain observatory 1.1gray,VISl,RS,siegle_survey_2019,Siegle2019
0.82599384171476,brain observatory 1.1gray,VISl,RS,siegle_survey_2019,Siegle2019
0.296600828034577,brain observatory 1.1gray,VISl,RS,siegle_survey_2019,Siegle2019
0.938085398982677,brain observatory 1.1gray,VISp,RS,siegle_survey_2019,Siegle2019
1.03764458220139,brain observatory 1.1gray,VISp,RS,siegle_survey_2019,Siegle2019
3.59312182972958,brain observatory 1.1gray,VISp,FS,siegle_survey_2019,Siegle2019
0.150440048076531,brain observatory 1.1gray,VISl,RS,siegle_survey_2019,Siegle2019
0.285474730926515,brain observatory 1.1gray,VISl,RS,siegle_survey_2019,Siegle2019
0.656059349987351,brain observatory 1.1gray,VISl,RS,siegle_survey_2019,Siegle2019
0.0891038717115738,brain observatory 1.1gray,VISl,RS,siegle_survey_2019,Siegle2019
0.107076797809213,brain observatory 1.1gray,VISl,RS,siegle_survey_2019,Siegle2019
2.68728528356176,brain observatory 1.1gray,VISl,FS,siegle_survey_2019,Siegle2019
1.13205253769006,brain observatory 1.1gray,VISp,RS,siegle_survey_2019,Siegle2019
0.552679906089934,brain observatory 1.1gray,VISp,RS,siegle_survey_2019,Siegle2019
0.798986905144763,brain observatory 1.1gray,VISl,RS,siegle_survey_2019,Siegle2019
0.988754748109038,brain observatory 1.1gray,VISp,RS,siegle_survey_2019,Siegle2019
0.24866381133177,brain observatory 1.1gray,VISp,RS,siegle_survey_2019,Siegle2019
0.399079661048841,brain observatory 1.1gray,VISp,RS,siegle_survey_2019,Siegle2019
0.411910901030932,brain observatory 1.1gray,VISp,RS,siegle_survey_2019,Siegle2019
2.37181256428088,brain observatory 1.1gray,VISp,RS,siegle_survey_2019,Siegle2019
2.08568527854885,brain observatory 1.1gray,VISp,RS,siegle_survey_2019,Siegle2019
0.836465724671954,brain observatory 1.1gray,VISp,RS,siegle_survey_2019,Siegle2019
0.373885474514661,brain observatory 1.1gray,VISp,RS,siegle_survey_2019,Siegle2019
1.03453684135562,brain observatory 1.1gray,VISl,RS,siegle_survey_2019,Siegle2019
0.639314190640551,brain observatory 1.1gray,VISp,RS,siegle_survey_2019,Siegle2019
1.79624656644602,brain observatory 1.1gray,VISl,RS,siegle_survey_2019,Siegle2019
0.553241858205938,brain observatory 1.1gray,VISp,RS,siegle_survey_2019,Siegle2019
0.509222275785625,brain observatory 1.1gray,VISp,RS,siegle_survey_2019,Siegle2019
0.658607879956688,brain observatory 1.1gray,VISp,RS,siegle_survey_2019,Siegle2019
0.666381550894743,brain observatory 1.1gray,VISp,RS,siegle_survey_2019,Siegle2019
0.820850724849927,brain observatory 1.1gray,VISam,FS,siegle_survey_2019,Siegle2019
1.93419179318338,brain observatory 1.1gray,VISam,RS,siegle_survey_2019,Siegle2019
1.63336648085509,brain observatory 1.1gray,VISam,RS,siegle_survey_2019,Siegle2019
4.13385713428449,brain observatory 1.1gray,VISam,RS,siegle_survey_2019,Siegle2019
12.0606041141349,brain observatory 1.1gray,VISam,FS,siegle_survey_2019,Siegle2019
5.54534099623757,brain observatory 1.1gray,VISam,RS,siegle_survey_2019,Siegle2019
18.5242287468905,brain observatory 1.1gray,VISam,FS,siegle_survey_2019,Siegle2019
1.18241592508144,brain observatory 1.1gray,VISam,RS,siegle_survey_2019,Siegle2019
2.66393268617846,brain observatory 1.1gray,VISam,RS,siegle_survey_2019,Siegle2019
4.75313573902654,brain observatory 1.1gray,VISam,RS,siegle_survey_2019,Siegle2019
2.08671214261861,brain observatory 1.1gray,VISam,RS,siegle_survey_2019,Siegle2019
5.70217253645458,brain observatory 1.1gray,VISam,FS,siegle_survey_2019,Siegle2019
1.90180996020027,brain observatory 1.1gray,VISam,RS,siegle_survey_2019,Siegle2019
1.48669019003515,brain observatory 1.1gray,VISam,RS,siegle_survey_2019,Siegle2019
3.33801131596886,brain observatory 1.1gray,VISam,RS,siegle_survey_2019,Siegle2019
3.8427080501553,brain observatory 1.1gray,VISam,RS,siegle_survey_2019,Siegle2019
1.10241938501962,brain observatory 1.1gray,VISam,RS,siegle_survey_2019,Siegle2019
11.1120463379048,brain observatory 1.1gray,VISam,RS,siegle_survey_2019,Siegle2019
13.2168654818069,brain observatory 1.1gray,VISam,RS,siegle_survey_2019,Siegle2019
6.50635332361497,brain observatory 1.1gray,VISam,RS,siegle_survey_2019,Siegle2019
8.31073037214713,brain observatory 1.1gray,VISam,RS,siegle_survey_2019,Siegle2019
13.2623724956145,brain observatory 1.1gray,VISam,RS,siegle_survey_2019,Siegle2019
5.8395558160338,brain observatory 1.1gray,VISam,RS,siegle_survey_2019,Siegle2019
13.2387088484345,brain observatory 1.1gray,VISam,RS,siegle_survey_2019,Siegle2019
0.862621373313345,brain observatory 1.1gray,VISam,RS,siegle_survey_2019,Siegle2019
11.0121225160072,brain observatory 1.1gray,VISam,RS,siegle_survey_2019,Siegle2019
1.612097939665,brain observatory 1.1gray,VISam,RS,siegle_survey_2019,Siegle2019
2.13585971753084,brain observatory 1.1gray,VISam,RS,siegle_survey_2019,Siegle2019
3.70637861721162,brain observatory 1.1gray,VISam,RS,siegle_survey_2019,Siegle2019
4.101092084343,brain observatory 1.1gray,VISam,RS,siegle_survey_2019,Siegle2019
1.1564529761512,brain observatory 1.1gray,VISam,RS,siegle_survey_2019,Siegle2019
0.813857015359492,brain observatory 1.1gray,VISam,RS,siegle_survey_2019,Siegle2019
0.634415674598064,brain observatory 1.1gray,VISam,RS,siegle_survey_2019,Siegle2019
0.748710132434895,brain observatory 1.1gray,VISam,RS,siegle_survey_2019,Siegle2019
7.50453769595524,brain observatory 1.1gray,VISam,RS,siegle_survey_2019,Siegle2019
5.05472748527159,brain observatory 1.1gray,VISam,RS,siegle_survey_2019,Siegle2019
3.00882794872045,brain observatory 1.1gray,VISam,RS,siegle_survey_2019,Siegle2019
9.4772427934558,brain observatory 1.1gray,VISam,RS,siegle_survey_2019,Siegle2019
2.38916612702001,brain observatory 1.1gray,VISam,RS,siegle_survey_2019,Siegle2019
0.205404289691672,brain observatory 1.1gray,VISam,RS,siegle_survey_2019,Siegle2019
2.61679700029772,brain observatory 1.1gray,VISam,RS,siegle_survey_2019,Siegle2019
2.33647379524277,brain observatory 1.1gray,VISam,RS,siegle_survey_2019,Siegle2019
1.61554689229042,brain observatory 1.1gray,VISam,RS,siegle_survey_2019,Siegle2019
3.02281536770132,brain observatory 1.1gray,VISam,RS,siegle_survey_2019,Siegle2019
2.61191098407838,brain observatory 1.1gray,VISam,RS,siegle_survey_2019,Siegle2019
0.528743598324784,brain observatory 1.1gray,VISam,RS,siegle_survey_2019,Siegle2019
2.88188733125708,brain observatory 1.1gray,VISam,RS,siegle_survey_2019,Siegle2019
2.49378435665775,brain observatory 1.1gray,VISam,RS,siegle_survey_2019,Siegle2019
6.05808528654999,brain observatory 1.1gray,VISam,RS,siegle_survey_2019,Siegle2019
0.695059758261697,brain observatory 1.1gray,VISam,RS,siegle_survey_2019,Siegle2019
13.2769347400329,brain observatory 1.1gray,VISam,RS,siegle_survey_2019,Siegle2019
8.94208031107815,brain observatory 1.1gray,VISam,RS,siegle_survey_2019,Siegle2019
0.824299677475347,brain observatory 1.1gray,VISam,RS,siegle_survey_2019,Siegle2019
1.38437126214769,brain observatory 1.1gray,VISam,RS,siegle_survey_2019,Siegle2019
17.9895452857108,brain observatory 1.1gray,VISam,FS,siegle_survey_2019,Siegle2019
9.06323877924928,brain observatory 1.1gray,VISal,FS,siegle_survey_2019,Siegle2019
0.32838103854607,brain observatory 1.1gray,VISal,RS,siegle_survey_2019,Siegle2019
0.350091376997233,brain observatory 1.1gray,VISal,RS,siegle_survey_2019,Siegle2019
3.66992340024686,brain observatory 1.1gray,VISal,FS,siegle_survey_2019,Siegle2019
2.65866345300074,brain observatory 1.1gray,VISam,RS,siegle_survey_2019,Siegle2019
16.3057298019351,brain observatory 1.1gray,VISal,RS,siegle_survey_2019,Siegle2019
6.26610992705031,brain observatory 1.1gray,VISal,RS,siegle_survey_2019,Siegle2019
6.0529981294288,brain observatory 1.1gray,VISal,RS,siegle_survey_2019,Siegle2019
9.23380610196874,brain observatory 1.1gray,VISal,FS,siegle_survey_2019,Siegle2019
9.73723282901342,brain observatory 1.1gray,VISal,FS,siegle_survey_2019,Siegle2019
9.3885044329055,brain observatory 1.1gray,VISal,RS,siegle_survey_2019,Siegle2019
7.02285638795117,brain observatory 1.1gray,VISal,RS,siegle_survey_2019,Siegle2019
0.353900861063916,brain observatory 1.1gray,VISam,RS,siegle_survey_2019,Siegle2019
7.64223384636507,brain observatory 1.1gray,VISal,RS,siegle_survey_2019,Siegle2019
0.499666077577896,brain observatory 1.1gray,VISl,RS,siegle_survey_2019,Siegle2019
5.6968488912377,brain observatory 1.1gray,VISl,RS,siegle_survey_2019,Siegle2019
0.673308234621836,brain observatory 1.1gray,VISl,RS,siegle_survey_2019,Siegle2019
6.1589212156838,brain observatory 1.1gray,VISal,RS,siegle_survey_2019,Siegle2019
4.13654964328015,brain observatory 1.1gray,VISal,RS,siegle_survey_2019,Siegle2019
5.56984847864245,brain observatory 1.1gray,VISl,RS,siegle_survey_2019,Siegle2019
3.11010523676274,brain observatory 1.1gray,VISl,FS,siegle_survey_2019,Siegle2019
3.0129666115991,brain observatory 1.1gray,VISal,RS,siegle_survey_2019,Siegle2019
5.72045073782619,brain observatory 1.1gray,VISl,RS,siegle_survey_2019,Siegle2019
6.22508069583738,brain observatory 1.1gray,VISl,FS,siegle_survey_2019,Siegle2019
2.05026993519357,brain observatory 1.1gray,VISl,RS,siegle_survey_2019,Siegle2019
4.95395267242835,brain observatory 1.1gray,VISl,RS,siegle_survey_2019,Siegle2019
3.15257479697564,brain observatory 1.1gray,VISal,RS,siegle_survey_2019,Siegle2019
2.33002674376437,brain observatory 1.1gray,VISl,RS,siegle_survey_2019,Siegle2019
0.603439276070175,brain observatory 1.1gray,VISl,FS,siegle_survey_2019,Siegle2019
2.95786324135983,brain observatory 1.1gray,VISal,RS,siegle_survey_2019,Siegle2019
4.09955444771315,brain observatory 1.1gray,VISal,RS,siegle_survey_2019,Siegle2019
2.59882555213336,brain observatory 1.1gray,VISl,RS,siegle_survey_2019,Siegle2019
3.94516104701288,brain observatory 1.1gray,VISl,RS,siegle_survey_2019,Siegle2019
2.38828209526455,brain observatory 1.1gray,VISl,RS,siegle_survey_2019,Siegle2019
1.82094246811909,brain observatory 1.1gray,VISal,RS,siegle_survey_2019,Siegle2019
1.53749172062207,brain observatory 1.1gray,VISl,RS,siegle_survey_2019,Siegle2019
13.6531999608384,brain observatory 1.1gray,VISl,RS,siegle_survey_2019,Siegle2019
1.21188472215282,brain observatory 1.1gray,VISal,RS,siegle_survey_2019,Siegle2019
21.4235460013726,brain observatory 1.1gray,VISl,RS,siegle_survey_2019,Siegle2019
4.00173055232817,brain observatory 1.1gray,VISl,RS,siegle_survey_2019,Siegle2019
4.39659319207857,brain observatory 1.1gray,VISl,RS,siegle_survey_2019,Siegle2019
6.0577136329261,brain observatory 1.1gray,VISl,RS,siegle_survey_2019,Siegle2019
9.4581590459759,brain observatory 1.1gray,VISl,RS,siegle_survey_2019,Siegle2019
15.2935282987389,brain observatory 1.1gray,VISl,RS,siegle_survey_2019,Siegle2019
1.01542076253647,brain observatory 1.1gray,VISal,RS,siegle_survey_2019,Siegle2019
1.10528014545317,brain observatory 1.1gray,VISal,RS,siegle_survey_2019,Siegle2019
12.347980381246,brain observatory 1.1gray,VISl,RS,siegle_survey_2019,Siegle2019
0.526013267496121,brain observatory 1.1gray,VISal,RS,siegle_survey_2019,Siegle2019
2.4521569340477,brain observatory 1.1gray,VISl,RS,siegle_survey_2019,Siegle2019
3.39557519073789,brain observatory 1.1gray,VISl,RS,siegle_survey_2019,Siegle2019
2.99162771321334,brain observatory 1.1gray,VISl,RS,siegle_survey_2019,Siegle2019
3.32130430048123,brain observatory 1.1gray,VISl,RS,siegle_survey_2019,Siegle2019
10.1263160839217,brain observatory 1.1gray,VISl,RS,siegle_survey_2019,Siegle2019
3.81581918138306,brain observatory 1.1gray,VISl,RS,siegle_survey_2019,Siegle2019
3.62653611806817,brain observatory 1.1gray,VISl,RS,siegle_survey_2019,Siegle2019
4.43443107311727,brain observatory 1.1gray,VISl,RS,siegle_survey_2019,Siegle2019
1.77219897280768,brain observatory 1.1gray,VISl,RS,siegle_survey_2019,Siegle2019
1.54582729342515,brain observatory 1.1gray,VISl,RS,siegle_survey_2019,Siegle2019
1.20195443281642,brain observatory 1.1gray,VISal,FS,siegle_survey_2019,Siegle2019
2.0940082778794,brain observatory 1.1gray,VISl,RS,siegle_survey_2019,Siegle2019
19.1354780959878,brain observatory 1.1gray,VISl,FS,siegle_survey_2019,Siegle2019
1.80600955462691,brain observatory 1.1gray,VISl,RS,siegle_survey_2019,Siegle2019
0.655044900952166,brain observatory 1.1gray,VISl,RS,siegle_survey_2019,Siegle2019
1.52587811357059,brain observatory 1.1gray,VISl,RS,siegle_survey_2019,Siegle2019
0.587423737313695,brain observatory 1.1gray,VISl,RS,siegle_survey_2019,Siegle2019
0.215039046695192,brain observatory 1.1gray,VISl,RS,siegle_survey_2019,Siegle2019
4.01119236433113,brain observatory 1.1gray,LGd,FS,siegle_survey_2019,Siegle2019
16.8240054821502,brain observatory 1.1gray,LGd,FS,siegle_survey_2019,Siegle2019
17.8640795273052,brain observatory 1.1gray,LGd,FS,siegle_survey_2019,Siegle2019
14.0061119390095,brain observatory 1.1gray,LGd,FS,siegle_survey_2019,Siegle2019
32.478704300582,brain observatory 1.1gray,LP,FS,siegle_survey_2019,Siegle2019
12.9118098099153,brain observatory 1.1gray,LGd,FS,siegle_survey_2019,Siegle2019
4.18148744665427,brain observatory 1.1gray,LP,FS,siegle_survey_2019,Siegle2019
7.01733884135402,brain observatory 1.1gray,LGd,FS,siegle_survey_2019,Siegle2019
14.0457293474832,brain observatory 1.1gray,LGd,FS,siegle_survey_2019,Siegle2019
9.0135692059135,brain observatory 1.1gray,LGd,FS,siegle_survey_2019,Siegle2019
0.450589485028418,brain observatory 1.1gray,LGd,FS,siegle_survey_2019,Siegle2019
3.87388947822602,brain observatory 1.1gray,LGd,FS,siegle_survey_2019,Siegle2019
27.0124925883883,brain observatory 1.1gray,LP,FS,siegle_survey_2019,Siegle2019
8.10087028020119,brain observatory 1.1gray,LGd,FS,siegle_survey_2019,Siegle2019
21.8899762252779,brain observatory 1.1gray,LGd,FS,siegle_survey_2019,Siegle2019
8.3463483596565,brain observatory 1.1gray,LGd,FS,siegle_survey_2019,Siegle2019
5.34097249252563,brain observatory 1.1gray,LP,FS,siegle_survey_2019,Siegle2019
16.1107048132713,brain observatory 1.1gray,LGd,FS,siegle_survey_2019,Siegle2019
7.09226538220264,brain observatory 1.1gray,LGd,FS,siegle_survey_2019,Siegle2019
8.59594739885848,brain observatory 1.1gray,LGd,FS,siegle_survey_2019,Siegle2019
11.804957485229,brain observatory 1.1gray,LGd,RS,siegle_survey_2019,Siegle2019
1.72539134522185,brain observatory 1.1gray,LP,FS,siegle_survey_2019,Siegle2019
8.23783076796065,brain observatory 1.1gray,LP,FS,siegle_survey_2019,Siegle2019
15.775783175678,brain observatory 1.1gray,LGd,FS,siegle_survey_2019,Siegle2019
12.5635887113213,brain observatory 1.1gray,LGd,FS,siegle_survey_2019,Siegle2019
12.4971850644943,brain observatory 1.1gray,LGd,FS,siegle_survey_2019,Siegle2019
14.1437894578188,brain observatory 1.1gray,LGd,FS,siegle_survey_2019,Siegle2019
8.04570561450139,brain observatory 1.1gray,LGd,RS,siegle_survey_2019,Siegle2019
9.23357226148028,brain observatory 1.1gray,LGd,FS,siegle_survey_2019,Siegle2019
10.4413880999601,brain observatory 1.1gray,LGd,RS,siegle_survey_2019,Siegle2019
10.5951748250519,brain observatory 1.1gray,LGd,FS,siegle_survey_2019,Siegle2019
7.06454256208865,brain observatory 1.1gray,LGd,FS,siegle_survey_2019,Siegle2019
10.8502060384654,brain observatory 1.1gray,LGd,FS,siegle_survey_2019,Siegle2019
15.5184105078629,brain observatory 1.1gray,LGd,FS,siegle_survey_2019,Siegle2019
26.11536483826,brain observatory 1.1gray,LGd,FS,siegle_survey_2019,Siegle2019
8.9149471465215,brain observatory 1.1gray,LGd,FS,siegle_survey_2019,Siegle2019
14.2064467776035,brain observatory 1.1gray,LGd,FS,siegle_survey_2019,Siegle2019
20.61435186733,brain observatory 1.1gray,LGd,FS,siegle_survey_2019,Siegle2019
14.7427334937275,brain observatory 1.1gray,LGd,FS,siegle_survey_2019,Siegle2019
8.72144935477993,brain observatory 1.1gray,LGd,FS,siegle_survey_2019,Siegle2019
10.8469280023033,brain observatory 1.1gray,LGd,FS,siegle_survey_2019,Siegle2019
9.73192741629969,brain observatory 1.1gray,LGd,FS,siegle_survey_2019,Siegle2019
18.4024267233026,brain observatory 1.1gray,LGd,FS,siegle_survey_2019,Siegle2019
12.315019912056,brain observatory 1.1gray,LGd,FS,siegle_survey_2019,Siegle2019
9.13495020208827,brain observatory 1.1gray,LGd,FS,siegle_survey_2019,Siegle2019
17.0334251638221,brain observatory 1.1gray,LGd,FS,siegle_survey_2019,Siegle2019
12.4776105056976,brain observatory 1.1gray,LGd,FS,siegle_survey_2019,Siegle2019
18.2203552290404,brain observatory 1.1gray,LGd,FS,siegle_survey_2019,Siegle2019
9.74756833170185,brain observatory 1.1gray,LGd,FS,siegle_survey_2019,Siegle2019
17.1126599807695,brain observatory 1.1gray,LGd,FS,siegle_survey_2019,Siegle2019
1.69895931374257,brain observatory 1.1gray,LGd,FS,siegle_survey_2019,Siegle2019
5.53641576148095,brain observatory 1.1gray,LGd,FS,siegle_survey_2019,Siegle2019
10.3418294588075,brain observatory 1.1gray,LGd,FS,siegle_survey_2019,Siegle2019
7.03588316021405,brain observatory 1.1gray,LGd,FS,siegle_survey_2019,Siegle2019
11.0582208474964,brain observatory 1.1gray,LGd,FS,siegle_survey_2019,Siegle2019
13.9928124780089,brain observatory 1.1gray,LGd,RS,siegle_survey_2019,Siegle2019
9.34024892401351,brain observatory 1.1gray,LGd,FS,siegle_survey_2019,Siegle2019
12.9270760926132,brain observatory 1.1gray,LGd,FS,siegle_survey_2019,Siegle2019
10.621492772525,brain observatory 1.1gray,LGd,FS,siegle_survey_2019,Siegle2019
12.5611535987438,brain observatory 1.1gray,LGd,RS,siegle_survey_2019,Siegle2019
14.9623619165901,brain observatory 1.1gray,LGd,FS,siegle_survey_2019,Siegle2019
6.81578644647122,brain observatory 1.1gray,LGd,FS,siegle_survey_2019,Siegle2019
24.0310021300273,brain observatory 1.1gray,LGd,FS,siegle_survey_2019,Siegle2019
12.0747866904601,brain observatory 1.1gray,LGd,RS,siegle_survey_2019,Siegle2019
11.2863721643805,brain observatory 1.1gray,LGd,FS,siegle_survey_2019,Siegle2019
55.7283942615099,brain observatory 1.1gray,LGd,FS,siegle_survey_2019,Siegle2019
3.38171576302662,brain observatory 1.1gray,LGd,FS,siegle_survey_2019,Siegle2019
21.4861221701038,brain observatory 1.1gray,LGd,FS,siegle_survey_2019,Siegle2019
13.7488329293705,brain observatory 1.1gray,LGd,FS,siegle_survey_2019,Siegle2019
7.84761857213284,brain observatory 1.1gray,LGd,FS,siegle_survey_2019,Siegle2019
12.8909240366538,brain observatory 1.1gray,LGd,FS,siegle_survey_2019,Siegle2019
8.95634406034037,brain observatory 1.1gray,LGd,FS,siegle_survey_2019,Siegle2019
11.362609919694,brain observatory 1.1gray,LGd,FS,siegle_survey_2019,Siegle2019
9.51361020790201,brain observatory 1.1gray,LGd,FS,siegle_survey_2019,Siegle2019
8.98116347699647,brain observatory 1.1gray,LGd,FS,siegle_survey_2019,Siegle2019
8.28050666188577,brain observatory 1.1gray,LGd,FS,siegle_survey_2019,Siegle2019
3.45056703852088,brain observatory 1.1gray,VISp,FS,siegle_survey_2019,Siegle2019
3.24152305156881,brain observatory 1.1gray,VISp,RS,siegle_survey_2019,Siegle2019
2.225140073762,brain observatory 1.1gray,VISp,RS,siegle_survey_2019,Siegle2019
4.2467927835065,brain observatory 1.1gray,VISp,RS,siegle_survey_2019,Siegle2019
2.04761555138703,brain observatory 1.1gray,VISp,RS,siegle_survey_2019,Siegle2019
2.8978746642191,brain observatory 1.1gray,VISp,RS,siegle_survey_2019,Siegle2019
2.00258774484832,brain observatory 1.1gray,VISp,RS,siegle_survey_2019,Siegle2019
2.40323941919916,brain observatory 1.1gray,VISp,RS,siegle_survey_2019,Siegle2019
20.1491769953243,brain observatory 1.1gray,VISp,FS,siegle_survey_2019,Siegle2019
3.2273440827013,brain observatory 1.1gray,VISp,RS,siegle_survey_2019,Siegle2019
11.0530810552859,brain observatory 1.1gray,VISp,FS,siegle_survey_2019,Siegle2019
1.27840649032464,brain observatory 1.1gray,VISp,RS,siegle_survey_2019,Siegle2019
0.283387769662791,brain observatory 1.1gray,VISp,RS,siegle_survey_2019,Siegle2019
3.97126092902705,brain observatory 1.1gray,VISp,FS,siegle_survey_2019,Siegle2019
1.46740045459206,brain observatory 1.1gray,VISrl,RS,siegle_survey_2019,Siegle2019
20.6459278527951,brain observatory 1.1gray,VISrl,FS,siegle_survey_2019,Siegle2019
17.052693870732,brain observatory 1.1gray,VISrl,RS,siegle_survey_2019,Siegle2019
10.3981835336545,brain observatory 1.1gray,VISrl,FS,siegle_survey_2019,Siegle2019
14.6706762447145,brain observatory 1.1gray,VISrl,FS,siegle_survey_2019,Siegle2019
0.552021747395877,brain observatory 1.1gray,VISp,RS,siegle_survey_2019,Siegle2019
2.17493885966352,brain observatory 1.1gray,VISp,RS,siegle_survey_2019,Siegle2019
10.4557155973593,brain observatory 1.1gray,VISrl,RS,siegle_survey_2019,Siegle2019
14.0245103391379,brain observatory 1.1gray,VISrl,RS,siegle_survey_2019,Siegle2019
2.99655262322947,brain observatory 1.1gray,VISp,RS,siegle_survey_2019,Siegle2019
4.92854842593462,brain observatory 1.1gray,VISrl,RS,siegle_survey_2019,Siegle2019
3.18519039147357,brain observatory 1.1gray,VISp,RS,siegle_survey_2019,Siegle2019
9.30745168126837,brain observatory 1.1gray,VISrl,FS,siegle_survey_2019,Siegle2019
12.8965015132438,brain observatory 1.1gray,VISrl,FS,siegle_survey_2019,Siegle2019
8.68524954437538,brain observatory 1.1gray,VISrl,FS,siegle_survey_2019,Siegle2019
0.615922911143369,brain observatory 1.1gray,VISp,RS,siegle_survey_2019,Siegle2019
5.02721089428171,brain observatory 1.1gray,VISp,RS,siegle_survey_2019,Siegle2019
7.47135855474051,brain observatory 1.1gray,VISp,RS,siegle_survey_2019,Siegle2019
12.8836050968501,brain observatory 1.1gray,VISp,RS,siegle_survey_2019,Siegle2019
10.9135906588595,brain observatory 1.1gray,VISp,RS,siegle_survey_2019,Siegle2019
15.8249747061087,brain observatory 1.1gray,VISp,RS,siegle_survey_2019,Siegle2019
8.63671650949988,brain observatory 1.1gray,VISp,RS,siegle_survey_2019,Siegle2019
17.4783574406727,brain observatory 1.1gray,VISp,RS,siegle_survey_2019,Siegle2019
34.0182204284663,brain observatory 1.1gray,VISp,FS,siegle_survey_2019,Siegle2019
4.75666083967464,brain observatory 1.1gray,VISp,RS,siegle_survey_2019,Siegle2019
6.84365177082212,brain observatory 1.1gray,VISp,RS,siegle_survey_2019,Siegle2019
6.03583376074888,brain observatory 1.1gray,VISp,RS,siegle_survey_2019,Siegle2019
6.97461562515918,brain observatory 1.1gray,VISp,RS,siegle_survey_2019,Siegle2019
1.42757307496459,brain observatory 1.1gray,VISp,RS,siegle_survey_2019,Siegle2019
8.07166543936088,brain observatory 1.1gray,VISp,RS,siegle_survey_2019,Siegle2019
8.55825316151008,brain observatory 1.1gray,VISp,RS,siegle_survey_2019,Siegle2019
10.8479650259255,brain observatory 1.1gray,VISp,RS,siegle_survey_2019,Siegle2019
1.79105285796007,brain observatory 1.1gray,VISp,RS,siegle_survey_2019,Siegle2019
3.30063402313133,brain observatory 1.1gray,VISp,RS,siegle_survey_2019,Siegle2019
2.72130818028113,brain observatory 1.1gray,VISp,RS,siegle_survey_2019,Siegle2019
14.5174438472994,brain observatory 1.1gray,VISp,FS,siegle_survey_2019,Siegle2019
1.55441736402258,brain observatory 1.1gray,VISp,RS,siegle_survey_2019,Siegle2019
0.861755574076,brain observatory 1.1gray,VISp,RS,siegle_survey_2019,Siegle2019
26.2193085321176,brain observatory 1.1gray,VISp,FS,siegle_survey_2019,Siegle2019
10.719683679212,brain observatory 1.1gray,VISp,RS,siegle_survey_2019,Siegle2019
3.65424601022578,brain observatory 1.1gray,VISp,RS,siegle_survey_2019,Siegle2019
3.81404682151636,brain observatory 1.1gray,VISp,RS,siegle_survey_2019,Siegle2019
7.32123393166357,brain observatory 1.1gray,VISp,FS,siegle_survey_2019,Siegle2019
4.43600537481279,brain observatory 1.1gray,VISp,RS,siegle_survey_2019,Siegle2019
2.83454832353381,brain observatory 1.1gray,VISp,RS,siegle_survey_2019,Siegle2019
3.77687493016099,brain observatory 1.1gray,VISp,RS,siegle_survey_2019,Siegle2019
1.84182889512074,brain observatory 1.1gray,VISp,RS,siegle_survey_2019,Siegle2019
16.4716506510796,brain observatory 1.1gray,VISp,FS,siegle_survey_2019,Siegle2019
4.73836230552806,brain observatory 1.1gray,VISp,RS,siegle_survey_2019,Siegle2019
3.60576926531389,brain observatory 1.1gray,VISp,RS,siegle_survey_2019,Siegle2019
8.71358206799082,brain observatory 1.1gray,VISal,FS,siegle_survey_2019,Siegle2019
1.10582208474964,brain observatory 1.1gray,VISal,RS,siegle_survey_2019,Siegle2019
1.75129426282482,brain observatory 1.1gray,VISp,RS,siegle_survey_2019,Siegle2019
12.132790373778,brain observatory 1.1gray,VISp,FS,siegle_survey_2019,Siegle2019
1.73663627473882,brain observatory 1.1gray,VISp,RS,siegle_survey_2019,Siegle2019
5.8018430324372,brain observatory 1.1gray,VISal,RS,siegle_survey_2019,Siegle2019
5.89035000881464,brain observatory 1.1gray,VISal,RS,siegle_survey_2019,Siegle2019
4.15626887904928,brain observatory 1.1gray,VISal,RS,siegle_survey_2019,Siegle2019
7.60864546276174,brain observatory 1.1gray,VISp,RS,siegle_survey_2019,Siegle2019
0.754072053757887,brain observatory 1.1gray,VISp,RS,siegle_survey_2019,Siegle2019
16.4979009042532,brain observatory 1.1gray,VISp,FS,siegle_survey_2019,Siegle2019
1.56175008581352,brain observatory 1.1gray,VISal,RS,siegle_survey_2019,Siegle2019
5.77664898307685,brain observatory 1.1gray,VISal,RS,siegle_survey_2019,Siegle2019
7.45116351286756,brain observatory 1.1gray,VISal,RS,siegle_survey_2019,Siegle2019
1.30705183959076,brain observatory 1.1gray,VISp,RS,siegle_survey_2019,Siegle2019
0.934183279912738,brain observatory 1.1gray,VISp,RS,siegle_survey_2019,Siegle2019
0.817261244306375,brain observatory 1.1gray,VISal,RS,siegle_survey_2019,Siegle2019
3.81731993988531,brain observatory 1.1gray,VISal,RS,siegle_survey_2019,Siegle2019
7.90540566676234,brain observatory 1.1gray,VISal,FS,siegle_survey_2019,Siegle2019
5.58062242058164,brain observatory 1.1gray,VISal,RS,siegle_survey_2019,Siegle2019
1.46443924088637,brain observatory 1.1gray,VISal,RS,siegle_survey_2019,Siegle2019
4.42366297170281,brain observatory 1.1gray,VISal,RS,siegle_survey_2019,Siegle2019
6.86158529456494,brain observatory 1.1gray,VISal,RS,siegle_survey_2019,Siegle2019
1.38183272960076,brain observatory 1.1gray,VISal,FS,siegle_survey_2019,Siegle2019
10.0716664804293,brain observatory 1.1gray,VISp,FS,siegle_survey_2019,Siegle2019
3.6346062222674,brain observatory 1.1gray,VISp,RS,siegle_survey_2019,Siegle2019
0.189883218212188,brain observatory 1.1gray,VISp,RS,siegle_survey_2019,Siegle2019
1.78789133111799,brain observatory 1.1gray,VISp,RS,siegle_survey_2019,Siegle2019
1.00373687043849,brain observatory 1.1gray,VISp,RS,siegle_survey_2019,Siegle2019
0.413126214604105,brain observatory 1.1gray,VISal,RS,siegle_survey_2019,Siegle2019
1.1914256576692,brain observatory 1.1gray,VISal,RS,siegle_survey_2019,Siegle2019
2.68892623470502,brain observatory 1.1gray,VISal,RS,siegle_survey_2019,Siegle2019
9.30924806773739,brain observatory 1.1gray,VISal,RS,siegle_survey_2019,Siegle2019
7.31976109185428,brain observatory 1.1gray,VISal,RS,siegle_survey_2019,Siegle2019
3.90352761153159,brain observatory 1.1gray,VISp,RS,siegle_survey_2019,Siegle2019
0.69247018225918,brain observatory 1.1gray,VISp,RS,siegle_survey_2019,Siegle2019
0.480647883839832,brain observatory 1.1gray,VISp,RS,siegle_survey_2019,Siegle2019
1.03005262031647,brain observatory 1.1gray,VISal,RS,siegle_survey_2019,Siegle2019
20.1279849590464,brain observatory 1.1gray,VISal,FS,siegle_survey_2019,Siegle2019
3.4180551353382,brain observatory 1.1gray,VISal,RS,siegle_survey_2019,Siegle2019
8.22655955247476,brain observatory 1.1gray,VISal,RS,siegle_survey_2019,Siegle2019
10.4292125370722,brain observatory 1.1gray,VISal,RS,siegle_survey_2019,Siegle2019
9.15942228072374,brain observatory 1.1gray,VISp,FS,siegle_survey_2019,Siegle2019
1.9185877366051,brain observatory 1.1gray,VISal,RS,siegle_survey_2019,Siegle2019
17.0519694826822,brain observatory 1.1gray,VISal,RS,siegle_survey_2019,Siegle2019
1.85485821786386,brain observatory 1.1gray,VISp,RS,siegle_survey_2019,Siegle2019
4.34246133305811,brain observatory 1.1gray,VISal,RS,siegle_survey_2019,Siegle2019
19.8677088877735,brain observatory 1.1gray,VISal,FS,siegle_survey_2019,Siegle2019
1.22044516488651,brain observatory 1.1gray,VISp,RS,siegle_survey_2019,Siegle2019
0.727821800584255,brain observatory 1.1gray,VISp,RS,siegle_survey_2019,Siegle2019
0.299099600029491,brain observatory 1.1gray,VISp,RS,siegle_survey_2019,Siegle2019
3.37806309416025,brain observatory 1.1gray,VISal,RS,siegle_survey_2019,Siegle2019
3.65501032077198,brain observatory 1.1gray,VISal,RS,siegle_survey_2019,Siegle2019
5.42674203731377,brain observatory 1.1gray,VISal,RS,siegle_survey_2019,Siegle2019
3.43069898910641,brain observatory 1.1gray,VISal,RS,siegle_survey_2019,Siegle2019
3.38685748246078,brain observatory 1.1gray,VISp,RS,siegle_survey_2019,Siegle2019
1.64792191547318,brain observatory 1.1gray,VISp,RS,siegle_survey_2019,Siegle2019
0.285591258067877,brain observatory 1.1gray,VISp,RS,siegle_survey_2019,Siegle2019
8.7559155635703,brain observatory 1.1gray,VISal,RS,siegle_survey_2019,Siegle2019
12.8355720546019,brain observatory 1.1gray,VISal,FS,siegle_survey_2019,Siegle2019
0.952865029434118,brain observatory 1.1gray,VISp,RS,siegle_survey_2019,Siegle2019
0.78492089142909,brain observatory 1.1gray,VISp,RS,siegle_survey_2019,Siegle2019
4.74341198477432,brain observatory 1.1gray,VISal,RS,siegle_survey_2019,Siegle2019
7.72159819448332,brain observatory 1.1gray,VISp,FS,siegle_survey_2019,Siegle2019
2.20435063967923,brain observatory 1.1gray,VISp,FS,siegle_survey_2019,Siegle2019
1.35639081909594,brain observatory 1.1gray,VISp,RS,siegle_survey_2019,Siegle2019
0.534585447842588,brain observatory 1.1gray,VISp,RS,siegle_survey_2019,Siegle2019
7.84630735766799,brain observatory 1.1gray,VISal,RS,siegle_survey_2019,Siegle2019
2.17118383744103,brain observatory 1.1gray,VISal,RS,siegle_survey_2019,Siegle2019
1.40093899751716,brain observatory 1.1gray,VISal,RS,siegle_survey_2019,Siegle2019
15.8736559696615,brain observatory 1.1gray,VISal,FS,siegle_survey_2019,Siegle2019
9.84356796216415,brain observatory 1.1gray,VISal,FS,siegle_survey_2019,Siegle2019
6.27163244355808,brain observatory 1.1gray,VISal,RS,siegle_survey_2019,Siegle2019
0.408699197221591,brain observatory 1.1gray,VISp,RS,siegle_survey_2019,Siegle2019
0.172892993008202,brain observatory 1.1gray,VISal,RS,siegle_survey_2019,Siegle2019
0.184319290487617,brain observatory 1.1gray,VISal,RS,siegle_survey_2019,Siegle2019
0.448903637859323,brain observatory 1.1gray,VISal,RS,siegle_survey_2019,Siegle2019
0.144608223837846,brain observatory 1.1gray,VISal,RS,siegle_survey_2019,Siegle2019
1.53429855684571,brain observatory 1.1gray,VISp,RS,siegle_survey_2019,Siegle2019
0.193332156585366,brain observatory 1.1gray,VISp,RS,siegle_survey_2019,Siegle2019
7.13900081205697,brain observatory 1.1gray,VISal,RS,siegle_survey_2019,Siegle2019
0.298333169279896,brain observatory 1.1gray,VISp,RS,siegle_survey_2019,Siegle2019
6.75081784627741,brain observatory 1.1gray,VISp,FS,siegle_survey_2019,Siegle2019
1.31720858811882,brain observatory 1.1gray,VISal,RS,siegle_survey_2019,Siegle2019
1.53571311286863,brain observatory 1.1gray,VISal,RS,siegle_survey_2019,Siegle2019
2.7985999588722,brain observatory 1.1gray,VISal,FS,siegle_survey_2019,Siegle2019
1.04771083469651,brain observatory 1.1gray,VISp,RS,siegle_survey_2019,Siegle2019
1.89395563630111,brain observatory 1.1gray,VISal,RS,siegle_survey_2019,Siegle2019
4.90601903200199,brain observatory 1.1gray,VISp,RS,siegle_survey_2019,Siegle2019
2.57281222254708,brain observatory 1.1gray,VISp,RS,siegle_survey_2019,Siegle2019
1.86673789448259,brain observatory 1.1gray,VISp,RS,siegle_survey_2019,Siegle2019
1.52107762641519,brain observatory 1.1gray,VISp,RS,siegle_survey_2019,Siegle2019
2.21488906248616,brain observatory 1.1gray,VISp,RS,siegle_survey_2019,Siegle2019
33.573172945771,brain observatory 1.1gray,LP,FS,siegle_survey_2019,Siegle2019
0.470819579033911,brain observatory 1.1gray,LP,FS,siegle_survey_2019,Siegle2019
3.87323327848566,brain observatory 1.1gray,LP,FS,siegle_survey_2019,Siegle2019
33.9759030412247,brain observatory 1.1gray,LP,FS,siegle_survey_2019,Siegle2019
42.3693601794505,brain observatory 1.1gray,LP,FS,siegle_survey_2019,Siegle2019
48.9495953065173,brain observatory 1.1gray,LP,FS,siegle_survey_2019,Siegle2019
6.60514819808784,brain observatory 1.1gray,LP,RS,siegle_survey_2019,Siegle2019
61.2804415640161,brain observatory 1.1gray,LP,FS,siegle_survey_2019,Siegle2019
1.35710676351728,brain observatory 1.1gray,LP,FS,siegle_survey_2019,Siegle2019
11.4437161495599,brain observatory 1.1gray,LP,FS,siegle_survey_2019,Siegle2019
14.2535546597243,brain observatory 1.1gray,LP,FS,siegle_survey_2019,Siegle2019
55.6027901415744,brain observatory 1.1gray,VISrl,FS,siegle_survey_2019,Siegle2019
1.01366228444082,brain observatory 1.1gray,VISrl,RS,siegle_survey_2019,Siegle2019
10.1044980949337,brain observatory 1.1gray,VISrl,RS,siegle_survey_2019,Siegle2019
4.29900328172579,brain observatory 1.1gray,VISrl,RS,siegle_survey_2019,Siegle2019
0.487865364469394,brain observatory 1.1gray,VISrl,RS,siegle_survey_2019,Siegle2019
9.16239064605718,brain observatory 1.1gray,VISrl,FS,siegle_survey_2019,Siegle2019
4.34255432693183,brain observatory 1.1gray,VISrl,RS,siegle_survey_2019,Siegle2019
1.11659260418585,brain observatory 1.1gray,VISrl,RS,siegle_survey_2019,Siegle2019
0.676024611391838,brain observatory 1.1gray,VISrl,RS,siegle_survey_2019,Siegle2019
9.84450303796169,brain observatory 1.1gray,VISrl,RS,siegle_survey_2019,Siegle2019
1.23713065833677,brain observatory 1.1gray,VISrl,RS,siegle_survey_2019,Siegle2019
1.49384767964808,brain observatory 1.1gray,VISrl,RS,siegle_survey_2019,Siegle2019
12.4081142409289,brain observatory 1.1gray,VISrl,RS,siegle_survey_2019,Siegle2019
5.16290616555487,brain observatory 1.1gray,VISrl,RS,siegle_survey_2019,Siegle2019
11.030496339992,brain observatory 1.1gray,VISrl,RS,siegle_survey_2019,Siegle2019
15.099662492824,brain observatory 1.1gray,VISrl,RS,siegle_survey_2019,Siegle2019
10.1105858754463,brain observatory 1.1gray,VISrl,RS,siegle_survey_2019,Siegle2019
0.624699938761923,brain observatory 1.1gray,VISrl,RS,siegle_survey_2019,Siegle2019
12.6056393040247,brain observatory 1.1gray,VISrl,RS,siegle_survey_2019,Siegle2019
29.7192332486025,brain observatory 1.1gray,VISrl,RS,siegle_survey_2019,Siegle2019
7.35338325217614,brain observatory 1.1gray,VISrl,RS,siegle_survey_2019,Siegle2019
9.61822491921375,brain observatory 1.1gray,VISrl,RS,siegle_survey_2019,Siegle2019
30.5250680721568,brain observatory 1.1gray,VISrl,FS,siegle_survey_2019,Siegle2019
5.53379248601922,brain observatory 1.1gray,VISrl,RS,siegle_survey_2019,Siegle2019
3.14972397909497,brain observatory 1.1gray,VISrl,RS,siegle_survey_2019,Siegle2019
7.12120466923899,brain observatory 1.1gray,VISrl,RS,siegle_survey_2019,Siegle2019
0.271046720056523,brain observatory 1.1gray,VISrl,RS,siegle_survey_2019,Siegle2019
5.28625396455779,brain observatory 1.1gray,VISrl,RS,siegle_survey_2019,Siegle2019
0.9880936062876,brain observatory 1.1gray,VISrl,RS,siegle_survey_2019,Siegle2019
0.489558774759507,brain observatory 1.1gray,VISl,RS,siegle_survey_2019,Siegle2019
2.54493919622535,brain observatory 1.1gray,VISl,RS,siegle_survey_2019,Siegle2019
2.21451097427906,brain observatory 1.1gray,VISl,RS,siegle_survey_2019,Siegle2019
3.95881559503177,brain observatory 1.1gray,VISl,RS,siegle_survey_2019,Siegle2019
5.60472944050502,brain observatory 1.1gray,VISl,RS,siegle_survey_2019,Siegle2019
9.07312402418769,brain observatory 1.1gray,VISl,RS,siegle_survey_2019,Siegle2019
0.628091453487931,brain observatory 1.1gray,VISl,RS,siegle_survey_2019,Siegle2019
5.21432787354906,brain observatory 1.1gray,VISl,RS,siegle_survey_2019,Siegle2019
2.24162352481858,brain observatory 1.1gray,VISl,RS,siegle_survey_2019,Siegle2019
1.26394303628223,brain observatory 1.1gray,VISl,RS,siegle_survey_2019,Siegle2019
3.94569043805681,brain observatory 1.1gray,VISl,RS,siegle_survey_2019,Siegle2019
6.00451980588104,brain observatory 1.1gray,VISl,FS,siegle_survey_2019,Siegle2019
2.51102455703457,brain observatory 1.1gray,VISl,RS,siegle_survey_2019,Siegle2019
1.17264176185056,brain observatory 1.1gray,VISl,RS,siegle_survey_2019,Siegle2019
0.993871375607656,brain observatory 1.1gray,VISl,RS,siegle_survey_2019,Siegle2019
3.21489702634144,brain observatory 1.1gray,VISl,FS,siegle_survey_2019,Siegle2019
0.901899472717416,brain observatory 1.1gray,VISl,RS,siegle_survey_2019,Siegle2019
5.22218380692093,brain observatory 1.1gray,VISl,RS,siegle_survey_2019,Siegle2019
0.593985206166134,brain observatory 1.1gray,VISl,RS,siegle_survey_2019,Siegle2019
6.05587078499475,brain observatory 1.1gray,VISl,RS,siegle_survey_2019,Siegle2019
18.1754682883561,brain observatory 1.1gray,VISl,FS,siegle_survey_2019,Siegle2019
10.0762883941499,brain observatory 1.1gray,VISl,RS,siegle_survey_2019,Siegle2019
11.9451383000665,brain observatory 1.1gray,VISl,RS,siegle_survey_2019,Siegle2019
0.805807995010218,brain observatory 1.1gray,VISl,RS,siegle_survey_2019,Siegle2019
0.709524909171998,brain observatory 1.1gray,VISl,RS,siegle_survey_2019,Siegle2019
2.97577007882682,brain observatory 1.1gray,VISl,RS,siegle_survey_2019,Siegle2019
10.8072734139963,brain observatory 1.1gray,VISl,RS,siegle_survey_2019,Siegle2019
1.78961994373925,brain observatory 1.1gray,VISl,RS,siegle_survey_2019,Siegle2019
0.313949922678455,brain observatory 1.1gray,VISl,RS,siegle_survey_2019,Siegle2019
4.12426921616869,brain observatory 1.1gray,VISl,RS,siegle_survey_2019,Siegle2019
2.12646703807476,brain observatory 1.1gray,VISl,RS,siegle_survey_2019,Siegle2019
0.65089282107947,brain observatory 1.1gray,VISl,RS,siegle_survey_2019,Siegle2019
1.40123026215901,brain observatory 1.1gray,VISl,RS,siegle_survey_2019,Siegle2019
0.096570498034752,brain observatory 1.1gray,VISl,RS,siegle_survey_2019,Siegle2019
0.693621434297227,brain observatory 1.1gray,VISl,RS,siegle_survey_2019,Siegle2019
3.69525861081192,brain observatory 1.1gray,VISl,RS,siegle_survey_2019,Siegle2019
0.229546540963557,brain observatory 1.1gray,VISl,RS,siegle_survey_2019,Siegle2019
6.79442432601648,brain observatory 1.1gray,VISl,RS,siegle_survey_2019,Siegle2019
14.4787726165616,brain observatory 1.1gray,VISl,RS,siegle_survey_2019,Siegle2019
7.98718494162428,brain observatory 1.1gray,VISl,RS,siegle_survey_2019,Siegle2019
2.04465036612865,brain observatory 1.1gray,VISl,RS,siegle_survey_2019,Siegle2019
6.38562837848247,brain observatory 1.1gray,VISl,RS,siegle_survey_2019,Siegle2019
7.23301533792432,brain observatory 1.1gray,VISl,RS,siegle_survey_2019,Siegle2019
6.70906290364648,brain observatory 1.1gray,VISl,RS,siegle_survey_2019,Siegle2019
2.87460098564755,brain observatory 1.1gray,VISl,RS,siegle_survey_2019,Siegle2019
0.590344651676728,brain observatory 1.1gray,VISl,RS,siegle_survey_2019,Siegle2019
3.16067192526241,brain observatory 1.1gray,VISl,FS,siegle_survey_2019,Siegle2019
5.27468443482078,brain observatory 1.1gray,VISl,RS,siegle_survey_2019,Siegle2019
7.48430940175879,brain observatory 1.1gray,VISl,RS,siegle_survey_2019,Siegle2019
9.20782454029569,brain observatory 1.1gray,VISl,RS,siegle_survey_2019,Siegle2019
28.0696331539702,brain observatory 1.1gray,VISl,RS,siegle_survey_2019,Siegle2019
2.5786622272851,brain observatory 1.1gray,VISl,RS,siegle_survey_2019,Siegle2019
3.75561517208365,brain observatory 1.1gray,VISl,RS,siegle_survey_2019,Siegle2019
26.4204619702696,brain observatory 1.1gray,VISl,FS,siegle_survey_2019,Siegle2019
4.33427172776807,brain observatory 1.1gray,VISl,RS,siegle_survey_2019,Siegle2019
3.857550697787,brain observatory 1.1gray,VISl,RS,siegle_survey_2019,Siegle2019
0.868751266050726,brain observatory 1.1gray,VISl,RS,siegle_survey_2019,Siegle2019
0.0958040655106667,brain observatory 1.1gray,VISl,RS,siegle_survey_2019,Siegle2019
3.20905297834529,brain observatory 1.1gray,VISl,RS,siegle_survey_2019,Siegle2019
3.03900076206386,brain observatory 1.1gray,VISl,RS,siegle_survey_2019,Siegle2019
2.16315999516534,brain observatory 1.1gray,VISl,RS,siegle_survey_2019,Siegle2019
2.46053581451045,brain observatory 1.1gray,VISl,RS,siegle_survey_2019,Siegle2019
2.90190514431809,brain observatory 1.1gray,VISl,RS,siegle_survey_2019,Siegle2019
1.56840835647512,brain observatory 1.1gray,VISl,RS,siegle_survey_2019,Siegle2019
1.62761526896072,brain observatory 1.1gray,VISl,RS,siegle_survey_2019,Siegle2019
5.79681659185391,brain observatory 1.1gray,VISl,RS,siegle_survey_2019,Siegle2019
19.0089636582989,brain observatory 1.1gray,VISl,FS,siegle_survey_2019,Siegle2019
1.61276563880656,brain observatory 1.1gray,VISl,RS,siegle_survey_2019,Siegle2019
1.43418686069468,brain observatory 1.1gray,VISl,RS,siegle_survey_2019,Siegle2019
3.3968289467462,brain observatory 1.1gray,VISl,RS,siegle_survey_2019,Siegle2019
2.03286646607084,brain observatory 1.1gray,VISl,RS,siegle_survey_2019,Siegle2019
1.97835395279527,brain observatory 1.1gray,VISl,RS,siegle_survey_2019,Siegle2019
5.21998031341419,brain observatory 1.1gray,VISl,RS,siegle_survey_2019,Siegle2019
0.666892100019751,brain observatory 1.1gray,VISl,RS,siegle_survey_2019,Siegle2019
1.02155875054024,brain observatory 1.1gray,VISl,RS,siegle_survey_2019,Siegle2019
3.26778087050333,brain observatory 1.1gray,VISl,FS,siegle_survey_2019,Siegle2019
1.57415660040576,brain observatory 1.1gray,VISl,RS,siegle_survey_2019,Siegle2019
1.12157819493338,brain observatory 1.1gray,VISl,RS,siegle_survey_2019,Siegle2019
6.92346855514003,brain observatory 1.1gray,VISal,FS,siegle_survey_2019,Siegle2019
7.83341506373621,brain observatory 1.1gray,VISal,RS,siegle_survey_2019,Siegle2019
7.52435132013426,brain observatory 1.1gray,VISal,RS,siegle_survey_2019,Siegle2019
10.093814929373,brain observatory 1.1gray,VISal,RS,siegle_survey_2019,Siegle2019
6.84586730519658,brain observatory 1.1gray,VISal,RS,siegle_survey_2019,Siegle2019
8.30045962358105,brain observatory 1.1gray,VISal,RS,siegle_survey_2019,Siegle2019
1.7446868675558,brain observatory 1.1gray,VISal,RS,siegle_survey_2019,Siegle2019
5.9994388567393,brain observatory 1.1gray,VISal,RS,siegle_survey_2019,Siegle2019
0.56898002890637,brain observatory 1.1gray,VISal,RS,siegle_survey_2019,Siegle2019
2.60548591785446,brain observatory 1.1gray,VISal,RS,siegle_survey_2019,Siegle2019
1.94108509272133,brain observatory 1.1gray,VISal,RS,siegle_survey_2019,Siegle2019
11.7605173309362,brain observatory 1.1gray,VISal,RS,siegle_survey_2019,Siegle2019
3.7271592935803,brain observatory 1.1gray,VISal,RS,siegle_survey_2019,Siegle2019
2.00211224854105,brain observatory 1.1gray,VISal,RS,siegle_survey_2019,Siegle2019
1.56074316398614,brain observatory 1.1gray,VISal,RS,siegle_survey_2019,Siegle2019
2.95852370309103,brain observatory 1.1gray,VISal,RS,siegle_survey_2019,Siegle2019
8.84500962935708,brain observatory 1.1gray,VISal,RS,siegle_survey_2019,Siegle2019
5.14726216754547,brain observatory 1.1gray,VISal,RS,siegle_survey_2019,Siegle2019
2.38561570968135,brain observatory 1.1gray,VISal,RS,siegle_survey_2019,Siegle2019
18.2347608725147,brain observatory 1.1gray,VISal,FS,siegle_survey_2019,Siegle2019
6.45259183480414,brain observatory 1.1gray,VISal,RS,siegle_survey_2019,Siegle2019
2.12780711264699,brain observatory 1.1gray,VISal,RS,siegle_survey_2019,Siegle2019
7.88572405443883,brain observatory 1.1gray,VISal,FS,siegle_survey_2019,Siegle2019
4.6040534179413,brain observatory 1.1gray,VISal,RS,siegle_survey_2019,Siegle2019
4.65942813703676,brain observatory 1.1gray,VISal,RS,siegle_survey_2019,Siegle2019
0.377659416391465,brain observatory 1.1gray,VISal,RS,siegle_survey_2019,Siegle2019
2.02884156796602,brain observatory 1.1gray,VISal,RS,siegle_survey_2019,Siegle2019
4.15569064049025,brain observatory 1.1gray,VISal,FS,siegle_survey_2019,Siegle2019
4.36837554774267,brain observatory 1.1gray,VISal,RS,siegle_survey_2019,Siegle2019
1.49569223965082,brain observatory 1.1gray,VISal,RS,siegle_survey_2019,Siegle2019
3.06045917215255,brain observatory 1.1gray,VISal,RS,siegle_survey_2019,Siegle2019
9.41149875394427,brain observatory 1.1gray,VISal,FS,siegle_survey_2019,Siegle2019
2.51389728211873,brain observatory 1.1gray,VISal,RS,siegle_survey_2019,Siegle2019
3.49138561936939,brain observatory 1.1gray,VISal,RS,siegle_survey_2019,Siegle2019
0.720637780339066,brain observatory 1.1gray,VISal,RS,siegle_survey_2019,Siegle2019
3.60951196650554,brain observatory 1.1gray,VISal,RS,siegle_survey_2019,Siegle2019
3.80466473951148,brain observatory 1.1gray,VISal,RS,siegle_survey_2019,Siegle2019
3.97462105728886,brain observatory 1.1gray,VISal,RS,siegle_survey_2019,Siegle2019
15.465258485644,brain observatory 1.1gray,VISal,RS,siegle_survey_2019,Siegle2019
2.44578062939059,brain observatory 1.1gray,VISal,RS,siegle_survey_2019,Siegle2019
10.2798663212127,brain observatory 1.1gray,VISal,RS,siegle_survey_2019,Siegle2019
4.63260301359951,brain observatory 1.1gray,VISal,RS,siegle_survey_2019,Siegle2019
2.08517432718423,brain observatory 1.1gray,VISal,FS,siegle_survey_2019,Siegle2019
1.9681976281954,brain observatory 1.1gray,VISal,RS,siegle_survey_2019,Siegle2019
14.3945528444489,brain observatory 1.1gray,VISal,FS,siegle_survey_2019,Siegle2019
8.97137512154895,brain observatory 1.1gray,VISal,RS,siegle_survey_2019,Siegle2019
7.08623957199672,brain observatory 1.1gray,VISal,RS,siegle_survey_2019,Siegle2019
0.413106900933535,brain observatory 1.1gray,VISal,RS,siegle_survey_2019,Siegle2019
8.44292018983527,brain observatory 1.1gray,VISal,RS,siegle_survey_2019,Siegle2019
2.45478620654452,brain observatory 1.1gray,VISal,RS,siegle_survey_2019,Siegle2019
13.8498112306483,brain observatory 1.1gray,VISal,RS,siegle_survey_2019,Siegle2019
11.3203936985409,brain observatory 1.1gray,VISal,FS,siegle_survey_2019,Siegle2019
9.26702630343227,brain observatory 1.1gray,VISal,RS,siegle_survey_2019,Siegle2019
7.53278207321454,brain observatory 1.1gray,VISal,RS,siegle_survey_2019,Siegle2019
5.37585054083568,brain observatory 1.1gray,VISal,RS,siegle_survey_2019,Siegle2019
4.94166675720146,brain observatory 1.1gray,VISal,RS,siegle_survey_2019,Siegle2019
7.69746917031675,brain observatory 1.1gray,VISal,RS,siegle_survey_2019,Siegle2019
3.5834532751665,brain observatory 1.1gray,VISal,RS,siegle_survey_2019,Siegle2019
31.7756999675857,brain observatory 1.1gray,VISal,FS,siegle_survey_2019,Siegle2019
2.36568847512797,brain observatory 1.1gray,VISal,RS,siegle_survey_2019,Siegle2019
8.2776582686594,brain observatory 1.1gray,VISal,RS,siegle_survey_2019,Siegle2019
2.24689149990589,brain observatory 1.1gray,VISal,RS,siegle_survey_2019,Siegle2019
1.21814801608764,brain observatory 1.1gray,VISal,RS,siegle_survey_2019,Siegle2019
1.58325710687097,brain observatory 1.1gray,VISal,RS,siegle_survey_2019,Siegle2019
1.57856271026945,brain observatory 1.1gray,VISal,RS,siegle_survey_2019,Siegle2019
2.5243399194568,brain observatory 1.1gray,VISal,RS,siegle_survey_2019,Siegle2019
0.184997547704698,brain observatory 1.1gray,VISal,RS,siegle_survey_2019,Siegle2019
2.11813090740713,brain observatory 1.1gray,VISal,RS,siegle_survey_2019,Siegle2019
0.3096385676756,brain observatory 1.1gray,VISal,RS,siegle_survey_2019,Siegle2019
1.81596505268904,brain observatory 1.1gray,VISal,RS,siegle_survey_2019,Siegle2019
0.638821153855476,brain observatory 1.1gray,VISal,RS,siegle_survey_2019,Siegle2019
15.3267258838931,brain observatory 1.1gray,VISal,FS,siegle_survey_2019,Siegle2019
2.90075388368868,brain observatory 1.1gray,VISal,RS,siegle_survey_2019,Siegle2019
0.447500541340571,brain observatory 1.1gray,VISal,RS,siegle_survey_2019,Siegle2019
13.8623615562565,brain observatory 1.1gray,VISal,FS,siegle_survey_2019,Siegle2019
0.830429178407209,brain observatory 1.1gray,VISal,RS,siegle_survey_2019,Siegle2019
0.827363450014381,brain observatory 1.1gray,VISal,RS,siegle_survey_2019,Siegle2019
0.472122172495469,brain observatory 1.1gray,VISal,RS,siegle_survey_2019,Siegle2019
0.262407189623598,brain observatory 1.1gray,VISal,RS,siegle_survey_2019,Siegle2019
2.48017426979763,brain observatory 1.1gray,VISal,RS,siegle_survey_2019,Siegle2019
17.7489387262638,brain observatory 1.1gray,VISal,FS,siegle_survey_2019,Siegle2019
0.138340993726351,brain observatory 1.1gray,VISal,RS,siegle_survey_2019,Siegle2019
3.62254131217506,brain observatory 1.1gray,VISal,RS,siegle_survey_2019,Siegle2019
1.4096602366271,brain observatory 1.1gray,VISal,RS,siegle_survey_2019,Siegle2019
0.600786960981957,brain observatory 1.1gray,VISal,RS,siegle_survey_2019,Siegle2019
0.166028353274076,brain observatory 1.1gray,VISal,RS,siegle_survey_2019,Siegle2019
3.97701615759576,brain observatory 1.1gray,VISal,RS,siegle_survey_2019,Siegle2019
0.143035390327868,brain observatory 1.1gray,VISal,RS,siegle_survey_2019,Siegle2019
0.174171694317525,brain observatory 1.1gray,VISal,RS,siegle_survey_2019,Siegle2019
28.6533147106326,brain observatory 1.1gray,LP,FS,siegle_survey_2019,Siegle2019
28.5581814482685,brain observatory 1.1gray,LP,FS,siegle_survey_2019,Siegle2019
8.05825676130283,brain observatory 1.1gray,LP,FS,siegle_survey_2019,Siegle2019
34.941211396178,brain observatory 1.1gray,LP,FS,siegle_survey_2019,Siegle2019
20.1247566553262,brain observatory 1.1gray,LP,RS,siegle_survey_2019,Siegle2019
4.25896191178092,brain observatory 1.1gray,LP,FS,siegle_survey_2019,Siegle2019
8.36377536520946,brain observatory 1.1gray,LP,FS,siegle_survey_2019,Siegle2019
10.6259926101287,brain observatory 1.1gray,LP,RS,siegle_survey_2019,Siegle2019
5.53957250394774,brain observatory 1.1gray,LP,RS,siegle_survey_2019,Siegle2019
4.49377724516918,brain observatory 1.1gray,LP,RS,siegle_survey_2019,Siegle2019
3.98285510197882,brain observatory 1.1gray,LP,FS,siegle_survey_2019,Siegle2019
6.12110211376688,brain observatory 1.1gray,LP,RS,siegle_survey_2019,Siegle2019
2.2192971023823,brain observatory 1.1gray,LP,RS,siegle_survey_2019,Siegle2019
9.37527283151433,brain observatory 1.1gray,LP,FS,siegle_survey_2019,Siegle2019
2.30561640690405,brain observatory 1.1gray,LP,RS,siegle_survey_2019,Siegle2019
6.29230366446652,brain observatory 1.1gray,LP,RS,siegle_survey_2019,Siegle2019
6.16996209745844,brain observatory 1.1gray,LP,RS,siegle_survey_2019,Siegle2019
4.55988192898718,brain observatory 1.1gray,LP,RS,siegle_survey_2019,Siegle2019
6.81817121443313,brain observatory 1.1gray,LP,FS,siegle_survey_2019,Siegle2019
6.98783990289931,brain observatory 1.1gray,LP,RS,siegle_survey_2019,Siegle2019
5.45401963054271,brain observatory 1.1gray,LP,FS,siegle_survey_2019,Siegle2019
7.82660295627108,brain observatory 1.1gray,LP,RS,siegle_survey_2019,Siegle2019
7.61008616579476,brain observatory 1.1gray,LP,RS,siegle_survey_2019,Siegle2019
6.06706872003739,brain observatory 1.1gray,LP,RS,siegle_survey_2019,Siegle2019
0.499713088108184,brain observatory 1.1gray,LP,FS,siegle_survey_2019,Siegle2019
4.19783903022168,brain observatory 1.1gray,LP,FS,siegle_survey_2019,Siegle2019
2.92316827920953,brain observatory 1.1gray,LP,FS,siegle_survey_2019,Siegle2019
7.85476929981092,brain observatory 1.1gray,LP,FS,siegle_survey_2019,Siegle2019
6.79891463262528,brain observatory 1.1gray,LP,FS,siegle_survey_2019,Siegle2019
3.15750459314983,brain observatory 1.1gray,LP,FS,siegle_survey_2019,Siegle2019
5.51447188487482,brain observatory 1.1gray,LP,FS,siegle_survey_2019,Siegle2019
9.47931585561047,brain observatory 1.1gray,LP,FS,siegle_survey_2019,Siegle2019
6.35773772105738,brain observatory 1.1gray,LP,RS,siegle_survey_2019,Siegle2019
7.80293939554203,brain observatory 1.1gray,LP,RS,siegle_survey_2019,Siegle2019
5.45785178612636,brain observatory 1.1gray,LP,FS,siegle_survey_2019,Siegle2019
11.4050698402851,brain observatory 1.1gray,LP,RS,siegle_survey_2019,Siegle2019
5.81136813871823,brain observatory 1.1gray,LP,FS,siegle_survey_2019,Siegle2019
3.55461171550574,brain observatory 1.1gray,VISrl,FS,siegle_survey_2019,Siegle2019
20.0136241434003,brain observatory 1.1gray,VISrl,FS,siegle_survey_2019,Siegle2019
10.2399029350757,brain observatory 1.1gray,VISrl,FS,siegle_survey_2019,Siegle2019
7.3070584630175,brain observatory 1.1gray,VISrl,FS,siegle_survey_2019,Siegle2019
2.27725845558503,brain observatory 1.1gray,VISrl,RS,siegle_survey_2019,Siegle2019
8.59006415242409,brain observatory 1.1gray,VISrl,FS,siegle_survey_2019,Siegle2019
2.38331336136259,brain observatory 1.1gray,VISrl,RS,siegle_survey_2019,Siegle2019
2.53190519411869,brain observatory 1.1gray,VISrl,RS,siegle_survey_2019,Siegle2019
2.44826839850549,brain observatory 1.1gray,VISrl,RS,siegle_survey_2019,Siegle2019
1.83579413234835,brain observatory 1.1gray,VISrl,RS,siegle_survey_2019,Siegle2019
1.9705902050033,brain observatory 1.1gray,VISrl,RS,siegle_survey_2019,Siegle2019
0.33052341908996,brain observatory 1.1gray,VISrl,RS,siegle_survey_2019,Siegle2019
0.87660558976033,brain observatory 1.1gray,VISrl,RS,siegle_survey_2019,Siegle2019
5.81155974649742,brain observatory 1.1gray,VISrl,RS,siegle_survey_2019,Siegle2019
1.63383953308991,brain observatory 1.1gray,VISrl,RS,siegle_survey_2019,Siegle2019
2.77927083704341,brain observatory 1.1gray,VISrl,RS,siegle_survey_2019,Siegle2019
1.39480882855963,brain observatory 1.1gray,VISrl,RS,siegle_survey_2019,Siegle2019
17.4092912087506,brain observatory 1.1gray,VISrl,FS,siegle_survey_2019,Siegle2019
13.6168942392792,brain observatory 1.1gray,VISrl,RS,siegle_survey_2019,Siegle2019
16.7124137158635,brain observatory 1.1gray,VISrl,RS,siegle_survey_2019,Siegle2019
9.68347394432952,brain observatory 1.1gray,VISrl,RS,siegle_survey_2019,Siegle2019
11.2856981938543,brain observatory 1.1gray,VISrl,RS,siegle_survey_2019,Siegle2019
2.54924569813471,brain observatory 1.1gray,VISrl,RS,siegle_survey_2019,Siegle2019
7.06486623013071,brain observatory 1.1gray,VISrl,RS,siegle_survey_2019,Siegle2019
5.60366530608431,brain observatory 1.1gray,VISrl,RS,siegle_survey_2019,Siegle2019
4.36147207364361,brain observatory 1.1gray,VISrl,RS,siegle_survey_2019,Siegle2019
4.5772224330032,brain observatory 1.1gray,VISrl,FS,siegle_survey_2019,Siegle2019
21.0437075642858,brain observatory 1.1gray,VISrl,RS,siegle_survey_2019,Siegle2019
6.69697929410014,brain observatory 1.1gray,VISrl,RS,siegle_survey_2019,Siegle2019
12.3576479144913,brain observatory 1.1gray,VISrl,RS,siegle_survey_2019,Siegle2019
2.8354119163439,brain observatory 1.1gray,VISrl,RS,siegle_survey_2019,Siegle2019
4.13345881641633,brain observatory 1.1gray,VISrl,RS,siegle_survey_2019,Siegle2019
2.70760952762912,brain observatory 1.1gray,VISrl,RS,siegle_survey_2019,Siegle2019
4.07396460098014,brain observatory 1.1gray,VISrl,RS,siegle_survey_2019,Siegle2019
2.84221399250489,brain observatory 1.1gray,VISrl,RS,siegle_survey_2019,Siegle2019
1.35102645101641,brain observatory 1.1gray,VISrl,RS,siegle_survey_2019,Siegle2019
1.35179288213314,brain observatory 1.1gray,VISrl,RS,siegle_survey_2019,Siegle2019
1.56332787035072,brain observatory 1.1gray,VISrl,RS,siegle_survey_2019,Siegle2019
1.20329685326664,brain observatory 1.1gray,VISrl,RS,siegle_survey_2019,Siegle2019
14.3293877661697,brain observatory 1.1gray,VISrl,RS,siegle_survey_2019,Siegle2019
5.1483094188569,brain observatory 1.1gray,VISrl,FS,siegle_survey_2019,Siegle2019
10.886100170369,brain observatory 1.1gray,VISrl,FS,siegle_survey_2019,Siegle2019
0.351025451462497,brain observatory 1.1gray,VISrl,RS,siegle_survey_2019,Siegle2019
5.70224750847375,brain observatory 1.1gray,LP,RS,siegle_survey_2019,Siegle2019
1.39116828075516,brain observatory 1.1gray,VISrl,RS,siegle_survey_2019,Siegle2019
0.283196297631862,brain observatory 1.1gray,VISrl,RS,siegle_survey_2019,Siegle2019
0.198505659233159,brain observatory 1.1gray,VISrl,RS,siegle_survey_2019,Siegle2019
0.241425801770058,brain observatory 1.1gray,VISrl,RS,siegle_survey_2019,Siegle2019
4.22603887766613,brain observatory 1.1gray,VISp,FS,siegle_survey_2019,Siegle2019
16.6894933217105,brain observatory 1.1gray,VISp,FS,siegle_survey_2019,Siegle2019
1.72651359210329,brain observatory 1.1gray,VISp,RS,siegle_survey_2019,Siegle2019
2.36573679153073,brain observatory 1.1gray,VISp,RS,siegle_survey_2019,Siegle2019
7.75621190401972,brain observatory 1.1gray,VISp,RS,siegle_survey_2019,Siegle2019
2.26912327378153,brain observatory 1.1gray,VISp,RS,siegle_survey_2019,Siegle2019
3.11462099341947,brain observatory 1.1gray,VISp,RS,siegle_survey_2019,Siegle2019
5.80592359395714,brain observatory 1.1gray,VISp,RS,siegle_survey_2019,Siegle2019
5.79888209427124,brain observatory 1.1gray,VISp,FS,siegle_survey_2019,Siegle2019
26.0291106918642,brain observatory 1.1gray,VISp,FS,siegle_survey_2019,Siegle2019
7.30524526972416,brain observatory 1.1gray,VISp,FS,siegle_survey_2019,Siegle2019
1.65216363953746,brain observatory 1.1gray,VISp,RS,siegle_survey_2019,Siegle2019
7.84547326768511,brain observatory 1.1gray,VISp,RS,siegle_survey_2019,Siegle2019
22.232603295038,brain observatory 1.1gray,VISp,FS,siegle_survey_2019,Siegle2019
2.25214083336259,brain observatory 1.1gray,VISp,RS,siegle_survey_2019,Siegle2019
0.951948626654205,brain observatory 1.1gray,VISp,RS,siegle_survey_2019,Siegle2019
1.18959924105336,brain observatory 1.1gray,VISp,RS,siegle_survey_2019,Siegle2019
5.86639765008311,brain observatory 1.1gray,VISp,RS,siegle_survey_2019,Siegle2019
8.37907397182403,brain observatory 1.1gray,VISp,RS,siegle_survey_2019,Siegle2019
22.7707602636796,brain observatory 1.1gray,VISp,RS,siegle_survey_2019,Siegle2019
4.42755003044206,brain observatory 1.1gray,VISp,RS,siegle_survey_2019,Siegle2019
10.8403887664443,brain observatory 1.1gray,VISp,RS,siegle_survey_2019,Siegle2019
7.19962277443565,brain observatory 1.1gray,VISp,RS,siegle_survey_2019,Siegle2019
8.35121862747834,brain observatory 1.1gray,VISp,RS,siegle_survey_2019,Siegle2019
10.0343441553406,brain observatory 1.1gray,VISp,RS,siegle_survey_2019,Siegle2019
30.390491335552,brain observatory 1.1gray,VISp,FS,siegle_survey_2019,Siegle2019
3.1299466103829,brain observatory 1.1gray,VISp,RS,siegle_survey_2019,Siegle2019
3.47290906567266,brain observatory 1.1gray,VISp,RS,siegle_survey_2019,Siegle2019
19.0639284363827,brain observatory 1.1gray,VISp,RS,siegle_survey_2019,Siegle2019
9.34935120795477,brain observatory 1.1gray,VISp,RS,siegle_survey_2019,Siegle2019
10.9934378331466,brain observatory 1.1gray,VISp,FS,siegle_survey_2019,Siegle2019
9.54609899329612,brain observatory 1.1gray,VISp,RS,siegle_survey_2019,Siegle2019
12.6062519156158,brain observatory 1.1gray,VISp,RS,siegle_survey_2019,Siegle2019
2.2860021627345,brain observatory 1.1gray,VISp,RS,siegle_survey_2019,Siegle2019
1.39421693780836,brain observatory 1.1gray,VISp,RS,siegle_survey_2019,Siegle2019
3.67183143179935,brain observatory 1.1gray,VISp,FS,siegle_survey_2019,Siegle2019
0.881119423931321,brain observatory 1.1gray,VISp,RS,siegle_survey_2019,Siegle2019
7.94726435873276,brain observatory 1.1gray,VISp,FS,siegle_survey_2019,Siegle2019
6.07929946411564,brain observatory 1.1gray,VISp,FS,siegle_survey_2019,Siegle2019
0.770422906810322,brain observatory 1.1gray,VISp,FS,siegle_survey_2019,Siegle2019
11.206857404509,brain observatory 1.1gray,VISp,FS,siegle_survey_2019,Siegle2019
9.72451816916093,brain observatory 1.1gray,VISp,FS,siegle_survey_2019,Siegle2019
4.11844890452421,brain observatory 1.1gray,VISp,FS,siegle_survey_2019,Siegle2019
4.91765911887395,brain observatory 1.1gray,VISp,RS,siegle_survey_2019,Siegle2019
0.818263684088059,brain observatory 1.1gray,VISp,RS,siegle_survey_2019,Siegle2019
1.69700142430209,brain observatory 1.1gray,VISp,RS,siegle_survey_2019,Siegle2019
1.36853617424801,brain observatory 1.1gray,VISp,RS,siegle_survey_2019,Siegle2019
0.602669531940332,brain observatory 1.1gray,VISp,RS,siegle_survey_2019,Siegle2019
3.48916664582981,brain observatory 1.1gray,VISp,FS,siegle_survey_2019,Siegle2019
0.550997350421737,brain observatory 1.1gray,VISp,RS,siegle_survey_2019,Siegle2019
1.27254396529463,brain observatory 1.1gray,VISp,RS,siegle_survey_2019,Siegle2019
18.4910817266414,brain observatory 1.1gray,VISp,FS,siegle_survey_2019,Siegle2019
0.553275482673058,brain observatory 1.1gray,VISp,RS,siegle_survey_2019,Siegle2019
1.24406731215312,brain observatory 1.1gray,VISp,RS,siegle_survey_2019,Siegle2019
0.773115244925519,brain observatory 1.1gray,VISp,RS,siegle_survey_2019,Siegle2019
5.41159961154669,brain observatory 1.1gray,VISp,FS,siegle_survey_2019,Siegle2019
3.08738695786959,brain observatory 1.1gray,VISp,RS,siegle_survey_2019,Siegle2019
1.33146474943106,brain observatory 1.1gray,VISp,RS,siegle_survey_2019,Siegle2019
5.89668220030419,brain observatory 1.1gray,VISam,FS,siegle_survey_2019,Siegle2019
12.9558848329896,brain observatory 1.1gray,VISam,FS,siegle_survey_2019,Siegle2019
2.11401239400513,brain observatory 1.1gray,VISam,RS,siegle_survey_2019,Siegle2019
0.305877381068337,brain observatory 1.1gray,VISam,RS,siegle_survey_2019,Siegle2019
0.381880765531492,brain observatory 1.1gray,VISam,RS,siegle_survey_2019,Siegle2019
7.33080600795364,brain observatory 1.1gray,VISam,FS,siegle_survey_2019,Siegle2019
1.95900276656461,brain observatory 1.1gray,VISam,RS,siegle_survey_2019,Siegle2019
6.703415672174,brain observatory 1.1gray,VISam,RS,siegle_survey_2019,Siegle2019
5.3722174287703,brain observatory 1.1gray,VISam,RS,siegle_survey_2019,Siegle2019
14.4944874075646,brain observatory 1.1gray,VISam,FS,siegle_survey_2019,Siegle2019
2.36638952272669,brain observatory 1.1gray,LP,RS,siegle_survey_2019,Siegle2019
17.1477471694459,brain observatory 1.1gray,LP,RS,siegle_survey_2019,Siegle2019
0.593767432209063,brain observatory 1.1gray,LP,RS,siegle_survey_2019,Siegle2019
10.8101633515932,brain observatory 1.1gray,LP,FS,siegle_survey_2019,Siegle2019
9.94080779103032,brain observatory 1.1gray,VISam,RS,siegle_survey_2019,Siegle2019
7.14141882786766,brain observatory 1.1gray,VISam,RS,siegle_survey_2019,Siegle2019
20.425971676825,brain observatory 1.1gray,LP,FS,siegle_survey_2019,Siegle2019
7.3599026714879,brain observatory 1.1gray,VISam,RS,siegle_survey_2019,Siegle2019
39.0432699486276,brain observatory 1.1gray,VISam,FS,siegle_survey_2019,Siegle2019
10.3831798796322,brain observatory 1.1gray,LP,RS,siegle_survey_2019,Siegle2019
18.6182154187211,brain observatory 1.1gray,LP,RS,siegle_survey_2019,Siegle2019
12.7977238791096,brain observatory 1.1gray,LP,RS,siegle_survey_2019,Siegle2019
11.4132310046339,brain observatory 1.1gray,LP,RS,siegle_survey_2019,Siegle2019
8.28457600017451,brain observatory 1.1gray,VISam,RS,siegle_survey_2019,Siegle2019
5.49129630088559,brain observatory 1.1gray,VISam,RS,siegle_survey_2019,Siegle2019
11.8508328997597,brain observatory 1.1gray,VISam,RS,siegle_survey_2019,Siegle2019
17.5059403099378,brain observatory 1.1gray,VISam,FS,siegle_survey_2019,Siegle2019
5.78236648307351,brain observatory 1.1gray,VISam,RS,siegle_survey_2019,Siegle2019
9.45641564863435,brain observatory 1.1gray,VISam,FS,siegle_survey_2019,Siegle2019
13.1719870991676,brain observatory 1.1gray,VISam,RS,siegle_survey_2019,Siegle2019
3.92390770331233,brain observatory 1.1gray,VISam,RS,siegle_survey_2019,Siegle2019
8.59355978660238,brain observatory 1.1gray,VISam,RS,siegle_survey_2019,Siegle2019
6.2719655930959,brain observatory 1.1gray,LP,RS,siegle_survey_2019,Siegle2019
11.8275041747916,brain observatory 1.1gray,LP,RS,siegle_survey_2019,Siegle2019
8.62688484346352,brain observatory 1.1gray,LP,RS,siegle_survey_2019,Siegle2019
9.34382853379879,brain observatory 1.1gray,LP,RS,siegle_survey_2019,Siegle2019
15.7889849059379,brain observatory 1.1gray,LP,RS,siegle_survey_2019,Siegle2019
5.38286448158759,brain observatory 1.1gray,LP,RS,siegle_survey_2019,Siegle2019
2.09578814922923,brain observatory 1.1gray,VISam,RS,siegle_survey_2019,Siegle2019
6.26520542278971,brain observatory 1.1gray,VISam,RS,siegle_survey_2019,Siegle2019
1.61191374105985,brain observatory 1.1gray,VISam,RS,siegle_survey_2019,Siegle2019
6.31894623550957,brain observatory 1.1gray,VISam,RS,siegle_survey_2019,Siegle2019
2.21994081676509,brain observatory 1.1gray,VISam,RS,siegle_survey_2019,Siegle2019
1.57940003163011,brain observatory 1.1gray,VISam,RS,siegle_survey_2019,Siegle2019
2.68393423063348,brain observatory 1.1gray,VISam,RS,siegle_survey_2019,Siegle2019
1.77127233600371,brain observatory 1.1gray,VISam,RS,siegle_survey_2019,Siegle2019
8.38559578077501,brain observatory 1.1gray,LP,RS,siegle_survey_2019,Siegle2019
14.9897859291358,brain observatory 1.1gray,LP,RS,siegle_survey_2019,Siegle2019
7.26285245481757,brain observatory 1.1gray,LP,RS,siegle_survey_2019,Siegle2019
4.00943739754471,brain observatory 1.1gray,VISam,RS,siegle_survey_2019,Siegle2019
4.52158009448581,brain observatory 1.1gray,VISam,RS,siegle_survey_2019,Siegle2019
12.7659799186771,brain observatory 1.1gray,VISam,FS,siegle_survey_2019,Siegle2019
11.1967425308299,brain observatory 1.1gray,LP,RS,siegle_survey_2019,Siegle2019
4.09517418546772,brain observatory 1.1gray,VISam,RS,siegle_survey_2019,Siegle2019
1.31349173285439,brain observatory 1.1gray,VISam,RS,siegle_survey_2019,Siegle2019
1.77562130350706,brain observatory 1.1gray,VISam,RS,siegle_survey_2019,Siegle2019
12.2762914978136,brain observatory 1.1gray,LP,RS,siegle_survey_2019,Siegle2019
3.2959982627463,brain observatory 1.1gray,LP,RS,siegle_survey_2019,Siegle2019
7.28982309522943,brain observatory 1.1gray,LP,RS,siegle_survey_2019,Siegle2019
7.3390109298503,brain observatory 1.1gray,LP,RS,siegle_survey_2019,Siegle2019
10.1094433798198,brain observatory 1.1gray,LP,RS,siegle_survey_2019,Siegle2019
3.2443297574926,brain observatory 1.1gray,VISam,RS,siegle_survey_2019,Siegle2019
12.0590656056935,brain observatory 1.1gray,VISam,FS,siegle_survey_2019,Siegle2019
4.17552653743422,brain observatory 1.1gray,VISam,RS,siegle_survey_2019,Siegle2019
11.3503909963395,brain observatory 1.1gray,VISam,FS,siegle_survey_2019,Siegle2019
14.3259568333281,brain observatory 1.1gray,LP,RS,siegle_survey_2019,Siegle2019
12.9878617272239,brain observatory 1.1gray,LP,RS,siegle_survey_2019,Siegle2019
8.86982727874433,brain observatory 1.1gray,LP,RS,siegle_survey_2019,Siegle2019
5.11324676863086,brain observatory 1.1gray,VISam,FS,siegle_survey_2019,Siegle2019
1.28957241158601,brain observatory 1.1gray,VISam,RS,siegle_survey_2019,Siegle2019
4.86959562746604,brain observatory 1.1gray,LGd,FS,siegle_survey_2019,Siegle2019
7.73137691316005,brain observatory 1.1gray,LGd,RS,siegle_survey_2019,Siegle2019
7.78469817926167,brain observatory 1.1gray,LGd,RS,siegle_survey_2019,Siegle2019
9.27046012501557,brain observatory 1.1gray,LGd,RS,siegle_survey_2019,Siegle2019
11.0504190564115,brain observatory 1.1gray,LGd,RS,siegle_survey_2019,Siegle2019
1.70034274696112,brain observatory 1.1gray,VISam,RS,siegle_survey_2019,Siegle2019
15.6130004306858,brain observatory 1.1gray,VISam,FS,siegle_survey_2019,Siegle2019
11.2825112340554,brain observatory 1.1gray,LGd,RS,siegle_survey_2019,Siegle2019
6.30041135019771,brain observatory 1.1gray,VISam,FS,siegle_survey_2019,Siegle2019
13.8507366702248,brain observatory 1.1gray,VISam,FS,siegle_survey_2019,Siegle2019
13.5255995759273,brain observatory 1.1gray,VISam,FS,siegle_survey_2019,Siegle2019
8.31925420550905,brain observatory 1.1gray,LGd,RS,siegle_survey_2019,Siegle2019
14.0842544274915,brain observatory 1.1gray,LGd,RS,siegle_survey_2019,Siegle2019
19.1161905763639,brain observatory 1.1gray,LGd,FS,siegle_survey_2019,Siegle2019
5.33502001219796,brain observatory 1.1gray,LGd,RS,siegle_survey_2019,Siegle2019
5.55037179234479,brain observatory 1.1gray,LGd,FS,siegle_survey_2019,Siegle2019
6.62692402150491,brain observatory 1.1gray,LGd,FS,siegle_survey_2019,Siegle2019
7.92750823692142,brain observatory 1.1gray,LGd,RS,siegle_survey_2019,Siegle2019
2.4194755876922,brain observatory 1.1gray,VISam,RS,siegle_survey_2019,Siegle2019
1.68605328230729,brain observatory 1.1gray,VISam,RS,siegle_survey_2019,Siegle2019
0.543724484762978,brain observatory 1.1gray,VISam,RS,siegle_survey_2019,Siegle2019
4.06388649608176,brain observatory 1.1gray,LGd,FS,siegle_survey_2019,Siegle2019
14.8420157536992,brain observatory 1.1gray,LGd,RS,siegle_survey_2019,Siegle2019
4.21870557193168,brain observatory 1.1gray,VISam,RS,siegle_survey_2019,Siegle2019
10.7474385288729,brain observatory 1.1gray,LGd,RS,siegle_survey_2019,Siegle2019
16.1620270970752,brain observatory 1.1gray,LGd,RS,siegle_survey_2019,Siegle2019
12.0763367499325,brain observatory 1.1gray,LGd,RS,siegle_survey_2019,Siegle2019
13.7481031123199,brain observatory 1.1gray,LGd,RS,siegle_survey_2019,Siegle2019
2.25282349279321,brain observatory 1.1gray,LGd,RS,siegle_survey_2019,Siegle2019
5.64744494362461,brain observatory 1.1gray,VISam,FS,siegle_survey_2019,Siegle2019
14.3434205813343,brain observatory 1.1gray,LGd,RS,siegle_survey_2019,Siegle2019
6.43750952389975,brain observatory 1.1gray,LGd,RS,siegle_survey_2019,Siegle2019
12.0087551452223,brain observatory 1.1gray,LGd,RS,siegle_survey_2019,Siegle2019
14.4043886956753,brain observatory 1.1gray,LGd,FS,siegle_survey_2019,Siegle2019
4.49531340688455,brain observatory 1.1gray,LGd,RS,siegle_survey_2019,Siegle2019
8.29497029555967,brain observatory 1.1gray,LGd,RS,siegle_survey_2019,Siegle2019
3.70892806767276,brain observatory 1.1gray,LGd,RS,siegle_survey_2019,Siegle2019
22.716099388732,brain observatory 1.1gray,LGd,FS,siegle_survey_2019,Siegle2019
3.75749588757152,brain observatory 1.1gray,LGd,RS,siegle_survey_2019,Siegle2019
20.9761314069122,brain observatory 1.1gray,LGd,FS,siegle_survey_2019,Siegle2019
17.1805046139308,brain observatory 1.1gray,LGd,RS,siegle_survey_2019,Siegle2019
20.769666504449,brain observatory 1.1gray,LGd,FS,siegle_survey_2019,Siegle2019
12.4373919897756,brain observatory 1.1gray,LGd,RS,siegle_survey_2019,Siegle2019
1.33326918031006,brain observatory 1.1gray,VISam,FS,siegle_survey_2019,Siegle2019
3.23399679053513,brain observatory 1.1gray,LGd,FS,siegle_survey_2019,Siegle2019
10.2851142177515,brain observatory 1.1gray,LGd,FS,siegle_survey_2019,Siegle2019
1.90416854739234,brain observatory 1.1gray,LGd,FS,siegle_survey_2019,Siegle2019
0.843906789338844,brain observatory 1.1gray,VISam,RS,siegle_survey_2019,Siegle2019
10.5269199593751,brain observatory 1.1gray,LGd,FS,siegle_survey_2019,Siegle2019
11.5478775351192,brain observatory 1.1gray,LGd,RS,siegle_survey_2019,Siegle2019
18.6998506904658,brain observatory 1.1gray,LGd,RS,siegle_survey_2019,Siegle2019
13.3591472099818,brain observatory 1.1gray,LGd,RS,siegle_survey_2019,Siegle2019
15.2261148740474,brain observatory 1.1gray,LGd,FS,siegle_survey_2019,Siegle2019
1.60149802721477,brain observatory 1.1gray,LGd,RS,siegle_survey_2019,Siegle2019
11.5822883521964,brain observatory 1.1gray,LGd,FS,siegle_survey_2019,Siegle2019
5.0252193227161,brain observatory 1.1gray,LGd,FS,siegle_survey_2019,Siegle2019
8.21974184261011,brain observatory 1.1gray,LGd,FS,siegle_survey_2019,Siegle2019
16.2590103819156,brain observatory 1.1gray,LP,FS,siegle_survey_2019,Siegle2019
10.0950797054243,brain observatory 1.1gray,LGd,FS,siegle_survey_2019,Siegle2019
10.5900581252435,brain observatory 1.1gray,LGd,FS,siegle_survey_2019,Siegle2019
12.0301456531352,brain observatory 1.1gray,LGd,RS,siegle_survey_2019,Siegle2019
12.9107935770811,brain observatory 1.1gray,LP,FS,siegle_survey_2019,Siegle2019
13.1076196067054,brain observatory 1.1gray,LP,FS,siegle_survey_2019,Siegle2019
9.45582893608521,brain observatory 1.1gray,LP,FS,siegle_survey_2019,Siegle2019
0.472030441376729,brain observatory 1.1gray,LP,FS,siegle_survey_2019,Siegle2019
9.13932701128892,brain observatory 1.1gray,LGd,RS,siegle_survey_2019,Siegle2019
3.37133005148289,brain observatory 1.1gray,LGd,RS,siegle_survey_2019,Siegle2019
23.1541397899039,brain observatory 1.1gray,LGd,RS,siegle_survey_2019,Siegle2019
5.49002369272591,brain observatory 1.1gray,LGd,RS,siegle_survey_2019,Siegle2019
9.97507277541496,brain observatory 1.1gray,LP,FS,siegle_survey_2019,Siegle2019
8.675151259406,brain observatory 1.1gray,LP,FS,siegle_survey_2019,Siegle2019
2.12128968697662,brain observatory 1.1gray,LP,FS,siegle_survey_2019,Siegle2019
1.97043459746447,brain observatory 1.1gray,LP,FS,siegle_survey_2019,Siegle2019
2.93965525149552,brain observatory 1.1gray,LP,FS,siegle_survey_2019,Siegle2019
6.58005672524103,brain observatory 1.1gray,LP,FS,siegle_survey_2019,Siegle2019
9.43553545801769,brain observatory 1.1gray,LP,FS,siegle_survey_2019,Siegle2019
11.3344251914788,brain observatory 1.1gray,LP,FS,siegle_survey_2019,Siegle2019
11.4654009555371,brain observatory 1.1gray,LP,FS,siegle_survey_2019,Siegle2019
11.0362353096703,brain observatory 1.1gray,LP,FS,siegle_survey_2019,Siegle2019
5.20972926491618,brain observatory 1.1gray,LP,FS,siegle_survey_2019,Siegle2019
4.63240052152582,brain observatory 1.1gray,LP,FS,siegle_survey_2019,Siegle2019
2.40467361284811,brain observatory 1.1gray,LP,FS,siegle_survey_2019,Siegle2019
6.50250664834014,brain observatory 1.1gray,LP,RS,siegle_survey_2019,Siegle2019
3.39480897386711,brain observatory 1.1gray,LP,FS,siegle_survey_2019,Siegle2019
0.724663535686713,brain observatory 1.1gray,LP,FS,siegle_survey_2019,Siegle2019
5.10991848503305,brain observatory 1.1gray,LP,RS,siegle_survey_2019,Siegle2019
2.50665869395275,brain observatory 1.1gray,LP,RS,siegle_survey_2019,Siegle2019
2.13460735244389,brain observatory 1.1gray,VISp,RS,siegle_survey_2019,Siegle2019
2.95127007725215,brain observatory 1.1gray,VISp,RS,siegle_survey_2019,Siegle2019
3.36740329157618,brain observatory 1.1gray,VISp,RS,siegle_survey_2019,Siegle2019
1.58971774749464,brain observatory 1.1gray,VISp,RS,siegle_survey_2019,Siegle2019
3.59350199357295,brain observatory 1.1gray,VISp,FS,siegle_survey_2019,Siegle2019
3.18387893383109,brain observatory 1.1gray,VISp,RS,siegle_survey_2019,Siegle2019
2.77425587408923,brain observatory 1.1gray,VISp,RS,siegle_survey_2019,Siegle2019
14.7779475657476,brain observatory 1.1gray,VISp,FS,siegle_survey_2019,Siegle2019
2.62793239967085,brain observatory 1.1gray,VISp,RS,siegle_survey_2019,Siegle2019
7.46973070042887,brain observatory 1.1gray,VISp,RS,siegle_survey_2019,Siegle2019
23.9672890979536,brain observatory 1.1gray,VISp,RS,siegle_survey_2019,Siegle2019
6.50075102555516,brain observatory 1.1gray,VISp,RS,siegle_survey_2019,Siegle2019
3.00128459816916,brain observatory 1.1gray,VISp,RS,siegle_survey_2019,Siegle2019
9.12496333689333,brain observatory 1.1gray,VISp,RS,siegle_survey_2019,Siegle2019
15.6626052384141,brain observatory 1.1gray,VISp,RS,siegle_survey_2019,Siegle2019
5.41324520297107,brain observatory 1.1gray,VISp,RS,siegle_survey_2019,Siegle2019
1.13855370137129,brain observatory 1.1gray,VISp,FS,siegle_survey_2019,Siegle2019
9.08021894111426,brain observatory 1.1gray,VISp,RS,siegle_survey_2019,Siegle2019
15.7819580724207,brain observatory 1.1gray,VISp,RS,siegle_survey_2019,Siegle2019
1.64644909456787,brain observatory 1.1gray,VISp,FS,siegle_survey_2019,Siegle2019
6.97154887121205,brain observatory 1.1gray,VISp,RS,siegle_survey_2019,Siegle2019
8.16304128555611,brain observatory 1.1gray,LGd,FS,siegle_survey_2019,Siegle2019
12.303315378766,brain observatory 1.1gray,LGd,RS,siegle_survey_2019,Siegle2019
2.62982729855282,brain observatory 1.1gray,LGd,RS,siegle_survey_2019,Siegle2019
7.64943163405428,brain observatory 1.1gray,VISp,RS,siegle_survey_2019,Siegle2019
9.44990288953348,brain observatory 1.1gray,LGd,FS,siegle_survey_2019,Siegle2019
7.54826589856303,brain observatory 1.1gray,VISp,FS,siegle_survey_2019,Siegle2019
16.2072250162156,brain observatory 1.1gray,LGd,FS,siegle_survey_2019,Siegle2019
5.49643051152107,brain observatory 1.1gray,VISp,FS,siegle_survey_2019,Siegle2019
0.928530159742597,brain observatory 1.1gray,VISp,FS,siegle_survey_2019,Siegle2019
6.08938941625127,brain observatory 1.1gray,VISp,FS,siegle_survey_2019,Siegle2019
12.7171349951589,brain observatory 1.1gray,LGd,FS,siegle_survey_2019,Siegle2019
14.7807265645274,brain observatory 1.1gray,LGd,FS,siegle_survey_2019,Siegle2019
3.61416915097667,brain observatory 1.1gray,VISp,RS,siegle_survey_2019,Siegle2019
4.23056012048721,brain observatory 1.1gray,LGd,FS,siegle_survey_2019,Siegle2019
1.59107045077583,brain observatory 1.1gray,LGd,FS,siegle_survey_2019,Siegle2019
30.0545374798486,brain observatory 1.1gray,VISp,FS,siegle_survey_2019,Siegle2019
14.6092973988111,brain observatory 1.1gray,LGd,FS,siegle_survey_2019,Siegle2019
6.11046274137906,brain observatory 1.1gray,LGd,FS,siegle_survey_2019,Siegle2019
14.0543724814474,brain observatory 1.1gray,VISp,FS,siegle_survey_2019,Siegle2019
1.32507479693993,brain observatory 1.1gray,VISp,RS,siegle_survey_2019,Siegle2019
15.0356884873565,brain observatory 1.1gray,LGd,FS,siegle_survey_2019,Siegle2019
15.0467015125479,brain observatory 1.1gray,LGd,FS,siegle_survey_2019,Siegle2019
12.4631081405065,brain observatory 1.1gray,LGd,FS,siegle_survey_2019,Siegle2019
4.62121082539233,brain observatory 1.1gray,LGd,FS,siegle_survey_2019,Siegle2019
1.53849883995615,brain observatory 1.1gray,LGd,FS,siegle_survey_2019,Siegle2019
3.97410494217218,brain observatory 1.1gray,VISp,FS,siegle_survey_2019,Siegle2019
13.6448265228445,brain observatory 1.1gray,LGd,FS,siegle_survey_2019,Siegle2019
9.13686284328902,brain observatory 1.1gray,LGd,RS,siegle_survey_2019,Siegle2019
24.6190983332205,brain observatory 1.1gray,LGd,RS,siegle_survey_2019,Siegle2019
8.72813415363563,brain observatory 1.1gray,LGd,FS,siegle_survey_2019,Siegle2019
5.15205851346918,brain observatory 1.1gray,VISp,FS,siegle_survey_2019,Siegle2019
2.1371310244477,brain observatory 1.1gray,VISp,RS,siegle_survey_2019,Siegle2019
2.3756829298945,brain observatory 1.1gray,VISp,FS,siegle_survey_2019,Siegle2019
1.04345751002296,brain observatory 1.1gray,VISp,RS,siegle_survey_2019,Siegle2019
3.20347046637332,brain observatory 1.1gray,VISp,RS,siegle_survey_2019,Siegle2019
3.05799936083827,brain observatory 1.1gray,VISp,RS,siegle_survey_2019,Siegle2019
1.58951200381477,brain observatory 1.1gray,LGd,FS,siegle_survey_2019,Siegle2019
2.7116642376961,brain observatory 1.1gray,VISp,RS,siegle_survey_2019,Siegle2019
7.00735868434648,brain observatory 1.1gray,VISp,RS,siegle_survey_2019,Siegle2019
6.14623186247102,brain observatory 1.1gray,VISp,RS,siegle_survey_2019,Siegle2019
9.83535877123508,brain observatory 1.1gray,LGd,FS,siegle_survey_2019,Siegle2019
1.30354535137816,brain observatory 1.1gray,VISp,RS,siegle_survey_2019,Siegle2019
4.70104631723382,brain observatory 1.1gray,VISp,RS,siegle_survey_2019,Siegle2019
7.19320966970977,brain observatory 1.1gray,VISp,RS,siegle_survey_2019,Siegle2019
7.69640509526162,brain observatory 1.1gray,VISp,RS,siegle_survey_2019,Siegle2019
2.40705499037644,brain observatory 1.1gray,VISp,RS,siegle_survey_2019,Siegle2019
13.1517268600562,brain observatory 1.1gray,VISp,RS,siegle_survey_2019,Siegle2019
10.1206474191034,brain observatory 1.1gray,VISp,FS,siegle_survey_2019,Siegle2019
10.720754556243,brain observatory 1.1gray,VISp,RS,siegle_survey_2019,Siegle2019
3.44853143542846,brain observatory 1.1gray,LGd,FS,siegle_survey_2019,Siegle2019
27.6030743492404,brain observatory 1.1gray,LP,RS,siegle_survey_2019,Siegle2019
13.9623277694368,brain observatory 1.1gray,LP,RS,siegle_survey_2019,Siegle2019
13.2361866963157,brain observatory 1.1gray,LP,RS,siegle_survey_2019,Siegle2019
11.630751386526,brain observatory 1.1gray,VISp,RS,siegle_survey_2019,Siegle2019
2.02168598340031,brain observatory 1.1gray,VISp,RS,siegle_survey_2019,Siegle2019
2.85061243956659,brain observatory 1.1gray,VISp,RS,siegle_survey_2019,Siegle2019
6.97484770417708,brain observatory 1.1gray,VISp,RS,siegle_survey_2019,Siegle2019
3.49089194993276,brain observatory 1.1gray,LP,RS,siegle_survey_2019,Siegle2019
0.399909769884547,brain observatory 1.1gray,LP,RS,siegle_survey_2019,Siegle2019
10.6936079138844,brain observatory 1.1gray,LP,RS,siegle_survey_2019,Siegle2019
12.1385532142191,brain observatory 1.1gray,LP,RS,siegle_survey_2019,Siegle2019
3.161537514244,brain observatory 1.1gray,VISp,RS,siegle_survey_2019,Siegle2019
1.81253891352073,brain observatory 1.1gray,VISp,RS,siegle_survey_2019,Siegle2019
8.28978225242987,brain observatory 1.1gray,VISp,FS,siegle_survey_2019,Siegle2019
4.70394538552918,brain observatory 1.1gray,VISp,FS,siegle_survey_2019,Siegle2019
6.73222780315461,brain observatory 1.1gray,LP,RS,siegle_survey_2019,Siegle2019
7.82479782821645,brain observatory 1.1gray,LP,RS,siegle_survey_2019,Siegle2019
10.6266462779967,brain observatory 1.1gray,LP,RS,siegle_survey_2019,Siegle2019
4.04451088648808,brain observatory 1.1gray,VISp,FS,siegle_survey_2019,Siegle2019
8.7781717220447,brain observatory 1.1gray,VISp,FS,siegle_survey_2019,Siegle2019
3.76516494859942,brain observatory 1.1gray,VISp,FS,siegle_survey_2019,Siegle2019
10.0910565267534,brain observatory 1.1gray,LP,RS,siegle_survey_2019,Siegle2019
7.16882180257637,brain observatory 1.1gray,LP,RS,siegle_survey_2019,Siegle2019
9.71284728701763,brain observatory 1.1gray,LP,RS,siegle_survey_2019,Siegle2019
13.6457067009804,brain observatory 1.1gray,LP,RS,siegle_survey_2019,Siegle2019
5.5309484556332,brain observatory 1.1gray,LP,RS,siegle_survey_2019,Siegle2019
15.5287960386047,brain observatory 1.1gray,LP,RS,siegle_survey_2019,Siegle2019
10.753161998259,brain observatory 1.1gray,VISp,FS,siegle_survey_2019,Siegle2019
15.2864734519434,brain observatory 1.1gray,LP,RS,siegle_survey_2019,Siegle2019
8.09646779850753,brain observatory 1.1gray,LP,RS,siegle_survey_2019,Siegle2019
15.4067563904823,brain observatory 1.1gray,LP,RS,siegle_survey_2019,Siegle2019
7.12573074985238,brain observatory 1.1gray,LP,RS,siegle_survey_2019,Siegle2019
6.59200104405039,brain observatory 1.1gray,LP,RS,siegle_survey_2019,Siegle2019
1.00886798020228,brain observatory 1.1gray,LP,RS,siegle_survey_2019,Siegle2019
5.21226067001978,brain observatory 1.1gray,LP,RS,siegle_survey_2019,Siegle2019
0.344005070786992,brain observatory 1.1gray,LP,RS,siegle_survey_2019,Siegle2019
10.2151628920328,brain observatory 1.1gray,LP,RS,siegle_survey_2019,Siegle2019
10.5121501474975,brain observatory 1.1gray,LP,RS,siegle_survey_2019,Siegle2019
3.71916085992629,brain observatory 1.1gray,LP,RS,siegle_survey_2019,Siegle2019
11.1489883587291,brain observatory 1.1gray,VISp,FS,siegle_survey_2019,Siegle2019
7.57307167849068,brain observatory 1.1gray,LP,RS,siegle_survey_2019,Siegle2019
8.37578462227961,brain observatory 1.1gray,LP,RS,siegle_survey_2019,Siegle2019
15.5746771594907,brain observatory 1.1gray,LP,RS,siegle_survey_2019,Siegle2019
1.54228767843071,brain observatory 1.1gray,LP,RS,siegle_survey_2019,Siegle2019
12.2331055241531,brain observatory 1.1gray,LP,RS,siegle_survey_2019,Siegle2019
6.38915275508829,brain observatory 1.1gray,LP,RS,siegle_survey_2019,Siegle2019
4.74549260010544,brain observatory 1.1gray,LP,RS,siegle_survey_2019,Siegle2019
0.160583923100927,brain observatory 1.1gray,LP,RS,siegle_survey_2019,Siegle2019
1.90571989049375,brain observatory 1.1gray,LP,RS,siegle_survey_2019,Siegle2019
6.26990317512788,brain observatory 1.1gray,LP,RS,siegle_survey_2019,Siegle2019
14.5611590656851,brain observatory 1.1gray,LP,RS,siegle_survey_2019,Siegle2019
10.8012838777654,brain observatory 1.1gray,LP,RS,siegle_survey_2019,Siegle2019
8.05554679879842,brain observatory 1.1gray,LP,RS,siegle_survey_2019,Siegle2019
4.53768418996647,brain observatory 1.1gray,LP,RS,siegle_survey_2019,Siegle2019
7.22947995113509,brain observatory 1.1gray,LP,RS,siegle_survey_2019,Siegle2019
17.7724241842722,brain observatory 1.1gray,LP,RS,siegle_survey_2019,Siegle2019
5.82938241310777,brain observatory 1.1gray,LP,RS,siegle_survey_2019,Siegle2019
10.1653550085485,brain observatory 1.1gray,LP,RS,siegle_survey_2019,Siegle2019
14.9032007551729,brain observatory 1.1gray,LP,RS,siegle_survey_2019,Siegle2019
9.4879884603332,brain observatory 1.1gray,LP,RS,siegle_survey_2019,Siegle2019
9.78735244052842,brain observatory 1.1gray,LP,RS,siegle_survey_2019,Siegle2019
8.98959961791635,brain observatory 1.1gray,LP,RS,siegle_survey_2019,Siegle2019
19.2089992801211,brain observatory 1.1gray,LP,RS,siegle_survey_2019,Siegle2019
4.43682839270359,brain observatory 1.1gray,LP,FS,siegle_survey_2019,Siegle2019
14.0932543013344,brain observatory 1.1gray,LP,RS,siegle_survey_2019,Siegle2019
2.35905429888742,brain observatory 1.1gray,LP,RS,siegle_survey_2019,Siegle2019
3.05016451619694,brain observatory 1.1gray,LP,RS,siegle_survey_2019,Siegle2019
3.67141969359899,brain observatory 1.1gray,LP,RS,siegle_survey_2019,Siegle2019
6.11427937320382,brain observatory 1.1gray,LP,RS,siegle_survey_2019,Siegle2019
2.94217854474233,brain observatory 1.1gray,LP,RS,siegle_survey_2019,Siegle2019
10.5624747102711,brain observatory 1.1gray,LP,RS,siegle_survey_2019,Siegle2019
6.77500884830506,brain observatory 1.1gray,LP,RS,siegle_survey_2019,Siegle2019
12.2685497233961,brain observatory 1.1gray,LP,RS,siegle_survey_2019,Siegle2019
9.73103439799946,brain observatory 1.1gray,LP,RS,siegle_survey_2019,Siegle2019
1.74885605827547,brain observatory 1.1gray,LP,RS,siegle_survey_2019,Siegle2019
5.38090479003311,brain observatory 1.1gray,LP,RS,siegle_survey_2019,Siegle2019
13.865605406488,brain observatory 1.1gray,LP,RS,siegle_survey_2019,Siegle2019
3.07568847308622,brain observatory 1.1gray,LP,RS,siegle_survey_2019,Siegle2019
5.4000219237356,brain observatory 1.1gray,LP,RS,siegle_survey_2019,Siegle2019
6.08782539359388,brain observatory 1.1gray,LP,RS,siegle_survey_2019,Siegle2019
2.68910902886449,brain observatory 1.1gray,LP,RS,siegle_survey_2019,Siegle2019
6.7509315934257,brain observatory 1.1gray,LP,RS,siegle_survey_2019,Siegle2019
10.7436224690844,brain observatory 1.1gray,LP,RS,siegle_survey_2019,Siegle2019
6.9213324230225,brain observatory 1.1gray,LP,RS,siegle_survey_2019,Siegle2019
6.30069726076757,brain observatory 1.1gray,LP,RS,siegle_survey_2019,Siegle2019
6.60729475101239,brain observatory 1.1gray,LP,RS,siegle_survey_2019,Siegle2019
2.67371198604464,brain observatory 1.1gray,LP,RS,siegle_survey_2019,Siegle2019
1.23496683718094,brain observatory 1.1gray,LP,RS,siegle_survey_2019,Siegle2019
6.78389573208027,brain observatory 1.1gray,LP,RS,siegle_survey_2019,Siegle2019
1.9767116248376,brain observatory 1.1gray,LP,RS,siegle_survey_2019,Siegle2019
7.80795408338669,brain observatory 1.1gray,LP,RS,siegle_survey_2019,Siegle2019
1.97123482437148,brain observatory 1.1gray,LP,RS,siegle_survey_2019,Siegle2019
2.61677392836858,brain observatory 1.1gray,LP,FS,siegle_survey_2019,Siegle2019
6.69885032106864,brain observatory 1.1gray,LP,RS,siegle_survey_2019,Siegle2019
1.38087706846698,brain observatory 1.1gray,LP,RS,siegle_survey_2019,Siegle2019
12.6832365209534,brain observatory 1.1gray,LP,RS,siegle_survey_2019,Siegle2019
1.32249230878099,brain observatory 1.1gray,LP,FS,siegle_survey_2019,Siegle2019
2.79089484884802,brain observatory 1.1gray,LP,RS,siegle_survey_2019,Siegle2019
3.95455994411156,brain observatory 1.1gray,LP,RS,siegle_survey_2019,Siegle2019
1.78884703526393,brain observatory 1.1gray,LP,RS,siegle_survey_2019,Siegle2019
11.6229072835411,brain observatory 1.1gray,LP,RS,siegle_survey_2019,Siegle2019
5.01468250980809,brain observatory 1.1gray,LP,RS,siegle_survey_2019,Siegle2019
4.74084248650213,brain observatory 1.1gray,LP,RS,siegle_survey_2019,Siegle2019
5.18053656165943,brain observatory 1.1gray,LP,RS,siegle_survey_2019,Siegle2019
2.8838971209142,brain observatory 1.1gray,LP,FS,siegle_survey_2019,Siegle2019
3.25724957533096,brain observatory 1.1gray,LP,FS,siegle_survey_2019,Siegle2019
6.15344366332946,brain observatory 1.1gray,LP,RS,siegle_survey_2019,Siegle2019
9.06679150373128,brain observatory 1.1gray,LP,RS,siegle_survey_2019,Siegle2019
4.13839443522903,brain observatory 1.1gray,LP,FS,siegle_survey_2019,Siegle2019
4.22850330327537,brain observatory 1.1gray,LP,FS,siegle_survey_2019,Siegle2019
8.61593715592604,brain observatory 1.1gray,LP,RS,siegle_survey_2019,Siegle2019
0.122693119988991,brain observatory 1.1gray,LP,RS,siegle_survey_2019,Siegle2019
3.66816190292825,brain observatory 1.1gray,LP,RS,siegle_survey_2019,Siegle2019
10.791092864652,brain observatory 1.1gray,LP,RS,siegle_survey_2019,Siegle2019
3.40020427041221,brain observatory 1.1gray,LP,RS,siegle_survey_2019,Siegle2019
4.2353457943204,brain observatory 1.1gray,LP,RS,siegle_survey_2019,Siegle2019
16.7284735764573,brain observatory 1.1gray,VISal,FS,siegle_survey_2019,Siegle2019
4.88292601838595,brain observatory 1.1gray,VISal,FS,siegle_survey_2019,Siegle2019
2.71907436118939,brain observatory 1.1gray,VISal,RS,siegle_survey_2019,Siegle2019
11.2947924020336,brain observatory 1.1gray,VISal,FS,siegle_survey_2019,Siegle2019
10.2655940289511,brain observatory 1.1gray,VISal,RS,siegle_survey_2019,Siegle2019
6.65425683432413,brain observatory 1.1gray,VISal,FS,siegle_survey_2019,Siegle2019
4.41165165736211,brain observatory 1.1gray,VISal,RS,siegle_survey_2019,Siegle2019
13.7632684918849,brain observatory 1.1gray,VISal,FS,siegle_survey_2019,Siegle2019
3.10795882620532,brain observatory 1.1gray,VISal,RS,siegle_survey_2019,Siegle2019
0.953665643703236,brain observatory 1.1gray,VISal,RS,siegle_survey_2019,Siegle2019
4.45778168740942,brain observatory 1.1gray,VISal,RS,siegle_survey_2019,Siegle2019
4.95733110870062,brain observatory 1.1gray,VISp,RS,siegle_survey_2019,Siegle2019
4.74754892570208,brain observatory 1.1gray,VISal,FS,siegle_survey_2019,Siegle2019
2.84969295196542,brain observatory 1.1gray,VISp,RS,siegle_survey_2019,Siegle2019
4.00664121646862,brain observatory 1.1gray,VISp,RS,siegle_survey_2019,Siegle2019
2.61129712790246,brain observatory 1.1gray,VISp,RS,siegle_survey_2019,Siegle2019
0.454650926772563,brain observatory 1.1gray,VISal,RS,siegle_survey_2019,Siegle2019
1.65337372562087,brain observatory 1.1gray,VISp,RS,siegle_survey_2019,Siegle2019
38.6918385835481,brain observatory 1.1gray,VISp,FS,siegle_survey_2019,Siegle2019
6.36910559866513,brain observatory 1.1gray,VISp,RS,siegle_survey_2019,Siegle2019
0.958543417428697,brain observatory 1.1gray,VISp,RS,siegle_survey_2019,Siegle2019
1.54962452433816,brain observatory 1.1gray,VISp,RS,siegle_survey_2019,Siegle2019
9.61519490134815,brain observatory 1.1gray,VISp,FS,siegle_survey_2019,Siegle2019
3.60332136327498,brain observatory 1.1gray,VISp,RS,siegle_survey_2019,Siegle2019
5.68074696598342,brain observatory 1.1gray,VISal,RS,siegle_survey_2019,Siegle2019
2.56811279889493,brain observatory 1.1gray,VISal,RS,siegle_survey_2019,Siegle2019
7.50580003502948,brain observatory 1.1gray,VISp,FS,siegle_survey_2019,Siegle2019
11.3619842424666,brain observatory 1.1gray,VISp,FS,siegle_survey_2019,Siegle2019
1.25057055171648,brain observatory 1.1gray,VISp,RS,siegle_survey_2019,Siegle2019
1.52270657741743,brain observatory 1.1gray,VISal,RS,siegle_survey_2019,Siegle2019
2.92426987772865,brain observatory 1.1gray,VISal,RS,siegle_survey_2019,Siegle2019
2.4403796190164,brain observatory 1.1gray,VISp,RS,siegle_survey_2019,Siegle2019
4.23646016432992,brain observatory 1.1gray,VISp,FS,siegle_survey_2019,Siegle2019
1.75273334886955,brain observatory 1.1gray,VISal,RS,siegle_survey_2019,Siegle2019
1.26452089252641,brain observatory 1.1gray,VISp,RS,siegle_survey_2019,Siegle2019
27.3690186312072,brain observatory 1.1gray,VISp,FS,siegle_survey_2019,Siegle2019
7.39628538071573,brain observatory 1.1gray,VISal,RS,siegle_survey_2019,Siegle2019
10.5394308139702,brain observatory 1.1gray,VISp,RS,siegle_survey_2019,Siegle2019
1.25756280110949,brain observatory 1.1gray,VISal,RS,siegle_survey_2019,Siegle2019
2.18941018735791,brain observatory 1.1gray,VISal,RS,siegle_survey_2019,Siegle2019
10.7996218542735,brain observatory 1.1gray,VISal,RS,siegle_survey_2019,Siegle2019
7.50280329515179,brain observatory 1.1gray,VISp,RS,siegle_survey_2019,Siegle2019
5.18322329396357,brain observatory 1.1gray,VISp,RS,siegle_survey_2019,Siegle2019
10.6732507498877,brain observatory 1.1gray,VISp,RS,siegle_survey_2019,Siegle2019
11.9072875643479,brain observatory 1.1gray,VISp,RS,siegle_survey_2019,Siegle2019
1.64231678883078,brain observatory 1.1gray,VISp,RS,siegle_survey_2019,Siegle2019
6.41467158817752,brain observatory 1.1gray,VISal,RS,siegle_survey_2019,Siegle2019
14.0110615586931,brain observatory 1.1gray,VISal,RS,siegle_survey_2019,Siegle2019
2.56167121812256,brain observatory 1.1gray,VISal,RS,siegle_survey_2019,Siegle2019
1.56873271100067,brain observatory 1.1gray,VISal,RS,siegle_survey_2019,Siegle2019
3.65746722467426,brain observatory 1.1gray,VISal,RS,siegle_survey_2019,Siegle2019
6.6606984150965,brain observatory 1.1gray,VISal,RS,siegle_survey_2019,Siegle2019
23.935374746524,brain observatory 1.1gray,VISp,RS,siegle_survey_2019,Siegle2019
14.5897830983099,brain observatory 1.1gray,VISp,RS,siegle_survey_2019,Siegle2019
11.3477238940831,brain observatory 1.1gray,VISp,RS,siegle_survey_2019,Siegle2019
9.15917376065034,brain observatory 1.1gray,VISp,RS,siegle_survey_2019,Siegle2019
1.92142694088715,brain observatory 1.1gray,VISp,RS,siegle_survey_2019,Siegle2019
8.20703716640843,brain observatory 1.1gray,VISp,RS,siegle_survey_2019,Siegle2019
5.1742330743305,brain observatory 1.1gray,VISp,FS,siegle_survey_2019,Siegle2019
4.24338366680595,brain observatory 1.1gray,VISp,RS,siegle_survey_2019,Siegle2019
0.288513715120841,brain observatory 1.1gray,VISp,RS,siegle_survey_2019,Siegle2019
3.27274995400865,brain observatory 1.1gray,VISp,RS,siegle_survey_2019,Siegle2019
16.5754849427806,brain observatory 1.1gray,VISp,RS,siegle_survey_2019,Siegle2019
11.2425279907905,brain observatory 1.1gray,VISp,FS,siegle_survey_2019,Siegle2019
6.8462072543646,brain observatory 1.1gray,VISp,RS,siegle_survey_2019,Siegle2019
0.218555339355508,brain observatory 1.1gray,VISp,RS,siegle_survey_2019,Siegle2019
2.04729001575004,brain observatory 1.1gray,VISp,RS,siegle_survey_2019,Siegle2019
8.8677710013464,brain observatory 1.1gray,VISal,RS,siegle_survey_2019,Siegle2019
5.38110956360406,brain observatory 1.1gray,VISal,RS,siegle_survey_2019,Siegle2019
5.96957913609945,brain observatory 1.1gray,VISal,RS,siegle_survey_2019,Siegle2019
2.01825263969382,brain observatory 1.1gray,VISp,RS,siegle_survey_2019,Siegle2019
7.48874961848401,brain observatory 1.1gray,VISp,FS,siegle_survey_2019,Siegle2019
1.62082293039771,brain observatory 1.1gray,VISp,RS,siegle_survey_2019,Siegle2019
1.83111140112511,brain observatory 1.1gray,VISp,RS,siegle_survey_2019,Siegle2019
4.4215346857416,brain observatory 1.1gray,VISp,RS,siegle_survey_2019,Siegle2019
2.11724839151537,brain observatory 1.1gray,VISp,RS,siegle_survey_2019,Siegle2019
15.9318993864287,brain observatory 1.1gray,VISal,RS,siegle_survey_2019,Siegle2019
14.2244648958939,brain observatory 1.1gray,VISal,RS,siegle_survey_2019,Siegle2019
2.39015839210067,brain observatory 1.1gray,VISp,RS,siegle_survey_2019,Siegle2019
1.75856962891349,brain observatory 1.1gray,VISp,RS,siegle_survey_2019,Siegle2019
9.48086403582649,brain observatory 1.1gray,VISal,RS,siegle_survey_2019,Siegle2019
1.5769051908109,brain observatory 1.1gray,VISp,RS,siegle_survey_2019,Siegle2019
11.021905934278,brain observatory 1.1gray,VISp,FS,siegle_survey_2019,Siegle2019
1.46840254006703,brain observatory 1.1gray,VISp,RS,siegle_survey_2019,Siegle2019
5.50614784974889,brain observatory 1.1gray,VISp,FS,siegle_survey_2019,Siegle2019
0.83040695369308,brain observatory 1.1gray,VISp,RS,siegle_survey_2019,Siegle2019
0.740298085646743,brain observatory 1.1gray,VISp,RS,siegle_survey_2019,Siegle2019
1.92969380951525,brain observatory 1.1gray,VISp,RS,siegle_survey_2019,Siegle2019
7.65924733127819,brain observatory 1.1gray,VISal,RS,siegle_survey_2019,Siegle2019
3.19886823226701,brain observatory 1.1gray,VISal,RS,siegle_survey_2019,Siegle2019
1.40675812351474,brain observatory 1.1gray,VISal,RS,siegle_survey_2019,Siegle2019
1.62587576623945,brain observatory 1.1gray,VISal,RS,siegle_survey_2019,Siegle2019
2.31148853264077,brain observatory 1.1gray,VISal,RS,siegle_survey_2019,Siegle2019
0.815733261878195,brain observatory 1.1gray,VISp,RS,siegle_survey_2019,Siegle2019
8.87438013641215,brain observatory 1.1gray,VISp,FS,siegle_survey_2019,Siegle2019
0.579600168751667,brain observatory 1.1gray,VISrl,RS,siegle_survey_2019,Siegle2019
1.03341564715114,brain observatory 1.1gray,VISrl,FS,siegle_survey_2019,Siegle2019
0.958089294438176,brain observatory 1.1gray,VISrl,RS,siegle_survey_2019,Siegle2019
0.164097342267871,brain observatory 1.1gray,VISp,RS,siegle_survey_2019,Siegle2019
1.52790140062096,brain observatory 1.1gray,VISal,RS,siegle_survey_2019,Siegle2019
0.883934928060056,brain observatory 1.1gray,VISp,RS,siegle_survey_2019,Siegle2019
4.57282554359959,brain observatory 1.1gray,VISrl,RS,siegle_survey_2019,Siegle2019
10.9097865285093,brain observatory 1.1gray,VISp,FS,siegle_survey_2019,Siegle2019
2.83055526713705,brain observatory 1.1gray,VISal,RS,siegle_survey_2019,Siegle2019
0.91605512370971,brain observatory 1.1gray,VISal,RS,siegle_survey_2019,Siegle2019
12.872035437231,brain observatory 1.1gray,VISrl,RS,siegle_survey_2019,Siegle2019
2.19406059963801,brain observatory 1.1gray,VISrl,FS,siegle_survey_2019,Siegle2019
2.06258372271203,brain observatory 1.1gray,VISp,RS,siegle_survey_2019,Siegle2019
10.3610748794319,brain observatory 1.1gray,VISal,FS,siegle_survey_2019,Siegle2019
9.16155048538092,brain observatory 1.1gray,VISp,FS,siegle_survey_2019,Siegle2019
9.0280832454072,brain observatory 1.1gray,VISal,FS,siegle_survey_2019,Siegle2019
3.99186418879588,brain observatory 1.1gray,VISp,FS,siegle_survey_2019,Siegle2019
2.85764981301997,brain observatory 1.1gray,VISp,RS,siegle_survey_2019,Siegle2019
1.55729495225212,brain observatory 1.1gray,VISrl,RS,siegle_survey_2019,Siegle2019
10.3806937113382,brain observatory 1.1gray,VISrl,FS,siegle_survey_2019,Siegle2019
10.1061136776817,brain observatory 1.1gray,VISrl,RS,siegle_survey_2019,Siegle2019
11.3657043333492,brain observatory 1.1gray,LP,RS,siegle_survey_2019,Siegle2019
10.5344420203002,brain observatory 1.1gray,VISrl,FS,siegle_survey_2019,Siegle2019
22.6184399840122,brain observatory 1.1gray,VISrl,FS,siegle_survey_2019,Siegle2019
5.57311823291393,brain observatory 1.1gray,VISrl,RS,siegle_survey_2019,Siegle2019
14.6808219890769,brain observatory 1.1gray,LP,RS,siegle_survey_2019,Siegle2019
2.82582236880176,brain observatory 1.1gray,LP,RS,siegle_survey_2019,Siegle2019
13.4224337459584,brain observatory 1.1gray,VISrl,RS,siegle_survey_2019,Siegle2019
22.111380124791,brain observatory 1.1gray,VISrl,FS,siegle_survey_2019,Siegle2019
22.2408795393866,brain observatory 1.1gray,VISrl,RS,siegle_survey_2019,Siegle2019
6.89267083358979,brain observatory 1.1gray,VISrl,RS,siegle_survey_2019,Siegle2019
29.6450472639328,brain observatory 1.1gray,VISrl,FS,siegle_survey_2019,Siegle2019
13.4509132984909,brain observatory 1.1gray,VISrl,RS,siegle_survey_2019,Siegle2019
20.6348804248324,brain observatory 1.1gray,VISrl,RS,siegle_survey_2019,Siegle2019
8.47504017448473,brain observatory 1.1gray,VISrl,FS,siegle_survey_2019,Siegle2019
0.0537603147444577,brain observatory 1.1gray,VISrl,RS,siegle_survey_2019,Siegle2019
2.29858881237531,brain observatory 1.1gray,VISrl,RS,siegle_survey_2019,Siegle2019
1.78667917428078,brain observatory 1.1gray,VISrl,RS,siegle_survey_2019,Siegle2019
0.561129734319311,brain observatory 1.1gray,VISrl,RS,siegle_survey_2019,Siegle2019
2.60732367171393,brain observatory 1.1gray,VISrl,RS,siegle_survey_2019,Siegle2019
1.66502195531011,brain observatory 1.1gray,VISrl,RS,siegle_survey_2019,Siegle2019
7.10255275334071,brain observatory 1.1gray,VISrl,RS,siegle_survey_2019,Siegle2019
32.1115209747519,brain observatory 1.1gray,VISrl,FS,siegle_survey_2019,Siegle2019
0.99379192188843,brain observatory 1.1gray,VISrl,RS,siegle_survey_2019,Siegle2019
6.65854001947238,brain observatory 1.1gray,VISrl,FS,siegle_survey_2019,Siegle2019
1.02519504574279,brain observatory 1.1gray,VISp,RS,siegle_survey_2019,Siegle2019
0.948726510932824,brain observatory 1.1gray,VISp,RS,siegle_survey_2019,Siegle2019
0.306671123647847,brain observatory 1.1gray,VISrl,RS,siegle_survey_2019,Siegle2019
2.6931750764498,brain observatory 1.1gray,VISrl,RS,siegle_survey_2019,Siegle2019
2.74249835945911,brain observatory 1.1gray,VISrl,RS,siegle_survey_2019,Siegle2019
1.46762563648833,brain observatory 1.1gray,VISrl,RS,siegle_survey_2019,Siegle2019
2.607530045283,brain observatory 1.1gray,VISrl,FS,siegle_survey_2019,Siegle2019
0.367138579387294,brain observatory 1.1gray,VISrl,RS,siegle_survey_2019,Siegle2019
1.89874002228938,brain observatory 1.1gray,VISrl,RS,siegle_survey_2019,Siegle2019
1.02804993435515,brain observatory 1.1gray,VISrl,RS,siegle_survey_2019,Siegle2019
1.49187453085483,brain observatory 1.1gray,VISrl,RS,siegle_survey_2019,Siegle2019
0.511290517387309,brain observatory 1.1gray,VISrl,RS,siegle_survey_2019,Siegle2019
0.400219777458101,brain observatory 1.1gray,VISp,RS,siegle_survey_2019,Siegle2019
0.117736121158208,brain observatory 1.1gray,VISrl,RS,siegle_survey_2019,Siegle2019
13.7219849814731,brain observatory 1.1gray,VISrl,FS,siegle_survey_2019,Siegle2019
1.54656352666014,brain observatory 1.1gray,VISrl,RS,siegle_survey_2019,Siegle2019
0.311727276090224,brain observatory 1.1gray,VISrl,RS,siegle_survey_2019,Siegle2019
1.28756469746899,brain observatory 1.1gray,VISrl,RS,siegle_survey_2019,Siegle2019
1.20780131302088,brain observatory 1.1gray,VISrl,RS,siegle_survey_2019,Siegle2019
0.777099674357986,brain observatory 1.1gray,VISrl,RS,siegle_survey_2019,Siegle2019
0.462999102223381,brain observatory 1.1gray,VISrl,RS,siegle_survey_2019,Siegle2019
4.59274059301548,brain observatory 1.1gray,VISrl,RS,siegle_survey_2019,Siegle2019
0.86398294693924,brain observatory 1.1gray,VISrl,RS,siegle_survey_2019,Siegle2019
4.13077335863748,brain observatory 1.1gray,VISrl,RS,siegle_survey_2019,Siegle2019
9.31704433631731,brain observatory 1.1gray,VISrl,FS,siegle_survey_2019,Siegle2019
8.86694358216121,brain observatory 1.1gray,VISrl,RS,siegle_survey_2019,Siegle2019
0.374877588227667,brain observatory 1.1gray,VISrl,RS,siegle_survey_2019,Siegle2019
3.83534959450431,brain observatory 1.1gray,VISrl,RS,siegle_survey_2019,Siegle2019
1.30747974688488,brain observatory 1.1gray,VISrl,RS,siegle_survey_2019,Siegle2019
3.64228712063314,brain observatory 1.1gray,VISrl,RS,siegle_survey_2019,Siegle2019
5.62234751193435,brain observatory 1.1gray,LP,RS,siegle_survey_2019,Siegle2019
1.44967113597867,brain observatory 1.1gray,VISrl,RS,siegle_survey_2019,Siegle2019
5.66361304295403,brain observatory 1.1gray,VISrl,RS,siegle_survey_2019,Siegle2019
1.20790449980542,brain observatory 1.1gray,VISrl,RS,siegle_survey_2019,Siegle2019
0.983163683080984,brain observatory 1.1gray,VISrl,RS,siegle_survey_2019,Siegle2019
2.36834307872321,brain observatory 1.1gray,VISrl,RS,siegle_survey_2019,Siegle2019
0.792784065607809,brain observatory 1.1gray,VISrl,RS,siegle_survey_2019,Siegle2019
1.04621080843389,brain observatory 1.1gray,VISrl,RS,siegle_survey_2019,Siegle2019
5.29337886003058,brain observatory 1.1gray,VISrl,FS,siegle_survey_2019,Siegle2019
0.393244835875486,brain observatory 1.1gray,VISrl,RS,siegle_survey_2019,Siegle2019
0.322202535473547,brain observatory 1.1gray,LP,FS,siegle_survey_2019,Siegle2019
10.9779302580047,brain observatory 1.1gray,LP,RS,siegle_survey_2019,Siegle2019
9.83176426453018,brain observatory 1.1gray,LP,RS,siegle_survey_2019,Siegle2019
10.321913299138,brain observatory 1.1gray,LP,FS,siegle_survey_2019,Siegle2019
4.82559696999682,brain observatory 1.1gray,LP,RS,siegle_survey_2019,Siegle2019
7.55496298209986,brain observatory 1.1gray,LP,RS,siegle_survey_2019,Siegle2019
3.52308855103486,brain observatory 1.1gray,LP,RS,siegle_survey_2019,Siegle2019
5.70960467119692,brain observatory 1.1gray,LP,FS,siegle_survey_2019,Siegle2019
4.86017867205829,brain observatory 1.1gray,LP,RS,siegle_survey_2019,Siegle2019
8.24110950773268,brain observatory 1.1gray,LP,RS,siegle_survey_2019,Siegle2019
6.01090033885823,brain observatory 1.1gray,LP,RS,siegle_survey_2019,Siegle2019
12.5512941637714,brain observatory 1.1gray,LP,RS,siegle_survey_2019,Siegle2019
7.04213911889488,brain observatory 1.1gray,LP,FS,siegle_survey_2019,Siegle2019
10.4120949233761,brain observatory 1.1gray,LP,RS,siegle_survey_2019,Siegle2019
6.84344963908662,brain observatory 1.1gray,LP,RS,siegle_survey_2019,Siegle2019
7.24134628885377,brain observatory 1.1gray,LP,RS,siegle_survey_2019,Siegle2019
7.58592085310698,brain observatory 1.1gray,LP,RS,siegle_survey_2019,Siegle2019
12.2802316009064,brain observatory 1.1gray,LP,RS,siegle_survey_2019,Siegle2019
9.30672291377056,brain observatory 1.1gray,LP,RS,siegle_survey_2019,Siegle2019
8.10961620947499,brain observatory 1.1gray,LP,RS,siegle_survey_2019,Siegle2019
8.41805600121487,brain observatory 1.1gray,LP,RS,siegle_survey_2019,Siegle2019
13.3144729838166,brain observatory 1.1gray,LP,RS,siegle_survey_2019,Siegle2019
5.35861074907601,brain observatory 1.1gray,LP,RS,siegle_survey_2019,Siegle2019
8.40014392200339,brain observatory 1.1gray,LP,RS,siegle_survey_2019,Siegle2019
9.56132292984587,brain observatory 1.1gray,LP,RS,siegle_survey_2019,Siegle2019
10.3998774358215,brain observatory 1.1gray,LP,RS,siegle_survey_2019,Siegle2019
10.4547525917873,brain observatory 1.1gray,LP,RS,siegle_survey_2019,Siegle2019
11.363505882187,brain observatory 1.1gray,LP,RS,siegle_survey_2019,Siegle2019
12.9358344076526,brain observatory 1.1gray,LP,RS,siegle_survey_2019,Siegle2019
4.81608369623318,brain observatory 1.1gray,VISpm,RS,siegle_survey_2019,Siegle2019
1.2261023638945,brain observatory 1.1gray,VISpm,RS,siegle_survey_2019,Siegle2019
2.07425745743895,brain observatory 1.1gray,VISpm,RS,siegle_survey_2019,Siegle2019
15.1503057959481,brain observatory 1.1gray,LP,RS,siegle_survey_2019,Siegle2019
8.24939255014261,brain observatory 1.1gray,LP,FS,siegle_survey_2019,Siegle2019
24.9118981532459,brain observatory 1.1gray,VISam,FS,siegle_survey_2019,Siegle2019
6.5564805871474,brain observatory 1.1gray,VISam,FS,siegle_survey_2019,Siegle2019
7.01436366433896,brain observatory 1.1gray,VISam,FS,siegle_survey_2019,Siegle2019
13.4622217528038,brain observatory 1.1gray,LP,FS,siegle_survey_2019,Siegle2019
2.10915286294798,brain observatory 1.1gray,VISpm,RS,siegle_survey_2019,Siegle2019
6.09507675734917,brain observatory 1.1gray,LP,FS,siegle_survey_2019,Siegle2019
6.97587477961542,brain observatory 1.1gray,LP,FS,siegle_survey_2019,Siegle2019
6.58936731316192,brain observatory 1.1gray,LP,FS,siegle_survey_2019,Siegle2019
3.03693575125934,brain observatory 1.1gray,VISpm,FS,siegle_survey_2019,Siegle2019
16.6018008159426,brain observatory 1.1gray,VISam,FS,siegle_survey_2019,Siegle2019
3.73908929653158,brain observatory 1.1gray,VISpm,RS,siegle_survey_2019,Siegle2019
5.2068708190554,brain observatory 1.1gray,VISpm,FS,siegle_survey_2019,Siegle2019
12.8913130546992,brain observatory 1.1gray,LP,RS,siegle_survey_2019,Siegle2019
12.0975905157673,brain observatory 1.1gray,LP,FS,siegle_survey_2019,Siegle2019
3.32148344959411,brain observatory 1.1gray,VISpm,RS,siegle_survey_2019,Siegle2019
3.86787713366737,brain observatory 1.1gray,VISam,RS,siegle_survey_2019,Siegle2019
0.405491580884605,brain observatory 1.1gray,VISam,RS,siegle_survey_2019,Siegle2019
5.86505750669407,brain observatory 1.1gray,VISam,RS,siegle_survey_2019,Siegle2019
4.19390311167219,brain observatory 1.1gray,VISam,RS,siegle_survey_2019,Siegle2019
13.8564945715166,brain observatory 1.1gray,LP,FS,siegle_survey_2019,Siegle2019
3.01431942263097,brain observatory 1.1gray,VISam,RS,siegle_survey_2019,Siegle2019
3.05101817009978,brain observatory 1.1gray,VISpm,RS,siegle_survey_2019,Siegle2019
0.868128127169104,brain observatory 1.1gray,VISam,RS,siegle_survey_2019,Siegle2019
0.799695005181761,brain observatory 1.1gray,VISpm,FS,siegle_survey_2019,Siegle2019
4.08369436933294,brain observatory 1.1gray,VISpm,RS,siegle_survey_2019,Siegle2019
2.250354270368,brain observatory 1.1gray,VISam,RS,siegle_survey_2019,Siegle2019
6.53206785081976,brain observatory 1.1gray,VISpm,RS,siegle_survey_2019,Siegle2019
8.60100770044427,brain observatory 1.1gray,LP,FS,siegle_survey_2019,Siegle2019
1.97940653207049,brain observatory 1.1gray,VISam,RS,siegle_survey_2019,Siegle2019
4.78695004915862,brain observatory 1.1gray,VISam,FS,siegle_survey_2019,Siegle2019
3.50538327209868,brain observatory 1.1gray,VISpm,RS,siegle_survey_2019,Siegle2019
7.56070570935603,brain observatory 1.1gray,VISpm,FS,siegle_survey_2019,Siegle2019
4.6792736405751,brain observatory 1.1gray,VISam,RS,siegle_survey_2019,Siegle2019
9.85831447149226,brain observatory 1.1gray,VISpm,FS,siegle_survey_2019,Siegle2019
10.197667662989,brain observatory 1.1gray,LP,RS,siegle_survey_2019,Siegle2019
10.3616719027056,brain observatory 1.1gray,LP,FS,siegle_survey_2019,Siegle2019
3.00181573219085,brain observatory 1.1gray,VISam,RS,siegle_survey_2019,Siegle2019
0.806126356391642,brain observatory 1.1gray,VISam,RS,siegle_survey_2019,Siegle2019
7.8859740644068,brain observatory 1.1gray,LP,FS,siegle_survey_2019,Siegle2019
5.80832588643269,brain observatory 1.1gray,VISam,RS,siegle_survey_2019,Siegle2019
5.41316793401099,brain observatory 1.1gray,VISam,RS,siegle_survey_2019,Siegle2019
5.52869790022633,brain observatory 1.1gray,VISam,RS,siegle_survey_2019,Siegle2019
1.00194861576379,brain observatory 1.1gray,VISam,RS,siegle_survey_2019,Siegle2019
3.90269386835434,brain observatory 1.1gray,VISpm,RS,siegle_survey_2019,Siegle2019
1.81580365283793,brain observatory 1.1gray,VISpm,RS,siegle_survey_2019,Siegle2019
16.4779739562303,brain observatory 1.1gray,LP,RS,siegle_survey_2019,Siegle2019
6.89676697243104,brain observatory 1.1gray,VISam,RS,siegle_survey_2019,Siegle2019
1.36703570935842,brain observatory 1.1gray,VISam,RS,siegle_survey_2019,Siegle2019
15.1512330115506,brain observatory 1.1gray,VISpm,RS,siegle_survey_2019,Siegle2019
18.36637348946,brain observatory 1.1gray,VISpm,FS,siegle_survey_2019,Siegle2019
7.51566267850609,brain observatory 1.1gray,VISpm,RS,siegle_survey_2019,Siegle2019
8.469545224486,brain observatory 1.1gray,VISam,RS,siegle_survey_2019,Siegle2019
18.1031736953189,brain observatory 1.1gray,VISam,RS,siegle_survey_2019,Siegle2019
10.0666075034288,brain observatory 1.1gray,VISam,RS,siegle_survey_2019,Siegle2019
9.0145407896199,brain observatory 1.1gray,VISam,FS,siegle_survey_2019,Siegle2019
19.7568052555587,brain observatory 1.1gray,VISpm,RS,siegle_survey_2019,Siegle2019
11.3599559275515,brain observatory 1.1gray,VISpm,RS,siegle_survey_2019,Siegle2019
5.62438729979288,brain observatory 1.1gray,VISam,RS,siegle_survey_2019,Siegle2019
2.95882783778514,brain observatory 1.1gray,VISam,RS,siegle_survey_2019,Siegle2019
19.8755976492773,brain observatory 1.1gray,VISam,RS,siegle_survey_2019,Siegle2019
2.07375255993686,brain observatory 1.1gray,VISam,RS,siegle_survey_2019,Siegle2019
10.9776196439143,brain observatory 1.1gray,LP,RS,siegle_survey_2019,Siegle2019
25.0949693837824,brain observatory 1.1gray,VISal,FS,siegle_survey_2019,Siegle2019
18.5790712015399,brain observatory 1.1gray,LP,FS,siegle_survey_2019,Siegle2019
4.94236782124079,brain observatory 1.1gray,VISam,FS,siegle_survey_2019,Siegle2019
6.43020364733063,brain observatory 1.1gray,VISam,RS,siegle_survey_2019,Siegle2019
1.40289340012472,brain observatory 1.1gray,VISam,RS,siegle_survey_2019,Siegle2019
0.84095068431165,brain observatory 1.1gray,VISam,RS,siegle_survey_2019,Siegle2019
0.379140828304183,brain observatory 1.1gray,VISam,RS,siegle_survey_2019,Siegle2019
12.219040625103,brain observatory 1.1gray,LP,RS,siegle_survey_2019,Siegle2019
8.83997347397083,brain observatory 1.1gray,LP,FS,siegle_survey_2019,Siegle2019
3.77675672483906,brain observatory 1.1gray,LP,FS,siegle_survey_2019,Siegle2019
14.3499568230884,brain observatory 1.1gray,LP,FS,siegle_survey_2019,Siegle2019
5.94309139225782,brain observatory 1.1gray,VISpm,RS,siegle_survey_2019,Siegle2019
2.21801001327909,brain observatory 1.1gray,VISam,RS,siegle_survey_2019,Siegle2019
9.33446992683161,brain observatory 1.1gray,VISam,RS,siegle_survey_2019,Siegle2019
10.9338230571718,brain observatory 1.1gray,LP,RS,siegle_survey_2019,Siegle2019
13.8491433713778,brain observatory 1.1gray,LP,FS,siegle_survey_2019,Siegle2019
11.7043539059582,brain observatory 1.1gray,VISpm,FS,siegle_survey_2019,Siegle2019
2.89657993075356,brain observatory 1.1gray,LP,RS,siegle_survey_2019,Siegle2019
6.59961757814422,brain observatory 1.1gray,LP,RS,siegle_survey_2019,Siegle2019
3.41216411845302,brain observatory 1.1gray,VISam,FS,siegle_survey_2019,Siegle2019
4.57110049195163,brain observatory 1.1gray,LP,FS,siegle_survey_2019,Siegle2019
1.7550634581407,brain observatory 1.1gray,VISam,FS,siegle_survey_2019,Siegle2019
2.36970767911462,brain observatory 1.1gray,VISam,FS,siegle_survey_2019,Siegle2019
10.326986662614,brain observatory 1.1gray,LP,RS,siegle_survey_2019,Siegle2019
9.47001248140659,brain observatory 1.1gray,VISpm,RS,siegle_survey_2019,Siegle2019
5.1860578323868,brain observatory 1.1gray,VISpm,RS,siegle_survey_2019,Siegle2019
2.45468986052555,brain observatory 1.1gray,VISpm,RS,siegle_survey_2019,Siegle2019
3.78665481394889,brain observatory 1.1gray,VISam,RS,siegle_survey_2019,Siegle2019
4.81123407604646,brain observatory 1.1gray,VISam,FS,siegle_survey_2019,Siegle2019
21.6198107975319,brain observatory 1.1gray,VISam,RS,siegle_survey_2019,Siegle2019
10.332974824173,brain observatory 1.1gray,VISpm,RS,siegle_survey_2019,Siegle2019
8.90982214370967,brain observatory 1.1gray,VISpm,FS,siegle_survey_2019,Siegle2019
1.38349410387589,brain observatory 1.1gray,VISpm,RS,siegle_survey_2019,Siegle2019
12.417197969887,brain observatory 1.1gray,VISam,RS,siegle_survey_2019,Siegle2019
8.5828017924395,brain observatory 1.1gray,VISam,FS,siegle_survey_2019,Siegle2019
15.6069911114717,brain observatory 1.1gray,VISal,FS,siegle_survey_2019,Siegle2019
5.38277073785561,brain observatory 1.1gray,VISal,FS,siegle_survey_2019,Siegle2019
10.2836137011499,brain observatory 1.1gray,VISam,FS,siegle_survey_2019,Siegle2019
2.9508709438687,brain observatory 1.1gray,VISam,RS,siegle_survey_2019,Siegle2019
6.24067078414204,brain observatory 1.1gray,VISal,RS,siegle_survey_2019,Siegle2019
5.23275761839444,brain observatory 1.1gray,VISpm,RS,siegle_survey_2019,Siegle2019
5.57738217486501,brain observatory 1.1gray,VISal,RS,siegle_survey_2019,Siegle2019
22.9307168494053,brain observatory 1.1gray,VISal,FS,siegle_survey_2019,Siegle2019
4.8766365392707,brain observatory 1.1gray,VISal,RS,siegle_survey_2019,Siegle2019
15.7182271290201,brain observatory 1.1gray,VISal,FS,siegle_survey_2019,Siegle2019
1.55008112765392,brain observatory 1.1gray,VISal,RS,siegle_survey_2019,Siegle2019
3.22145685694805,brain observatory 1.1gray,VISpm,RS,siegle_survey_2019,Siegle2019
0.845048677623766,brain observatory 1.1gray,VISpm,RS,siegle_survey_2019,Siegle2019
0.222522927118426,brain observatory 1.1gray,VISpm,RS,siegle_survey_2019,Siegle2019
9.50190857135428,brain observatory 1.1gray,VISal,RS,siegle_survey_2019,Siegle2019
1.43471761409267,brain observatory 1.1gray,VISal,RS,siegle_survey_2019,Siegle2019
0.246101949770644,brain observatory 1.1gray,VISal,RS,siegle_survey_2019,Siegle2019
5.23834916705168,brain observatory 1.1gray,VISpm,RS,siegle_survey_2019,Siegle2019
1.78658664919452,brain observatory 1.1gray,VISal,RS,siegle_survey_2019,Siegle2019
0.493195301007474,brain observatory 1.1gray,VISpm,RS,siegle_survey_2019,Siegle2019
0.463580802563608,brain observatory 1.1gray,VISpm,RS,siegle_survey_2019,Siegle2019
0.259592823771938,brain observatory 1.1gray,VISpm,RS,siegle_survey_2019,Siegle2019
0.541551842172809,brain observatory 1.1gray,VISpm,RS,siegle_survey_2019,Siegle2019
1.29376362525129,brain observatory 1.1gray,VISal,RS,siegle_survey_2019,Siegle2019
2.72146449612199,brain observatory 1.1gray,VISal,RS,siegle_survey_2019,Siegle2019
2.16404615957649,brain observatory 1.1gray,VISal,RS,siegle_survey_2019,Siegle2019
0.554941838937745,brain observatory 1.1gray,VISal,RS,siegle_survey_2019,Siegle2019
17.2376054910803,brain observatory 1.1gray,VISpm,FS,siegle_survey_2019,Siegle2019
3.71165078962266,brain observatory 1.1gray,VISal,FS,siegle_survey_2019,Siegle2019
1.81279624887659,brain observatory 1.1gray,VISal,RS,siegle_survey_2019,Siegle2019
0.715821775323257,brain observatory 1.1gray,VISpm,RS,siegle_survey_2019,Siegle2019
5.85890752080725,brain observatory 1.1gray,VISpm,FS,siegle_survey_2019,Siegle2019
6.27472262624867,brain observatory 1.1gray,VISal,RS,siegle_survey_2019,Siegle2019
2.49290440440628,brain observatory 1.1gray,VISal,FS,siegle_survey_2019,Siegle2019
0.87977577515493,brain observatory 1.1gray,VISal,FS,siegle_survey_2019,Siegle2019
0.765650510397558,brain observatory 1.1gray,VISal,RS,siegle_survey_2019,Siegle2019
0.700186148522474,brain observatory 1.1gray,VISpm,RS,siegle_survey_2019,Siegle2019
0.530679386450411,brain observatory 1.1gray,VISpm,RS,siegle_survey_2019,Siegle2019
0.482297909110268,brain observatory 1.1gray,VISal,RS,siegle_survey_2019,Siegle2019
1.97655465318938,brain observatory 1.1gray,VISal,RS,siegle_survey_2019,Siegle2019
2.52014587809159,brain observatory 1.1gray,VISal,FS,siegle_survey_2019,Siegle2019
0.687434460952632,brain observatory 1.1gray,VISal,RS,siegle_survey_2019,Siegle2019
1.1067880558658,brain observatory 1.1gray,VISal,RS,siegle_survey_2019,Siegle2019
29.8539722866847,brain observatory 1.1gray,VISal,FS,siegle_survey_2019,Siegle2019
20.3165814044662,brain observatory 1.1gray,VISpm,RS,siegle_survey_2019,Siegle2019
1.33596727198345,brain observatory 1.1gray,VISal,FS,siegle_survey_2019,Siegle2019
0.764412261593681,brain observatory 1.1gray,VISal,RS,siegle_survey_2019,Siegle2019
24.5142306947639,brain observatory 1.1gray,VISal,FS,siegle_survey_2019,Siegle2019
2.49734146262018,brain observatory 1.1gray,VISal,RS,siegle_survey_2019,Siegle2019
6.44539458638311,brain observatory 1.1gray,VISal,RS,siegle_survey_2019,Siegle2019
1.88807959659254,brain observatory 1.1gray,VISpm,RS,siegle_survey_2019,Siegle2019
9.76297269417177,brain observatory 1.1gray,VISal,RS,siegle_survey_2019,Siegle2019
7.84781454417465,brain observatory 1.1gray,VISal,RS,siegle_survey_2019,Siegle2019
1.97036340917,brain observatory 1.1gray,VISal,RS,siegle_survey_2019,Siegle2019
1.22019100882091,brain observatory 1.1gray,VISal,RS,siegle_survey_2019,Siegle2019
10.1125716064665,brain observatory 1.1gray,VISal,RS,siegle_survey_2019,Siegle2019
10.4909598034514,brain observatory 1.1gray,VISal,RS,siegle_survey_2019,Siegle2019
0.693419330171373,brain observatory 1.1gray,VISal,RS,siegle_survey_2019,Siegle2019
5.42421638630601,brain observatory 1.1gray,VISpm,FS,siegle_survey_2019,Siegle2019
2.36771021474636,brain observatory 1.1gray,VISpm,RS,siegle_survey_2019,Siegle2019
5.01893196431628,brain observatory 1.1gray,VISal,FS,siegle_survey_2019,Siegle2019
1.0885238860086,brain observatory 1.1gray,VISal,RS,siegle_survey_2019,Siegle2019
0.613552282321278,brain observatory 1.1gray,VISal,RS,siegle_survey_2019,Siegle2019
1.65419721457995,brain observatory 1.1gray,VISal,RS,siegle_survey_2019,Siegle2019
1.32017959973401,brain observatory 1.1gray,VISal,RS,siegle_survey_2019,Siegle2019
15.876619788516,brain observatory 1.1gray,VISal,RS,siegle_survey_2019,Siegle2019
9.96109250279217,brain observatory 1.1gray,VISal,RS,siegle_survey_2019,Siegle2019
4.81751015888555,brain observatory 1.1gray,VISal,RS,siegle_survey_2019,Siegle2019
10.2569307795186,brain observatory 1.1gray,VISal,RS,siegle_survey_2019,Siegle2019
9.55711383052715,brain observatory 1.1gray,VISal,RS,siegle_survey_2019,Siegle2019
1.61993899767268,brain observatory 1.1gray,VISal,RS,siegle_survey_2019,Siegle2019
6.70274396278897,brain observatory 1.1gray,VISal,RS,siegle_survey_2019,Siegle2019
5.53280521792543,brain observatory 1.1gray,VISal,RS,siegle_survey_2019,Siegle2019
0.809608342935208,brain observatory 1.1gray,VISal,RS,siegle_survey_2019,Siegle2019
3.74735363013446,brain observatory 1.1gray,VISal,RS,siegle_survey_2019,Siegle2019
15.70543189138,brain observatory 1.1gray,VISal,FS,siegle_survey_2019,Siegle2019
4.68491434947034,brain observatory 1.1gray,VISal,RS,siegle_survey_2019,Siegle2019
2.4742274849478,brain observatory 1.1gray,VISal,RS,siegle_survey_2019,Siegle2019
10.2202992524038,brain observatory 1.1gray,VISal,FS,siegle_survey_2019,Siegle2019
3.11027462053951,brain observatory 1.1gray,VISal,RS,siegle_survey_2019,Siegle2019
5.79933827296005,brain observatory 1.1gray,VISal,RS,siegle_survey_2019,Siegle2019
6.0106660688218,brain observatory 1.1gray,VISal,FS,siegle_survey_2019,Siegle2019
3.72620021306822,brain observatory 1.1gray,VISal,RS,siegle_survey_2019,Siegle2019
4.10964459266894,brain observatory 1.1gray,VISal,RS,siegle_survey_2019,Siegle2019
4.18094708629222,brain observatory 1.1gray,VISal,RS,siegle_survey_2019,Siegle2019
0.788235023335246,brain observatory 1.1gray,VISrl,RS,siegle_survey_2019,Siegle2019
10.519567398645,brain observatory 1.1gray,VISrl,RS,siegle_survey_2019,Siegle2019
3.30963267796378,brain observatory 1.1gray,VISal,RS,siegle_survey_2019,Siegle2019
3.64788097622298,brain observatory 1.1gray,VISal,RS,siegle_survey_2019,Siegle2019
3.14824758385842,brain observatory 1.1gray,VISal,RS,siegle_survey_2019,Siegle2019
6.9102316685167,brain observatory 1.1gray,VISrl,RS,siegle_survey_2019,Siegle2019
2.07365966732672,brain observatory 1.1gray,VISrl,RS,siegle_survey_2019,Siegle2019
3.56997448897902,brain observatory 1.1gray,VISal,RS,siegle_survey_2019,Siegle2019
2.12452538525274,brain observatory 1.1gray,VISal,RS,siegle_survey_2019,Siegle2019
0.950975081377883,brain observatory 1.1gray,VISal,RS,siegle_survey_2019,Siegle2019
2.18736651204952,brain observatory 1.1gray,VISal,RS,siegle_survey_2019,Siegle2019
13.7441558088319,brain observatory 1.1gray,VISrl,RS,siegle_survey_2019,Siegle2019
12.0465098633224,brain observatory 1.1gray,VISal,FS,siegle_survey_2019,Siegle2019
2.06506601082641,brain observatory 1.1gray,VISrl,RS,siegle_survey_2019,Siegle2019
7.76659471567364,brain observatory 1.1gray,VISrl,FS,siegle_survey_2019,Siegle2019
2.1279305694634,brain observatory 1.1gray,VISal,RS,siegle_survey_2019,Siegle2019
10.6496620251484,brain observatory 1.1gray,VISal,FS,siegle_survey_2019,Siegle2019
0.163552029512147,brain observatory 1.1gray,VISal,RS,siegle_survey_2019,Siegle2019
7.3768775702863,brain observatory 1.1gray,VISrl,RS,siegle_survey_2019,Siegle2019
1.48517625285068,brain observatory 1.1gray,VISal,RS,siegle_survey_2019,Siegle2019
10.8056813744369,brain observatory 1.1gray,VISal,FS,siegle_survey_2019,Siegle2019
22.637761982407,brain observatory 1.1gray,VISrl,RS,siegle_survey_2019,Siegle2019
7.44573036031887,brain observatory 1.1gray,VISrl,FS,siegle_survey_2019,Siegle2019
31.5479998377894,brain observatory 1.1gray,VISal,FS,siegle_survey_2019,Siegle2019
12.824427487239,brain observatory 1.1gray,VISrl,RS,siegle_survey_2019,Siegle2019
2.29158578637587,brain observatory 1.1gray,VISal,FS,siegle_survey_2019,Siegle2019
0.685783462547462,brain observatory 1.1gray,VISal,RS,siegle_survey_2019,Siegle2019
0.271176488049162,brain observatory 1.1gray,VISal,RS,siegle_survey_2019,Siegle2019
2.94907371202651,brain observatory 1.1gray,VISrl,RS,siegle_survey_2019,Siegle2019
3.03511381505969,brain observatory 1.1gray,VISrl,RS,siegle_survey_2019,Siegle2019
3.80274477040022,brain observatory 1.1gray,VISrl,RS,siegle_survey_2019,Siegle2019
2.28798338968373,brain observatory 1.1gray,VISrl,RS,siegle_survey_2019,Siegle2019
5.0633202871619,brain observatory 1.1gray,VISrl,RS,siegle_survey_2019,Siegle2019
3.31922216972039,brain observatory 1.1gray,VISrl,RS,siegle_survey_2019,Siegle2019
2.68318805066766,brain observatory 1.1gray,VISrl,RS,siegle_survey_2019,Siegle2019
2.08339224215839,brain observatory 1.1gray,VISrl,RS,siegle_survey_2019,Siegle2019
11.3156233534992,brain observatory 1.1gray,LGd,RS,siegle_survey_2019,Siegle2019
10.0735222904319,brain observatory 1.1gray,LGd,RS,siegle_survey_2019,Siegle2019
6.95710932371107,brain observatory 1.1gray,LGd,RS,siegle_survey_2019,Siegle2019
9.64354038332513,brain observatory 1.1gray,LGd,FS,siegle_survey_2019,Siegle2019
9.83533236111656,brain observatory 1.1gray,LGd,RS,siegle_survey_2019,Siegle2019
9.01184622371361,brain observatory 1.1gray,LGd,RS,siegle_survey_2019,Siegle2019
5.89522658460294,brain observatory 1.1gray,LGd,RS,siegle_survey_2019,Siegle2019
17.2197368508662,brain observatory 1.1gray,LGd,RS,siegle_survey_2019,Siegle2019
7.05135193348789,brain observatory 1.1gray,LGd,RS,siegle_survey_2019,Siegle2019
9.72352259820151,brain observatory 1.1gray,LGd,RS,siegle_survey_2019,Siegle2019
2.03365631623667,brain observatory 1.1gray,LGd,RS,siegle_survey_2019,Siegle2019
10.7019096918056,brain observatory 1.1gray,LGd,FS,siegle_survey_2019,Siegle2019
2.24232311839898,brain observatory 1.1gray,VISrl,RS,siegle_survey_2019,Siegle2019
2.53212606471651,brain observatory 1.1gray,VISrl,RS,siegle_survey_2019,Siegle2019
8.26152211232161,brain observatory 1.1gray,LGd,RS,siegle_survey_2019,Siegle2019
6.89056081417568,brain observatory 1.1gray,LGd,RS,siegle_survey_2019,Siegle2019
12.0999450730234,brain observatory 1.1gray,LGd,RS,siegle_survey_2019,Siegle2019
1.35738357492776,brain observatory 1.1gray,VISrl,RS,siegle_survey_2019,Siegle2019
16.7606327784692,brain observatory 1.1gray,VISrl,FS,siegle_survey_2019,Siegle2019
2.88446598122903,brain observatory 1.1gray,VISrl,RS,siegle_survey_2019,Siegle2019
5.71056480426173,brain observatory 1.1gray,LGd,RS,siegle_survey_2019,Siegle2019
11.7831162993658,brain observatory 1.1gray,LGd,RS,siegle_survey_2019,Siegle2019
16.322666911044,brain observatory 1.1gray,VISrl,FS,siegle_survey_2019,Siegle2019
14.1525119129324,brain observatory 1.1gray,LGd,RS,siegle_survey_2019,Siegle2019
10.1507144280451,brain observatory 1.1gray,LGd,RS,siegle_survey_2019,Siegle2019
4.49347110036765,brain observatory 1.1gray,LGd,FS,siegle_survey_2019,Siegle2019
8.24199157147971,brain observatory 1.1gray,LGd,FS,siegle_survey_2019,Siegle2019
9.37011281153843,brain observatory 1.1gray,LGd,RS,siegle_survey_2019,Siegle2019
13.1914853000767,brain observatory 1.1gray,LGd,RS,siegle_survey_2019,Siegle2019
6.66570125400643,brain observatory 1.1gray,LGd,RS,siegle_survey_2019,Siegle2019
11.5895676062605,brain observatory 1.1gray,LGd,RS,siegle_survey_2019,Siegle2019
3.94537592245509,brain observatory 1.1gray,LGd,RS,siegle_survey_2019,Siegle2019
10.9628335840057,brain observatory 1.1gray,LGd,FS,siegle_survey_2019,Siegle2019
1.18840950976513,brain observatory 1.1gray,VISrl,RS,siegle_survey_2019,Siegle2019
11.3103532075577,brain observatory 1.1gray,LGd,FS,siegle_survey_2019,Siegle2019
9.19495796113086,brain observatory 1.1gray,LGd,FS,siegle_survey_2019,Siegle2019
8.98807889887954,brain observatory 1.1gray,LGd,RS,siegle_survey_2019,Siegle2019
8.05691644635878,brain observatory 1.1gray,LGd,FS,siegle_survey_2019,Siegle2019
7.08968966180719,brain observatory 1.1gray,LGd,FS,siegle_survey_2019,Siegle2019
11.9129065601988,brain observatory 1.1gray,LGd,RS,siegle_survey_2019,Siegle2019
14.7664322470158,brain observatory 1.1gray,LGd,FS,siegle_survey_2019,Siegle2019
19.4405350161224,brain observatory 1.1gray,LGd,RS,siegle_survey_2019,Siegle2019
12.8355954447352,brain observatory 1.1gray,LGd,FS,siegle_survey_2019,Siegle2019
8.91172532884688,brain observatory 1.1gray,LP,RS,siegle_survey_2019,Siegle2019
1.91512970065113,brain observatory 1.1gray,VISrl,RS,siegle_survey_2019,Siegle2019
3.7348800933812,brain observatory 1.1gray,VISrl,RS,siegle_survey_2019,Siegle2019
4.57789677162605,brain observatory 1.1gray,VISrl,RS,siegle_survey_2019,Siegle2019
0.506760699940276,brain observatory 1.1gray,VISrl,RS,siegle_survey_2019,Siegle2019
4.2444308705846,brain observatory 1.1gray,VISrl,RS,siegle_survey_2019,Siegle2019
2.73169231299372,brain observatory 1.1gray,VISrl,RS,siegle_survey_2019,Siegle2019
2.68984115404678,brain observatory 1.1gray,VISrl,RS,siegle_survey_2019,Siegle2019
0.261957254149388,brain observatory 1.1gray,VISrl,RS,siegle_survey_2019,Siegle2019
4.20412975456162,brain observatory 1.1gray,VISrl,RS,siegle_survey_2019,Siegle2019
2.80650771812356,brain observatory 1.1gray,VISrl,RS,siegle_survey_2019,Siegle2019
3.90703819413579,brain observatory 1.1gray,VISrl,RS,siegle_survey_2019,Siegle2019
17.2250069968076,brain observatory 1.1gray,VISrl,FS,siegle_survey_2019,Siegle2019
0.805918984264725,brain observatory 1.1gray,VISrl,RS,siegle_survey_2019,Siegle2019
2.73572242459602,brain observatory 1.1gray,VISrl,RS,siegle_survey_2019,Siegle2019
10.9189157011601,brain observatory 1.1gray,VISrl,RS,siegle_survey_2019,Siegle2019
8.53432966693873,brain observatory 1.1gray,VISrl,RS,siegle_survey_2019,Siegle2019
17.919529562937,brain observatory 1.1gray,VISrl,RS,siegle_survey_2019,Siegle2019
11.906603052308,brain observatory 1.1gray,VISrl,RS,siegle_survey_2019,Siegle2019
8.3637216091081,brain observatory 1.1gray,VISrl,RS,siegle_survey_2019,Siegle2019
3.01793357295183,brain observatory 1.1gray,VISrl,RS,siegle_survey_2019,Siegle2019
3.15867747044748,brain observatory 1.1gray,VISrl,RS,siegle_survey_2019,Siegle2019
7.84383721241162,brain observatory 1.1gray,VISrl,RS,siegle_survey_2019,Siegle2019
9.02310986896106,brain observatory 1.1gray,VISrl,RS,siegle_survey_2019,Siegle2019
2.45950477554619,brain observatory 1.1gray,VISrl,RS,siegle_survey_2019,Siegle2019
0.85789709031488,brain observatory 1.1gray,VISrl,RS,siegle_survey_2019,Siegle2019
2.25675916109211,brain observatory 1.1gray,VISrl,RS,siegle_survey_2019,Siegle2019
15.427060541208,brain observatory 1.1gray,VISrl,RS,siegle_survey_2019,Siegle2019
8.75526245170062,brain observatory 1.1gray,VISrl,RS,siegle_survey_2019,Siegle2019
1.5914807381281,brain observatory 1.1gray,VISrl,RS,siegle_survey_2019,Siegle2019
1.71279743097677,brain observatory 1.1gray,VISrl,RS,siegle_survey_2019,Siegle2019
5.84717525396015,brain observatory 1.1gray,VISrl,RS,siegle_survey_2019,Siegle2019
3.82085580756356,brain observatory 1.1gray,LGd,FS,siegle_survey_2019,Siegle2019
0.282624493135533,brain observatory 1.1gray,LGd,FS,siegle_survey_2019,Siegle2019
2.42664386555822,brain observatory 1.1gray,VISrl,RS,siegle_survey_2019,Siegle2019
6.06209991045811,brain observatory 1.1gray,LP,RS,siegle_survey_2019,Siegle2019
6.40834025110624,brain observatory 1.1gray,LP,RS,siegle_survey_2019,Siegle2019
4.19126516237699,brain observatory 1.1gray,LP,RS,siegle_survey_2019,Siegle2019
9.86020141437973,brain observatory 1.1gray,LP,RS,siegle_survey_2019,Siegle2019
4.49161573847354,brain observatory 1.1gray,LP,FS,siegle_survey_2019,Siegle2019
0.663127768835341,brain observatory 1.1gray,LP,RS,siegle_survey_2019,Siegle2019
2.36001550398787,brain observatory 1.1gray,LP,RS,siegle_survey_2019,Siegle2019
7.01844673792591,brain observatory 1.1gray,LP,RS,siegle_survey_2019,Siegle2019
1.66991199517965,brain observatory 1.1gray,LP,RS,siegle_survey_2019,Siegle2019
5.11546848359357,brain observatory 1.1gray,LP,RS,siegle_survey_2019,Siegle2019
1.22228008015068,brain observatory 1.1gray,LP,RS,siegle_survey_2019,Siegle2019
1.93233116679326,brain observatory 1.1gray,LP,RS,siegle_survey_2019,Siegle2019
2.86666330991537,brain observatory 1.1gray,LP,RS,siegle_survey_2019,Siegle2019
2.13211701111351,brain observatory 1.1gray,LP,RS,siegle_survey_2019,Siegle2019
4.77915025419984,brain observatory 1.1gray,LP,RS,siegle_survey_2019,Siegle2019
6.96501203460798,brain observatory 1.1gray,LP,RS,siegle_survey_2019,Siegle2019
2.4831116967377,brain observatory 1.1gray,LP,RS,siegle_survey_2019,Siegle2019
7.16944886857872,brain observatory 1.1gray,LP,RS,siegle_survey_2019,Siegle2019
0.576102584708259,brain observatory 1.1gray,LP,RS,siegle_survey_2019,Siegle2019
7.01544943348448,brain observatory 1.1gray,LP,RS,siegle_survey_2019,Siegle2019
51.8662267674287,brain observatory 1.1gray,LGd,RS,siegle_survey_2019,Siegle2019
2.94686704255506,brain observatory 1.1gray,LP,RS,siegle_survey_2019,Siegle2019
3.88150925165387,brain observatory 1.1gray,LP,RS,siegle_survey_2019,Siegle2019
9.18260389996507,brain observatory 1.1gray,LP,RS,siegle_survey_2019,Siegle2019
6.44999244730958,brain observatory 1.1gray,LP,RS,siegle_survey_2019,Siegle2019
1.10331810042351,brain observatory 1.1gray,LP,RS,siegle_survey_2019,Siegle2019
4.92746514638792,brain observatory 1.1gray,LP,RS,siegle_survey_2019,Siegle2019
2.06307565363501,brain observatory 1.1gray,LP,RS,siegle_survey_2019,Siegle2019
8.76701213586175,brain observatory 1.1gray,LP,RS,siegle_survey_2019,Siegle2019
10.8738070922114,brain observatory 1.1gray,LP,RS,siegle_survey_2019,Siegle2019
1.12429923151353,brain observatory 1.1gray,LP,RS,siegle_survey_2019,Siegle2019
5.60061838180322,brain observatory 1.1gray,LP,RS,siegle_survey_2019,Siegle2019
4.50515528612277,brain observatory 1.1gray,LP,RS,siegle_survey_2019,Siegle2019
4.13669355047782,brain observatory 1.1gray,LP,RS,siegle_survey_2019,Siegle2019
3.2048419351693,brain observatory 1.1gray,LP,RS,siegle_survey_2019,Siegle2019
6.0872152545708,brain observatory 1.1gray,LP,RS,siegle_survey_2019,Siegle2019
1.01804995683106,brain observatory 1.1gray,LP,RS,siegle_survey_2019,Siegle2019
1.14217970283656,brain observatory 1.1gray,LP,RS,siegle_survey_2019,Siegle2019
23.2981970187087,brain observatory 1.1gray,VISal,FS,siegle_survey_2019,Siegle2019
16.3035063899451,brain observatory 1.1gray,VISal,RS,siegle_survey_2019,Siegle2019
0.812430829497747,brain observatory 1.1gray,VISal,RS,siegle_survey_2019,Siegle2019
4.8552242220181,brain observatory 1.1gray,VISal,RS,siegle_survey_2019,Siegle2019
22.8370403126001,brain observatory 1.1gray,VISal,FS,siegle_survey_2019,Siegle2019
1.50293009579036,brain observatory 1.1gray,VISal,RS,siegle_survey_2019,Siegle2019
5.80637280120953,brain observatory 1.1gray,VISal,FS,siegle_survey_2019,Siegle2019
19.7667129262843,brain observatory 1.1gray,VISal,RS,siegle_survey_2019,Siegle2019
6.91395216123593,brain observatory 1.1gray,VISal,RS,siegle_survey_2019,Siegle2019
4.49272498005688,brain observatory 1.1gray,VISal,RS,siegle_survey_2019,Siegle2019
6.84649846706417,brain observatory 1.1gray,VISal,RS,siegle_survey_2019,Siegle2019
0.516458437055546,brain observatory 1.1gray,VISal,RS,siegle_survey_2019,Siegle2019
3.24642787033679,brain observatory 1.1gray,VISal,RS,siegle_survey_2019,Siegle2019
9.19141543850081,brain observatory 1.1gray,VISal,RS,siegle_survey_2019,Siegle2019
5.32173603056478,brain observatory 1.1gray,VISal,FS,siegle_survey_2019,Siegle2019
12.0859512890133,brain observatory 1.1gray,VISal,RS,siegle_survey_2019,Siegle2019
3.58019492806302,brain observatory 1.1gray,VISal,RS,siegle_survey_2019,Siegle2019
3.93620625745505,brain observatory 1.1gray,VISal,RS,siegle_survey_2019,Siegle2019
8.09712085183038,brain observatory 1.1gray,VISal,RS,siegle_survey_2019,Siegle2019
4.90753945352841,brain observatory 1.1gray,VISal,RS,siegle_survey_2019,Siegle2019
10.2199040548266,brain observatory 1.1gray,VISal,RS,siegle_survey_2019,Siegle2019
5.07066411241096,brain observatory 1.1gray,VISal,RS,siegle_survey_2019,Siegle2019
3.00874370827813,brain observatory 1.1gray,VISal,RS,siegle_survey_2019,Siegle2019
0.70162140212551,brain observatory 1.1gray,VISal,RS,siegle_survey_2019,Siegle2019
1.2428986793267,brain observatory 1.1gray,VISal,RS,siegle_survey_2019,Siegle2019
4.93997901637437,brain observatory 1.1gray,VISal,RS,siegle_survey_2019,Siegle2019
2.85849189179477,brain observatory 1.1gray,VISal,RS,siegle_survey_2019,Siegle2019
5.24528277250523,brain observatory 1.1gray,VISpm,RS,siegle_survey_2019,Siegle2019
2.14162570106563,brain observatory 1.1gray,VISpm,RS,siegle_survey_2019,Siegle2019
0.968346696636749,brain observatory 1.1gray,VISal,RS,siegle_survey_2019,Siegle2019
0.354260622825738,brain observatory 1.1gray,VISal,RS,siegle_survey_2019,Siegle2019
5.03389927451887,brain observatory 1.1gray,VISal,RS,siegle_survey_2019,Siegle2019
15.5903240191179,brain observatory 1.1gray,VISpm,FS,siegle_survey_2019,Siegle2019
1.95152290771737,brain observatory 1.1gray,VISal,RS,siegle_survey_2019,Siegle2019
1.17029584819526,brain observatory 1.1gray,VISal,RS,siegle_survey_2019,Siegle2019
16.1268909922282,brain observatory 1.1gray,VISal,RS,siegle_survey_2019,Siegle2019
8.09928348935344,brain observatory 1.1gray,VISal,RS,siegle_survey_2019,Siegle2019
2.26606551304783,brain observatory 1.1gray,VISpm,RS,siegle_survey_2019,Siegle2019
7.24841233731161,brain observatory 1.1gray,VISpm,FS,siegle_survey_2019,Siegle2019
43.383641522797,brain observatory 1.1gray,VISal,FS,siegle_survey_2019,Siegle2019
3.54663799681807,brain observatory 1.1gray,VISpm,RS,siegle_survey_2019,Siegle2019
13.0352770157859,brain observatory 1.1gray,VISpm,FS,siegle_survey_2019,Siegle2019
15.8171189127341,brain observatory 1.1gray,VISal,FS,siegle_survey_2019,Siegle2019
0.763925959337595,brain observatory 1.1gray,VISal,RS,siegle_survey_2019,Siegle2019
1.38820732432876,brain observatory 1.1gray,VISal,RS,siegle_survey_2019,Siegle2019
2.82490775838646,brain observatory 1.1gray,VISpm,RS,siegle_survey_2019,Siegle2019
4.38877718953477,brain observatory 1.1gray,VISpm,RS,siegle_survey_2019,Siegle2019
6.41206104282664,brain observatory 1.1gray,VISpm,RS,siegle_survey_2019,Siegle2019
9.09299483269882,brain observatory 1.1gray,VISpm,RS,siegle_survey_2019,Siegle2019
12.4852199731204,brain observatory 1.1gray,VISpm,RS,siegle_survey_2019,Siegle2019
7.95407782709057,brain observatory 1.1gray,VISal,RS,siegle_survey_2019,Siegle2019
10.2383785506279,brain observatory 1.1gray,VISpm,RS,siegle_survey_2019,Siegle2019
5.99347197428189,brain observatory 1.1gray,VISpm,RS,siegle_survey_2019,Siegle2019
4.46553753690979,brain observatory 1.1gray,VISal,RS,siegle_survey_2019,Siegle2019
5.94148424552189,brain observatory 1.1gray,VISpm,RS,siegle_survey_2019,Siegle2019
12.6142527410761,brain observatory 1.1gray,VISal,RS,siegle_survey_2019,Siegle2019
4.78225091396684,brain observatory 1.1gray,VISpm,RS,siegle_survey_2019,Siegle2019
6.21413559436659,brain observatory 1.1gray,VISpm,RS,siegle_survey_2019,Siegle2019
2.56217852079615,brain observatory 1.1gray,VISpm,RS,siegle_survey_2019,Siegle2019
1.81212892315929,brain observatory 1.1gray,VISpm,FS,siegle_survey_2019,Siegle2019
3.40845192653552,brain observatory 1.1gray,VISpm,FS,siegle_survey_2019,Siegle2019
6.32338217349049,brain observatory 1.1gray,VISpm,FS,siegle_survey_2019,Siegle2019
2.21738515470595,brain observatory 1.1gray,LP,RS,siegle_survey_2019,Siegle2019
1.9780142206937,brain observatory 1.1gray,LP,RS,siegle_survey_2019,Siegle2019
0.988180267742315,brain observatory 1.1gray,LP,RS,siegle_survey_2019,Siegle2019
1.3583990439219,brain observatory 1.1gray,LP,FS,siegle_survey_2019,Siegle2019
2.14907762208271,brain observatory 1.1gray,VISal,RS,siegle_survey_2019,Siegle2019
5.7528869057644,brain observatory 1.1gray,VISal,RS,siegle_survey_2019,Siegle2019
2.13225812564061,brain observatory 1.1gray,VISal,FS,siegle_survey_2019,Siegle2019
4.62567108285992,brain observatory 1.1gray,VISal,RS,siegle_survey_2019,Siegle2019
9.49940394146704,brain observatory 1.1gray,VISal,RS,siegle_survey_2019,Siegle2019
3.26752254193456,brain observatory 1.1gray,VISal,RS,siegle_survey_2019,Siegle2019
7.76441613056299,brain observatory 1.1gray,VISal,FS,siegle_survey_2019,Siegle2019
1.29943508402014,brain observatory 1.1gray,VISal,RS,siegle_survey_2019,Siegle2019
1.80804427397768,brain observatory 1.1gray,VISal,RS,siegle_survey_2019,Siegle2019
9.01648833809895,brain observatory 1.1gray,VISal,RS,siegle_survey_2019,Siegle2019
7.58218772125785,brain observatory 1.1gray,VISal,RS,siegle_survey_2019,Siegle2019
36.6333791863533,brain observatory 1.1gray,VISal,FS,siegle_survey_2019,Siegle2019
10.8045143156977,brain observatory 1.1gray,VISal,FS,siegle_survey_2019,Siegle2019
0.126610565242017,brain observatory 1.1gray,VISal,FS,siegle_survey_2019,Siegle2019
4.95452835378601,brain observatory 1.1gray,VISal,FS,siegle_survey_2019,Siegle2019
6.62646884980589,brain observatory 1.1gray,VISal,RS,siegle_survey_2019,Siegle2019
1.02671159263086,brain observatory 1.1gray,VISal,RS,siegle_survey_2019,Siegle2019
29.5006744497688,brain observatory 1.1gray,VISal,FS,siegle_survey_2019,Siegle2019
1.9256775619776,brain observatory 1.1gray,VISal,RS,siegle_survey_2019,Siegle2019
5.33312180437522,brain observatory 1.1gray,VISal,RS,siegle_survey_2019,Siegle2019
1.05869959199926,brain observatory 1.1gray,VISal,RS,siegle_survey_2019,Siegle2019
6.06564698991155,brain observatory 1.1gray,VISal,RS,siegle_survey_2019,Siegle2019
3.3248945666082,brain observatory 1.1gray,VISal,RS,siegle_survey_2019,Siegle2019
14.1589203914006,brain observatory 1.1gray,VISal,RS,siegle_survey_2019,Siegle2019
17.5655391370403,brain observatory 1.1gray,VISal,RS,siegle_survey_2019,Siegle2019
14.9452060532948,brain observatory 1.1gray,VISal,RS,siegle_survey_2019,Siegle2019
0.948702149009862,brain observatory 1.1gray,VISal,RS,siegle_survey_2019,Siegle2019
8.355162247931,brain observatory 1.1gray,VISal,RS,siegle_survey_2019,Siegle2019
40.3883957738158,brain observatory 1.1gray,VISl,RS,siegle_survey_2019,Siegle2019
12.1842289594231,brain observatory 1.1gray,VISal,RS,siegle_survey_2019,Siegle2019
7.66298681457411,brain observatory 1.1gray,VISl,FS,siegle_survey_2019,Siegle2019
9.49868163180388,brain observatory 1.1gray,VISal,FS,siegle_survey_2019,Siegle2019
4.45283269917583,brain observatory 1.1gray,VISal,RS,siegle_survey_2019,Siegle2019
3.16639918909252,brain observatory 1.1gray,VISal,RS,siegle_survey_2019,Siegle2019
2.7305369009244,brain observatory 1.1gray,VISal,RS,siegle_survey_2019,Siegle2019
3.41755657768182,brain observatory 1.1gray,VISal,RS,siegle_survey_2019,Siegle2019
0.474867009978615,brain observatory 1.1gray,VISal,RS,siegle_survey_2019,Siegle2019
0.065936553536796,brain observatory 1.1gray,VISal,RS,siegle_survey_2019,Siegle2019
5.62338710186975,brain observatory 1.1gray,VISal,RS,siegle_survey_2019,Siegle2019
0.321221425915565,brain observatory 1.1gray,VISal,RS,siegle_survey_2019,Siegle2019
6.23177821243774,brain observatory 1.1gray,VISal,RS,siegle_survey_2019,Siegle2019
0.821577878607849,brain observatory 1.1gray,VISl,RS,siegle_survey_2019,Siegle2019
1.12152886970135,brain observatory 1.1gray,VISl,RS,siegle_survey_2019,Siegle2019
6.37921313885152,brain observatory 1.1gray,VISl,FS,siegle_survey_2019,Siegle2019
2.77224293632327,brain observatory 1.1gray,VISl,RS,siegle_survey_2019,Siegle2019
6.86656878782533,brain observatory 1.1gray,VISl,RS,siegle_survey_2019,Siegle2019
1.75911886043445,brain observatory 1.1gray,VISl,RS,siegle_survey_2019,Siegle2019
9.58973448225066,brain observatory 1.1gray,VISl,RS,siegle_survey_2019,Siegle2019
0.690394618091637,brain observatory 1.1gray,VISl,RS,siegle_survey_2019,Siegle2019
2.94732651448658,brain observatory 1.1gray,VISl,RS,siegle_survey_2019,Siegle2019
0.360122960631327,brain observatory 1.1gray,VISal,RS,siegle_survey_2019,Siegle2019
0.623869174778511,brain observatory 1.1gray,VISal,RS,siegle_survey_2019,Siegle2019
14.0316390279539,brain observatory 1.1gray,VISl,FS,siegle_survey_2019,Siegle2019
0.631608206883769,brain observatory 1.1gray,VISal,RS,siegle_survey_2019,Siegle2019
2.33883083804319,brain observatory 1.1gray,VISl,RS,siegle_survey_2019,Siegle2019
8.10147229862001,brain observatory 1.1gray,VISl,RS,siegle_survey_2019,Siegle2019
3.46398355472013,brain observatory 1.1gray,VISl,RS,siegle_survey_2019,Siegle2019
7.63979419393036,brain observatory 1.1gray,VISl,RS,siegle_survey_2019,Siegle2019
4.14971894098601,brain observatory 1.1gray,VISl,RS,siegle_survey_2019,Siegle2019
5.3284010544166,brain observatory 1.1gray,VISl,RS,siegle_survey_2019,Siegle2019
4.16700986798381,brain observatory 1.1gray,VISl,RS,siegle_survey_2019,Siegle2019
0.788658965073132,brain observatory 1.1gray,VISal,RS,siegle_survey_2019,Siegle2019
3.2894176689819,brain observatory 1.1gray,VISl,RS,siegle_survey_2019,Siegle2019
1.23987335807549,brain observatory 1.1gray,VISl,RS,siegle_survey_2019,Siegle2019
7.40828214143292,brain observatory 1.1gray,VISl,FS,siegle_survey_2019,Siegle2019
1.34610384370267,brain observatory 1.1gray,VISl,RS,siegle_survey_2019,Siegle2019
8.46872330497439,brain observatory 1.1gray,VISl,FS,siegle_survey_2019,Siegle2019
3.79924116920434,brain observatory 1.1gray,VISl,RS,siegle_survey_2019,Siegle2019
8.48849915561259,brain observatory 1.1gray,VISl,RS,siegle_survey_2019,Siegle2019
0.730461443641594,brain observatory 1.1gray,VISal,RS,siegle_survey_2019,Siegle2019
0.229075350315629,brain observatory 1.1gray,VISal,FS,siegle_survey_2019,Siegle2019
25.7881835306842,brain observatory 1.1gray,VISal,FS,siegle_survey_2019,Siegle2019
0.676589671751608,brain observatory 1.1gray,VISal,RS,siegle_survey_2019,Siegle2019
1.63421954837547,brain observatory 1.1gray,VISal,RS,siegle_survey_2019,Siegle2019
1.42900581717996,brain observatory 1.1gray,VISal,RS,siegle_survey_2019,Siegle2019
0.202545952689972,brain observatory 1.1gray,VISal,RS,siegle_survey_2019,Siegle2019
5.7401358821353,brain observatory 1.1gray,VISal,RS,siegle_survey_2019,Siegle2019
0.554487501690277,brain observatory 1.1gray,VISal,RS,siegle_survey_2019,Siegle2019
18.2712045569925,brain observatory 1.1gray,VISal,FS,siegle_survey_2019,Siegle2019
4.17979327699022,brain observatory 1.1gray,VISal,RS,siegle_survey_2019,Siegle2019
7.26559215297715,brain observatory 1.1gray,VISal,RS,siegle_survey_2019,Siegle2019
3.91281021270485,brain observatory 1.1gray,VISal,RS,siegle_survey_2019,Siegle2019
5.83227684744209,brain observatory 1.1gray,VISal,RS,siegle_survey_2019,Siegle2019
4.3314462243437,brain observatory 1.1gray,VISal,FS,siegle_survey_2019,Siegle2019
1.37472678527874,brain observatory 1.1gray,VISal,RS,siegle_survey_2019,Siegle2019
3.78383338264847,brain observatory 1.1gray,VISal,RS,siegle_survey_2019,Siegle2019
7.05996799431925,brain observatory 1.1gray,VISal,FS,siegle_survey_2019,Siegle2019
1.34261083634665,brain observatory 1.1gray,VISal,RS,siegle_survey_2019,Siegle2019
2.97929294949646,brain observatory 1.1gray,VISal,RS,siegle_survey_2019,Siegle2019
2.81973927349195,brain observatory 1.1gray,VISal,RS,siegle_survey_2019,Siegle2019
2.04762260986883,brain observatory 1.1gray,VISal,RS,siegle_survey_2019,Siegle2019
0.385699207781967,brain observatory 1.1gray,VISal,RS,siegle_survey_2019,Siegle2019
3.05152818287728,brain observatory 1.1gray,VISal,FS,siegle_survey_2019,Siegle2019
6.82828169179951,brain observatory 1.1gray,VISal,RS,siegle_survey_2019,Siegle2019
1.51068088219577,brain observatory 1.1gray,VISal,RS,siegle_survey_2019,Siegle2019
1.87596132372379,brain observatory 1.1gray,VISal,RS,siegle_survey_2019,Siegle2019
2.0718378301499,brain observatory 1.1gray,VISal,RS,siegle_survey_2019,Siegle2019
2.78269819501116,brain observatory 1.1gray,VISal,RS,siegle_survey_2019,Siegle2019
2.58641126112265,brain observatory 1.1gray,VISal,RS,siegle_survey_2019,Siegle2019
2.60559874498943,brain observatory 1.1gray,VISal,RS,siegle_survey_2019,Siegle2019
3.5677433236996,brain observatory 1.1gray,VISal,FS,siegle_survey_2019,Siegle2019
11.0023289843163,brain observatory 1.1gray,VISal,FS,siegle_survey_2019,Siegle2019
11.5023322403741,brain observatory 1.1gray,VISal,RS,siegle_survey_2019,Siegle2019
11.2627452092034,brain observatory 1.1gray,VISal,RS,siegle_survey_2019,Siegle2019
1.2941803957845,brain observatory 1.1gray,VISal,RS,siegle_survey_2019,Siegle2019
2.57656100202527,brain observatory 1.1gray,VISal,RS,siegle_survey_2019,Siegle2019
21.3320699646392,brain observatory 1.1gray,VISal,RS,siegle_survey_2019,Siegle2019
12.2806053159331,brain observatory 1.1gray,VISal,RS,siegle_survey_2019,Siegle2019
4.26772736080749,brain observatory 1.1gray,VISal,RS,siegle_survey_2019,Siegle2019
14.5385720002773,brain observatory 1.1gray,VISal,FS,siegle_survey_2019,Siegle2019
9.8980738967532,brain observatory 1.1gray,VISal,FS,siegle_survey_2019,Siegle2019
6.88533110907186,brain observatory 1.1gray,VISal,RS,siegle_survey_2019,Siegle2019
19.1511610363589,brain observatory 1.1gray,VISal,RS,siegle_survey_2019,Siegle2019
11.1728615949397,brain observatory 1.1gray,VISal,RS,siegle_survey_2019,Siegle2019
5.68565163650289,brain observatory 1.1gray,VISal,RS,siegle_survey_2019,Siegle2019
7.74671574576503,brain observatory 1.1gray,VISal,FS,siegle_survey_2019,Siegle2019
8.10317199685164,brain observatory 1.1gray,VISal,RS,siegle_survey_2019,Siegle2019
1.74175154352192,brain observatory 1.1gray,VISal,RS,siegle_survey_2019,Siegle2019
0.580447038686509,brain observatory 1.1gray,VISal,RS,siegle_survey_2019,Siegle2019
4.03788798186852,brain observatory 1.1gray,VISal,RS,siegle_survey_2019,Siegle2019
13.8863001556724,brain observatory 1.1gray,VISal,RS,siegle_survey_2019,Siegle2019
1.54772196067656,brain observatory 1.1gray,VISal,RS,siegle_survey_2019,Siegle2019
3.72647614477933,brain observatory 1.1gray,VISal,RS,siegle_survey_2019,Siegle2019
2.13504365935812,brain observatory 1.1gray,VISal,RS,siegle_survey_2019,Siegle2019
4.67836003692972,brain observatory 1.1gray,VISal,RS,siegle_survey_2019,Siegle2019
2.16931435246777,brain observatory 1.1gray,VISal,RS,siegle_survey_2019,Siegle2019
2.25222069987076,brain observatory 1.1gray,VISal,RS,siegle_survey_2019,Siegle2019
3.27172251645007,brain observatory 1.1gray,VISal,RS,siegle_survey_2019,Siegle2019
1.335633569486,brain observatory 1.1gray,VISal,RS,siegle_survey_2019,Siegle2019
2.26956126015678,brain observatory 1.1gray,VISal,RS,siegle_survey_2019,Siegle2019
21.4182597317413,brain observatory 1.1gray,VISal,FS,siegle_survey_2019,Siegle2019
3.01069065036938,brain observatory 1.1gray,VISal,RS,siegle_survey_2019,Siegle2019
4.26977949811945,brain observatory 1.1gray,VISal,RS,siegle_survey_2019,Siegle2019
2.64079289988946,brain observatory 1.1gray,VISal,RS,siegle_survey_2019,Siegle2019
2.25776147061304,brain observatory 1.1gray,VISal,RS,siegle_survey_2019,Siegle2019
2.23847137988066,brain observatory 1.1gray,VISal,RS,siegle_survey_2019,Siegle2019
13.0450264646364,brain observatory 1.1gray,VISal,FS,siegle_survey_2019,Siegle2019
3.03736843542479,brain observatory 1.1gray,VISal,RS,siegle_survey_2019,Siegle2019
0.830705183879438,brain observatory 1.1gray,VISal,RS,siegle_survey_2019,Siegle2019
3.512540830008,brain observatory 1.1gray,VISal,FS,siegle_survey_2019,Siegle2019
4.27573069632412,brain observatory 1.1gray,VISal,RS,siegle_survey_2019,Siegle2019
7.56243381515146,brain observatory 1.1gray,VISal,FS,siegle_survey_2019,Siegle2019
2.61113951573171,brain observatory 1.1gray,VISal,RS,siegle_survey_2019,Siegle2019
6.19088784270625,brain observatory 1.1gray,VISal,RS,siegle_survey_2019,Siegle2019
0.690749419204098,brain observatory 1.1gray,VISal,RS,siegle_survey_2019,Siegle2019
15.9509555052305,brain observatory 1.1gray,VISal,RS,siegle_survey_2019,Siegle2019
0.982871165560911,brain observatory 1.1gray,VISal,RS,siegle_survey_2019,Siegle2019
1.32373117307666,brain observatory 1.1gray,VISal,RS,siegle_survey_2019,Siegle2019
1.34363690500262,brain observatory 1.1gray,VISal,RS,siegle_survey_2019,Siegle2019
39.1877167159608,brain observatory 1.1gray,VISal,FS,siegle_survey_2019,Siegle2019
9.46363642781229,brain observatory 1.1gray,VISal,FS,siegle_survey_2019,Siegle2019
1.28586923967109,brain observatory 1.1gray,VISal,RS,siegle_survey_2019,Siegle2019
1.27858415221365,brain observatory 1.1gray,VISal,RS,siegle_survey_2019,Siegle2019
0.747696229610853,brain observatory 1.1gray,VISal,RS,siegle_survey_2019,Siegle2019
1.41238350495312,brain observatory 1.1gray,VISal,RS,siegle_survey_2019,Siegle2019
0.357892747204975,brain observatory 1.1gray,VISal,RS,siegle_survey_2019,Siegle2019
2.46718208329806,brain observatory 1.1gray,VISal,RS,siegle_survey_2019,Siegle2019
2.37175769829215,brain observatory 1.1gray,VISal,RS,siegle_survey_2019,Siegle2019
10.6392867013188,brain observatory 1.1gray,VISrl,FS,siegle_survey_2019,Siegle2019
0.546381559308054,brain observatory 1.1gray,VISal,RS,siegle_survey_2019,Siegle2019
1.575842280309,brain observatory 1.1gray,VISrl,RS,siegle_survey_2019,Siegle2019
5.16833272572517,brain observatory 1.1gray,VISrl,FS,siegle_survey_2019,Siegle2019
3.40789975133656,brain observatory 1.1gray,VISrl,RS,siegle_survey_2019,Siegle2019
14.1452696378074,brain observatory 1.1gray,VISrl,FS,siegle_survey_2019,Siegle2019
0.882829471603098,brain observatory 1.1gray,VISal,RS,siegle_survey_2019,Siegle2019
3.2222755147369,brain observatory 1.1gray,VISrl,RS,siegle_survey_2019,Siegle2019
2.4656190358137,brain observatory 1.1gray,VISrl,RS,siegle_survey_2019,Siegle2019
12.6234816312967,brain observatory 1.1gray,VISrl,FS,siegle_survey_2019,Siegle2019
3.53058124846562,brain observatory 1.1gray,VISrl,RS,siegle_survey_2019,Siegle2019
4.32444525811036,brain observatory 1.1gray,VISrl,RS,siegle_survey_2019,Siegle2019
1.45595134798405,brain observatory 1.1gray,VISrl,RS,siegle_survey_2019,Siegle2019
1.56188945628842,brain observatory 1.1gray,VISrl,RS,siegle_survey_2019,Siegle2019
9.43489960271315,brain observatory 1.1gray,VISrl,RS,siegle_survey_2019,Siegle2019
10.4175918307697,brain observatory 1.1gray,VISrl,RS,siegle_survey_2019,Siegle2019
19.3633157587466,brain observatory 1.1gray,VISrl,FS,siegle_survey_2019,Siegle2019
15.396269504067,brain observatory 1.1gray,VISrl,RS,siegle_survey_2019,Siegle2019
4.69803317465844,brain observatory 1.1gray,VISam,RS,siegle_survey_2019,Siegle2019
7.14457701934265,brain observatory 1.1gray,VISam,RS,siegle_survey_2019,Siegle2019
11.9992899646282,brain observatory 1.1gray,VISam,RS,siegle_survey_2019,Siegle2019
4.12159116327462,brain observatory 1.1gray,VISam,RS,siegle_survey_2019,Siegle2019
5.98625486439214,brain observatory 1.1gray,VISam,RS,siegle_survey_2019,Siegle2019
4.09942820947275,brain observatory 1.1gray,VISam,RS,siegle_survey_2019,Siegle2019
9.67023723452685,brain observatory 1.1gray,VISrl,RS,siegle_survey_2019,Siegle2019
26.7097359912097,brain observatory 1.1gray,VISrl,RS,siegle_survey_2019,Siegle2019
15.4651034359019,brain observatory 1.1gray,VISrl,RS,siegle_survey_2019,Siegle2019
8.4056979612547,brain observatory 1.1gray,VISrl,RS,siegle_survey_2019,Siegle2019
8.88334283011344,brain observatory 1.1gray,VISam,RS,siegle_survey_2019,Siegle2019
5.21722088872077,brain observatory 1.1gray,VISam,FS,siegle_survey_2019,Siegle2019
10.0242219195717,brain observatory 1.1gray,VISam,RS,siegle_survey_2019,Siegle2019
1.69197735274462,brain observatory 1.1gray,VISam,RS,siegle_survey_2019,Siegle2019
10.2846366267437,brain observatory 1.1gray,VISam,RS,siegle_survey_2019,Siegle2019
7.15278552075075,brain observatory 1.1gray,VISam,RS,siegle_survey_2019,Siegle2019
13.2917185113335,brain observatory 1.1gray,VISam,RS,siegle_survey_2019,Siegle2019
12.1636652053254,brain observatory 1.1gray,VISam,FS,siegle_survey_2019,Siegle2019
1.35501836994211,brain observatory 1.1gray,VISam,RS,siegle_survey_2019,Siegle2019
11.4151524831743,brain observatory 1.1gray,VISam,RS,siegle_survey_2019,Siegle2019
1.20655753789776,brain observatory 1.1gray,VISrl,RS,siegle_survey_2019,Siegle2019
13.6397639912546,brain observatory 1.1gray,VISrl,RS,siegle_survey_2019,Siegle2019
0.617645009977475,brain observatory 1.1gray,VISrl,RS,siegle_survey_2019,Siegle2019
1.8713331085116,brain observatory 1.1gray,VISam,RS,siegle_survey_2019,Siegle2019
3.10352147918401,brain observatory 1.1gray,VISrl,RS,siegle_survey_2019,Siegle2019
6.54842205273809,brain observatory 1.1gray,VISrl,RS,siegle_survey_2019,Siegle2019
2.13684916018814,brain observatory 1.1gray,VISrl,RS,siegle_survey_2019,Siegle2019
16.970561470596,brain observatory 1.1gray,VISrl,RS,siegle_survey_2019,Siegle2019
3.30878302366447,brain observatory 1.1gray,VISrl,RS,siegle_survey_2019,Siegle2019
5.34300141161238,brain observatory 1.1gray,VISrl,RS,siegle_survey_2019,Siegle2019
1.43600397734723,brain observatory 1.1gray,VISrl,RS,siegle_survey_2019,Siegle2019
4.15876839214753,brain observatory 1.1gray,VISrl,RS,siegle_survey_2019,Siegle2019
2.81278596829601,brain observatory 1.1gray,VISrl,RS,siegle_survey_2019,Siegle2019
1.51744712792659,brain observatory 1.1gray,VISrl,RS,siegle_survey_2019,Siegle2019
1.34815286314361,brain observatory 1.1gray,VISrl,RS,siegle_survey_2019,Siegle2019
15.9130762488491,brain observatory 1.1gray,VISpm,FS,siegle_survey_2019,Siegle2019
4.79223867424732,brain observatory 1.1gray,VISpm,RS,siegle_survey_2019,Siegle2019
61.0553874747463,brain observatory 1.1gray,VISrl,FS,siegle_survey_2019,Siegle2019
0.943417612294912,brain observatory 1.1gray,VISrl,RS,siegle_survey_2019,Siegle2019
6.1882637598141,brain observatory 1.1gray,VISpm,RS,siegle_survey_2019,Siegle2019
0.299210559552341,brain observatory 1.1gray,VISrl,RS,siegle_survey_2019,Siegle2019
2.81206856618122,brain observatory 1.1gray,VISpm,RS,siegle_survey_2019,Siegle2019
1.90295848790249,brain observatory 1.1gray,VISrl,RS,siegle_survey_2019,Siegle2019
0.780634665388198,brain observatory 1.1gray,VISrl,FS,siegle_survey_2019,Siegle2019
3.97581835663299,brain observatory 1.1gray,VISpm,RS,siegle_survey_2019,Siegle2019
7.08517040803247,brain observatory 1.1gray,VISpm,RS,siegle_survey_2019,Siegle2019
5.03885704622638,brain observatory 1.1gray,VISpm,RS,siegle_survey_2019,Siegle2019
2.1965879178466,brain observatory 1.1gray,VISrl,FS,siegle_survey_2019,Siegle2019
2.43564018920231,brain observatory 1.1gray,VISpm,RS,siegle_survey_2019,Siegle2019
2.97665279350615,brain observatory 1.1gray,VISpm,FS,siegle_survey_2019,Siegle2019
6.09374391515602,brain observatory 1.1gray,VISpm,RS,siegle_survey_2019,Siegle2019
0.343408343910579,brain observatory 1.1gray,VISpm,RS,siegle_survey_2019,Siegle2019
3.77532484334626,brain observatory 1.1gray,VISpm,RS,siegle_survey_2019,Siegle2019
3.84157128468958,brain observatory 1.1gray,VISpm,RS,siegle_survey_2019,Siegle2019
1.82920664438186,brain observatory 1.1gray,VISpm,RS,siegle_survey_2019,Siegle2019
1.86707649480709,brain observatory 1.1gray,VISpm,RS,siegle_survey_2019,Siegle2019
14.7759488600587,brain observatory 1.1gray,VISpm,FS,siegle_survey_2019,Siegle2019
8.65599529365469,brain observatory 1.1gray,VISpm,RS,siegle_survey_2019,Siegle2019
9.28894805253314,brain observatory 1.1gray,VISpm,RS,siegle_survey_2019,Siegle2019
4.96125996851581,brain observatory 1.1gray,VISpm,RS,siegle_survey_2019,Siegle2019
0.610410212337177,brain observatory 1.1gray,VISrl,RS,siegle_survey_2019,Siegle2019
9.70025383944046,brain observatory 1.1gray,VISpm,RS,siegle_survey_2019,Siegle2019
4.84022090979973,brain observatory 1.1gray,VISpm,RS,siegle_survey_2019,Siegle2019
6.22768142428941,brain observatory 1.1gray,VISpm,RS,siegle_survey_2019,Siegle2019
18.8101714001813,brain observatory 1.1gray,VISpm,RS,siegle_survey_2019,Siegle2019
11.3730280771611,brain observatory 1.1gray,VISpm,RS,siegle_survey_2019,Siegle2019
12.8603192564687,brain observatory 1.1gray,LGd,FS,siegle_survey_2019,Siegle2019
6.45584326577246,brain observatory 1.1gray,LGd,RS,siegle_survey_2019,Siegle2019
9.10565050602468,brain observatory 1.1gray,LGd,FS,siegle_survey_2019,Siegle2019
9.65278754190474,brain observatory 1.1gray,VISpm,RS,siegle_survey_2019,Siegle2019
7.00189801213829,brain observatory 1.1gray,VISpm,RS,siegle_survey_2019,Siegle2019
5.44613851660349,brain observatory 1.1gray,VISpm,RS,siegle_survey_2019,Siegle2019
7.6751971239221,brain observatory 1.1gray,VISpm,RS,siegle_survey_2019,Siegle2019
6.59007628721427,brain observatory 1.1gray,VISpm,RS,siegle_survey_2019,Siegle2019
11.5183162226618,brain observatory 1.1gray,VISpm,RS,siegle_survey_2019,Siegle2019
5.3570796815958,brain observatory 1.1gray,LGd,RS,siegle_survey_2019,Siegle2019
9.8109428302107,brain observatory 1.1gray,LGd,FS,siegle_survey_2019,Siegle2019
10.614215389351,brain observatory 1.1gray,LGd,FS,siegle_survey_2019,Siegle2019
5.77845670470634,brain observatory 1.1gray,LGd,RS,siegle_survey_2019,Siegle2019
2.34431916024773,brain observatory 1.1gray,VISpm,FS,siegle_survey_2019,Siegle2019
5.53302247861453,brain observatory 1.1gray,VISpm,FS,siegle_survey_2019,Siegle2019
10.8279528639139,brain observatory 1.1gray,LGd,FS,siegle_survey_2019,Siegle2019
7.85629915567875,brain observatory 1.1gray,LGd,FS,siegle_survey_2019,Siegle2019
3.35896286387535,brain observatory 1.1gray,VISpm,RS,siegle_survey_2019,Siegle2019
0.428434929061515,brain observatory 1.1gray,VISpm,RS,siegle_survey_2019,Siegle2019
3.219246848955,brain observatory 1.1gray,VISpm,RS,siegle_survey_2019,Siegle2019
4.41973142619528,brain observatory 1.1gray,VISpm,RS,siegle_survey_2019,Siegle2019
2.46711240822056,brain observatory 1.1gray,VISpm,RS,siegle_survey_2019,Siegle2019
2.20357126929399,brain observatory 1.1gray,VISpm,RS,siegle_survey_2019,Siegle2019
3.12947363405049,brain observatory 1.1gray,VISpm,RS,siegle_survey_2019,Siegle2019
8.69757989780011,brain observatory 1.1gray,VISpm,RS,siegle_survey_2019,Siegle2019
4.80206505954437,brain observatory 1.1gray,LGd,FS,siegle_survey_2019,Siegle2019
14.0235048565142,brain observatory 1.1gray,VISpm,FS,siegle_survey_2019,Siegle2019
1.58155639636942,brain observatory 1.1gray,VISpm,RS,siegle_survey_2019,Siegle2019
1.77431083940577,brain observatory 1.1gray,VISpm,RS,siegle_survey_2019,Siegle2019
1.01877120776116,brain observatory 1.1gray,VISpm,RS,siegle_survey_2019,Siegle2019
2.2255502288051,brain observatory 1.1gray,VISpm,RS,siegle_survey_2019,Siegle2019
0.908773222602304,brain observatory 1.1gray,VISpm,RS,siegle_survey_2019,Siegle2019
0.544211420007329,brain observatory 1.1gray,VISpm,RS,siegle_survey_2019,Siegle2019
2.14413520977101,brain observatory 1.1gray,VISpm,RS,siegle_survey_2019,Siegle2019
10.9444899604963,brain observatory 1.1gray,VISpm,RS,siegle_survey_2019,Siegle2019
10.4263850041336,brain observatory 1.1gray,VISpm,FS,siegle_survey_2019,Siegle2019
2.56369600494541,brain observatory 1.1gray,VISpm,RS,siegle_survey_2019,Siegle2019
6.01697233827216,brain observatory 1.1gray,VISpm,RS,siegle_survey_2019,Siegle2019
3.42128817629181,brain observatory 1.1gray,VISpm,RS,siegle_survey_2019,Siegle2019
16.7862742088104,brain observatory 1.1gray,VISal,RS,siegle_survey_2019,Siegle2019
6.85239275838939,brain observatory 1.1gray,VISal,FS,siegle_survey_2019,Siegle2019
3.23482817705911,brain observatory 1.1gray,VISpm,RS,siegle_survey_2019,Siegle2019
3.86304501086507,brain observatory 1.1gray,VISal,RS,siegle_survey_2019,Siegle2019
4.01408228293056,brain observatory 1.1gray,VISal,RS,siegle_survey_2019,Siegle2019
1.72892529504307,brain observatory 1.1gray,VISal,RS,siegle_survey_2019,Siegle2019
0.550690923352887,brain observatory 1.1gray,VISal,RS,siegle_survey_2019,Siegle2019
1.05541398129454,brain observatory 1.1gray,VISal,RS,siegle_survey_2019,Siegle2019
7.11280892449143,brain observatory 1.1gray,VISal,RS,siegle_survey_2019,Siegle2019
8.27339491928265,brain observatory 1.1gray,VISal,FS,siegle_survey_2019,Siegle2019
4.33421563133022,brain observatory 1.1gray,VISal,RS,siegle_survey_2019,Siegle2019
0.501747459511015,brain observatory 1.1gray,VISal,RS,siegle_survey_2019,Siegle2019
22.9172382580338,brain observatory 1.1gray,VISal,FS,siegle_survey_2019,Siegle2019
0.745438710296017,brain observatory 1.1gray,VISal,FS,siegle_survey_2019,Siegle2019
6.22741448111299,brain observatory 1.1gray,VISal,RS,siegle_survey_2019,Siegle2019
2.0099654364747,brain observatory 1.1gray,VISal,RS,siegle_survey_2019,Siegle2019
1.97066701582179,brain observatory 1.1gray,VISal,RS,siegle_survey_2019,Siegle2019
2.83338534702192,brain observatory 1.1gray,VISal,RS,siegle_survey_2019,Siegle2019
4.71191141833637,brain observatory 1.1gray,VISal,RS,siegle_survey_2019,Siegle2019
2.98924514068188,brain observatory 1.1gray,VISal,RS,siegle_survey_2019,Siegle2019
1.80239179422709,brain observatory 1.1gray,VISal,FS,siegle_survey_2019,Siegle2019
10.7288792656136,brain observatory 1.1gray,VISal,FS,siegle_survey_2019,Siegle2019
1.75334572354279,brain observatory 1.1gray,VISal,RS,siegle_survey_2019,Siegle2019
2.91742035097683,brain observatory 1.1gray,VISal,FS,siegle_survey_2019,Siegle2019
4.48976760446288,brain observatory 1.1gray,VISal,RS,siegle_survey_2019,Siegle2019
2.25591403779329,brain observatory 1.1gray,VISal,RS,siegle_survey_2019,Siegle2019
3.94379659586204,brain observatory 1.1gray,VISal,RS,siegle_survey_2019,Siegle2019
0.436899935091595,brain observatory 1.1gray,VISal,RS,siegle_survey_2019,Siegle2019
1.53674267916083,brain observatory 1.1gray,VISal,RS,siegle_survey_2019,Siegle2019
1.3138806173903,brain observatory 1.1gray,VISal,RS,siegle_survey_2019,Siegle2019
5.40820145110564,brain observatory 1.1gray,VISal,RS,siegle_survey_2019,Siegle2019
1.13924377156458,brain observatory 1.1gray,VISal,RS,siegle_survey_2019,Siegle2019
2.33943600753602,brain observatory 1.1gray,VISal,RS,siegle_survey_2019,Siegle2019
7.82325870151684,brain observatory 1.1gray,VISal,RS,siegle_survey_2019,Siegle2019
3.74792013365212,brain observatory 1.1gray,VISal,FS,siegle_survey_2019,Siegle2019
3.07461403358846,brain observatory 1.1gray,VISal,FS,siegle_survey_2019,Siegle2019
17.8318379332311,brain observatory 1.1gray,VISal,FS,siegle_survey_2019,Siegle2019
15.8800505764175,brain observatory 1.1gray,VISal,RS,siegle_survey_2019,Siegle2019
10.846466707045,brain observatory 1.1gray,VISal,RS,siegle_survey_2019,Siegle2019
9.14226966102892,brain observatory 1.1gray,VISal,RS,siegle_survey_2019,Siegle2019
13.6566629076764,brain observatory 1.1gray,VISal,RS,siegle_survey_2019,Siegle2019
14.327609050364,brain observatory 1.1gray,VISal,RS,siegle_survey_2019,Siegle2019
7.17847730365033,brain observatory 1.1gray,VISal,RS,siegle_survey_2019,Siegle2019
9.46866202681717,brain observatory 1.1gray,VISal,RS,siegle_survey_2019,Siegle2019
7.0642758880193,brain observatory 1.1gray,VISal,RS,siegle_survey_2019,Siegle2019
13.5795025621647,brain observatory 1.1gray,VISal,RS,siegle_survey_2019,Siegle2019
0.742770932392687,brain observatory 1.1gray,VISal,RS,siegle_survey_2019,Siegle2019
10.8105543121924,brain observatory 1.1gray,VISal,RS,siegle_survey_2019,Siegle2019
8.8279849026481,brain observatory 1.1gray,VISal,RS,siegle_survey_2019,Siegle2019
2.03294936918031,brain observatory 1.1gray,VISal,RS,siegle_survey_2019,Siegle2019
3.41280618625682,brain observatory 1.1gray,VISal,RS,siegle_survey_2019,Siegle2019
3.72175538883099,brain observatory 1.1gray,VISal,RS,siegle_survey_2019,Siegle2019
4.10396587690431,brain observatory 1.1gray,VISal,RS,siegle_survey_2019,Siegle2019
3.46913734275407,brain observatory 1.1gray,VISal,RS,siegle_survey_2019,Siegle2019
4.75018377056492,brain observatory 1.1gray,VISal,RS,siegle_survey_2019,Siegle2019
3.89628962781427,brain observatory 1.1gray,VISal,RS,siegle_survey_2019,Siegle2019
3.25386818732378,brain observatory 1.1gray,VISal,RS,siegle_survey_2019,Siegle2019
5.51768295198463,brain observatory 1.1gray,VISal,RS,siegle_survey_2019,Siegle2019
3.59975585317483,brain observatory 1.1gray,VISal,RS,siegle_survey_2019,Siegle2019
6.47633868086222,brain observatory 1.1gray,VISal,RS,siegle_survey_2019,Siegle2019
3.93035509950295,brain observatory 1.1gray,VISal,RS,siegle_survey_2019,Siegle2019
4.66974000609526,brain observatory 1.1gray,VISal,RS,siegle_survey_2019,Siegle2019
10.1547939821853,brain observatory 1.1gray,VISal,RS,siegle_survey_2019,Siegle2019
2.53048994815146,brain observatory 1.1gray,VISal,RS,siegle_survey_2019,Siegle2019
1.12046671939883,brain observatory 1.1gray,VISal,RS,siegle_survey_2019,Siegle2019
1.13277954049113,brain observatory 1.1gray,VISal,FS,siegle_survey_2019,Siegle2019
2.00391163277099,brain observatory 1.1gray,VISal,RS,siegle_survey_2019,Siegle2019
4.23673913101622,brain observatory 1.1gray,VISal,RS,siegle_survey_2019,Siegle2019
3.38992486039364,brain observatory 1.1gray,VISal,RS,siegle_survey_2019,Siegle2019
0.460704722536699,brain observatory 1.1gray,VISal,RS,siegle_survey_2019,Siegle2019
0.840247432706687,brain observatory 1.1gray,VISal,RS,siegle_survey_2019,Siegle2019
0.244306891839617,brain observatory 1.1gray,VISal,RS,siegle_survey_2019,Siegle2019
1.29253839416365,brain observatory 1.1gray,VISal,RS,siegle_survey_2019,Siegle2019
9.72948862028895,brain observatory 1.1gray,VISal,RS,siegle_survey_2019,Siegle2019
1.03427697175277,brain observatory 1.1gray,VISal,RS,siegle_survey_2019,Siegle2019
2.07840420037937,brain observatory 1.1gray,VISal,RS,siegle_survey_2019,Siegle2019
1.70891696076809,brain observatory 1.1gray,VISal,RS,siegle_survey_2019,Siegle2019
2.31870942536399,brain observatory 1.1gray,VISal,FS,siegle_survey_2019,Siegle2019
4.52698851108391,brain observatory 1.1gray,VISp,RS,siegle_survey_2019,Siegle2019
2.36374057864551,brain observatory 1.1gray,VISp,RS,siegle_survey_2019,Siegle2019
4.86835956222571,brain observatory 1.1gray,VISp,RS,siegle_survey_2019,Siegle2019
12.1549436310068,brain observatory 1.1gray,VISp,FS,siegle_survey_2019,Siegle2019
1.05202205811748,brain observatory 1.1gray,VISp,RS,siegle_survey_2019,Siegle2019
7.78206973333291,brain observatory 1.1gray,VISp,FS,siegle_survey_2019,Siegle2019
5.11399896602296,brain observatory 1.1gray,VISp,RS,siegle_survey_2019,Siegle2019
14.318909807316,brain observatory 1.1gray,VISp,RS,siegle_survey_2019,Siegle2019
6.019499274507,brain observatory 1.1gray,VISp,RS,siegle_survey_2019,Siegle2019
10.6426298580045,brain observatory 1.1gray,VISp,RS,siegle_survey_2019,Siegle2019
1.78811941937124,brain observatory 1.1gray,VISp,RS,siegle_survey_2019,Siegle2019
14.1939353738051,brain observatory 1.1gray,VISp,RS,siegle_survey_2019,Siegle2019
6.01282986713573,brain observatory 1.1gray,VISp,RS,siegle_survey_2019,Siegle2019
5.29561205905602,brain observatory 1.1gray,VISp,RS,siegle_survey_2019,Siegle2019
2.9932300282262,brain observatory 1.1gray,VISp,RS,siegle_survey_2019,Siegle2019
8.0065722460766,brain observatory 1.1gray,VISp,RS,siegle_survey_2019,Siegle2019
11.0846576573188,brain observatory 1.1gray,VISp,RS,siegle_survey_2019,Siegle2019
10.9353655384696,brain observatory 1.1gray,VISp,RS,siegle_survey_2019,Siegle2019
9.47286967774697,brain observatory 1.1gray,VISpm,FS,siegle_survey_2019,Siegle2019
8.27673454774668,brain observatory 1.1gray,VISp,RS,siegle_survey_2019,Siegle2019
11.4088934618298,brain observatory 1.1gray,VISp,RS,siegle_survey_2019,Siegle2019
8.87174829153126,brain observatory 1.1gray,VISp,FS,siegle_survey_2019,Siegle2019
7.92972015190612,brain observatory 1.1gray,VISp,RS,siegle_survey_2019,Siegle2019
22.6107274763485,brain observatory 1.1gray,VISp,FS,siegle_survey_2019,Siegle2019
11.6890085714232,brain observatory 1.1gray,VISp,FS,siegle_survey_2019,Siegle2019
11.0045221625963,brain observatory 1.1gray,VISp,RS,siegle_survey_2019,Siegle2019
10.195422233196,brain observatory 1.1gray,VISpm,FS,siegle_survey_2019,Siegle2019
2.8158237921504,brain observatory 1.1gray,VISp,RS,siegle_survey_2019,Siegle2019
1.77047114140419,brain observatory 1.1gray,VISp,RS,siegle_survey_2019,Siegle2019
1.12487250786521,brain observatory 1.1gray,VISp,RS,siegle_survey_2019,Siegle2019
4.36694186423031,brain observatory 1.1gray,VISpm,RS,siegle_survey_2019,Siegle2019
2.12456536968503,brain observatory 1.1gray,VISp,RS,siegle_survey_2019,Siegle2019
9.58383578624845,brain observatory 1.1gray,VISp,FS,siegle_survey_2019,Siegle2019
13.7450353020478,brain observatory 1.1gray,VISpm,RS,siegle_survey_2019,Siegle2019
13.4200881937183,brain observatory 1.1gray,VISpm,RS,siegle_survey_2019,Siegle2019
5.59520886021898,brain observatory 1.1gray,VISpm,RS,siegle_survey_2019,Siegle2019
4.68568769186655,brain observatory 1.1gray,VISpm,RS,siegle_survey_2019,Siegle2019
1.40786059294158,brain observatory 1.1gray,VISp,RS,siegle_survey_2019,Siegle2019
1.9030384386916,brain observatory 1.1gray,VISp,RS,siegle_survey_2019,Siegle2019
1.29858491831999,brain observatory 1.1gray,VISp,RS,siegle_survey_2019,Siegle2019
2.04586636270404,brain observatory 1.1gray,VISp,RS,siegle_survey_2019,Siegle2019
0.752719576548313,brain observatory 1.1gray,VISp,RS,siegle_survey_2019,Siegle2019
23.4985129311672,brain observatory 1.1gray,VISpm,RS,siegle_survey_2019,Siegle2019
22.2769492889832,brain observatory 1.1gray,VISp,FS,siegle_survey_2019,Siegle2019
9.24734976986685,brain observatory 1.1gray,VISpm,RS,siegle_survey_2019,Siegle2019
1.10010719499355,brain observatory 1.1gray,VISpm,RS,siegle_survey_2019,Siegle2019
9.94808803498707,brain observatory 1.1gray,VISp,FS,siegle_survey_2019,Siegle2019
11.0006585312226,brain observatory 1.1gray,VISpm,RS,siegle_survey_2019,Siegle2019
2.47069358289372,brain observatory 1.1gray,VISpm,RS,siegle_survey_2019,Siegle2019
7.82498268817753,brain observatory 1.1gray,VISpm,RS,siegle_survey_2019,Siegle2019
3.08606733702672,brain observatory 1.1gray,VISpm,RS,siegle_survey_2019,Siegle2019
8.29307602584436,brain observatory 1.1gray,VISpm,RS,siegle_survey_2019,Siegle2019
3.8403497786899,brain observatory 1.1gray,VISpm,RS,siegle_survey_2019,Siegle2019
0.604728222276142,brain observatory 1.1gray,VISpm,RS,siegle_survey_2019,Siegle2019
0.278850921842596,brain observatory 1.1gray,VISpm,RS,siegle_survey_2019,Siegle2019
20.9604320980728,brain observatory 1.1gray,VISpm,RS,siegle_survey_2019,Siegle2019
0.644416418713339,brain observatory 1.1gray,VISpm,RS,siegle_survey_2019,Siegle2019
1.31756543797236,brain observatory 1.1gray,VISpm,RS,siegle_survey_2019,Siegle2019
3.40874064243538,brain observatory 1.1gray,LGd,RS,siegle_survey_2019,Siegle2019
6.31373058321739,brain observatory 1.1gray,VISpm,FS,siegle_survey_2019,Siegle2019
11.7375487224884,brain observatory 1.1gray,VISrl,FS,siegle_survey_2019,Siegle2019
0.659553500954206,brain observatory 1.1gray,VISrl,RS,siegle_survey_2019,Siegle2019
4.38621547274275,brain observatory 1.1gray,VISrl,RS,siegle_survey_2019,Siegle2019
1.92592084830592,brain observatory 1.1gray,VISrl,FS,siegle_survey_2019,Siegle2019
3.29797271743468,brain observatory 1.1gray,VISrl,RS,siegle_survey_2019,Siegle2019
15.2835209439378,brain observatory 1.1gray,VISrl,FS,siegle_survey_2019,Siegle2019
11.7726400879717,brain observatory 1.1gray,VISrl,FS,siegle_survey_2019,Siegle2019
6.24954645863703,brain observatory 1.1gray,VISrl,RS,siegle_survey_2019,Siegle2019
1.67884480127765,brain observatory 1.1gray,VISrl,RS,siegle_survey_2019,Siegle2019
9.74944843709813,brain observatory 1.1gray,VISrl,RS,siegle_survey_2019,Siegle2019
10.4047950784476,brain observatory 1.1gray,VISrl,FS,siegle_survey_2019,Siegle2019
14.3767887896235,brain observatory 1.1gray,VISrl,FS,siegle_survey_2019,Siegle2019
12.3949474904743,brain observatory 1.1gray,VISrl,RS,siegle_survey_2019,Siegle2019
12.6287873206975,brain observatory 1.1gray,VISrl,RS,siegle_survey_2019,Siegle2019
30.9042062942438,brain observatory 1.1gray,VISrl,RS,siegle_survey_2019,Siegle2019
14.2969610634657,brain observatory 1.1gray,VISrl,RS,siegle_survey_2019,Siegle2019
14.816662134146,brain observatory 1.1gray,VISrl,RS,siegle_survey_2019,Siegle2019
2.86723133644436,brain observatory 1.1gray,VISrl,RS,siegle_survey_2019,Siegle2019
2.4303335755447,brain observatory 1.1gray,VISrl,RS,siegle_survey_2019,Siegle2019
2.29427757954823,brain observatory 1.1gray,VISrl,RS,siegle_survey_2019,Siegle2019
3.64108829104869,brain observatory 1.1gray,VISrl,RS,siegle_survey_2019,Siegle2019
5.70019215806005,brain observatory 1.1gray,VISrl,RS,siegle_survey_2019,Siegle2019
5.1262123378457,brain observatory 1.1gray,VISrl,RS,siegle_survey_2019,Siegle2019
4.06967493907074,brain observatory 1.1gray,VISrl,RS,siegle_survey_2019,Siegle2019
0.954649311275348,brain observatory 1.1gray,VISrl,RS,siegle_survey_2019,Siegle2019
1.80279325011907,brain observatory 1.1gray,VISrl,RS,siegle_survey_2019,Siegle2019
2.53499203400352,brain observatory 1.1gray,VISrl,RS,siegle_survey_2019,Siegle2019
0.983789509512902,brain observatory 1.1gray,VISrl,RS,siegle_survey_2019,Siegle2019
2.48081589080131,brain observatory 1.1gray,VISrl,RS,siegle_survey_2019,Siegle2019
3.72584112113397,brain observatory 1.1gray,VISrl,RS,siegle_survey_2019,Siegle2019
0.736610856152808,brain observatory 1.1gray,VISrl,RS,siegle_survey_2019,Siegle2019
0.966141220439454,brain observatory 1.1gray,VISrl,RS,siegle_survey_2019,Siegle2019
3.3604599735145,brain observatory 1.1gray,VISrl,RS,siegle_survey_2019,Siegle2019
1.9900498056949,brain observatory 1.1gray,VISrl,RS,siegle_survey_2019,Siegle2019
0.902525294709583,brain observatory 1.1gray,VISrl,RS,siegle_survey_2019,Siegle2019
6.45455390961812,brain observatory 1.1gray,VISrl,FS,siegle_survey_2019,Siegle2019
18.5411693729662,brain observatory 1.1gray,VISrl,FS,siegle_survey_2019,Siegle2019
20.9430809945961,brain observatory 1.1gray,VISrl,FS,siegle_survey_2019,Siegle2019
12.9134172851728,brain observatory 1.1gray,VISrl,RS,siegle_survey_2019,Siegle2019
11.2617421516214,brain observatory 1.1gray,VISp,RS,siegle_survey_2019,Siegle2019
6.28999106255656,brain observatory 1.1gray,VISp,RS,siegle_survey_2019,Siegle2019
7.54693674686985,brain observatory 1.1gray,VISp,FS,siegle_survey_2019,Siegle2019
6.445393755322,brain observatory 1.1gray,VISp,RS,siegle_survey_2019,Siegle2019
3.93748735095861,brain observatory 1.1gray,VISp,RS,siegle_survey_2019,Siegle2019
0.88051206996514,brain observatory 1.1gray,VISp,RS,siegle_survey_2019,Siegle2019
4.77342175606673,brain observatory 1.1gray,VISp,RS,siegle_survey_2019,Siegle2019
1.586634663985,brain observatory 1.1gray,VISp,RS,siegle_survey_2019,Siegle2019
16.271673185124,brain observatory 1.1gray,VISp,FS,siegle_survey_2019,Siegle2019
2.71449086048318,brain observatory 1.1gray,VISp,RS,siegle_survey_2019,Siegle2019
13.8402298586751,brain observatory 1.1gray,VISp,FS,siegle_survey_2019,Siegle2019
3.76670949137906,brain observatory 1.1gray,VISp,RS,siegle_survey_2019,Siegle2019
2.74844005432105,brain observatory 1.1gray,VISp,RS,siegle_survey_2019,Siegle2019
25.9435818125508,brain observatory 1.1gray,VISp,FS,siegle_survey_2019,Siegle2019
6.16234622128773,brain observatory 1.1gray,VISp,RS,siegle_survey_2019,Siegle2019
1.75184031545742,brain observatory 1.1gray,VISp,RS,siegle_survey_2019,Siegle2019
2.17254202754554,brain observatory 1.1gray,VISp,RS,siegle_survey_2019,Siegle2019
9.07681743939337,brain observatory 1.1gray,VISp,RS,siegle_survey_2019,Siegle2019
1.98463478748852,brain observatory 1.1gray,VISp,RS,siegle_survey_2019,Siegle2019
3.15572719133645,brain observatory 1.1gray,VISp,RS,siegle_survey_2019,Siegle2019
13.6181670467022,brain observatory 1.1gray,VISp,RS,siegle_survey_2019,Siegle2019
9.939993750803,brain observatory 1.1gray,VISp,RS,siegle_survey_2019,Siegle2019
13.6996863875286,brain observatory 1.1gray,VISp,RS,siegle_survey_2019,Siegle2019
7.6722082402412,brain observatory 1.1gray,VISp,RS,siegle_survey_2019,Siegle2019
3.36819342268043,brain observatory 1.1gray,VISp,RS,siegle_survey_2019,Siegle2019
13.5331392785489,brain observatory 1.1gray,VISp,RS,siegle_survey_2019,Siegle2019
4.96287683170906,brain observatory 1.1gray,VISp,RS,siegle_survey_2019,Siegle2019
13.9084378134679,brain observatory 1.1gray,VISp,RS,siegle_survey_2019,Siegle2019
11.4904090620917,brain observatory 1.1gray,VISp,RS,siegle_survey_2019,Siegle2019
1.66794762673345,brain observatory 1.1gray,VISp,RS,siegle_survey_2019,Siegle2019
5.63360558534476,brain observatory 1.1gray,VISp,RS,siegle_survey_2019,Siegle2019
4.43083414651742,brain observatory 1.1gray,VISp,RS,siegle_survey_2019,Siegle2019
11.2819672032695,brain observatory 1.1gray,VISp,RS,siegle_survey_2019,Siegle2019
10.8035828183687,brain observatory 1.1gray,VISp,FS,siegle_survey_2019,Siegle2019
14.2805374881772,brain observatory 1.1gray,VISp,RS,siegle_survey_2019,Siegle2019
8.8046047544563,brain observatory 1.1gray,VISp,FS,siegle_survey_2019,Siegle2019
20.7135485588166,brain observatory 1.1gray,VISp,RS,siegle_survey_2019,Siegle2019
3.13797867662486,brain observatory 1.1gray,VISp,RS,siegle_survey_2019,Siegle2019
6.83596426801601,brain observatory 1.1gray,VISp,FS,siegle_survey_2019,Siegle2019
20.3663174425114,brain observatory 1.1gray,VISp,FS,siegle_survey_2019,Siegle2019
5.2102209582421,brain observatory 1.1gray,VISp,RS,siegle_survey_2019,Siegle2019
1.47684152646679,brain observatory 1.1gray,VISp,RS,siegle_survey_2019,Siegle2019
3.96668984900152,brain observatory 1.1gray,VISp,RS,siegle_survey_2019,Siegle2019
5.61513474736002,brain observatory 1.1gray,VISp,RS,siegle_survey_2019,Siegle2019
0.447943618389625,brain observatory 1.1gray,VISp,RS,siegle_survey_2019,Siegle2019
4.34405216470086,brain observatory 1.1gray,VISp,RS,siegle_survey_2019,Siegle2019
2.46859138049643,brain observatory 1.1gray,VISp,RS,siegle_survey_2019,Siegle2019
3.20732171084689,brain observatory 1.1gray,VISp,RS,siegle_survey_2019,Siegle2019
1.3864479282845,brain observatory 1.1gray,VISp,RS,siegle_survey_2019,Siegle2019
2.0626457009883,brain observatory 1.1gray,VISp,RS,siegle_survey_2019,Siegle2019
7.45695590484365,brain observatory 1.1gray,VISp,FS,siegle_survey_2019,Siegle2019
1.87587354036052,brain observatory 1.1gray,VISp,RS,siegle_survey_2019,Siegle2019
1.56579047810278,brain observatory 1.1gray,VISp,RS,siegle_survey_2019,Siegle2019
1.64380139160256,brain observatory 1.1gray,VISp,RS,siegle_survey_2019,Siegle2019
1.34011604976412,brain observatory 1.1gray,VISp,FS,siegle_survey_2019,Siegle2019
2.70798995102487,brain observatory 1.1gray,VISp,RS,siegle_survey_2019,Siegle2019
0.682182736967015,brain observatory 1.1gray,VISp,RS,siegle_survey_2019,Siegle2019
2.51729660691429,brain observatory 1.1gray,VISp,RS,siegle_survey_2019,Siegle2019
19.6641160319743,brain observatory 1.1gray,VISp,FS,siegle_survey_2019,Siegle2019
0.325458229071845,brain observatory 1.1gray,VISp,RS,siegle_survey_2019,Siegle2019
0.373028376060469,brain observatory 1.1gray,VISp,RS,siegle_survey_2019,Siegle2019
1.58353899281437,brain observatory 1.1gray,VISp,RS,siegle_survey_2019,Siegle2019
0.90754759818861,brain observatory 1.1gray,VISp,RS,siegle_survey_2019,Siegle2019
0.838514131083643,brain observatory 1.1gray,VISp,RS,siegle_survey_2019,Siegle2019
9.85672019631316,brain observatory 1.1gray,VISp,FS,siegle_survey_2019,Siegle2019
0.677023285015972,brain observatory 1.1gray,VISp,RS,siegle_survey_2019,Siegle2019
0.663608709943258,brain observatory 1.1gray,VISp,RS,siegle_survey_2019,Siegle2019
2.0853472895729,brain observatory 1.1gray,VISp,RS,siegle_survey_2019,Siegle2019
0.264473507010507,brain observatory 1.1gray,VISp,RS,siegle_survey_2019,Siegle2019
0.415129503980987,brain observatory 1.1gray,VISp,RS,siegle_survey_2019,Siegle2019
0.441752276048373,brain observatory 1.1gray,VISp,RS,siegle_survey_2019,Siegle2019
1.01114939336557,brain observatory 1.1gray,VISp,RS,siegle_survey_2019,Siegle2019
0.919104770558948,brain observatory 1.1gray,VISp,RS,siegle_survey_2019,Siegle2019
2.03581655084287,brain observatory 1.1gray,VISp,RS,siegle_survey_2019,Siegle2019
1.01001431393634,brain observatory 1.1gray,VISp,RS,siegle_survey_2019,Siegle2019
1.43989985049731,brain observatory 1.1gray,VISp,RS,siegle_survey_2019,Siegle2019
0.30017691451173,brain observatory 1.1gray,VISp,RS,siegle_survey_2019,Siegle2019
3.16171215559966,brain observatory 1.1gray,VISp,RS,siegle_survey_2019,Siegle2019
0.705193892668671,brain observatory 1.1gray,VISp,RS,siegle_survey_2019,Siegle2019
0.539885052157226,brain observatory 1.1gray,VISp,RS,siegle_survey_2019,Siegle2019
0.564856799600279,brain observatory 1.1gray,VISp,RS,siegle_survey_2019,Siegle2019
1.25044477485498,brain observatory 1.1gray,VISp,RS,siegle_survey_2019,Siegle2019
0.332062327569181,brain observatory 1.1gray,VISp,RS,siegle_survey_2019,Siegle2019
4.97464038215744,brain observatory 1.1gray,VISp,RS,siegle_survey_2019,Siegle2019
3.60893764704955,brain observatory 1.1gray,VISl,RS,siegle_survey_2019,Siegle2019
3.94132619945551,brain observatory 1.1gray,VISl,RS,siegle_survey_2019,Siegle2019
7.72844726203612,brain observatory 1.1gray,VISl,RS,siegle_survey_2019,Siegle2019
7.35988458234717,brain observatory 1.1gray,VISl,RS,siegle_survey_2019,Siegle2019
0.174152584205238,brain observatory 1.1gray,VISl,FS,siegle_survey_2019,Siegle2019
32.5235377122374,brain observatory 1.1gray,VISl,RS,siegle_survey_2019,Siegle2019
2.80235796328832,brain observatory 1.1gray,VISl,RS,siegle_survey_2019,Siegle2019
7.49569259163244,brain observatory 1.1gray,VISl,RS,siegle_survey_2019,Siegle2019
4.50048674785651,brain observatory 1.1gray,VISp,RS,siegle_survey_2019,Siegle2019
5.35623344845664,brain observatory 1.1gray,VISp,RS,siegle_survey_2019,Siegle2019
6.99225209450264,brain observatory 1.1gray,VISl,RS,siegle_survey_2019,Siegle2019
1.82850977144993,brain observatory 1.1gray,VISp,RS,siegle_survey_2019,Siegle2019
5.56006671804449,brain observatory 1.1gray,VISl,RS,siegle_survey_2019,Siegle2019
6.74213384300313,brain observatory 1.1gray,VISl,RS,siegle_survey_2019,Siegle2019
5.69060364021139,brain observatory 1.1gray,VISl,RS,siegle_survey_2019,Siegle2019
11.0323853387654,brain observatory 1.1gray,VISl,RS,siegle_survey_2019,Siegle2019
0.694336534534592,brain observatory 1.1gray,VISl,RS,siegle_survey_2019,Siegle2019
0.588177522418997,brain observatory 1.1gray,VISp,RS,siegle_survey_2019,Siegle2019
8.1297296728198,brain observatory 1.1gray,LGd,FS,siegle_survey_2019,Siegle2019
7.11003818230962,brain observatory 1.1gray,LGd,FS,siegle_survey_2019,Siegle2019
6.97154369647102,brain observatory 1.1gray,LGd,FS,siegle_survey_2019,Siegle2019
18.104846692392,brain observatory 1.1gray,LGd,RS,siegle_survey_2019,Siegle2019
9.40294875568975,brain observatory 1.1gray,LGd,FS,siegle_survey_2019,Siegle2019
11.1907678721346,brain observatory 1.1gray,LGd,FS,siegle_survey_2019,Siegle2019
9.63859608980319,brain observatory 1.1gray,LGd,FS,siegle_survey_2019,Siegle2019
4.68904218417832,brain observatory 1.1gray,VISam,RS,siegle_survey_2019,Siegle2019
1.17365357604956,brain observatory 1.1gray,VISam,RS,siegle_survey_2019,Siegle2019
1.49322497793329,brain observatory 1.1gray,VISam,RS,siegle_survey_2019,Siegle2019
0.727161662600779,brain observatory 1.1gray,VISam,FS,siegle_survey_2019,Siegle2019
2.84828201685388,brain observatory 1.1gray,VISam,RS,siegle_survey_2019,Siegle2019
5.85289295648911,brain observatory 1.1gray,VISam,RS,siegle_survey_2019,Siegle2019
1.90700648311693,brain observatory 1.1gray,VISam,RS,siegle_survey_2019,Siegle2019
37.6980748074242,brain observatory 1.1gray,VISam,FS,siegle_survey_2019,Siegle2019
2.1540371373338,brain observatory 1.1gray,VISam,RS,siegle_survey_2019,Siegle2019
7.35076136777234,brain observatory 1.1gray,VISam,FS,siegle_survey_2019,Siegle2019
3.63745931152832,brain observatory 1.1gray,VISam,RS,siegle_survey_2019,Siegle2019
2.39384467300631,brain observatory 1.1gray,VISam,RS,siegle_survey_2019,Siegle2019
18.0536688645711,brain observatory 1.1gray,VISam,FS,siegle_survey_2019,Siegle2019
7.97648980852885,brain observatory 1.1gray,VISam,RS,siegle_survey_2019,Siegle2019
6.14315913456432,brain observatory 1.1gray,VISam,RS,siegle_survey_2019,Siegle2019
7.95502682771135,brain observatory 1.1gray,VISam,RS,siegle_survey_2019,Siegle2019
19.3925254804708,brain observatory 1.1gray,VISam,RS,siegle_survey_2019,Siegle2019
15.8460774626013,brain observatory 1.1gray,VISam,RS,siegle_survey_2019,Siegle2019
15.6672536849247,brain observatory 1.1gray,VISam,RS,siegle_survey_2019,Siegle2019
8.63162666050166,brain observatory 1.1gray,VISam,RS,siegle_survey_2019,Siegle2019
6.5260876048228,brain observatory 1.1gray,VISam,RS,siegle_survey_2019,Siegle2019
14.591524958855,brain observatory 1.1gray,VISam,RS,siegle_survey_2019,Siegle2019
13.3374883921475,brain observatory 1.1gray,VISam,RS,siegle_survey_2019,Siegle2019
1.26631586823283,brain observatory 1.1gray,VISam,RS,siegle_survey_2019,Siegle2019
5.52279643901219,brain observatory 1.1gray,VISam,RS,siegle_survey_2019,Siegle2019
8.78310577511751,brain observatory 1.1gray,VISam,RS,siegle_survey_2019,Siegle2019
14.2749459917968,brain observatory 1.1gray,VISam,RS,siegle_survey_2019,Siegle2019
18.0694565379609,brain observatory 1.1gray,VISam,RS,siegle_survey_2019,Siegle2019
14.7952169018057,brain observatory 1.1gray,VISam,RS,siegle_survey_2019,Siegle2019
19.9453004239293,brain observatory 1.1gray,VISam,RS,siegle_survey_2019,Siegle2019
9.57352131868527,brain observatory 1.1gray,VISam,RS,siegle_survey_2019,Siegle2019
13.0334982888381,brain observatory 1.1gray,VISam,RS,siegle_survey_2019,Siegle2019
10.5945607186334,brain observatory 1.1gray,VISam,RS,siegle_survey_2019,Siegle2019
3.03030460417157,brain observatory 1.1gray,VISam,RS,siegle_survey_2019,Siegle2019
17.3623132324687,brain observatory 1.1gray,VISam,RS,siegle_survey_2019,Siegle2019
7.15130010854043,brain observatory 1.1gray,VISam,RS,siegle_survey_2019,Siegle2019
0.839016812630472,brain observatory 1.1gray,VISam,RS,siegle_survey_2019,Siegle2019
2.60682348265694,brain observatory 1.1gray,VISam,RS,siegle_survey_2019,Siegle2019
6.31661716703657,brain observatory 1.1gray,VISam,RS,siegle_survey_2019,Siegle2019
3.30013967550704,brain observatory 1.1gray,VISam,RS,siegle_survey_2019,Siegle2019
0.822506827386237,brain observatory 1.1gray,VISam,RS,siegle_survey_2019,Siegle2019
29.43874831418,brain observatory 1.1gray,VISam,FS,siegle_survey_2019,Siegle2019
3.34729632086089,brain observatory 1.1gray,VISam,RS,siegle_survey_2019,Siegle2019
2.06601827850047,brain observatory 1.1gray,VISam,RS,siegle_survey_2019,Siegle2019
0.842937934125978,brain observatory 1.1gray,VISam,RS,siegle_survey_2019,Siegle2019
2.37589006405321,brain observatory 1.1gray,VISam,RS,siegle_survey_2019,Siegle2019
4.23150921809745,brain observatory 1.1gray,VISam,RS,siegle_survey_2019,Siegle2019
1.45979225781371,brain observatory 1.1gray,VISam,RS,siegle_survey_2019,Siegle2019
0.248268903110185,brain observatory 1.1gray,VISam,RS,siegle_survey_2019,Siegle2019
13.7461105269424,brain observatory 1.1gray,VISam,FS,siegle_survey_2019,Siegle2019
0.258381269072279,brain observatory 1.1gray,VISam,RS,siegle_survey_2019,Siegle2019
2.74788066908738,brain observatory 1.1gray,VISam,RS,siegle_survey_2019,Siegle2019
1.69474998532073,brain observatory 1.1gray,VISam,RS,siegle_survey_2019,Siegle2019
0.941585095960282,brain observatory 1.1gray,VISam,RS,siegle_survey_2019,Siegle2019
1.15146828337762,brain observatory 1.1gray,VISam,RS,siegle_survey_2019,Siegle2019
0.337422823429054,brain observatory 1.1gray,VISam,RS,siegle_survey_2019,Siegle2019
4.2663865619259,brain observatory 1.1gray,VISam,RS,siegle_survey_2019,Siegle2019
0.125166325632857,brain observatory 1.1gray,VISam,RS,siegle_survey_2019,Siegle2019
0.546790073807511,brain observatory 1.1gray,VISam,RS,siegle_survey_2019,Siegle2019
0.631300560776439,brain observatory 1.1gray,VISam,RS,siegle_survey_2019,Siegle2019
0.791241042829966,brain observatory 1.1gray,VISam,RS,siegle_survey_2019,Siegle2019
4.88220901153587,brain observatory 1.1gray,VISam,RS,siegle_survey_2019,Siegle2019
0.220511490418315,brain observatory 1.1gray,VISam,RS,siegle_survey_2019,Siegle2019
15.3661528290329,brain observatory 1.1gray,VISam,FS,siegle_survey_2019,Siegle2019
0.394485459929442,brain observatory 1.1gray,VISam,RS,siegle_survey_2019,Siegle2019
0.384992218414007,brain observatory 1.1gray,VISam,RS,siegle_survey_2019,Siegle2019
1.58908607975763,brain observatory 1.1gray,VISam,RS,siegle_survey_2019,Siegle2019
1.36609809155268,brain observatory 1.1gray,VISam,RS,siegle_survey_2019,Siegle2019
8.6330641101586,brain observatory 1.1gray,VISp,RS,siegle_survey_2019,Siegle2019
6.80018260876923,brain observatory 1.1gray,VISp,RS,siegle_survey_2019,Siegle2019
10.9847831629732,brain observatory 1.1gray,VISp,RS,siegle_survey_2019,Siegle2019
1.77045562866809,brain observatory 1.1gray,VISp,RS,siegle_survey_2019,Siegle2019
3.19653541643004,brain observatory 1.1gray,VISp,RS,siegle_survey_2019,Siegle2019
7.10125308432732,brain observatory 1.1gray,VISp,FS,siegle_survey_2019,Siegle2019
7.26351901176509,brain observatory 1.1gray,VISp,RS,siegle_survey_2019,Siegle2019
1.63123766417212,brain observatory 1.1gray,VISp,RS,siegle_survey_2019,Siegle2019
2.80275631863521,brain observatory 1.1gray,VISp,RS,siegle_survey_2019,Siegle2019
3.64354187258821,brain observatory 1.1gray,VISp,RS,siegle_survey_2019,Siegle2019
16.3132068576054,brain observatory 1.1gray,VISam,RS,siegle_survey_2019,Siegle2019
2.93639316206007,brain observatory 1.1gray,VISp,FS,siegle_survey_2019,Siegle2019
2.23885638226551,brain observatory 1.1gray,VISp,RS,siegle_survey_2019,Siegle2019
3.19364150180058,brain observatory 1.1gray,VISp,FS,siegle_survey_2019,Siegle2019
1.56250719172237,brain observatory 1.1gray,VISp,RS,siegle_survey_2019,Siegle2019
0.39522605510956,brain observatory 1.1gray,VISp,RS,siegle_survey_2019,Siegle2019
3.79991661667314,brain observatory 1.1gray,VISp,RS,siegle_survey_2019,Siegle2019
0.216899931146138,brain observatory 1.1gray,VISam,RS,siegle_survey_2019,Siegle2019
1.27352914515167,brain observatory 1.1gray,VISp,RS,siegle_survey_2019,Siegle2019
1.24572689389004,brain observatory 1.1gray,VISp,RS,siegle_survey_2019,Siegle2019
2.8190862654729,brain observatory 1.1gray,VISp,RS,siegle_survey_2019,Siegle2019
3.62855552897135,brain observatory 1.1gray,VISp,RS,siegle_survey_2019,Siegle2019
6.11380807111688,brain observatory 1.1gray,VISp,FS,siegle_survey_2019,Siegle2019
2.90722518325693,brain observatory 1.1gray,VISrl,RS,siegle_survey_2019,Siegle2019
9.25163836220638,brain observatory 1.1gray,VISp,FS,siegle_survey_2019,Siegle2019
7.72065416912638,brain observatory 1.1gray,VISp,RS,siegle_survey_2019,Siegle2019
0.914166960628677,brain observatory 1.1gray,VISp,RS,siegle_survey_2019,Siegle2019
3.3777718364704,brain observatory 1.1gray,VISrl,RS,siegle_survey_2019,Siegle2019
10.3409905120115,brain observatory 1.1gray,VISp,RS,siegle_survey_2019,Siegle2019
5.14196952608675,brain observatory 1.1gray,VISp,RS,siegle_survey_2019,Siegle2019
13.4331844145309,brain observatory 1.1gray,VISrl,RS,siegle_survey_2019,Siegle2019
1.3891970098884,brain observatory 1.1gray,VISrl,RS,siegle_survey_2019,Siegle2019
3.80062722146089,brain observatory 1.1gray,VISrl,RS,siegle_survey_2019,Siegle2019
2.80871358170135,brain observatory 1.1gray,VISrl,RS,siegle_survey_2019,Siegle2019
3.73087608194166,brain observatory 1.1gray,VISp,RS,siegle_survey_2019,Siegle2019
11.2403778372111,brain observatory 1.1gray,VISp,RS,siegle_survey_2019,Siegle2019
0.485660887280289,brain observatory 1.1gray,VISp,RS,siegle_survey_2019,Siegle2019
15.2364605241243,brain observatory 1.1gray,VISp,FS,siegle_survey_2019,Siegle2019
4.09147851559157,brain observatory 1.1gray,VISp,RS,siegle_survey_2019,Siegle2019
5.68766928017454,brain observatory 1.1gray,VISrl,RS,siegle_survey_2019,Siegle2019
1.34646908632212,brain observatory 1.1gray,VISrl,RS,siegle_survey_2019,Siegle2019
5.83473534032816,brain observatory 1.1gray,VISrl,FS,siegle_survey_2019,Siegle2019
8.56112966079765,brain observatory 1.1gray,VISp,RS,siegle_survey_2019,Siegle2019
11.7667602374917,brain observatory 1.1gray,VISp,RS,siegle_survey_2019,Siegle2019
4.55801889549862,brain observatory 1.1gray,VISp,RS,siegle_survey_2019,Siegle2019
6.30490979075536,brain observatory 1.1gray,VISp,RS,siegle_survey_2019,Siegle2019
3.6582008095733,brain observatory 1.1gray,VISrl,RS,siegle_survey_2019,Siegle2019
3.08493450172576,brain observatory 1.1gray,VISrl,RS,siegle_survey_2019,Siegle2019
10.1374863011039,brain observatory 1.1gray,VISp,RS,siegle_survey_2019,Siegle2019
2.0838252414014,brain observatory 1.1gray,VISp,RS,siegle_survey_2019,Siegle2019
15.8796330505225,brain observatory 1.1gray,VISp,FS,siegle_survey_2019,Siegle2019
2.4289245609649,brain observatory 1.1gray,VISp,RS,siegle_survey_2019,Siegle2019
4.64070217062614,brain observatory 1.1gray,VISp,RS,siegle_survey_2019,Siegle2019
14.2144952435481,brain observatory 1.1gray,VISp,RS,siegle_survey_2019,Siegle2019
4.1396452412721,brain observatory 1.1gray,VISrl,RS,siegle_survey_2019,Siegle2019
1.33233434393025,brain observatory 1.1gray,VISrl,RS,siegle_survey_2019,Siegle2019
8.05273087285729,brain observatory 1.1gray,VISp,FS,siegle_survey_2019,Siegle2019
9.82814749803303,brain observatory 1.1gray,VISp,FS,siegle_survey_2019,Siegle2019
2.9300885623316,brain observatory 1.1gray,VISp,RS,siegle_survey_2019,Siegle2019
1.37843355046972,brain observatory 1.1gray,VISp,RS,siegle_survey_2019,Siegle2019
21.8882420372001,brain observatory 1.1gray,VISrl,FS,siegle_survey_2019,Siegle2019
2.8907166673336,brain observatory 1.1gray,VISrl,RS,siegle_survey_2019,Siegle2019
1.49224036091313,brain observatory 1.1gray,VISrl,RS,siegle_survey_2019,Siegle2019
2.11093206224906,brain observatory 1.1gray,VISrl,RS,siegle_survey_2019,Siegle2019
4.02212791857836,brain observatory 1.1gray,VISp,RS,siegle_survey_2019,Siegle2019
10.6306920372396,brain observatory 1.1gray,VISp,RS,siegle_survey_2019,Siegle2019
11.245536307697,brain observatory 1.1gray,VISrl,RS,siegle_survey_2019,Siegle2019
2.68873011956575,brain observatory 1.1gray,VISrl,RS,siegle_survey_2019,Siegle2019
10.0350197054494,brain observatory 1.1gray,VISrl,FS,siegle_survey_2019,Siegle2019
8.21843556110133,brain observatory 1.1gray,VISrl,RS,siegle_survey_2019,Siegle2019
12.3209636162452,brain observatory 1.1gray,VISrl,RS,siegle_survey_2019,Siegle2019
3.99495295464994,brain observatory 1.1gray,VISrl,RS,siegle_survey_2019,Siegle2019
0.764894571114475,brain observatory 1.1gray,VISrl,RS,siegle_survey_2019,Siegle2019
13.419157570936,brain observatory 1.1gray,VISrl,FS,siegle_survey_2019,Siegle2019
17.4302953451186,brain observatory 1.1gray,VISrl,RS,siegle_survey_2019,Siegle2019
10.6200469821573,brain observatory 1.1gray,VISrl,RS,siegle_survey_2019,Siegle2019
2.25446285044583,brain observatory 1.1gray,VISp,RS,siegle_survey_2019,Siegle2019
1.64922127651236,brain observatory 1.1gray,VISp,RS,siegle_survey_2019,Siegle2019
7.63425014661812,brain observatory 1.1gray,VISp,RS,siegle_survey_2019,Siegle2019
1.92178547131047,brain observatory 1.1gray,VISrl,RS,siegle_survey_2019,Siegle2019
4.42210826200775,brain observatory 1.1gray,VISp,RS,siegle_survey_2019,Siegle2019
2.0926103393837,brain observatory 1.1gray,VISp,RS,siegle_survey_2019,Siegle2019
1.70699621500771,brain observatory 1.1gray,VISp,RS,siegle_survey_2019,Siegle2019
2.82580428157701,brain observatory 1.1gray,VISp,RS,siegle_survey_2019,Siegle2019
9.1187431223059,brain observatory 1.1gray,VISrl,RS,siegle_survey_2019,Siegle2019
11.4257272984942,brain observatory 1.1gray,VISrl,RS,siegle_survey_2019,Siegle2019
18.7324180259212,brain observatory 1.1gray,VISrl,RS,siegle_survey_2019,Siegle2019
6.20202284492312,brain observatory 1.1gray,VISrl,RS,siegle_survey_2019,Siegle2019
8.82034172832244,brain observatory 1.1gray,VISp,FS,siegle_survey_2019,Siegle2019
11.6806662772652,brain observatory 1.1gray,VISp,FS,siegle_survey_2019,Siegle2019
2.56576538130095,brain observatory 1.1gray,VISp,RS,siegle_survey_2019,Siegle2019
0.166710153475868,brain observatory 1.1gray,VISp,RS,siegle_survey_2019,Siegle2019
1.87742711586432,brain observatory 1.1gray,VISp,RS,siegle_survey_2019,Siegle2019
12.8436065419338,brain observatory 1.1gray,VISp,FS,siegle_survey_2019,Siegle2019
15.6018172460941,brain observatory 1.1gray,VISp,FS,siegle_survey_2019,Siegle2019
5.87929763203644,brain observatory 1.1gray,VISp,RS,siegle_survey_2019,Siegle2019
10.4758941895196,brain observatory 1.1gray,VISrl,RS,siegle_survey_2019,Siegle2019
12.6449837032894,brain observatory 1.1gray,VISrl,RS,siegle_survey_2019,Siegle2019
2.29101515424935,brain observatory 1.1gray,VISrl,RS,siegle_survey_2019,Siegle2019
1.20572885954711,brain observatory 1.1gray,VISp,RS,siegle_survey_2019,Siegle2019
1.79929142086881,brain observatory 1.1gray,VISp,RS,siegle_survey_2019,Siegle2019
6.8085219822111,brain observatory 1.1gray,VISrl,RS,siegle_survey_2019,Siegle2019
27.3574162536834,brain observatory 1.1gray,VISrl,FS,siegle_survey_2019,Siegle2019
11.6091552531979,brain observatory 1.1gray,VISrl,RS,siegle_survey_2019,Siegle2019
1.83484522917365,brain observatory 1.1gray,VISp,RS,siegle_survey_2019,Siegle2019
5.93407530180842,brain observatory 1.1gray,VISp,FS,siegle_survey_2019,Siegle2019
3.39032434251018,brain observatory 1.1gray,VISp,FS,siegle_survey_2019,Siegle2019
0.743322643396433,brain observatory 1.1gray,VISp,RS,siegle_survey_2019,Siegle2019
2.11514011532756,brain observatory 1.1gray,VISrl,RS,siegle_survey_2019,Siegle2019
5.06476952576012,brain observatory 1.1gray,VISrl,RS,siegle_survey_2019,Siegle2019
3.02839553215827,brain observatory 1.1gray,VISrl,RS,siegle_survey_2019,Siegle2019
4.55009226462088,brain observatory 1.1gray,VISrl,RS,siegle_survey_2019,Siegle2019
1.34277638807098,brain observatory 1.1gray,VISp,RS,siegle_survey_2019,Siegle2019
3.0044419992499,brain observatory 1.1gray,VISrl,RS,siegle_survey_2019,Siegle2019
2.79457883930948,brain observatory 1.1gray,VISrl,RS,siegle_survey_2019,Siegle2019
5.88782154839536,brain observatory 1.1gray,VISrl,RS,siegle_survey_2019,Siegle2019
2.07079370980801,brain observatory 1.1gray,VISrl,RS,siegle_survey_2019,Siegle2019
15.8606158972432,brain observatory 1.1gray,VISp,FS,siegle_survey_2019,Siegle2019
1.01876130366499,brain observatory 1.1gray,VISp,RS,siegle_survey_2019,Siegle2019
1.28075871901944,brain observatory 1.1gray,VISrl,RS,siegle_survey_2019,Siegle2019
1.05935038781237,brain observatory 1.1gray,VISrl,FS,siegle_survey_2019,Siegle2019
1.84873798581964,brain observatory 1.1gray,VISrl,RS,siegle_survey_2019,Siegle2019
0.843886176770283,brain observatory 1.1gray,VISp,RS,siegle_survey_2019,Siegle2019
1.89013966941518,brain observatory 1.1gray,VISp,RS,siegle_survey_2019,Siegle2019
0.771228248751972,brain observatory 1.1gray,VISp,RS,siegle_survey_2019,Siegle2019
1.57635664030623,brain observatory 1.1gray,VISp,RS,siegle_survey_2019,Siegle2019
7.75062685636011,brain observatory 1.1gray,VISp,FS,siegle_survey_2019,Siegle2019
16.8949836690885,brain observatory 1.1gray,VISp,FS,siegle_survey_2019,Siegle2019
1.18483668858909,brain observatory 1.1gray,VISrl,RS,siegle_survey_2019,Siegle2019
0.49288170416856,brain observatory 1.1gray,VISrl,RS,siegle_survey_2019,Siegle2019
0.256043845007004,brain observatory 1.1gray,VISrl,RS,siegle_survey_2019,Siegle2019
0.423235014559009,brain observatory 1.1gray,VISp,RS,siegle_survey_2019,Siegle2019
0.180146185684091,brain observatory 1.1gray,VISp,RS,siegle_survey_2019,Siegle2019
1.78978284422915,brain observatory 1.1gray,VISp,RS,siegle_survey_2019,Siegle2019
0.16640009119414,brain observatory 1.1gray,VISp,RS,siegle_survey_2019,Siegle2019
0.643896005055586,brain observatory 1.1gray,VISp,RS,siegle_survey_2019,Siegle2019
1.55460586551239,brain observatory 1.1gray,VISrl,RS,siegle_survey_2019,Siegle2019
0.335694097017744,brain observatory 1.1gray,VISp,RS,siegle_survey_2019,Siegle2019
1.03808851922605,brain observatory 1.1gray,VISp,RS,siegle_survey_2019,Siegle2019
24.6039468559869,brain observatory 1.1gray,VISrl,FS,siegle_survey_2019,Siegle2019
0.658830053776976,brain observatory 1.1gray,VISrl,RS,siegle_survey_2019,Siegle2019
0.942064395598883,brain observatory 1.1gray,VISrl,RS,siegle_survey_2019,Siegle2019
0.420050016271498,brain observatory 1.1gray,VISrl,RS,siegle_survey_2019,Siegle2019
0.717850695672817,brain observatory 1.1gray,VISrl,RS,siegle_survey_2019,Siegle2019
0.514461463545467,brain observatory 1.1gray,VISrl,RS,siegle_survey_2019,Siegle2019
6.94064082239211,brain observatory 1.1gray,VISp,RS,siegle_survey_2019,Siegle2019
2.07989778583284,brain observatory 1.1gray,VISp,RS,siegle_survey_2019,Siegle2019
16.825943134357,brain observatory 1.1gray,VISp,FS,siegle_survey_2019,Siegle2019
1.59485702311601,brain observatory 1.1gray,VISp,RS,siegle_survey_2019,Siegle2019
1.40462653784289,brain observatory 1.1gray,VISrl,RS,siegle_survey_2019,Siegle2019
0.280321074306024,brain observatory 1.1gray,VISrl,RS,siegle_survey_2019,Siegle2019
1.17844337875502,brain observatory 1.1gray,VISp,RS,siegle_survey_2019,Siegle2019
1.69045045079002,brain observatory 1.1gray,VISrl,RS,siegle_survey_2019,Siegle2019
0.589343228583335,brain observatory 1.1gray,VISrl,RS,siegle_survey_2019,Siegle2019
0.536407747389806,brain observatory 1.1gray,VISp,RS,siegle_survey_2019,Siegle2019
0.19771638164869,brain observatory 1.1gray,VISp,RS,siegle_survey_2019,Siegle2019
0.687531133748263,brain observatory 1.1gray,VISrl,RS,siegle_survey_2019,Siegle2019
0.179975193203406,brain observatory 1.1gray,VISrl,RS,siegle_survey_2019,Siegle2019
0.120510873498365,brain observatory 1.1gray,VISp,RS,siegle_survey_2019,Siegle2019
0.478423265386032,brain observatory 1.1gray,VISrl,RS,siegle_survey_2019,Siegle2019
0.581676840522125,brain observatory 1.1gray,VISp,RS,siegle_survey_2019,Siegle2019
0.230479629417971,brain observatory 1.1gray,VISp,RS,siegle_survey_2019,Siegle2019
1.68332812750246,brain observatory 1.1gray,VISp,RS,siegle_survey_2019,Siegle2019
0.286795002119096,brain observatory 1.1gray,VISrl,RS,siegle_survey_2019,Siegle2019
0.122465134463948,brain observatory 1.1gray,VISrl,RS,siegle_survey_2019,Siegle2019
2.65689997448481,brain observatory 1.1gray,VISrl,RS,siegle_survey_2019,Siegle2019
8.33178692641268,brain observatory 1.1gray,LGd,FS,siegle_survey_2019,Siegle2019
0.793552733036403,brain observatory 1.1gray,VISp,RS,siegle_survey_2019,Siegle2019
0.951374434436063,brain observatory 1.1gray,VISp,RS,siegle_survey_2019,Siegle2019
8.71369103880135,brain observatory 1.1gray,VISrl,RS,siegle_survey_2019,Siegle2019
0.1560646818032,brain observatory 1.1gray,VISp,RS,siegle_survey_2019,Siegle2019
2.0190222245202,brain observatory 1.1gray,VISp,RS,siegle_survey_2019,Siegle2019
0.396776366518201,brain observatory 1.1gray,VISp,RS,siegle_survey_2019,Siegle2019
0.532583645915158,brain observatory 1.1gray,VISp,RS,siegle_survey_2019,Siegle2019
1.95845672548929,brain observatory 1.1gray,VISp,RS,siegle_survey_2019,Siegle2019
10.7927340985133,brain observatory 1.1gray,LP,RS,siegle_survey_2019,Siegle2019
1.34475568339989,brain observatory 1.1gray,LP,RS,siegle_survey_2019,Siegle2019
0.686398695674228,brain observatory 1.1gray,LP,RS,siegle_survey_2019,Siegle2019
22.5953851158852,brain observatory 1.1gray,LP,FS,siegle_survey_2019,Siegle2019
10.0591837902145,brain observatory 1.1gray,LP,FS,siegle_survey_2019,Siegle2019
17.6461275211417,brain observatory 1.1gray,LP,FS,siegle_survey_2019,Siegle2019
5.90558369396701,brain observatory 1.1gray,LP,FS,siegle_survey_2019,Siegle2019
20.3861946004004,brain observatory 1.1gray,LGd,FS,siegle_survey_2019,Siegle2019
11.4635540675494,brain observatory 1.1gray,LP,FS,siegle_survey_2019,Siegle2019
7.51881276642998,brain observatory 1.1gray,LP,FS,siegle_survey_2019,Siegle2019
15.3266628410853,brain observatory 1.1gray,LP,FS,siegle_survey_2019,Siegle2019
19.7644189112115,brain observatory 1.1gray,LP,FS,siegle_survey_2019,Siegle2019
7.40134916757878,brain observatory 1.1gray,LP,FS,siegle_survey_2019,Siegle2019
9.31503994780171,brain observatory 1.1gray,LP,FS,siegle_survey_2019,Siegle2019
22.0954656948785,brain observatory 1.1gray,LGd,FS,siegle_survey_2019,Siegle2019
22.0355202822048,brain observatory 1.1gray,LGd,RS,siegle_survey_2019,Siegle2019
7.04926994555796,brain observatory 1.1gray,LP,RS,siegle_survey_2019,Siegle2019
7.49180964025729,brain observatory 1.1gray,LP,RS,siegle_survey_2019,Siegle2019
5.76840236576431,brain observatory 1.1gray,LGd,FS,siegle_survey_2019,Siegle2019
5.33218269550772,brain observatory 1.1gray,LP,RS,siegle_survey_2019,Siegle2019
8.23148758103379,brain observatory 1.1gray,LP,RS,siegle_survey_2019,Siegle2019
15.9217701986603,brain observatory 1.1gray,LP,RS,siegle_survey_2019,Siegle2019
11.7923690577907,brain observatory 1.1gray,LP,RS,siegle_survey_2019,Siegle2019
13.8850074779965,brain observatory 1.1gray,LP,RS,siegle_survey_2019,Siegle2019
6.79263638873983,brain observatory 1.1gray,LP,RS,siegle_survey_2019,Siegle2019
7.60002986130322,brain observatory 1.1gray,LP,FS,siegle_survey_2019,Siegle2019
62.8271333567251,brain observatory 1.1gray,LGd,FS,siegle_survey_2019,Siegle2019
18.9304512598681,brain observatory 1.1gray,LGd,FS,siegle_survey_2019,Siegle2019
5.88823937830993,brain observatory 1.1gray,LP,FS,siegle_survey_2019,Siegle2019
12.1520299267754,brain observatory 1.1gray,LP,RS,siegle_survey_2019,Siegle2019
6.81112314435036,brain observatory 1.1gray,LP,RS,siegle_survey_2019,Siegle2019
3.36168149214456,brain observatory 1.1gray,LP,FS,siegle_survey_2019,Siegle2019
3.10151675728847,brain observatory 1.1gray,LP,RS,siegle_survey_2019,Siegle2019
3.86954798054628,brain observatory 1.1gray,LP,RS,siegle_survey_2019,Siegle2019
27.8120876265919,brain observatory 1.1gray,LGd,FS,siegle_survey_2019,Siegle2019
8.66468003975026,brain observatory 1.1gray,LP,FS,siegle_survey_2019,Siegle2019
6.20895343069941,brain observatory 1.1gray,LP,RS,siegle_survey_2019,Siegle2019
5.7547816201103,brain observatory 1.1gray,LP,RS,siegle_survey_2019,Siegle2019
8.00590761931425,brain observatory 1.1gray,LP,RS,siegle_survey_2019,Siegle2019
9.45119801861862,brain observatory 1.1gray,LP,RS,siegle_survey_2019,Siegle2019
6.23128293888067,brain observatory 1.1gray,LP,RS,siegle_survey_2019,Siegle2019
0.933373441976742,brain observatory 1.1gray,LP,RS,siegle_survey_2019,Siegle2019
4.12950499904721,brain observatory 1.1gray,LP,RS,siegle_survey_2019,Siegle2019
8.13811907938284,brain observatory 1.1gray,LP,RS,siegle_survey_2019,Siegle2019
5.87234907713908,brain observatory 1.1gray,LP,RS,siegle_survey_2019,Siegle2019
1.16082285089285,brain observatory 1.1gray,LP,FS,siegle_survey_2019,Siegle2019
10.2310690741214,brain observatory 1.1gray,LP,RS,siegle_survey_2019,Siegle2019
7.87878520994744,brain observatory 1.1gray,LP,FS,siegle_survey_2019,Siegle2019
7.2797312416241,brain observatory 1.1gray,LP,FS,siegle_survey_2019,Siegle2019
12.5198061452172,brain observatory 1.1gray,VISal,FS,siegle_survey_2019,Siegle2019
6.07784472015223,brain observatory 1.1gray,VISal,RS,siegle_survey_2019,Siegle2019
2.95293169913732,brain observatory 1.1gray,VISal,RS,siegle_survey_2019,Siegle2019
2.45869210705883,brain observatory 1.1gray,VISal,RS,siegle_survey_2019,Siegle2019
6.0989289687478,brain observatory 1.1gray,VISal,RS,siegle_survey_2019,Siegle2019
0.849881255889055,brain observatory 1.1gray,VISal,RS,siegle_survey_2019,Siegle2019
3.44861824945277,brain observatory 1.1gray,VISal,RS,siegle_survey_2019,Siegle2019
3.21307411930913,brain observatory 1.1gray,VISal,RS,siegle_survey_2019,Siegle2019
1.62906826648708,brain observatory 1.1gray,VISal,FS,siegle_survey_2019,Siegle2019
4.14057434919462,brain observatory 1.1gray,VISal,RS,siegle_survey_2019,Siegle2019
1.14030644487705,brain observatory 1.1gray,VISal,RS,siegle_survey_2019,Siegle2019
0.237094442540374,brain observatory 1.1gray,VISal,RS,siegle_survey_2019,Siegle2019
7.90866030653417,brain observatory 1.1gray,VISal,FS,siegle_survey_2019,Siegle2019
10.3247704997627,brain observatory 1.1gray,VISal,RS,siegle_survey_2019,Siegle2019
5.67765741347554,brain observatory 1.1gray,VISal,RS,siegle_survey_2019,Siegle2019
9.82887724112772,brain observatory 1.1gray,VISal,RS,siegle_survey_2019,Siegle2019
8.56754307514572,brain observatory 1.1gray,VISal,RS,siegle_survey_2019,Siegle2019
8.88577053311512,brain observatory 1.1gray,VISal,RS,siegle_survey_2019,Siegle2019
18.3238656961063,brain observatory 1.1gray,VISal,RS,siegle_survey_2019,Siegle2019
0.747560637704674,brain observatory 1.1gray,VISal,RS,siegle_survey_2019,Siegle2019
6.27452768621776,brain observatory 1.1gray,VISal,FS,siegle_survey_2019,Siegle2019
22.8665910810135,brain observatory 1.1gray,VISal,RS,siegle_survey_2019,Siegle2019
8.7932564636033,brain observatory 1.1gray,VISp,FS,siegle_survey_2019,Siegle2019
0.352806229263936,brain observatory 1.1gray,VISp,RS,siegle_survey_2019,Siegle2019
4.1694903974183,brain observatory 1.1gray,VISp,RS,siegle_survey_2019,Siegle2019
2.7649304824935,brain observatory 1.1gray,VISal,RS,siegle_survey_2019,Siegle2019
6.37367250035281,brain observatory 1.1gray,VISp,FS,siegle_survey_2019,Siegle2019
9.09340659683049,brain observatory 1.1gray,VISp,RS,siegle_survey_2019,Siegle2019
2.63176622006127,brain observatory 1.1gray,VISp,RS,siegle_survey_2019,Siegle2019
2.5163637282173,brain observatory 1.1gray,VISal,RS,siegle_survey_2019,Siegle2019
7.17036858062471,brain observatory 1.1gray,VISp,FS,siegle_survey_2019,Siegle2019
3.73790654268315,brain observatory 1.1gray,VISal,RS,siegle_survey_2019,Siegle2019
3.81201147524699,brain observatory 1.1gray,VISal,RS,siegle_survey_2019,Siegle2019
5.6186235492934,brain observatory 1.1gray,VISp,RS,siegle_survey_2019,Siegle2019
4.60794185972974,brain observatory 1.1gray,VISal,RS,siegle_survey_2019,Siegle2019
7.9154816810798,brain observatory 1.1gray,VISal,RS,siegle_survey_2019,Siegle2019
8.81963644071046,brain observatory 1.1gray,VISp,FS,siegle_survey_2019,Siegle2019
2.27286132777043,brain observatory 1.1gray,VISal,RS,siegle_survey_2019,Siegle2019
1.0546258464176,brain observatory 1.1gray,VISal,RS,siegle_survey_2019,Siegle2019
10.4515599851391,brain observatory 1.1gray,VISp,FS,siegle_survey_2019,Siegle2019
11.9129105189761,brain observatory 1.1gray,VISal,FS,siegle_survey_2019,Siegle2019
14.0239697196083,brain observatory 1.1gray,VISp,RS,siegle_survey_2019,Siegle2019
7.233202778065,brain observatory 1.1gray,VISp,RS,siegle_survey_2019,Siegle2019
23.6513112074149,brain observatory 1.1gray,VISp,FS,siegle_survey_2019,Siegle2019
1.16300387262218,brain observatory 1.1gray,VISp,RS,siegle_survey_2019,Siegle2019
7.99261377258308,brain observatory 1.1gray,VISp,FS,siegle_survey_2019,Siegle2019
4.38489225773429,brain observatory 1.1gray,VISp,FS,siegle_survey_2019,Siegle2019
7.47602319726403,brain observatory 1.1gray,VISp,FS,siegle_survey_2019,Siegle2019
1.917948965504,brain observatory 1.1gray,VISp,RS,siegle_survey_2019,Siegle2019
25.056408491993,brain observatory 1.1gray,VISp,FS,siegle_survey_2019,Siegle2019
0.184797237690579,brain observatory 1.1gray,LGd,FS,siegle_survey_2019,Siegle2019
2.26545842771099,brain observatory 1.1gray,VISp,RS,siegle_survey_2019,Siegle2019
2.00581298374283,brain observatory 1.1gray,VISp,RS,siegle_survey_2019,Siegle2019
47.0942829105897,brain observatory 1.1gray,VISp,FS,siegle_survey_2019,Siegle2019
1.29023014016658,brain observatory 1.1gray,VISp,RS,siegle_survey_2019,Siegle2019
4.57391414094311,brain observatory 1.1gray,VISp,RS,siegle_survey_2019,Siegle2019
3.28693910152344,brain observatory 1.1gray,VISl,RS,siegle_survey_2019,Siegle2019
15.4262628333915,brain observatory 1.1gray,VISp,FS,siegle_survey_2019,Siegle2019
6.39215925596334,brain observatory 1.1gray,VISp,RS,siegle_survey_2019,Siegle2019
4.12119634484022,brain observatory 1.1gray,VISp,RS,siegle_survey_2019,Siegle2019
0.281144086728724,brain observatory 1.1gray,VISp,RS,siegle_survey_2019,Siegle2019
3.93248603616417,brain observatory 1.1gray,VISp,FS,siegle_survey_2019,Siegle2019
1.95378003677161,brain observatory 1.1gray,VISp,RS,siegle_survey_2019,Siegle2019
0.88601411299695,brain observatory 1.1gray,VISp,RS,siegle_survey_2019,Siegle2019
2.78574643742022,brain observatory 1.1gray,VISl,RS,siegle_survey_2019,Siegle2019
1.31151707904728,brain observatory 1.1gray,VISl,RS,siegle_survey_2019,Siegle2019
11.4437013481428,brain observatory 1.1gray,VISl,RS,siegle_survey_2019,Siegle2019
3.00100571941934,brain observatory 1.1gray,VISl,RS,siegle_survey_2019,Siegle2019
2.09076897300921,brain observatory 1.1gray,VISp,RS,siegle_survey_2019,Siegle2019
2.53143922051197,brain observatory 1.1gray,VISp,RS,siegle_survey_2019,Siegle2019
1.67305138275324,brain observatory 1.1gray,VISp,RS,siegle_survey_2019,Siegle2019
2.67715224366691,brain observatory 1.1gray,VISp,RS,siegle_survey_2019,Siegle2019
14.3911083773792,brain observatory 1.1gray,VISp,RS,siegle_survey_2019,Siegle2019
2.46413912143543,brain observatory 1.1gray,VISp,RS,siegle_survey_2019,Siegle2019
22.1178452153389,brain observatory 1.1gray,VISp,FS,siegle_survey_2019,Siegle2019
1.20340189079509,brain observatory 1.1gray,VISl,RS,siegle_survey_2019,Siegle2019
3.8790909509526,brain observatory 1.1gray,VISl,FS,siegle_survey_2019,Siegle2019
16.8222205983419,brain observatory 1.1gray,VISp,FS,siegle_survey_2019,Siegle2019
11.2101401142365,brain observatory 1.1gray,VISp,RS,siegle_survey_2019,Siegle2019
4.97989575713172,brain observatory 1.1gray,VISp,RS,siegle_survey_2019,Siegle2019
2.12161485175263,brain observatory 1.1gray,VISp,RS,siegle_survey_2019,Siegle2019
11.2649772320026,brain observatory 1.1gray,VISp,RS,siegle_survey_2019,Siegle2019
14.8751177321709,brain observatory 1.1gray,VISl,RS,siegle_survey_2019,Siegle2019
3.48724602884756,brain observatory 1.1gray,VISp,RS,siegle_survey_2019,Siegle2019
3.67626791205638,brain observatory 1.1gray,VISp,RS,siegle_survey_2019,Siegle2019
1.42088372757136,brain observatory 1.1gray,VISp,RS,siegle_survey_2019,Siegle2019
7.16725283529709,brain observatory 1.1gray,VISp,RS,siegle_survey_2019,Siegle2019
3.37930473269389,brain observatory 1.1gray,VISl,RS,siegle_survey_2019,Siegle2019
0.998091121016734,brain observatory 1.1gray,VISal,RS,siegle_survey_2019,Siegle2019
6.59032065879984,brain observatory 1.1gray,VISp,RS,siegle_survey_2019,Siegle2019
29.4885562205295,brain observatory 1.1gray,VISp,FS,siegle_survey_2019,Siegle2019
1.65103344910474,brain observatory 1.1gray,VISp,RS,siegle_survey_2019,Siegle2019
5.24442253544649,brain observatory 1.1gray,VISp,RS,siegle_survey_2019,Siegle2019
2.04143633865526,brain observatory 1.1gray,VISp,RS,siegle_survey_2019,Siegle2019
6.00767628253529,brain observatory 1.1gray,VISp,RS,siegle_survey_2019,Siegle2019
1.26925078829395,brain observatory 1.1gray,VISp,RS,siegle_survey_2019,Siegle2019
3.99626968792055,brain observatory 1.1gray,VISl,RS,siegle_survey_2019,Siegle2019
1.35564792934184,brain observatory 1.1gray,VISl,RS,siegle_survey_2019,Siegle2019
0.681492543913011,brain observatory 1.1gray,VISl,RS,siegle_survey_2019,Siegle2019
1.79033087424489,brain observatory 1.1gray,VISl,RS,siegle_survey_2019,Siegle2019
3.63929440083532,brain observatory 1.1gray,VISp,RS,siegle_survey_2019,Siegle2019
4.62407764071776,brain observatory 1.1gray,VISp,RS,siegle_survey_2019,Siegle2019
1.56483116170731,brain observatory 1.1gray,VISp,RS,siegle_survey_2019,Siegle2019
0.681763136234092,brain observatory 1.1gray,VISl,RS,siegle_survey_2019,Siegle2019
12.3807462823005,brain observatory 1.1gray,VISl,RS,siegle_survey_2019,Siegle2019
6.40898428073248,brain observatory 1.1gray,VISp,RS,siegle_survey_2019,Siegle2019
4.16699780115621,brain observatory 1.1gray,VISp,FS,siegle_survey_2019,Siegle2019
1.10328542050951,brain observatory 1.1gray,VISp,RS,siegle_survey_2019,Siegle2019
8.41634182623967,brain observatory 1.1gray,VISl,RS,siegle_survey_2019,Siegle2019
4.01348899281271,brain observatory 1.1gray,VISl,RS,siegle_survey_2019,Siegle2019
2.06145016620135,brain observatory 1.1gray,VISl,RS,siegle_survey_2019,Siegle2019
1.27840625781469,brain observatory 1.1gray,VISl,RS,siegle_survey_2019,Siegle2019
17.7534130185893,brain observatory 1.1gray,VISp,FS,siegle_survey_2019,Siegle2019
19.9888564329776,brain observatory 1.1gray,VISp,FS,siegle_survey_2019,Siegle2019
1.8695727214029,brain observatory 1.1gray,VISl,RS,siegle_survey_2019,Siegle2019
2.12097395003333,brain observatory 1.1gray,VISl,RS,siegle_survey_2019,Siegle2019
0.961012995627973,brain observatory 1.1gray,VISl,RS,siegle_survey_2019,Siegle2019
1.68122066678221,brain observatory 1.1gray,VISl,RS,siegle_survey_2019,Siegle2019
0.844470841962044,brain observatory 1.1gray,VISp,RS,siegle_survey_2019,Siegle2019
11.2890723292028,brain observatory 1.1gray,VISp,FS,siegle_survey_2019,Siegle2019
1.43988977406983,brain observatory 1.1gray,VISp,RS,siegle_survey_2019,Siegle2019
1.14192066257197,brain observatory 1.1gray,VISp,RS,siegle_survey_2019,Siegle2019
0.675493587027565,brain observatory 1.1gray,VISp,RS,siegle_survey_2019,Siegle2019
1.68437192411025,brain observatory 1.1gray,VISp,RS,siegle_survey_2019,Siegle2019
6.70206267774109,brain observatory 1.1gray,VISl,RS,siegle_survey_2019,Siegle2019
6.67745766979555,brain observatory 1.1gray,VISp,FS,siegle_survey_2019,Siegle2019
0.595626648462959,brain observatory 1.1gray,VISp,RS,siegle_survey_2019,Siegle2019
0.458222279515009,brain observatory 1.1gray,VISp,RS,siegle_survey_2019,Siegle2019
1.03328500881569,brain observatory 1.1gray,VISp,RS,siegle_survey_2019,Siegle2019
6.79584947179869,brain observatory 1.1gray,VISl,RS,siegle_survey_2019,Siegle2019
2.40965928274965,brain observatory 1.1gray,VISl,RS,siegle_survey_2019,Siegle2019
7.97786505887273,brain observatory 1.1gray,VISl,RS,siegle_survey_2019,Siegle2019
2.5994729003319,brain observatory 1.1gray,VISl,RS,siegle_survey_2019,Siegle2019
3.30883981490291,brain observatory 1.1gray,VISl,FS,siegle_survey_2019,Siegle2019
13.0661896058985,brain observatory 1.1gray,VISp,FS,siegle_survey_2019,Siegle2019
0.477747616901415,brain observatory 1.1gray,VISp,RS,siegle_survey_2019,Siegle2019
10.0561719030644,brain observatory 1.1gray,VISp,FS,siegle_survey_2019,Siegle2019
48.5820476087283,brain observatory 1.1gray,VISl,FS,siegle_survey_2019,Siegle2019
17.0690723724192,brain observatory 1.1gray,VISl,RS,siegle_survey_2019,Siegle2019
12.7270566865376,brain observatory 1.1gray,VISl,FS,siegle_survey_2019,Siegle2019
0.511813099150037,brain observatory 1.1gray,VISp,RS,siegle_survey_2019,Siegle2019
7.78278296270511,brain observatory 1.1gray,VISl,RS,siegle_survey_2019,Siegle2019
7.27605483748536,brain observatory 1.1gray,VISl,RS,siegle_survey_2019,Siegle2019
22.6663156001408,brain observatory 1.1gray,VISl,RS,siegle_survey_2019,Siegle2019
10.7543321487983,brain observatory 1.1gray,VISl,RS,siegle_survey_2019,Siegle2019
3.30414406176122,brain observatory 1.1gray,VISp,RS,siegle_survey_2019,Siegle2019
12.2095024792359,brain observatory 1.1gray,VISl,RS,siegle_survey_2019,Siegle2019
21.0648949470963,brain observatory 1.1gray,VISl,RS,siegle_survey_2019,Siegle2019
6.84718735658261,brain observatory 1.1gray,VISl,RS,siegle_survey_2019,Siegle2019
8.54088407314412,brain observatory 1.1gray,VISl,RS,siegle_survey_2019,Siegle2019
8.76251444303747,brain observatory 1.1gray,VISp,FS,siegle_survey_2019,Siegle2019
0.478786198677287,brain observatory 1.1gray,VISp,RS,siegle_survey_2019,Siegle2019
0.415952001236992,brain observatory 1.1gray,VISp,RS,siegle_survey_2019,Siegle2019
0.966296484271905,brain observatory 1.1gray,VISp,RS,siegle_survey_2019,Siegle2019
8.74136376898496,brain observatory 1.1gray,VISl,RS,siegle_survey_2019,Siegle2019
14.5283202369131,brain observatory 1.1gray,VISl,RS,siegle_survey_2019,Siegle2019
2.44559438327553,brain observatory 1.1gray,VISl,RS,siegle_survey_2019,Siegle2019
17.6851887048993,brain observatory 1.1gray,VISl,RS,siegle_survey_2019,Siegle2019
6.09566810890146,brain observatory 1.1gray,VISl,RS,siegle_survey_2019,Siegle2019
13.2379602956934,brain observatory 1.1gray,VISl,RS,siegle_survey_2019,Siegle2019
4.87813970770088,brain observatory 1.1gray,VISl,RS,siegle_survey_2019,Siegle2019
2.99463965544042,brain observatory 1.1gray,VISl,RS,siegle_survey_2019,Siegle2019
3.89074408501571,brain observatory 1.1gray,VISl,RS,siegle_survey_2019,Siegle2019
0.491041463632584,brain observatory 1.1gray,VISp,RS,siegle_survey_2019,Siegle2019
2.88425858000929,brain observatory 1.1gray,VISl,RS,siegle_survey_2019,Siegle2019
3.26352493400775,brain observatory 1.1gray,VISl,RS,siegle_survey_2019,Siegle2019
5.08572012079454,brain observatory 1.1gray,VISl,RS,siegle_survey_2019,Siegle2019
3.25563980574448,brain observatory 1.1gray,VISl,RS,siegle_survey_2019,Siegle2019
4.1026057310521,brain observatory 1.1gray,VISp,RS,siegle_survey_2019,Siegle2019
1.7990065206874,brain observatory 1.1gray,VISl,RS,siegle_survey_2019,Siegle2019
2.31703148954845,brain observatory 1.1gray,VISl,RS,siegle_survey_2019,Siegle2019
7.38345862955993,brain observatory 1.1gray,VISl,FS,siegle_survey_2019,Siegle2019
4.7536717617453,brain observatory 1.1gray,VISl,RS,siegle_survey_2019,Siegle2019
2.16856192963326,brain observatory 1.1gray,VISl,RS,siegle_survey_2019,Siegle2019
0.756374720207442,brain observatory 1.1gray,VISl,RS,siegle_survey_2019,Siegle2019
3.17871601388177,brain observatory 1.1gray,VISl,RS,siegle_survey_2019,Siegle2019
2.74021289506251,brain observatory 1.1gray,VISl,RS,siegle_survey_2019,Siegle2019
0.669623611070954,brain observatory 1.1gray,VISl,RS,siegle_survey_2019,Siegle2019
0.990084797806489,brain observatory 1.1gray,VISl,RS,siegle_survey_2019,Siegle2019
0.968936517469733,brain observatory 1.1gray,VISl,RS,siegle_survey_2019,Siegle2019
0.131899885535825,brain observatory 1.1gray,VISp,RS,siegle_survey_2019,Siegle2019
0.236588928543787,brain observatory 1.1gray,VISp,RS,siegle_survey_2019,Siegle2019
15.2916093755376,brain observatory 1.1gray,VISl,RS,siegle_survey_2019,Siegle2019
11.3688713437561,brain observatory 1.1gray,LP,FS,siegle_survey_2019,Siegle2019
14.2645503455855,brain observatory 1.1gray,LP,RS,siegle_survey_2019,Siegle2019
8.07759529311313,brain observatory 1.1gray,LP,FS,siegle_survey_2019,Siegle2019
15.4195607892334,brain observatory 1.1gray,LP,RS,siegle_survey_2019,Siegle2019
2.33349290961962,brain observatory 1.1gray,LP,RS,siegle_survey_2019,Siegle2019
4.29963828401916,brain observatory 1.1gray,LP,RS,siegle_survey_2019,Siegle2019
6.40661579236228,brain observatory 1.1gray,LP,RS,siegle_survey_2019,Siegle2019
2.74466873431181,brain observatory 1.1gray,LP,RS,siegle_survey_2019,Siegle2019
15.0971839870499,brain observatory 1.1gray,LP,FS,siegle_survey_2019,Siegle2019
6.50102317418729,brain observatory 1.1gray,LP,RS,siegle_survey_2019,Siegle2019
7.25669766281077,brain observatory 1.1gray,LP,FS,siegle_survey_2019,Siegle2019
13.2431019404712,brain observatory 1.1gray,LP,FS,siegle_survey_2019,Siegle2019
19.2642702631461,brain observatory 1.1gray,VISam,FS,siegle_survey_2019,Siegle2019
0.340098875619666,brain observatory 1.1gray,VISl,RS,siegle_survey_2019,Siegle2019
15.5368053799685,brain observatory 1.1gray,VISam,RS,siegle_survey_2019,Siegle2019
11.5493016323495,brain observatory 1.1gray,VISam,FS,siegle_survey_2019,Siegle2019
1.91701146965698,brain observatory 1.1gray,VISam,RS,siegle_survey_2019,Siegle2019
1.58524487392704,brain observatory 1.1gray,VISam,RS,siegle_survey_2019,Siegle2019
8.21365206518815,brain observatory 1.1gray,VISam,RS,siegle_survey_2019,Siegle2019
0.601520743659889,brain observatory 1.1gray,VISam,RS,siegle_survey_2019,Siegle2019
8.4858867110301,brain observatory 1.1gray,VISam,FS,siegle_survey_2019,Siegle2019
6.48040414917847,brain observatory 1.1gray,VISam,RS,siegle_survey_2019,Siegle2019
2.63604580189785,brain observatory 1.1gray,VISam,RS,siegle_survey_2019,Siegle2019
0.957782256270823,brain observatory 1.1gray,VISam,RS,siegle_survey_2019,Siegle2019
28.2161805193931,brain observatory 1.1gray,VISam,FS,siegle_survey_2019,Siegle2019
2.50830015942987,brain observatory 1.1gray,VISam,RS,siegle_survey_2019,Siegle2019
4.06336564209425,brain observatory 1.1gray,VISam,RS,siegle_survey_2019,Siegle2019
10.0884950703411,brain observatory 1.1gray,VISam,FS,siegle_survey_2019,Siegle2019
1.93809570190897,brain observatory 1.1gray,VISam,RS,siegle_survey_2019,Siegle2019
2.1673350506096,brain observatory 1.1gray,VISam,FS,siegle_survey_2019,Siegle2019
2.25332564489225,brain observatory 1.1gray,VISam,RS,siegle_survey_2019,Siegle2019
1.20252471692144,brain observatory 1.1gray,VISam,FS,siegle_survey_2019,Siegle2019
12.6889870688337,brain observatory 1.1gray,VISam,RS,siegle_survey_2019,Siegle2019
9.2060579381473,brain observatory 1.1gray,VISam,RS,siegle_survey_2019,Siegle2019
2.27347969042725,brain observatory 1.1gray,VISam,RS,siegle_survey_2019,Siegle2019
29.0343314140343,brain observatory 1.1gray,VISam,FS,siegle_survey_2019,Siegle2019
13.6997899679735,brain observatory 1.1gray,VISam,FS,siegle_survey_2019,Siegle2019
8.39906928411011,brain observatory 1.1gray,VISam,RS,siegle_survey_2019,Siegle2019
19.4882385537837,brain observatory 1.1gray,VISam,RS,siegle_survey_2019,Siegle2019
23.9868282253542,brain observatory 1.1gray,VISam,RS,siegle_survey_2019,Siegle2019
7.06135743098469,brain observatory 1.1gray,VISam,RS,siegle_survey_2019,Siegle2019
3.0337523004551,brain observatory 1.1gray,VISam,RS,siegle_survey_2019,Siegle2019
15.4912262308355,brain observatory 1.1gray,VISam,RS,siegle_survey_2019,Siegle2019
2.86848912706814,brain observatory 1.1gray,VISam,RS,siegle_survey_2019,Siegle2019
12.7935813974563,brain observatory 1.1gray,VISam,RS,siegle_survey_2019,Siegle2019
4.11028839426291,brain observatory 1.1gray,VISam,FS,siegle_survey_2019,Siegle2019
4.14677238438523,brain observatory 1.1gray,VISam,RS,siegle_survey_2019,Siegle2019
3.42536090831203,brain observatory 1.1gray,VISam,RS,siegle_survey_2019,Siegle2019
1.60043792363804,brain observatory 1.1gray,VISam,RS,siegle_survey_2019,Siegle2019
3.09861852227618,brain observatory 1.1gray,VISrl,RS,siegle_survey_2019,Siegle2019
1.5600586164944,brain observatory 1.1gray,VISrl,RS,siegle_survey_2019,Siegle2019
2.42779643293877,brain observatory 1.1gray,VISrl,FS,siegle_survey_2019,Siegle2019
6.84780672524746,brain observatory 1.1gray,VISrl,RS,siegle_survey_2019,Siegle2019
2.32670704145557,brain observatory 1.1gray,VISam,RS,siegle_survey_2019,Siegle2019
4.69217186278613,brain observatory 1.1gray,VISam,RS,siegle_survey_2019,Siegle2019
6.60529711406881,brain observatory 1.1gray,VISrl,RS,siegle_survey_2019,Siegle2019
9.39607902498161,brain observatory 1.1gray,VISrl,RS,siegle_survey_2019,Siegle2019
13.7853471995563,brain observatory 1.1gray,VISrl,RS,siegle_survey_2019,Siegle2019
12.4337326043191,brain observatory 1.1gray,VISrl,RS,siegle_survey_2019,Siegle2019
15.9398919035824,brain observatory 1.1gray,VISrl,RS,siegle_survey_2019,Siegle2019
0.306548200291277,brain observatory 1.1gray,VISam,RS,siegle_survey_2019,Siegle2019
6.66003054665603,brain observatory 1.1gray,VISrl,RS,siegle_survey_2019,Siegle2019
15.8826658668546,brain observatory 1.1gray,VISrl,RS,siegle_survey_2019,Siegle2019
6.15855954509653,brain observatory 1.1gray,VISam,RS,siegle_survey_2019,Siegle2019
6.05453545750335,brain observatory 1.1gray,VISrl,RS,siegle_survey_2019,Siegle2019
6.62638039075801,brain observatory 1.1gray,VISrl,RS,siegle_survey_2019,Siegle2019
2.42426524373959,brain observatory 1.1gray,VISrl,RS,siegle_survey_2019,Siegle2019
1.55392858778805,brain observatory 1.1gray,VISam,RS,siegle_survey_2019,Siegle2019
2.86094427925247,brain observatory 1.1gray,VISam,RS,siegle_survey_2019,Siegle2019
13.2609485457089,brain observatory 1.1gray,VISam,RS,siegle_survey_2019,Siegle2019
1.39476330510141,brain observatory 1.1gray,VISam,RS,siegle_survey_2019,Siegle2019
1.55961306216971,brain observatory 1.1gray,VISam,RS,siegle_survey_2019,Siegle2019
2.21270749158326,brain observatory 1.1gray,VISam,RS,siegle_survey_2019,Siegle2019
0.349276155200764,brain observatory 1.1gray,VISrl,FS,siegle_survey_2019,Siegle2019
4.15236692271239,brain observatory 1.1gray,VISrl,RS,siegle_survey_2019,Siegle2019
3.62871233617589,brain observatory 1.1gray,VISrl,RS,siegle_survey_2019,Siegle2019
2.812592197143,brain observatory 1.1gray,VISrl,RS,siegle_survey_2019,Siegle2019
2.85133234984347,brain observatory 1.1gray,VISam,RS,siegle_survey_2019,Siegle2019
4.6727412958088,brain observatory 1.1gray,VISam,RS,siegle_survey_2019,Siegle2019
7.82121662469389,brain observatory 1.1gray,VISam,FS,siegle_survey_2019,Siegle2019
1.91928525940964,brain observatory 1.1gray,VISam,RS,siegle_survey_2019,Siegle2019
6.22201895001185,brain observatory 1.1gray,VISam,RS,siegle_survey_2019,Siegle2019
0.679026911300207,brain observatory 1.1gray,VISrl,RS,siegle_survey_2019,Siegle2019
2.89152466159515,brain observatory 1.1gray,VISrl,RS,siegle_survey_2019,Siegle2019
4.82456843883911,brain observatory 1.1gray,VISam,RS,siegle_survey_2019,Siegle2019
2.65576585329728,brain observatory 1.1gray,VISrl,RS,siegle_survey_2019,Siegle2019
1.16300754859892,brain observatory 1.1gray,VISrl,RS,siegle_survey_2019,Siegle2019
3.99097080460891,brain observatory 1.1gray,VISrl,RS,siegle_survey_2019,Siegle2019
1.3186914488802,brain observatory 1.1gray,VISrl,RS,siegle_survey_2019,Siegle2019
1.04346640835625,brain observatory 1.1gray,VISrl,RS,siegle_survey_2019,Siegle2019
6.35203838223249,brain observatory 1.1gray,VISam,RS,siegle_survey_2019,Siegle2019
0.232960095568624,brain observatory 1.1gray,VISam,RS,siegle_survey_2019,Siegle2019
1.71730039436356,brain observatory 1.1gray,VISrl,RS,siegle_survey_2019,Siegle2019
0.762840725527688,brain observatory 1.1gray,VISrl,RS,siegle_survey_2019,Siegle2019
9.1765221435976,brain observatory 1.1gray,VISrl,FS,siegle_survey_2019,Siegle2019
5.3275259164967,brain observatory 1.1gray,VISrl,RS,siegle_survey_2019,Siegle2019
23.286011739937,brain observatory 1.1gray,VISrl,FS,siegle_survey_2019,Siegle2019
0.687647167286429,brain observatory 1.1gray,VISrl,RS,siegle_survey_2019,Siegle2019
2.66999446859984,brain observatory 1.1gray,VISrl,RS,siegle_survey_2019,Siegle2019
0.60978907003322,brain observatory 1.1gray,VISam,RS,siegle_survey_2019,Siegle2019
2.47764851575065,brain observatory 1.1gray,VISrl,RS,siegle_survey_2019,Siegle2019
18.6316966584125,brain observatory 1.1gray,VISrl,FS,siegle_survey_2019,Siegle2019
14.6673908618126,brain observatory 1.1gray,VISam,FS,siegle_survey_2019,Siegle2019
0.376694800747301,brain observatory 1.1gray,VISrl,RS,siegle_survey_2019,Siegle2019
2.02440999618593,brain observatory 1.1gray,VISrl,RS,siegle_survey_2019,Siegle2019
0.295373590660415,brain observatory 1.1gray,VISrl,RS,siegle_survey_2019,Siegle2019
1.36044975065208,brain observatory 1.1gray,VISam,RS,siegle_survey_2019,Siegle2019
4.74570927605346,brain observatory 1.1gray,VISam,FS,siegle_survey_2019,Siegle2019
0.300967079989278,brain observatory 1.1gray,VISam,RS,siegle_survey_2019,Siegle2019
8.54252474668742,brain observatory 1.1gray,VISam,FS,siegle_survey_2019,Siegle2019
0.129089245503643,brain observatory 1.1gray,VISam,RS,siegle_survey_2019,Siegle2019
0.123094708882977,brain observatory 1.1gray,VISam,RS,siegle_survey_2019,Siegle2019
3.73201246268298,brain observatory 1.1gray,VISam,RS,siegle_survey_2019,Siegle2019
0.391815316016261,brain observatory 1.1gray,VISam,RS,siegle_survey_2019,Siegle2019
13.6283846026425,brain observatory 1.1gray,LGd,RS,siegle_survey_2019,Siegle2019
3.57724198949547,brain observatory 1.1gray,LGd,FS,siegle_survey_2019,Siegle2019
7.7978054459794,brain observatory 1.1gray,LGd,FS,siegle_survey_2019,Siegle2019
7.52891560301459,brain observatory 1.1gray,LGd,FS,siegle_survey_2019,Siegle2019
10.9310267172607,brain observatory 1.1gray,LGd,RS,siegle_survey_2019,Siegle2019
5.80107176940141,brain observatory 1.1gray,LGd,FS,siegle_survey_2019,Siegle2019
12.6559500244896,brain observatory 1.1gray,LGd,RS,siegle_survey_2019,Siegle2019
29.6665055957202,brain observatory 1.1gray,LGd,RS,siegle_survey_2019,Siegle2019
2.53622539521562,brain observatory 1.1gray,LGd,RS,siegle_survey_2019,Siegle2019
21.3378693024496,brain observatory 1.1gray,LGd,FS,siegle_survey_2019,Siegle2019
20.6766218459301,brain observatory 1.1gray,LGd,RS,siegle_survey_2019,Siegle2019
17.732429127175,brain observatory 1.1gray,LGd,RS,siegle_survey_2019,Siegle2019
10.3572943444628,brain observatory 1.1gray,LGd,FS,siegle_survey_2019,Siegle2019
15.3335691798261,brain observatory 1.1gray,LGd,FS,siegle_survey_2019,Siegle2019
19.1951093066585,brain observatory 1.1gray,LGd,FS,siegle_survey_2019,Siegle2019
17.8868141943155,brain observatory 1.1gray,LGd,RS,siegle_survey_2019,Siegle2019
6.999393957206,brain observatory 1.1gray,LGd,FS,siegle_survey_2019,Siegle2019
14.6452313233974,brain observatory 1.1gray,LGd,FS,siegle_survey_2019,Siegle2019
28.2995985400792,brain observatory 1.1gray,LGd,FS,siegle_survey_2019,Siegle2019
21.3831878153088,brain observatory 1.1gray,LGd,FS,siegle_survey_2019,Siegle2019
23.3026786044134,brain observatory 1.1gray,LGd,FS,siegle_survey_2019,Siegle2019
34.3469008960158,brain observatory 1.1gray,LGd,FS,siegle_survey_2019,Siegle2019
10.2599098957186,brain observatory 1.1gray,LGd,FS,siegle_survey_2019,Siegle2019
7.6661803430749,brain observatory 1.1gray,LGd,FS,siegle_survey_2019,Siegle2019
13.0297774016752,brain observatory 1.1gray,LGd,FS,siegle_survey_2019,Siegle2019
14.4721146042751,brain observatory 1.1gray,LGd,RS,siegle_survey_2019,Siegle2019
26.3731589123362,brain observatory 1.1gray,LGd,FS,siegle_survey_2019,Siegle2019
14.6769542823989,brain observatory 1.1gray,LGd,RS,siegle_survey_2019,Siegle2019
12.7307759246105,brain observatory 1.1gray,LGd,RS,siegle_survey_2019,Siegle2019
11.8472663394681,brain observatory 1.1gray,LGd,FS,siegle_survey_2019,Siegle2019
9.12996830842826,brain observatory 1.1gray,LGd,FS,siegle_survey_2019,Siegle2019
19.5424505307729,brain observatory 1.1gray,LGd,FS,siegle_survey_2019,Siegle2019
14.4853073269075,brain observatory 1.1gray,LGd,FS,siegle_survey_2019,Siegle2019
24.2965639453196,brain observatory 1.1gray,LGd,FS,siegle_survey_2019,Siegle2019
17.5032181599136,brain observatory 1.1gray,LGd,FS,siegle_survey_2019,Siegle2019
15.693297464122,brain observatory 1.1gray,LGd,FS,siegle_survey_2019,Siegle2019
23.2032799995421,brain observatory 1.1gray,LGd,FS,siegle_survey_2019,Siegle2019
0.11843238027214,brain observatory 1.1gray,LGd,FS,siegle_survey_2019,Siegle2019
3.08719780377759,brain observatory 1.1gray,LGd,FS,siegle_survey_2019,Siegle2019
0.146630566051221,brain observatory 1.1gray,LGd,FS,siegle_survey_2019,Siegle2019
20.273589204902,brain observatory 1.1gray,LGd,RS,siegle_survey_2019,Siegle2019
13.0090315935663,brain observatory 1.1gray,LGd,FS,siegle_survey_2019,Siegle2019
3.51510527297514,brain observatory 1.1gray,LGd,FS,siegle_survey_2019,Siegle2019
18.4998226115914,brain observatory 1.1gray,LGd,FS,siegle_survey_2019,Siegle2019
10.8919520883954,brain observatory 1.1gray,LGd,FS,siegle_survey_2019,Siegle2019
0.625395477457472,brain observatory 1.1gray,LGd,RS,siegle_survey_2019,Siegle2019
9.5223259219829,brain observatory 1.1gray,LGd,FS,siegle_survey_2019,Siegle2019
1.06085603213156,brain observatory 1.1gray,LGd,FS,siegle_survey_2019,Siegle2019
1.60900862211563,brain observatory 1.1gray,LGd,RS,siegle_survey_2019,Siegle2019
13.8780392545937,brain observatory 1.1gray,LGd,FS,siegle_survey_2019,Siegle2019
1.54254146992208,brain observatory 1.1gray,LGd,RS,siegle_survey_2019,Siegle2019
11.7757637969569,brain observatory 1.1gray,LGd,FS,siegle_survey_2019,Siegle2019
13.1531444644586,brain observatory 1.1gray,LGd,FS,siegle_survey_2019,Siegle2019
3.46021951851229,brain observatory 1.1gray,LGd,FS,siegle_survey_2019,Siegle2019
40.7677285057189,brain observatory 1.1gray,LGd,FS,siegle_survey_2019,Siegle2019
10.6746246422838,brain observatory 1.1gray,LGd,FS,siegle_survey_2019,Siegle2019
17.7296093085971,brain observatory 1.1gray,LGd,FS,siegle_survey_2019,Siegle2019
10.5273898293944,brain observatory 1.1gray,LGd,FS,siegle_survey_2019,Siegle2019
10.0828655721485,brain observatory 1.1gray,LGd,FS,siegle_survey_2019,Siegle2019
16.0649092695678,brain observatory 1.1gray,LGd,RS,siegle_survey_2019,Siegle2019
5.81610785915849,brain observatory 1.1gray,VISpm,FS,siegle_survey_2019,Siegle2019
0.833933717571683,brain observatory 1.1gray,VISpm,RS,siegle_survey_2019,Siegle2019
24.5233990864384,brain observatory 1.1gray,VISpm,FS,siegle_survey_2019,Siegle2019
3.35426392961004,brain observatory 1.1gray,VISpm,RS,siegle_survey_2019,Siegle2019
1.97088688149196,brain observatory 1.1gray,VISpm,RS,siegle_survey_2019,Siegle2019
11.4288254040678,brain observatory 1.1gray,VISal,FS,siegle_survey_2019,Siegle2019
0.408873693796673,brain observatory 1.1gray,VISal,FS,siegle_survey_2019,Siegle2019
5.93686186481655,brain observatory 1.1gray,VISpm,RS,siegle_survey_2019,Siegle2019
4.03895678841436,brain observatory 1.1gray,VISpm,RS,siegle_survey_2019,Siegle2019
12.4307673694824,brain observatory 1.1gray,VISal,RS,siegle_survey_2019,Siegle2019
9.59238056845868,brain observatory 1.1gray,VISpm,RS,siegle_survey_2019,Siegle2019
3.4136925119768,brain observatory 1.1gray,VISal,RS,siegle_survey_2019,Siegle2019
5.91406592813044,brain observatory 1.1gray,VISal,RS,siegle_survey_2019,Siegle2019
2.78245598175081,brain observatory 1.1gray,VISal,RS,siegle_survey_2019,Siegle2019
9.35604052606949,brain observatory 1.1gray,VISpm,RS,siegle_survey_2019,Siegle2019
10.6646710967813,brain observatory 1.1gray,VISpm,RS,siegle_survey_2019,Siegle2019
2.81666911318876,brain observatory 1.1gray,VISpm,RS,siegle_survey_2019,Siegle2019
2.2662173984615,brain observatory 1.1gray,VISpm,RS,siegle_survey_2019,Siegle2019
2.04577837827232,brain observatory 1.1gray,VISal,RS,siegle_survey_2019,Siegle2019
6.32105623772442,brain observatory 1.1gray,VISpm,FS,siegle_survey_2019,Siegle2019
3.87383387879845,brain observatory 1.1gray,VISpm,RS,siegle_survey_2019,Siegle2019
2.68869701403536,brain observatory 1.1gray,VISal,RS,siegle_survey_2019,Siegle2019
3.30120189227954,brain observatory 1.1gray,VISal,RS,siegle_survey_2019,Siegle2019
1.27516224405258,brain observatory 1.1gray,VISal,RS,siegle_survey_2019,Siegle2019
5.7878731020944,brain observatory 1.1gray,VISpm,FS,siegle_survey_2019,Siegle2019
0.501040889865091,brain observatory 1.1gray,VISpm,RS,siegle_survey_2019,Siegle2019
4.75532190822293,brain observatory 1.1gray,VISal,FS,siegle_survey_2019,Siegle2019
3.43554610595559,brain observatory 1.1gray,VISal,RS,siegle_survey_2019,Siegle2019
4.77244223530308,brain observatory 1.1gray,VISal,RS,siegle_survey_2019,Siegle2019
6.30340230749447,brain observatory 1.1gray,VISal,FS,siegle_survey_2019,Siegle2019
2.87818054822125,brain observatory 1.1gray,VISpm,FS,siegle_survey_2019,Siegle2019
4.61825858377532,brain observatory 1.1gray,VISal,RS,siegle_survey_2019,Siegle2019
4.53880012456213,brain observatory 1.1gray,VISal,FS,siegle_survey_2019,Siegle2019
1.17334665182883,brain observatory 1.1gray,VISal,RS,siegle_survey_2019,Siegle2019
3.36656125860319,brain observatory 1.1gray,VISal,RS,siegle_survey_2019,Siegle2019
5.51526301496916,brain observatory 1.1gray,VISal,RS,siegle_survey_2019,Siegle2019
0.350161042692372,brain observatory 1.1gray,VISal,RS,siegle_survey_2019,Siegle2019
7.12245889657041,brain observatory 1.1gray,VISal,RS,siegle_survey_2019,Siegle2019
26.960788962411,brain observatory 1.1gray,VISal,FS,siegle_survey_2019,Siegle2019
8.47647535299807,brain observatory 1.1gray,VISal,RS,siegle_survey_2019,Siegle2019
15.6152489141978,brain observatory 1.1gray,VISal,RS,siegle_survey_2019,Siegle2019
13.2594919079683,brain observatory 1.1gray,VISal,RS,siegle_survey_2019,Siegle2019
8.85916501714273,brain observatory 1.1gray,VISal,RS,siegle_survey_2019,Siegle2019
0.8204664983649,brain observatory 1.1gray,VISal,RS,siegle_survey_2019,Siegle2019
9.41396432234615,brain observatory 1.1gray,VISal,RS,siegle_survey_2019,Siegle2019
16.4900976279938,brain observatory 1.1gray,VISal,RS,siegle_survey_2019,Siegle2019
9.54135969738378,brain observatory 1.1gray,VISal,RS,siegle_survey_2019,Siegle2019
8.89834035381439,brain observatory 1.1gray,VISal,RS,siegle_survey_2019,Siegle2019
21.2360537102258,brain observatory 1.1gray,VISal,RS,siegle_survey_2019,Siegle2019
2.46844904153947,brain observatory 1.1gray,VISal,RS,siegle_survey_2019,Siegle2019
37.2685350661477,brain observatory 1.1gray,VISal,FS,siegle_survey_2019,Siegle2019
5.86018725173113,brain observatory 1.1gray,VISal,RS,siegle_survey_2019,Siegle2019
4.63276050789028,brain observatory 1.1gray,VISal,RS,siegle_survey_2019,Siegle2019
3.95197573693818,brain observatory 1.1gray,VISal,RS,siegle_survey_2019,Siegle2019
2.71780157007163,brain observatory 1.1gray,VISal,RS,siegle_survey_2019,Siegle2019
2.55203652081317,brain observatory 1.1gray,VISal,RS,siegle_survey_2019,Siegle2019
1.69209256235756,brain observatory 1.1gray,VISal,RS,siegle_survey_2019,Siegle2019
2.17478507821161,brain observatory 1.1gray,VISal,RS,siegle_survey_2019,Siegle2019
2.28103181391494,brain observatory 1.1gray,VISal,RS,siegle_survey_2019,Siegle2019
5.2464738798107,brain observatory 1.1gray,VISal,RS,siegle_survey_2019,Siegle2019
1.68615080178268,brain observatory 1.1gray,VISal,RS,siegle_survey_2019,Siegle2019
3.88782486429078,brain observatory 1.1gray,VISal,RS,siegle_survey_2019,Siegle2019
11.1379814216727,brain observatory 1.1gray,VISpm,FS,siegle_survey_2019,Siegle2019
0.845151991583757,brain observatory 1.1gray,VISpm,RS,siegle_survey_2019,Siegle2019
7.32014832044304,brain observatory 1.1gray,VISal,FS,siegle_survey_2019,Siegle2019
0.683906712949065,brain observatory 1.1gray,VISal,RS,siegle_survey_2019,Siegle2019
4.85764103947845,brain observatory 1.1gray,VISal,RS,siegle_survey_2019,Siegle2019
1.0710275205733,brain observatory 1.1gray,VISal,RS,siegle_survey_2019,Siegle2019
3.36656125860319,brain observatory 1.1gray,VISal,RS,siegle_survey_2019,Siegle2019
10.1659624857359,brain observatory 1.1gray,LGd,RS,siegle_survey_2019,Siegle2019
35.9727038541199,brain observatory 1.1gray,LGd,FS,siegle_survey_2019,Siegle2019
22.0880523599566,brain observatory 1.1gray,LGd,RS,siegle_survey_2019,Siegle2019
48.450483488567,brain observatory 1.1gray,LGd,FS,siegle_survey_2019,Siegle2019
1.40970787334134,brain observatory 1.1gray,VISal,RS,siegle_survey_2019,Siegle2019
7.11481373023641,brain observatory 1.1gray,VISp,RS,siegle_survey_2019,Siegle2019
6.03455773265167,brain observatory 1.1gray,VISp,RS,siegle_survey_2019,Siegle2019
5.59500736901818,brain observatory 1.1gray,VISp,RS,siegle_survey_2019,Siegle2019
1.4152136508035,brain observatory 1.1gray,VISp,RS,siegle_survey_2019,Siegle2019
18.2400853797723,brain observatory 1.1gray,VISp,FS,siegle_survey_2019,Siegle2019
5.2168876567991,brain observatory 1.1gray,VISp,FS,siegle_survey_2019,Siegle2019
3.16739249245369,brain observatory 1.1gray,VISp,RS,siegle_survey_2019,Siegle2019
0.959803739909434,brain observatory 1.1gray,VISp,RS,siegle_survey_2019,Siegle2019
4.49969483922402,brain observatory 1.1gray,VISp,FS,siegle_survey_2019,Siegle2019
7.74251489774732,brain observatory 1.1gray,VISl,RS,siegle_survey_2019,Siegle2019
2.07090881100596,brain observatory 1.1gray,VISl,RS,siegle_survey_2019,Siegle2019
2.13298272255266,brain observatory 1.1gray,VISl,RS,siegle_survey_2019,Siegle2019
1.3183267594439,brain observatory 1.1gray,VISl,RS,siegle_survey_2019,Siegle2019
3.82221392867643,brain observatory 1.1gray,VISl,RS,siegle_survey_2019,Siegle2019
3.22630437782811,brain observatory 1.1gray,VISl,RS,siegle_survey_2019,Siegle2019
2.89274687958294,brain observatory 1.1gray,VISl,RS,siegle_survey_2019,Siegle2019
27.3989739227587,brain observatory 1.1gray,VISp,FS,siegle_survey_2019,Siegle2019
5.15480229755007,brain observatory 1.1gray,VISl,RS,siegle_survey_2019,Siegle2019
20.1898218847078,brain observatory 1.1gray,VISl,FS,siegle_survey_2019,Siegle2019
3.35486406570912,brain observatory 1.1gray,VISl,RS,siegle_survey_2019,Siegle2019
3.85709844095061,brain observatory 1.1gray,VISl,RS,siegle_survey_2019,Siegle2019
3.86089636601929,brain observatory 1.1gray,VISp,RS,siegle_survey_2019,Siegle2019
28.1458782972271,brain observatory 1.1gray,VISp,FS,siegle_survey_2019,Siegle2019
3.35349123056205,brain observatory 1.1gray,VISp,RS,siegle_survey_2019,Siegle2019
5.97233110284612,brain observatory 1.1gray,VISl,RS,siegle_survey_2019,Siegle2019
31.281150187634,brain observatory 1.1gray,VISp,FS,siegle_survey_2019,Siegle2019
12.3190538999796,brain observatory 1.1gray,VISp,RS,siegle_survey_2019,Siegle2019
8.46718933949004,brain observatory 1.1gray,VISl,FS,siegle_survey_2019,Siegle2019
8.74824672119502,brain observatory 1.1gray,VISp,RS,siegle_survey_2019,Siegle2019
16.1647933569081,brain observatory 1.1gray,VISp,RS,siegle_survey_2019,Siegle2019
7.7563661011503,brain observatory 1.1gray,VISl,RS,siegle_survey_2019,Siegle2019
10.8086829656126,brain observatory 1.1gray,VISp,RS,siegle_survey_2019,Siegle2019
6.66492454781913,brain observatory 1.1gray,VISp,RS,siegle_survey_2019,Siegle2019
1.1976967498022,brain observatory 1.1gray,VISl,RS,siegle_survey_2019,Siegle2019
14.4324409383746,brain observatory 1.1gray,VISl,RS,siegle_survey_2019,Siegle2019
12.9013401889583,brain observatory 1.1gray,VISp,RS,siegle_survey_2019,Siegle2019
2.50766458758014,brain observatory 1.1gray,VISl,RS,siegle_survey_2019,Siegle2019
12.8744370593058,brain observatory 1.1gray,VISl,RS,siegle_survey_2019,Siegle2019
4.07912810142509,brain observatory 1.1gray,VISl,RS,siegle_survey_2019,Siegle2019
1.89094576827387,brain observatory 1.1gray,VISl,RS,siegle_survey_2019,Siegle2019
10.5458958650044,brain observatory 1.1gray,VISl,RS,siegle_survey_2019,Siegle2019
23.1069879228827,brain observatory 1.1gray,VISl,RS,siegle_survey_2019,Siegle2019
12.0079673353192,brain observatory 1.1gray,VISl,RS,siegle_survey_2019,Siegle2019
12.4704949274721,brain observatory 1.1gray,VISl,RS,siegle_survey_2019,Siegle2019
5.27730849653645,brain observatory 1.1gray,VISl,RS,siegle_survey_2019,Siegle2019
12.9181453011552,brain observatory 1.1gray,VISl,RS,siegle_survey_2019,Siegle2019
8.16810594749231,brain observatory 1.1gray,VISl,RS,siegle_survey_2019,Siegle2019
2.93047272740365,brain observatory 1.1gray,VISl,RS,siegle_survey_2019,Siegle2019
1.41354095765107,brain observatory 1.1gray,VISl,RS,siegle_survey_2019,Siegle2019
4.93071316793884,brain observatory 1.1gray,VISp,RS,siegle_survey_2019,Siegle2019
10.4739260661566,brain observatory 1.1gray,VISp,RS,siegle_survey_2019,Siegle2019
2.51291610182115,brain observatory 1.1gray,VISl,RS,siegle_survey_2019,Siegle2019
25.3256986685542,brain observatory 1.1gray,VISl,FS,siegle_survey_2019,Siegle2019
0.729613530302036,brain observatory 1.1gray,VISam,FS,siegle_survey_2019,Siegle2019
3.7784869463931,brain observatory 1.1gray,VISp,RS,siegle_survey_2019,Siegle2019
5.33479806194414,brain observatory 1.1gray,VISl,RS,siegle_survey_2019,Siegle2019
15.6069275311764,brain observatory 1.1gray,VISl,RS,siegle_survey_2019,Siegle2019
14.6753163756331,brain observatory 1.1gray,VISl,RS,siegle_survey_2019,Siegle2019
4.6461120449533,brain observatory 1.1gray,VISl,RS,siegle_survey_2019,Siegle2019
10.4607766946938,brain observatory 1.1gray,VISp,FS,siegle_survey_2019,Siegle2019
0.362696326144772,brain observatory 1.1gray,VISl,RS,siegle_survey_2019,Siegle2019
2.39093555426838,brain observatory 1.1gray,VISam,RS,siegle_survey_2019,Siegle2019
20.6974941398038,brain observatory 1.1gray,VISl,RS,siegle_survey_2019,Siegle2019
1.63536541511217,brain observatory 1.1gray,VISl,RS,siegle_survey_2019,Siegle2019
0.996773637481318,brain observatory 1.1gray,VISl,RS,siegle_survey_2019,Siegle2019
0.19712351986859,brain observatory 1.1gray,VISl,RS,siegle_survey_2019,Siegle2019
0.444367125469026,brain observatory 1.1gray,VISl,FS,siegle_survey_2019,Siegle2019
9.46468118751818,brain observatory 1.1gray,VISl,RS,siegle_survey_2019,Siegle2019
5.33127688905474,brain observatory 1.1gray,VISl,FS,siegle_survey_2019,Siegle2019
4.20267964717299,brain observatory 1.1gray,VISp,RS,siegle_survey_2019,Siegle2019
12.2647500071443,brain observatory 1.1gray,VISp,FS,siegle_survey_2019,Siegle2019
1.36562747139384,brain observatory 1.1gray,VISp,RS,siegle_survey_2019,Siegle2019
1.04045491150871,brain observatory 1.1gray,VISl,RS,siegle_survey_2019,Siegle2019
0.609649663661023,brain observatory 1.1gray,VISl,RS,siegle_survey_2019,Siegle2019
10.1485551916723,brain observatory 1.1gray,VISam,FS,siegle_survey_2019,Siegle2019
1.21706968692762,brain observatory 1.1gray,VISp,RS,siegle_survey_2019,Siegle2019
39.6723310886502,brain observatory 1.1gray,VISam,FS,siegle_survey_2019,Siegle2019
0.552551151830335,brain observatory 1.1gray,VISam,RS,siegle_survey_2019,Siegle2019
2.8069943790014,brain observatory 1.1gray,VISam,RS,siegle_survey_2019,Siegle2019
8.07915627533067,brain observatory 1.1gray,VISl,RS,siegle_survey_2019,Siegle2019
10.3453497439991,brain observatory 1.1gray,VISl,RS,siegle_survey_2019,Siegle2019
1.89852833472569,brain observatory 1.1gray,VISp,RS,siegle_survey_2019,Siegle2019
6.42193701516069,brain observatory 1.1gray,VISam,FS,siegle_survey_2019,Siegle2019
1.44746606166841,brain observatory 1.1gray,VISam,RS,siegle_survey_2019,Siegle2019
4.72992589138847,brain observatory 1.1gray,VISl,RS,siegle_survey_2019,Siegle2019
8.67748535750292,brain observatory 1.1gray,VISl,RS,siegle_survey_2019,Siegle2019
7.17953355188402,brain observatory 1.1gray,VISl,RS,siegle_survey_2019,Siegle2019
5.48358903066852,brain observatory 1.1gray,VISp,FS,siegle_survey_2019,Siegle2019
2.93291209751242,brain observatory 1.1gray,VISp,RS,siegle_survey_2019,Siegle2019
7.54764804172696,brain observatory 1.1gray,VISam,FS,siegle_survey_2019,Siegle2019
4.12796176011432,brain observatory 1.1gray,VISl,RS,siegle_survey_2019,Siegle2019
4.32383954448292,brain observatory 1.1gray,VISam,RS,siegle_survey_2019,Siegle2019
21.4313001156418,brain observatory 1.1gray,VISl,RS,siegle_survey_2019,Siegle2019
1.87083587296288,brain observatory 1.1gray,VISl,RS,siegle_survey_2019,Siegle2019
1.53044631064622,brain observatory 1.1gray,VISp,RS,siegle_survey_2019,Siegle2019
9.63142610038648,brain observatory 1.1gray,VISl,RS,siegle_survey_2019,Siegle2019
3.37581817165893,brain observatory 1.1gray,VISl,RS,siegle_survey_2019,Siegle2019
7.0200579541985,brain observatory 1.1gray,VISp,FS,siegle_survey_2019,Siegle2019
3.39223670678094,brain observatory 1.1gray,VISp,RS,siegle_survey_2019,Siegle2019
5.93925479831674,brain observatory 1.1gray,VISl,RS,siegle_survey_2019,Siegle2019
4.35221700063042,brain observatory 1.1gray,VISam,RS,siegle_survey_2019,Siegle2019
37.3742966360662,brain observatory 1.1gray,VISam,FS,siegle_survey_2019,Siegle2019
3.49819583938514,brain observatory 1.1gray,VISam,RS,siegle_survey_2019,Siegle2019
7.8241771510626,brain observatory 1.1gray,VISp,FS,siegle_survey_2019,Siegle2019
1.4013313783551,brain observatory 1.1gray,VISl,RS,siegle_survey_2019,Siegle2019
1.15573789731173,brain observatory 1.1gray,VISl,RS,siegle_survey_2019,Siegle2019
6.25083043562221,brain observatory 1.1gray,VISl,RS,siegle_survey_2019,Siegle2019
0.962915140274027,brain observatory 1.1gray,VISl,RS,siegle_survey_2019,Siegle2019
10.7230098552819,brain observatory 1.1gray,VISam,RS,siegle_survey_2019,Siegle2019
3.8762086451715,brain observatory 1.1gray,VISl,RS,siegle_survey_2019,Siegle2019
9.7351807876092,brain observatory 1.1gray,VISl,RS,siegle_survey_2019,Siegle2019
3.18077182270571,brain observatory 1.1gray,VISl,RS,siegle_survey_2019,Siegle2019
1.8400618553803,brain observatory 1.1gray,VISl,RS,siegle_survey_2019,Siegle2019
1.17245912318046,brain observatory 1.1gray,VISl,RS,siegle_survey_2019,Siegle2019
19.8181463991668,brain observatory 1.1gray,VISam,RS,siegle_survey_2019,Siegle2019
20.2454267274714,brain observatory 1.1gray,VISam,RS,siegle_survey_2019,Siegle2019
0.859125727869154,brain observatory 1.1gray,VISp,RS,siegle_survey_2019,Siegle2019
9.40882697766271,brain observatory 1.1gray,VISp,FS,siegle_survey_2019,Siegle2019
2.43383824321105,brain observatory 1.1gray,VISp,RS,siegle_survey_2019,Siegle2019
15.7913530021138,brain observatory 1.1gray,VISam,RS,siegle_survey_2019,Siegle2019
6.29224232965003,brain observatory 1.1gray,VISam,RS,siegle_survey_2019,Siegle2019
9.26583287706112,brain observatory 1.1gray,VISam,RS,siegle_survey_2019,Siegle2019
11.3568090089338,brain observatory 1.1gray,VISam,RS,siegle_survey_2019,Siegle2019
5.80590042555,brain observatory 1.1gray,VISl,RS,siegle_survey_2019,Siegle2019
0.754324617916527,brain observatory 1.1gray,VISl,RS,siegle_survey_2019,Siegle2019
1.14555975982642,brain observatory 1.1gray,VISl,RS,siegle_survey_2019,Siegle2019
4.50226795906395,brain observatory 1.1gray,VISl,RS,siegle_survey_2019,Siegle2019
1.82068895449816,brain observatory 1.1gray,VISam,RS,siegle_survey_2019,Siegle2019
1.72072838629231,brain observatory 1.1gray,VISl,RS,siegle_survey_2019,Siegle2019
2.31292981426422,brain observatory 1.1gray,VISl,RS,siegle_survey_2019,Siegle2019
1.7260251721265,brain observatory 1.1gray,VISl,RS,siegle_survey_2019,Siegle2019
0.457496894110189,brain observatory 1.1gray,VISl,RS,siegle_survey_2019,Siegle2019
6.39922694276367,brain observatory 1.1gray,VISp,RS,siegle_survey_2019,Siegle2019
10.9196997964367,brain observatory 1.1gray,VISp,FS,siegle_survey_2019,Siegle2019
0.945249092107001,brain observatory 1.1gray,VISp,RS,siegle_survey_2019,Siegle2019
1.77712357664459,brain observatory 1.1gray,VISl,RS,siegle_survey_2019,Siegle2019
9.94300745798032,brain observatory 1.1gray,VISam,RS,siegle_survey_2019,Siegle2019
19.0135896278106,brain observatory 1.1gray,VISp,FS,siegle_survey_2019,Siegle2019
0.634281513541907,brain observatory 1.1gray,VISp,RS,siegle_survey_2019,Siegle2019
3.53482560523048,brain observatory 1.1gray,VISl,RS,siegle_survey_2019,Siegle2019
11.7048914178002,brain observatory 1.1gray,VISam,FS,siegle_survey_2019,Siegle2019
3.31692539707407,brain observatory 1.1gray,VISam,RS,siegle_survey_2019,Siegle2019
1.82826451774842,brain observatory 1.1gray,VISp,RS,siegle_survey_2019,Siegle2019
0.72050525466115,brain observatory 1.1gray,VISp,RS,siegle_survey_2019,Siegle2019
2.59777807683405,brain observatory 1.1gray,VISam,RS,siegle_survey_2019,Siegle2019
1.54921488732278,brain observatory 1.1gray,VISam,RS,siegle_survey_2019,Siegle2019
1.09668617598194,brain observatory 1.1gray,VISam,RS,siegle_survey_2019,Siegle2019
0.589085671598863,brain observatory 1.1gray,VISl,RS,siegle_survey_2019,Siegle2019
1.28182217187468,brain observatory 1.1gray,VISl,RS,siegle_survey_2019,Siegle2019
6.72120578940769,brain observatory 1.1gray,VISl,FS,siegle_survey_2019,Siegle2019
1.50823380164998,brain observatory 1.1gray,VISl,RS,siegle_survey_2019,Siegle2019
1.19873533525989,brain observatory 1.1gray,VISl,RS,siegle_survey_2019,Siegle2019
3.24754629326097,brain observatory 1.1gray,VISam,RS,siegle_survey_2019,Siegle2019
0.86203665742964,brain observatory 1.1gray,VISp,RS,siegle_survey_2019,Siegle2019
33.2904246294999,brain observatory 1.1gray,VISam,FS,siegle_survey_2019,Siegle2019
5.9881721733737,brain observatory 1.1gray,VISl,RS,siegle_survey_2019,Siegle2019
0.782376176903292,brain observatory 1.1gray,VISam,RS,siegle_survey_2019,Siegle2019
0.789013372203202,brain observatory 1.1gray,VISl,RS,siegle_survey_2019,Siegle2019
0.780393112904417,brain observatory 1.1gray,VISl,RS,siegle_survey_2019,Siegle2019
0.511191762272497,brain observatory 1.1gray,VISl,RS,siegle_survey_2019,Siegle2019
3.32598891918963,brain observatory 1.1gray,VISam,RS,siegle_survey_2019,Siegle2019
27.9577287542976,brain observatory 1.1gray,VISam,FS,siegle_survey_2019,Siegle2019
1.45275311623582,brain observatory 1.1gray,VISam,RS,siegle_survey_2019,Siegle2019
3.12332704152081,brain observatory 1.1gray,VISp,FS,siegle_survey_2019,Siegle2019
10.5335499337059,brain observatory 1.1gray,VISp,FS,siegle_survey_2019,Siegle2019
1.3176533701648,brain observatory 1.1gray,VISl,RS,siegle_survey_2019,Siegle2019
1.5523439604341,brain observatory 1.1gray,VISam,FS,siegle_survey_2019,Siegle2019
0.556543417524091,brain observatory 1.1gray,VISam,RS,siegle_survey_2019,Siegle2019
0.68224583734099,brain observatory 1.1gray,VISam,RS,siegle_survey_2019,Siegle2019
0.892217433017973,brain observatory 1.1gray,VISam,RS,siegle_survey_2019,Siegle2019
24.4868331943821,brain observatory 1.1gray,VISl,FS,siegle_survey_2019,Siegle2019
0.300822614978124,brain observatory 1.1gray,VISam,RS,siegle_survey_2019,Siegle2019
8.17669963617548,brain observatory 1.1gray,VISam,FS,siegle_survey_2019,Siegle2019
0.864918967598509,brain observatory 1.1gray,VISam,RS,siegle_survey_2019,Siegle2019
1.30568668000369,brain observatory 1.1gray,VISam,RS,siegle_survey_2019,Siegle2019
1.16282830761092,brain observatory 1.1gray,VISam,RS,siegle_survey_2019,Siegle2019
0.310749329676111,brain observatory 1.1gray,VISam,RS,siegle_survey_2019,Siegle2019
0.113941420881241,brain observatory 1.1gray,VISam,RS,siegle_survey_2019,Siegle2019
0.189578670916989,brain observatory 1.1gray,VISam,RS,siegle_survey_2019,Siegle2019
0.300391018686907,brain observatory 1.1gray,VISam,RS,siegle_survey_2019,Siegle2019
1.34798311654294,brain observatory 1.1gray,VISam,RS,siegle_survey_2019,Siegle2019
14.5832070839252,brain observatory 1.1gray,VISam,FS,siegle_survey_2019,Siegle2019
0.263489535787869,brain observatory 1.1gray,VISam,RS,siegle_survey_2019,Siegle2019
4.30625199561583,brain observatory 1.1gray,VISam,FS,siegle_survey_2019,Siegle2019
0.410879669238414,brain observatory 1.1gray,VISam,RS,siegle_survey_2019,Siegle2019
3.79003028775365,brain observatory 1.1gray,VISp,RS,siegle_survey_2019,Siegle2019
0.241807907283186,brain observatory 1.1gray,VISp,RS,siegle_survey_2019,Siegle2019
0.187704768210693,brain observatory 1.1gray,VISp,RS,siegle_survey_2019,Siegle2019
3.65519765977616,brain observatory 1.1gray,VISl,RS,siegle_survey_2019,Siegle2019
1.73857776009416,brain observatory 1.1gray,VISam,RS,siegle_survey_2019,Siegle2019
2.87667400069557,brain observatory 1.1gray,VISl,RS,siegle_survey_2019,Siegle2019
1.16498130788513,brain observatory 1.1gray,VISl,RS,siegle_survey_2019,Siegle2019
1.02148052223741,brain observatory 1.1gray,VISam,RS,siegle_survey_2019,Siegle2019
0.571865085862288,brain observatory 1.1gray,VISam,RS,siegle_survey_2019,Siegle2019
0.644589060932322,brain observatory 1.1gray,VISam,RS,siegle_survey_2019,Siegle2019
0.605391463284515,brain observatory 1.1gray,VISl,RS,siegle_survey_2019,Siegle2019
5.27445624685265,brain observatory 1.1gray,VISl,RS,siegle_survey_2019,Siegle2019
0.377323057596306,brain observatory 1.1gray,VISam,RS,siegle_survey_2019,Siegle2019
2.04849585066666,brain observatory 1.1gray,VISrl,RS,siegle_survey_2019,Siegle2019
3.59932204102338,brain observatory 1.1gray,VISrl,RS,siegle_survey_2019,Siegle2019
6.15602714746842,brain observatory 1.1gray,VISrl,RS,siegle_survey_2019,Siegle2019
6.71362193629895,brain observatory 1.1gray,VISrl,RS,siegle_survey_2019,Siegle2019
12.8607155218941,brain observatory 1.1gray,VISrl,FS,siegle_survey_2019,Siegle2019
1.75208227525414,brain observatory 1.1gray,VISrl,RS,siegle_survey_2019,Siegle2019
10.144711958226,brain observatory 1.1gray,VISrl,RS,siegle_survey_2019,Siegle2019
0.965527322009144,brain observatory 1.1gray,VISrl,RS,siegle_survey_2019,Siegle2019
4.60951717239878,brain observatory 1.1gray,VISrl,FS,siegle_survey_2019,Siegle2019
4.07270044320605,brain observatory 1.1gray,VISrl,RS,siegle_survey_2019,Siegle2019
17.0861899108428,brain observatory 1.1gray,VISrl,RS,siegle_survey_2019,Siegle2019
6.90253163793334,brain observatory 1.1gray,VISrl,RS,siegle_survey_2019,Siegle2019
12.5426204929465,brain observatory 1.1gray,VISrl,RS,siegle_survey_2019,Siegle2019
12.2187035922163,brain observatory 1.1gray,VISrl,RS,siegle_survey_2019,Siegle2019
13.2404420900572,brain observatory 1.1gray,VISrl,RS,siegle_survey_2019,Siegle2019
9.47840877042098,brain observatory 1.1gray,VISrl,RS,siegle_survey_2019,Siegle2019
7.42268576857596,brain observatory 1.1gray,VISrl,RS,siegle_survey_2019,Siegle2019
6.57981926239956,brain observatory 1.1gray,VISrl,RS,siegle_survey_2019,Siegle2019
2.30957668698497,brain observatory 1.1gray,VISrl,RS,siegle_survey_2019,Siegle2019
3.04925553467032,brain observatory 1.1gray,VISrl,RS,siegle_survey_2019,Siegle2019
17.1814477784575,brain observatory 1.1gray,VISrl,RS,siegle_survey_2019,Siegle2019
2.65376976185443,brain observatory 1.1gray,VISrl,RS,siegle_survey_2019,Siegle2019
8.28833787638414,brain observatory 1.1gray,VISrl,RS,siegle_survey_2019,Siegle2019
3.22692300113837,brain observatory 1.1gray,VISrl,RS,siegle_survey_2019,Siegle2019
6.547631729026,brain observatory 1.1gray,VISam,FS,siegle_survey_2019,Siegle2019
3.40353466455033,brain observatory 1.1gray,VISam,FS,siegle_survey_2019,Siegle2019
6.95704046381156,brain observatory 1.1gray,VISam,FS,siegle_survey_2019,Siegle2019
3.97973955054482,brain observatory 1.1gray,VISam,RS,siegle_survey_2019,Siegle2019
12.5795040016986,brain observatory 1.1gray,VISam,RS,siegle_survey_2019,Siegle2019
8.72647136552173,brain observatory 1.1gray,VISam,RS,siegle_survey_2019,Siegle2019
6.63082208837741,brain observatory 1.1gray,VISam,RS,siegle_survey_2019,Siegle2019
4.51159701651053,brain observatory 1.1gray,VISam,RS,siegle_survey_2019,Siegle2019
10.4665104174236,brain observatory 1.1gray,VISam,RS,siegle_survey_2019,Siegle2019
1.50341598519948,brain observatory 1.1gray,VISp,RS,siegle_survey_2019,Siegle2019
1.60367333176655,brain observatory 1.1gray,VISam,RS,siegle_survey_2019,Siegle2019
1.88550300689353,brain observatory 1.1gray,VISp,RS,siegle_survey_2019,Siegle2019
29.5489871537399,brain observatory 1.1gray,VISam,FS,siegle_survey_2019,Siegle2019
1.41402839272078,brain observatory 1.1gray,VISam,RS,siegle_survey_2019,Siegle2019
1.86228006682897,brain observatory 1.1gray,VISam,RS,siegle_survey_2019,Siegle2019
1.27163890124666,brain observatory 1.1gray,VISam,RS,siegle_survey_2019,Siegle2019
7.51745891457332,brain observatory 1.1gray,VISam,FS,siegle_survey_2019,Siegle2019
4.06218833590514,brain observatory 1.1gray,VISp,RS,siegle_survey_2019,Siegle2019
4.71017375443797,brain observatory 1.1gray,VISam,RS,siegle_survey_2019,Siegle2019
3.27630845954975,brain observatory 1.1gray,VISam,RS,siegle_survey_2019,Siegle2019
0.369672271526223,brain observatory 1.1gray,VISp,RS,siegle_survey_2019,Siegle2019
3.87309424863818,brain observatory 1.1gray,VISp,RS,siegle_survey_2019,Siegle2019
1.51531772916203,brain observatory 1.1gray,VISp,RS,siegle_survey_2019,Siegle2019
8.50681142790848,brain observatory 1.1gray,VISam,RS,siegle_survey_2019,Siegle2019
6.94758937429723,brain observatory 1.1gray,VISam,RS,siegle_survey_2019,Siegle2019
0.516494647477936,brain observatory 1.1gray,VISp,RS,siegle_survey_2019,Siegle2019
0.532295238600623,brain observatory 1.1gray,VISp,RS,siegle_survey_2019,Siegle2019
9.57146108297868,brain observatory 1.1gray,VISam,RS,siegle_survey_2019,Siegle2019
3.09881492130812,brain observatory 1.1gray,VISam,RS,siegle_survey_2019,Siegle2019
9.89581001213527,brain observatory 1.1gray,VISam,RS,siegle_survey_2019,Siegle2019
3.03576552037687,brain observatory 1.1gray,VISp,RS,siegle_survey_2019,Siegle2019
3.48300433014174,brain observatory 1.1gray,VISp,RS,siegle_survey_2019,Siegle2019
7.66964797144829,brain observatory 1.1gray,VISp,RS,siegle_survey_2019,Siegle2019
6.25849070476345,brain observatory 1.1gray,VISam,RS,siegle_survey_2019,Siegle2019
10.2328296327287,brain observatory 1.1gray,VISam,RS,siegle_survey_2019,Siegle2019
27.6834874849884,brain observatory 1.1gray,VISam,FS,siegle_survey_2019,Siegle2019
20.4022019501468,brain observatory 1.1gray,VISam,FS,siegle_survey_2019,Siegle2019
2.80932458136539,brain observatory 1.1gray,VISp,RS,siegle_survey_2019,Siegle2019
1.47171220171306,brain observatory 1.1gray,VISp,RS,siegle_survey_2019,Siegle2019
8.3916327655855,brain observatory 1.1gray,VISam,RS,siegle_survey_2019,Siegle2019
2.65993717438727,brain observatory 1.1gray,VISp,RS,siegle_survey_2019,Siegle2019
0.491459944660174,brain observatory 1.1gray,VISp,RS,siegle_survey_2019,Siegle2019
1.48935961517476,brain observatory 1.1gray,VISp,RS,siegle_survey_2019,Siegle2019
2.82930308295994,brain observatory 1.1gray,VISam,RS,siegle_survey_2019,Siegle2019
8.38789387303038,brain observatory 1.1gray,VISam,RS,siegle_survey_2019,Siegle2019
12.1984485354561,brain observatory 1.1gray,VISam,RS,siegle_survey_2019,Siegle2019
1.70420799824865,brain observatory 1.1gray,VISam,RS,siegle_survey_2019,Siegle2019
4.08505169084734,brain observatory 1.1gray,VISam,FS,siegle_survey_2019,Siegle2019
5.05789076206406,brain observatory 1.1gray,VISam,RS,siegle_survey_2019,Siegle2019
9.65922119989744,brain observatory 1.1gray,VISam,RS,siegle_survey_2019,Siegle2019
3.28804442784776,brain observatory 1.1gray,VISam,RS,siegle_survey_2019,Siegle2019
8.96762993532692,brain observatory 1.1gray,VISam,RS,siegle_survey_2019,Siegle2019
0.455002452332703,brain observatory 1.1gray,VISam,RS,siegle_survey_2019,Siegle2019
2.03058116174729,brain observatory 1.1gray,VISp,RS,siegle_survey_2019,Siegle2019
12.689721493856,brain observatory 1.1gray,VISp,FS,siegle_survey_2019,Siegle2019
4.03104546505118,brain observatory 1.1gray,VISam,RS,siegle_survey_2019,Siegle2019
11.0501930885283,brain observatory 1.1gray,VISam,FS,siegle_survey_2019,Siegle2019
4.45094387061637,brain observatory 1.1gray,VISam,RS,siegle_survey_2019,Siegle2019
6.00445372726841,brain observatory 1.1gray,VISam,RS,siegle_survey_2019,Siegle2019
11.201098946378,brain observatory 1.1gray,VISam,RS,siegle_survey_2019,Siegle2019
6.56678723133301,brain observatory 1.1gray,VISp,FS,siegle_survey_2019,Siegle2019
6.07268851639933,brain observatory 1.1gray,VISam,RS,siegle_survey_2019,Siegle2019
3.61696311457172,brain observatory 1.1gray,VISam,RS,siegle_survey_2019,Siegle2019
13.1216727187035,brain observatory 1.1gray,VISp,RS,siegle_survey_2019,Siegle2019
5.68298014087315,brain observatory 1.1gray,VISp,RS,siegle_survey_2019,Siegle2019
40.252005885043,brain observatory 1.1gray,VISp,FS,siegle_survey_2019,Siegle2019
23.0561404852308,brain observatory 1.1gray,VISp,FS,siegle_survey_2019,Siegle2019
3.00741976996076,brain observatory 1.1gray,VISam,RS,siegle_survey_2019,Siegle2019
6.30238383313065,brain observatory 1.1gray,VISp,RS,siegle_survey_2019,Siegle2019
4.3428027301944,brain observatory 1.1gray,VISp,RS,siegle_survey_2019,Siegle2019
13.5057091639776,brain observatory 1.1gray,VISp,RS,siegle_survey_2019,Siegle2019
14.0343107579002,brain observatory 1.1gray,VISp,RS,siegle_survey_2019,Siegle2019
9.3326912500837,brain observatory 1.1gray,VISam,RS,siegle_survey_2019,Siegle2019
0.853921516338618,brain observatory 1.1gray,VISam,RS,siegle_survey_2019,Siegle2019
11.857378447928,brain observatory 1.1gray,VISam,FS,siegle_survey_2019,Siegle2019
0.26307263450325,brain observatory 1.1gray,VISam,RS,siegle_survey_2019,Siegle2019
3.88704801742185,brain observatory 1.1gray,VISp,FS,siegle_survey_2019,Siegle2019
7.00304770830484,brain observatory 1.1gray,VISp,RS,siegle_survey_2019,Siegle2019
11.885738168938,brain observatory 1.1gray,VISp,RS,siegle_survey_2019,Siegle2019
6.80133366838795,brain observatory 1.1gray,VISp,RS,siegle_survey_2019,Siegle2019
3.13416011054996,brain observatory 1.1gray,VISp,RS,siegle_survey_2019,Siegle2019
9.10534581110715,brain observatory 1.1gray,VISam,FS,siegle_survey_2019,Siegle2019
1.18668295374423,brain observatory 1.1gray,VISam,RS,siegle_survey_2019,Siegle2019
0.17635109884979,brain observatory 1.1gray,VISam,RS,siegle_survey_2019,Siegle2019
12.3092760920189,brain observatory 1.1gray,VISp,RS,siegle_survey_2019,Siegle2019
10.8824006326475,brain observatory 1.1gray,VISp,RS,siegle_survey_2019,Siegle2019
12.3611942197303,brain observatory 1.1gray,VISam,FS,siegle_survey_2019,Siegle2019
1.08967946356419,brain observatory 1.1gray,VISam,RS,siegle_survey_2019,Siegle2019
14.6946786066308,brain observatory 1.1gray,VISam,RS,siegle_survey_2019,Siegle2019
5.13857795582787,brain observatory 1.1gray,VISp,RS,siegle_survey_2019,Siegle2019
6.70694052661606,brain observatory 1.1gray,VISp,FS,siegle_survey_2019,Siegle2019
1.78115754473917,brain observatory 1.1gray,VISp,RS,siegle_survey_2019,Siegle2019
9.96360651898736,brain observatory 1.1gray,VISp,RS,siegle_survey_2019,Siegle2019
2.68223997579192,brain observatory 1.1gray,VISam,RS,siegle_survey_2019,Siegle2019
6.49517156507564,brain observatory 1.1gray,VISp,FS,siegle_survey_2019,Siegle2019
9.40432715398891,brain observatory 1.1gray,VISp,FS,siegle_survey_2019,Siegle2019
0.762318648738197,brain observatory 1.1gray,VISam,RS,siegle_survey_2019,Siegle2019
10.4370086452216,brain observatory 1.1gray,VISp,FS,siegle_survey_2019,Siegle2019
2.02824535302565,brain observatory 1.1gray,VISam,RS,siegle_survey_2019,Siegle2019
4.11319724313727,brain observatory 1.1gray,VISam,FS,siegle_survey_2019,Siegle2019
14.6206277624141,brain observatory 1.1gray,VISam,FS,siegle_survey_2019,Siegle2019
8.42206319665911,brain observatory 1.1gray,VISam,RS,siegle_survey_2019,Siegle2019
8.69289014850381,brain observatory 1.1gray,VISp,FS,siegle_survey_2019,Siegle2019
1.31483490413781,brain observatory 1.1gray,VISp,RS,siegle_survey_2019,Siegle2019
1.09508008614381,brain observatory 1.1gray,VISam,RS,siegle_survey_2019,Siegle2019
3.91970955340985,brain observatory 1.1gray,VISam,RS,siegle_survey_2019,Siegle2019
1.11137664312297,brain observatory 1.1gray,VISp,RS,siegle_survey_2019,Siegle2019
1.44267605049409,brain observatory 1.1gray,VISp,RS,siegle_survey_2019,Siegle2019
1.08182748569872,brain observatory 1.1gray,VISp,RS,siegle_survey_2019,Siegle2019
4.48858484896743,brain observatory 1.1gray,VISp,RS,siegle_survey_2019,Siegle2019
1.3098586918101,brain observatory 1.1gray,VISam,RS,siegle_survey_2019,Siegle2019
8.25489597247842,brain observatory 1.1gray,VISp,RS,siegle_survey_2019,Siegle2019
4.61493419651889,brain observatory 1.1gray,VISp,FS,siegle_survey_2019,Siegle2019
5.50763461990775,brain observatory 1.1gray,VISp,FS,siegle_survey_2019,Siegle2019
0.80767696959601,brain observatory 1.1gray,VISp,RS,siegle_survey_2019,Siegle2019
2.70220888570251,brain observatory 1.1gray,VISp,RS,siegle_survey_2019,Siegle2019
6.56606902264561,brain observatory 1.1gray,VISp,FS,siegle_survey_2019,Siegle2019
0.477775329596822,brain observatory 1.1gray,VISp,RS,siegle_survey_2019,Siegle2019
4.72747251376584,brain observatory 1.1gray,VISp,FS,siegle_survey_2019,Siegle2019
8.90617237027571,brain observatory 1.1gray,VISp,FS,siegle_survey_2019,Siegle2019
3.23101568210721,brain observatory 1.1gray,VISp,RS,siegle_survey_2019,Siegle2019
1.10142966678508,brain observatory 1.1gray,VISp,RS,siegle_survey_2019,Siegle2019
1.41919126246319,brain observatory 1.1gray,VISp,RS,siegle_survey_2019,Siegle2019
24.2814045059264,brain observatory 1.1gray,VISp,FS,siegle_survey_2019,Siegle2019
0.374186726132704,brain observatory 1.1gray,VISp,RS,siegle_survey_2019,Siegle2019
9.87249661692928,brain observatory 1.1gray,VISp,FS,siegle_survey_2019,Siegle2019
9.34251460895898,brain observatory 1.1gray,VISp,FS,siegle_survey_2019,Siegle2019
5.12950297403633,brain observatory 1.1gray,VISp,RS,siegle_survey_2019,Siegle2019
2.92707523516318,brain observatory 1.1gray,VISp,FS,siegle_survey_2019,Siegle2019
0.555790922802539,brain observatory 1.1gray,VISp,RS,siegle_survey_2019,Siegle2019
10.0520562908534,brain observatory 1.1gray,VISp,RS,siegle_survey_2019,Siegle2019
1.11548069276522,brain observatory 1.1gray,VISp,FS,siegle_survey_2019,Siegle2019
0.253732869132486,brain observatory 1.1gray,VISp,RS,siegle_survey_2019,Siegle2019
2.44447456816882,brain observatory 1.1gray,VISp,FS,siegle_survey_2019,Siegle2019
6.34347095806837,brain observatory 1.1gray,VISp,RS,siegle_survey_2019,Siegle2019
3.35920942555055,brain observatory 1.1gray,VISp,RS,siegle_survey_2019,Siegle2019
9.51288661560609,brain observatory 1.1gray,VISp,RS,siegle_survey_2019,Siegle2019
0.518129433767827,brain observatory 1.1gray,VISp,RS,siegle_survey_2019,Siegle2019
4.94823320128957,brain observatory 1.1gray,VISp,RS,siegle_survey_2019,Siegle2019
7.83506223095601,brain observatory 1.1gray,VISp,RS,siegle_survey_2019,Siegle2019
6.08645631599528,brain observatory 1.1gray,VISp,FS,siegle_survey_2019,Siegle2019
2.85672635473345,brain observatory 1.1gray,VISp,FS,siegle_survey_2019,Siegle2019
15.501918909971,brain observatory 1.1gray,VISp,FS,siegle_survey_2019,Siegle2019
7.7522419704987,brain observatory 1.1gray,VISp,FS,siegle_survey_2019,Siegle2019
2.41564361943197,brain observatory 1.1gray,VISp,RS,siegle_survey_2019,Siegle2019
0.197404787792521,brain observatory 1.1gray,VISp,RS,siegle_survey_2019,Siegle2019
12.524372142985,brain observatory 1.1gray,VISam,FS,siegle_survey_2019,Siegle2019
23.7059976488232,brain observatory 1.1gray,VISam,FS,siegle_survey_2019,Siegle2019
2.18621677185139,brain observatory 1.1gray,VISam,FS,siegle_survey_2019,Siegle2019
12.8955672587934,brain observatory 1.1gray,VISam,FS,siegle_survey_2019,Siegle2019
5.95237165155129,brain observatory 1.1gray,VISam,RS,siegle_survey_2019,Siegle2019
2.851316511534,brain observatory 1.1gray,VISam,RS,siegle_survey_2019,Siegle2019
3.07636233350327,brain observatory 1.1gray,VISam,RS,siegle_survey_2019,Siegle2019
2.0196908937751,brain observatory 1.1gray,VISam,RS,siegle_survey_2019,Siegle2019
7.86897509699346,brain observatory 1.1gray,VISam,FS,siegle_survey_2019,Siegle2019
0.775113219110946,brain observatory 1.1gray,VISam,RS,siegle_survey_2019,Siegle2019
1.99590148262135,brain observatory 1.1gray,VISam,RS,siegle_survey_2019,Siegle2019
2.52659606814836,brain observatory 1.1gray,VISam,RS,siegle_survey_2019,Siegle2019
1.92292721296405,brain observatory 1.1gray,VISam,RS,siegle_survey_2019,Siegle2019
6.67990604835473,brain observatory 1.1gray,VISam,FS,siegle_survey_2019,Siegle2019
8.27048414600198,brain observatory 1.1gray,VISam,RS,siegle_survey_2019,Siegle2019
6.14318882709259,brain observatory 1.1gray,VISam,RS,siegle_survey_2019,Siegle2019
5.12385772892222,brain observatory 1.1gray,VISam,RS,siegle_survey_2019,Siegle2019
12.0825114345511,brain observatory 1.1gray,VISam,RS,siegle_survey_2019,Siegle2019
2.97518205315313,brain observatory 1.1gray,VISam,RS,siegle_survey_2019,Siegle2019
6.5464042895594,brain observatory 1.1gray,VISam,RS,siegle_survey_2019,Siegle2019
15.9816661867351,brain observatory 1.1gray,VISam,RS,siegle_survey_2019,Siegle2019
7.25898247428727,brain observatory 1.1gray,VISam,RS,siegle_survey_2019,Siegle2019
8.82838096959932,brain observatory 1.1gray,VISam,RS,siegle_survey_2019,Siegle2019
25.8708340638149,brain observatory 1.1gray,VISam,RS,siegle_survey_2019,Siegle2019
7.89557507149028,brain observatory 1.1gray,VISam,RS,siegle_survey_2019,Siegle2019
7.49366451343275,brain observatory 1.1gray,VISam,RS,siegle_survey_2019,Siegle2019
8.00384871588677,brain observatory 1.1gray,LP,RS,siegle_survey_2019,Siegle2019
6.04383271684421,brain observatory 1.1gray,LP,RS,siegle_survey_2019,Siegle2019
7.63629378685903,brain observatory 1.1gray,LP,RS,siegle_survey_2019,Siegle2019
7.20860483581741,brain observatory 1.1gray,LP,RS,siegle_survey_2019,Siegle2019
11.1056399183134,brain observatory 1.1gray,VISam,RS,siegle_survey_2019,Siegle2019
9.67104808620594,brain observatory 1.1gray,VISam,RS,siegle_survey_2019,Siegle2019
10.8019987000007,brain observatory 1.1gray,VISam,RS,siegle_survey_2019,Siegle2019
10.6358743309734,brain observatory 1.1gray,VISam,RS,siegle_survey_2019,Siegle2019
2.35374642255019,brain observatory 1.1gray,VISam,RS,siegle_survey_2019,Siegle2019
2.18310507672157,brain observatory 1.1gray,VISam,RS,siegle_survey_2019,Siegle2019
13.5848579186787,brain observatory 1.1gray,VISam,FS,siegle_survey_2019,Siegle2019
19.0150670519945,brain observatory 1.1gray,VISam,FS,siegle_survey_2019,Siegle2019
12.1233649802877,brain observatory 1.1gray,VISam,RS,siegle_survey_2019,Siegle2019
19.016070824617,brain observatory 1.1gray,VISam,RS,siegle_survey_2019,Siegle2019
2.66230659810603,brain observatory 1.1gray,LP,RS,siegle_survey_2019,Siegle2019
5.96697749009074,brain observatory 1.1gray,LP,RS,siegle_survey_2019,Siegle2019
8.22361312103589,brain observatory 1.1gray,LP,RS,siegle_survey_2019,Siegle2019
13.6806178268673,brain observatory 1.1gray,VISam,RS,siegle_survey_2019,Siegle2019
12.2337799687651,brain observatory 1.1gray,VISam,FS,siegle_survey_2019,Siegle2019
12.0408548707165,brain observatory 1.1gray,VISam,RS,siegle_survey_2019,Siegle2019
2.61201711832492,brain observatory 1.1gray,VISam,RS,siegle_survey_2019,Siegle2019
11.4302416697027,brain observatory 1.1gray,LP,RS,siegle_survey_2019,Siegle2019
2.68940798752131,brain observatory 1.1gray,VISam,RS,siegle_survey_2019,Siegle2019
1.75298850797119,brain observatory 1.1gray,VISam,RS,siegle_survey_2019,Siegle2019
5.03823592422115,brain observatory 1.1gray,VISam,RS,siegle_survey_2019,Siegle2019
5.38694653328505,brain observatory 1.1gray,VISam,RS,siegle_survey_2019,Siegle2019
6.27107492783961,brain observatory 1.1gray,LP,RS,siegle_survey_2019,Siegle2019
8.26993397391703,brain observatory 1.1gray,LP,FS,siegle_survey_2019,Siegle2019
11.0094073740201,brain observatory 1.1gray,LP,RS,siegle_survey_2019,Siegle2019
4.55783034708246,brain observatory 1.1gray,VISam,RS,siegle_survey_2019,Siegle2019
7.62497321967507,brain observatory 1.1gray,LP,RS,siegle_survey_2019,Siegle2019
7.43062759273841,brain observatory 1.1gray,VISam,RS,siegle_survey_2019,Siegle2019
1.71384137569286,brain observatory 1.1gray,VISam,RS,siegle_survey_2019,Siegle2019
7.35566835079433,brain observatory 1.1gray,LP,RS,siegle_survey_2019,Siegle2019
8.39954927525262,brain observatory 1.1gray,LP,RS,siegle_survey_2019,Siegle2019
3.40198622640092,brain observatory 1.1gray,LP,RS,siegle_survey_2019,Siegle2019
12.5685298929703,brain observatory 1.1gray,LP,RS,siegle_survey_2019,Siegle2019
2.93864472969335,brain observatory 1.1gray,VISam,RS,siegle_survey_2019,Siegle2019
9.63193322208597,brain observatory 1.1gray,LP,RS,siegle_survey_2019,Siegle2019
10.9314853683059,brain observatory 1.1gray,VISam,RS,siegle_survey_2019,Siegle2019
0.281758975141728,brain observatory 1.1gray,VISam,RS,siegle_survey_2019,Siegle2019
7.81441096778092,brain observatory 1.1gray,LP,RS,siegle_survey_2019,Siegle2019
9.0154296734257,brain observatory 1.1gray,LP,RS,siegle_survey_2019,Siegle2019
0.659880122045501,brain observatory 1.1gray,VISam,RS,siegle_survey_2019,Siegle2019
1.22711203103229,brain observatory 1.1gray,VISam,RS,siegle_survey_2019,Siegle2019
0.398698485665459,brain observatory 1.1gray,VISam,RS,siegle_survey_2019,Siegle2019
0.269312194622464,brain observatory 1.1gray,VISam,RS,siegle_survey_2019,Siegle2019
14.1928429961399,brain observatory 1.1gray,VISam,RS,siegle_survey_2019,Siegle2019
3.06742875716283,brain observatory 1.1gray,VISam,FS,siegle_survey_2019,Siegle2019
6.32206110842589,brain observatory 1.1gray,VISam,FS,siegle_survey_2019,Siegle2019
11.5292187387514,brain observatory 1.1gray,LP,RS,siegle_survey_2019,Siegle2019
11.3147511127434,brain observatory 1.1gray,LP,RS,siegle_survey_2019,Siegle2019
4.47338963071012,brain observatory 1.1gray,LP,RS,siegle_survey_2019,Siegle2019
11.5860292915002,brain observatory 1.1gray,LP,RS,siegle_survey_2019,Siegle2019
10.9088724287534,brain observatory 1.1gray,LP,RS,siegle_survey_2019,Siegle2019
13.4737598340287,brain observatory 1.1gray,LP,FS,siegle_survey_2019,Siegle2019
7.40520881452596,brain observatory 1.1gray,LP,RS,siegle_survey_2019,Siegle2019
1.84262540316235,brain observatory 1.1gray,VISam,FS,siegle_survey_2019,Siegle2019
0.150867025164951,brain observatory 1.1gray,VISam,RS,siegle_survey_2019,Siegle2019
0.744498154124047,brain observatory 1.1gray,VISam,RS,siegle_survey_2019,Siegle2019
35.5649689203388,brain observatory 1.1gray,VISam,FS,siegle_survey_2019,Siegle2019
18.3740075484642,brain observatory 1.1gray,LP,RS,siegle_survey_2019,Siegle2019
8.69793450020224,brain observatory 1.1gray,LP,RS,siegle_survey_2019,Siegle2019
3.60201753278901,brain observatory 1.1gray,LP,RS,siegle_survey_2019,Siegle2019
9.10796752077346,brain observatory 1.1gray,LP,FS,siegle_survey_2019,Siegle2019
12.3096108655427,brain observatory 1.1gray,LP,RS,siegle_survey_2019,Siegle2019
13.3666377505426,brain observatory 1.1gray,VISam,FS,siegle_survey_2019,Siegle2019
9.30768239685324,brain observatory 1.1gray,VISam,FS,siegle_survey_2019,Siegle2019
10.1972345723821,brain observatory 1.1gray,LP,RS,siegle_survey_2019,Siegle2019
0.231469966753411,brain observatory 1.1gray,VISam,RS,siegle_survey_2019,Siegle2019
0.0862240682745795,brain observatory 1.1gray,VISam,RS,siegle_survey_2019,Siegle2019
0.328233647564464,brain observatory 1.1gray,VISam,RS,siegle_survey_2019,Siegle2019
0.383340764540884,brain observatory 1.1gray,VISam,RS,siegle_survey_2019,Siegle2019
15.9143287171095,brain observatory 1.1gray,LP,RS,siegle_survey_2019,Siegle2019
7.20126554849229,brain observatory 1.1gray,VISam,FS,siegle_survey_2019,Siegle2019
0.624748080257256,brain observatory 1.1gray,VISam,RS,siegle_survey_2019,Siegle2019
1.38952244135623,brain observatory 1.1gray,VISam,RS,siegle_survey_2019,Siegle2019
14.4202215656562,brain observatory 1.1gray,LP,RS,siegle_survey_2019,Siegle2019
12.793487218846,brain observatory 1.1gray,LP,RS,siegle_survey_2019,Siegle2019
7.04305452305386,brain observatory 1.1gray,LP,RS,siegle_survey_2019,Siegle2019
2.20782217611524,brain observatory 1.1gray,LP,RS,siegle_survey_2019,Siegle2019
9.81617804946523,brain observatory 1.1gray,LP,FS,siegle_survey_2019,Siegle2019
0.79087244928453,brain observatory 1.1gray,VISam,RS,siegle_survey_2019,Siegle2019
8.24313850296785,brain observatory 1.1gray,LP,FS,siegle_survey_2019,Siegle2019
14.738755323025,brain observatory 1.1gray,LP,FS,siegle_survey_2019,Siegle2019
7.58561088056755,brain observatory 1.1gray,LP,RS,siegle_survey_2019,Siegle2019
14.6446595994593,brain observatory 1.1gray,LP,FS,siegle_survey_2019,Siegle2019
2.9876950108339,brain observatory 1.1gray,LP,RS,siegle_survey_2019,Siegle2019
15.6089849783863,brain observatory 1.1gray,LP,FS,siegle_survey_2019,Siegle2019
11.1387111001121,brain observatory 1.1gray,LP,FS,siegle_survey_2019,Siegle2019
12.6853706093184,brain observatory 1.1gray,LP,RS,siegle_survey_2019,Siegle2019
17.2703041772356,brain observatory 1.1gray,LP,RS,siegle_survey_2019,Siegle2019
0.268810308311204,brain observatory 1.1gray,VISam,RS,siegle_survey_2019,Siegle2019
12.0726059635813,brain observatory 1.1gray,LP,FS,siegle_survey_2019,Siegle2019
9.52308960365673,brain observatory 1.1gray,LP,FS,siegle_survey_2019,Siegle2019
12.7141393901437,brain observatory 1.1gray,LP,RS,siegle_survey_2019,Siegle2019
2.48834375376541,brain observatory 1.1gray,LP,FS,siegle_survey_2019,Siegle2019
10.5002934259857,brain observatory 1.1gray,LP,RS,siegle_survey_2019,Siegle2019
8.60695452907245,brain observatory 1.1gray,LP,FS,siegle_survey_2019,Siegle2019
15.195420771721,brain observatory 1.1gray,LP,FS,siegle_survey_2019,Siegle2019
28.5744617316968,brain observatory 1.1gray,LP,RS,siegle_survey_2019,Siegle2019
12.5797466017397,brain observatory 1.1gray,LP,FS,siegle_survey_2019,Siegle2019
8.19463662338154,brain observatory 1.1gray,LP,FS,siegle_survey_2019,Siegle2019
10.4034973836421,brain observatory 1.1gray,LP,FS,siegle_survey_2019,Siegle2019
12.2628745790034,brain observatory 1.1gray,LP,FS,siegle_survey_2019,Siegle2019
6.07509409961826,brain observatory 1.1gray,LGd,FS,siegle_survey_2019,Siegle2019
8.54277002889185,brain observatory 1.1gray,LGd,FS,siegle_survey_2019,Siegle2019
13.4044862715361,brain observatory 1.1gray,LGd,FS,siegle_survey_2019,Siegle2019
10.7294050884426,brain observatory 1.1gray,LGd,FS,siegle_survey_2019,Siegle2019
9.33250941299103,brain observatory 1.1gray,LGd,FS,siegle_survey_2019,Siegle2019
13.0004770390077,brain observatory 1.1gray,LGd,FS,siegle_survey_2019,Siegle2019
4.75568857011337,brain observatory 1.1gray,LP,FS,siegle_survey_2019,Siegle2019
22.7027967971806,brain observatory 1.1gray,LP,FS,siegle_survey_2019,Siegle2019
32.3659448251191,brain observatory 1.1gray,LP,FS,siegle_survey_2019,Siegle2019
12.5790160948309,brain observatory 1.1gray,LP,FS,siegle_survey_2019,Siegle2019
1.47193670463385,brain observatory 1.1gray,LP,FS,siegle_survey_2019,Siegle2019
5.74521066737745,brain observatory 1.1gray,LP,FS,siegle_survey_2019,Siegle2019
5.2739379704151,brain observatory 1.1gray,LP,FS,siegle_survey_2019,Siegle2019
29.8395417346302,brain observatory 1.1gray,LP,FS,siegle_survey_2019,Siegle2019
44.6101013423001,brain observatory 1.1gray,LP,FS,siegle_survey_2019,Siegle2019
37.0371154802501,brain observatory 1.1gray,LP,FS,siegle_survey_2019,Siegle2019
49.290506733985,brain observatory 1.1gray,LP,FS,siegle_survey_2019,Siegle2019
34.1560206454603,brain observatory 1.1gray,VISal,FS,siegle_survey_2019,Siegle2019
29.6953995423325,brain observatory 1.1gray,LP,FS,siegle_survey_2019,Siegle2019
22.5184775803524,brain observatory 1.1gray,VISal,FS,siegle_survey_2019,Siegle2019
11.5274531457043,brain observatory 1.1gray,VISal,RS,siegle_survey_2019,Siegle2019
18.6478440518796,brain observatory 1.1gray,LP,FS,siegle_survey_2019,Siegle2019
9.11627619393599,brain observatory 1.1gray,VISal,RS,siegle_survey_2019,Siegle2019
4.83045485987016,brain observatory 1.1gray,VISal,RS,siegle_survey_2019,Siegle2019
0.916654366656935,brain observatory 1.1gray,VISal,FS,siegle_survey_2019,Siegle2019
3.72914023217583,brain observatory 1.1gray,VISal,RS,siegle_survey_2019,Siegle2019
0.961209626491041,brain observatory 1.1gray,VISal,RS,siegle_survey_2019,Siegle2019
55.416851039353,brain observatory 1.1gray,LP,FS,siegle_survey_2019,Siegle2019
51.7028809035475,brain observatory 1.1gray,LP,RS,siegle_survey_2019,Siegle2019
7.5178785754403,brain observatory 1.1gray,LP,FS,siegle_survey_2019,Siegle2019
3.53856004151013,brain observatory 1.1gray,VISal,RS,siegle_survey_2019,Siegle2019
1.30176136774054,brain observatory 1.1gray,VISal,RS,siegle_survey_2019,Siegle2019
1.94734527246969,brain observatory 1.1gray,VISal,RS,siegle_survey_2019,Siegle2019
2.24168001925258,brain observatory 1.1gray,VISal,RS,siegle_survey_2019,Siegle2019
49.6007738066816,brain observatory 1.1gray,LP,FS,siegle_survey_2019,Siegle2019
6.94760864009921,brain observatory 1.1gray,VISal,RS,siegle_survey_2019,Siegle2019
2.70436925599138,brain observatory 1.1gray,VISal,RS,siegle_survey_2019,Siegle2019
1.83517818477544,brain observatory 1.1gray,VISal,RS,siegle_survey_2019,Siegle2019
11.4003826533544,brain observatory 1.1gray,LP,FS,siegle_survey_2019,Siegle2019
1.37030792133147,brain observatory 1.1gray,VISal,RS,siegle_survey_2019,Siegle2019
0.50568662035493,brain observatory 1.1gray,VISal,RS,siegle_survey_2019,Siegle2019
0.789739384099176,brain observatory 1.1gray,VISal,RS,siegle_survey_2019,Siegle2019
5.83494821606421,brain observatory 1.1gray,LP,FS,siegle_survey_2019,Siegle2019
7.41725639061164,brain observatory 1.1gray,VISal,RS,siegle_survey_2019,Siegle2019
4.14509318237536,brain observatory 1.1gray,VISal,RS,siegle_survey_2019,Siegle2019
4.6331238722599,brain observatory 1.1gray,VISal,FS,siegle_survey_2019,Siegle2019
0.9659871135595,brain observatory 1.1gray,VISal,RS,siegle_survey_2019,Siegle2019
4.27056376832017,brain observatory 1.1gray,LP,FS,siegle_survey_2019,Siegle2019
8.09285537714045,brain observatory 1.1gray,VISal,RS,siegle_survey_2019,Siegle2019
5.36729900458461,brain observatory 1.1gray,VISal,RS,siegle_survey_2019,Siegle2019
7.44450257086534,brain observatory 1.1gray,LP,FS,siegle_survey_2019,Siegle2019
9.76736459463533,brain observatory 1.1gray,VISal,RS,siegle_survey_2019,Siegle2019
15.3845469445832,brain observatory 1.1gray,VISal,FS,siegle_survey_2019,Siegle2019
1.70502270639553,brain observatory 1.1gray,VISam,RS,siegle_survey_2019,Siegle2019
36.8893596953878,brain observatory 1.1gray,LP,FS,siegle_survey_2019,Siegle2019
6.77504900538068,brain observatory 1.1gray,VISam,RS,siegle_survey_2019,Siegle2019
4.16087921742474,brain observatory 1.1gray,VISam,RS,siegle_survey_2019,Siegle2019
3.99856450316805,brain observatory 1.1gray,VISam,RS,siegle_survey_2019,Siegle2019
6.53668781658898,brain observatory 1.1gray,LP,FS,siegle_survey_2019,Siegle2019
33.292128674932,brain observatory 1.1gray,LP,FS,siegle_survey_2019,Siegle2019
57.541819845567,brain observatory 1.1gray,VISal,FS,siegle_survey_2019,Siegle2019
19.1580347197641,brain observatory 1.1gray,VISal,FS,siegle_survey_2019,Siegle2019
8.57506999581122,brain observatory 1.1gray,VISal,RS,siegle_survey_2019,Siegle2019
10.0352154457126,brain observatory 1.1gray,VISal,RS,siegle_survey_2019,Siegle2019
8.99434641527576,brain observatory 1.1gray,VISal,RS,siegle_survey_2019,Siegle2019
2.91677146503344,brain observatory 1.1gray,LP,RS,siegle_survey_2019,Siegle2019
4.60342036570383,brain observatory 1.1gray,VISal,RS,siegle_survey_2019,Siegle2019
2.14696114519965,brain observatory 1.1gray,VISal,RS,siegle_survey_2019,Siegle2019
4.12556780044339,brain observatory 1.1gray,VISal,RS,siegle_survey_2019,Siegle2019
4.76606264286049,brain observatory 1.1gray,VISal,RS,siegle_survey_2019,Siegle2019
1.27548518886402,brain observatory 1.1gray,VISal,RS,siegle_survey_2019,Siegle2019
4.04113090942911,brain observatory 1.1gray,VISal,RS,siegle_survey_2019,Siegle2019
3.09524278669458,brain observatory 1.1gray,LP,FS,siegle_survey_2019,Siegle2019
4.54901863843174,brain observatory 1.1gray,VISam,RS,siegle_survey_2019,Siegle2019
5.78874600402189,brain observatory 1.1gray,VISam,RS,siegle_survey_2019,Siegle2019
0.818819740168057,brain observatory 1.1gray,VISal,FS,siegle_survey_2019,Siegle2019
13.7294592506058,brain observatory 1.1gray,VISal,FS,siegle_survey_2019,Siegle2019
14.4298803982077,brain observatory 1.1gray,VISal,FS,siegle_survey_2019,Siegle2019
3.93644162758114,brain observatory 1.1gray,VISal,RS,siegle_survey_2019,Siegle2019
1.74741782449614,brain observatory 1.1gray,VISal,RS,siegle_survey_2019,Siegle2019
6.41081560739631,brain observatory 1.1gray,VISam,RS,siegle_survey_2019,Siegle2019
4.56635820019494,brain observatory 1.1gray,VISam,RS,siegle_survey_2019,Siegle2019
0.509010089619945,brain observatory 1.1gray,VISal,RS,siegle_survey_2019,Siegle2019
4.74061733130022,brain observatory 1.1gray,VISal,RS,siegle_survey_2019,Siegle2019
1.03879186214623,brain observatory 1.1gray,VISal,RS,siegle_survey_2019,Siegle2019
9.96265554300833,brain observatory 1.1gray,VISam,FS,siegle_survey_2019,Siegle2019
3.54458382955297,brain observatory 1.1gray,VISal,RS,siegle_survey_2019,Siegle2019
29.4693058313021,brain observatory 1.1gray,VISal,FS,siegle_survey_2019,Siegle2019
5.03422506918139,brain observatory 1.1gray,VISal,FS,siegle_survey_2019,Siegle2019
18.1629344445582,brain observatory 1.1gray,VISam,FS,siegle_survey_2019,Siegle2019
6.17801403555786,brain observatory 1.1gray,VISam,RS,siegle_survey_2019,Siegle2019
11.1456445792787,brain observatory 1.1gray,VISam,RS,siegle_survey_2019,Siegle2019
3.83737839944032,brain observatory 1.1gray,VISam,FS,siegle_survey_2019,Siegle2019
3.77448401268978,brain observatory 1.1gray,VISam,RS,siegle_survey_2019,Siegle2019
8.02919016903251,brain observatory 1.1gray,VISal,FS,siegle_survey_2019,Siegle2019
10.4398525948464,brain observatory 1.1gray,VISam,RS,siegle_survey_2019,Siegle2019
9.26343001983554,brain observatory 1.1gray,VISam,RS,siegle_survey_2019,Siegle2019
9.07084802321113,brain observatory 1.1gray,VISam,RS,siegle_survey_2019,Siegle2019
9.01954754462178,brain observatory 1.1gray,VISam,RS,siegle_survey_2019,Siegle2019
15.6288960041589,brain observatory 1.1gray,VISam,RS,siegle_survey_2019,Siegle2019
0.76499273672434,brain observatory 1.1gray,VISam,RS,siegle_survey_2019,Siegle2019
10.6263775412272,brain observatory 1.1gray,VISal,FS,siegle_survey_2019,Siegle2019
0.229630954529626,brain observatory 1.1gray,VISal,RS,siegle_survey_2019,Siegle2019
8.32165583389231,brain observatory 1.1gray,VISam,RS,siegle_survey_2019,Siegle2019
3.82958072669474,brain observatory 1.1gray,VISam,RS,siegle_survey_2019,Siegle2019
10.5351688840654,brain observatory 1.1gray,VISam,RS,siegle_survey_2019,Siegle2019
2.16108396105482,brain observatory 1.1gray,VISam,RS,siegle_survey_2019,Siegle2019
19.1318978841538,brain observatory 1.1gray,VISam,RS,siegle_survey_2019,Siegle2019
13.042325873684,brain observatory 1.1gray,VISam,RS,siegle_survey_2019,Siegle2019
15.6653193439573,brain observatory 1.1gray,VISam,FS,siegle_survey_2019,Siegle2019
6.60934845953709,brain observatory 1.1gray,VISam,RS,siegle_survey_2019,Siegle2019
3.7089220010526,brain observatory 1.1gray,VISam,RS,siegle_survey_2019,Siegle2019
2.02831832246559,brain observatory 1.1gray,VISam,RS,siegle_survey_2019,Siegle2019
2.75432269546203,brain observatory 1.1gray,VISam,RS,siegle_survey_2019,Siegle2019
1.79069450563974,brain observatory 1.1gray,VISam,RS,siegle_survey_2019,Siegle2019
12.1838383255448,brain observatory 1.1gray,VISal,FS,siegle_survey_2019,Siegle2019
2.27312420629396,brain observatory 1.1gray,VISam,RS,siegle_survey_2019,Siegle2019
2.45164987178488,brain observatory 1.1gray,VISam,RS,siegle_survey_2019,Siegle2019
14.0580753497531,brain observatory 1.1gray,VISam,FS,siegle_survey_2019,Siegle2019
2.098599978133,brain observatory 1.1gray,VISam,RS,siegle_survey_2019,Siegle2019
1.3575132644313,brain observatory 1.1gray,VISam,RS,siegle_survey_2019,Siegle2019
1.79900518317121,brain observatory 1.1gray,VISam,RS,siegle_survey_2019,Siegle2019
2.27158519193628,brain observatory 1.1gray,VISam,FS,siegle_survey_2019,Siegle2019
26.4768952066621,brain observatory 1.1gray,VISam,FS,siegle_survey_2019,Siegle2019
2.4915616441274,brain observatory 1.1gray,VISam,RS,siegle_survey_2019,Siegle2019
8.24978544149788,brain observatory 1.1gray,LP,RS,siegle_survey_2019,Siegle2019
10.7820267870374,brain observatory 1.1gray,VISam,RS,siegle_survey_2019,Siegle2019
4.95121439057222,brain observatory 1.1gray,VISam,RS,siegle_survey_2019,Siegle2019
0.409890823928881,brain observatory 1.1gray,VISam,RS,siegle_survey_2019,Siegle2019
2.0152880009039,brain observatory 1.1gray,VISam,RS,siegle_survey_2019,Siegle2019
0.667316625490224,brain observatory 1.1gray,VISam,RS,siegle_survey_2019,Siegle2019
1.68337390443083,brain observatory 1.1gray,VISam,RS,siegle_survey_2019,Siegle2019
1.19807137697561,brain observatory 1.1gray,VISam,RS,siegle_survey_2019,Siegle2019
4.84286777979152,brain observatory 1.1gray,VISam,RS,siegle_survey_2019,Siegle2019
1.30200614659762,brain observatory 1.1gray,VISam,RS,siegle_survey_2019,Siegle2019
17.0791605338797,brain observatory 1.1gray,VISam,FS,siegle_survey_2019,Siegle2019
8.63879539253165,brain observatory 1.1gray,VISam,FS,siegle_survey_2019,Siegle2019
8.64259162794726,brain observatory 1.1gray,VISam,RS,siegle_survey_2019,Siegle2019
2.12317756827189,brain observatory 1.1gray,VISal,RS,siegle_survey_2019,Siegle2019
5.3528971379268,brain observatory 1.1gray,VISam,RS,siegle_survey_2019,Siegle2019
3.47622303017132,brain observatory 1.1gray,VISam,FS,siegle_survey_2019,Siegle2019
0.394398079394898,brain observatory 1.1gray,VISam,RS,siegle_survey_2019,Siegle2019
2.23629046266681,brain observatory 1.1gray,VISam,RS,siegle_survey_2019,Siegle2019
12.9251555805859,brain observatory 1.1gray,VISam,FS,siegle_survey_2019,Siegle2019
1.82837746009994,brain observatory 1.1gray,VISpm,RS,siegle_survey_2019,Siegle2019
6.206445607216,brain observatory 1.1gray,VISpm,FS,siegle_survey_2019,Siegle2019
44.5011916775068,brain observatory 1.1gray,VISpm,FS,siegle_survey_2019,Siegle2019
4.12130231988929,brain observatory 1.1gray,VISpm,RS,siegle_survey_2019,Siegle2019
2.07109042735339,brain observatory 1.1gray,VISpm,RS,siegle_survey_2019,Siegle2019
1.51851189768827,brain observatory 1.1gray,VISpm,RS,siegle_survey_2019,Siegle2019
2.94347189898274,brain observatory 1.1gray,VISpm,RS,siegle_survey_2019,Siegle2019
1.70631833347455,brain observatory 1.1gray,VISpm,RS,siegle_survey_2019,Siegle2019
4.40205838664194,brain observatory 1.1gray,VISpm,RS,siegle_survey_2019,Siegle2019
22.2866313868279,brain observatory 1.1gray,VISpm,FS,siegle_survey_2019,Siegle2019
6.19921842208686,brain observatory 1.1gray,VISpm,FS,siegle_survey_2019,Siegle2019
4.40878368391488,brain observatory 1.1gray,VISpm,RS,siegle_survey_2019,Siegle2019
2.62226367102118,brain observatory 1.1gray,VISpm,RS,siegle_survey_2019,Siegle2019
0.15558523541888,brain observatory 1.1gray,VISpm,RS,siegle_survey_2019,Siegle2019
0.656469315896438,brain observatory 1.1gray,VISpm,RS,siegle_survey_2019,Siegle2019
1.60774755851884,brain observatory 1.1gray,VISpm,RS,siegle_survey_2019,Siegle2019
1.29527217925499,brain observatory 1.1gray,VISpm,RS,siegle_survey_2019,Siegle2019
5.04467559770753,brain observatory 1.1gray,VISpm,RS,siegle_survey_2019,Siegle2019
1.97081323368664,brain observatory 1.1gray,VISpm,RS,siegle_survey_2019,Siegle2019
5.56292499800926,brain observatory 1.1gray,VISpm,RS,siegle_survey_2019,Siegle2019
2.03515525685019,brain observatory 1.1gray,VISpm,RS,siegle_survey_2019,Siegle2019
3.53961429456515,brain observatory 1.1gray,VISpm,RS,siegle_survey_2019,Siegle2019
1.53216324737664,brain observatory 1.1gray,VISpm,FS,siegle_survey_2019,Siegle2019
5.04196540328411,brain observatory 1.1gray,VISpm,RS,siegle_survey_2019,Siegle2019
0.948768803341457,brain observatory 1.1gray,VISpm,FS,siegle_survey_2019,Siegle2019
3.37549696559104,brain observatory 1.1gray,VISpm,RS,siegle_survey_2019,Siegle2019
7.36572271585842,brain observatory 1.1gray,VISam,RS,siegle_survey_2019,Siegle2019
8.27482584014597,brain observatory 1.1gray,VISpm,RS,siegle_survey_2019,Siegle2019
9.398452372584,brain observatory 1.1gray,VISpm,RS,siegle_survey_2019,Siegle2019
5.77100770318561,brain observatory 1.1gray,VISpm,FS,siegle_survey_2019,Siegle2019
13.8394572568663,brain observatory 1.1gray,VISpm,RS,siegle_survey_2019,Siegle2019
0.197643437767597,brain observatory 1.1gray,VISpm,RS,siegle_survey_2019,Siegle2019
0.539065429016856,brain observatory 1.1gray,VISam,RS,siegle_survey_2019,Siegle2019
5.59534695351913,brain observatory 1.1gray,VISpm,RS,siegle_survey_2019,Siegle2019
8.4834104331785,brain observatory 1.1gray,VISpm,RS,siegle_survey_2019,Siegle2019
3.8383379465694,brain observatory 1.1gray,VISpm,RS,siegle_survey_2019,Siegle2019
4.26283469533485,brain observatory 1.1gray,VISpm,RS,siegle_survey_2019,Siegle2019
5.11544178543031,brain observatory 1.1gray,VISpm,RS,siegle_survey_2019,Siegle2019
0.821991930867879,brain observatory 1.1gray,VISpm,RS,siegle_survey_2019,Siegle2019
12.6865204736268,brain observatory 1.1gray,VISpm,RS,siegle_survey_2019,Siegle2019
12.9544282112609,brain observatory 1.1gray,VISpm,RS,siegle_survey_2019,Siegle2019
10.0186853852635,brain observatory 1.1gray,VISpm,FS,siegle_survey_2019,Siegle2019
8.88211014613579,brain observatory 1.1gray,VISpm,RS,siegle_survey_2019,Siegle2019
3.68817309999737,brain observatory 1.1gray,VISpm,RS,siegle_survey_2019,Siegle2019
10.9669523007488,brain observatory 1.1gray,VISpm,RS,siegle_survey_2019,Siegle2019
14.6901571731082,brain observatory 1.1gray,VISpm,RS,siegle_survey_2019,Siegle2019
7.04821191961776,brain observatory 1.1gray,VISpm,RS,siegle_survey_2019,Siegle2019
0.28527305745836,brain observatory 1.1gray,VISpm,RS,siegle_survey_2019,Siegle2019
2.43977724651052,brain observatory 1.1gray,VISpm,RS,siegle_survey_2019,Siegle2019
5.4343413292534,brain observatory 1.1gray,VISpm,RS,siegle_survey_2019,Siegle2019
3.56320302380608,brain observatory 1.1gray,VISpm,RS,siegle_survey_2019,Siegle2019
17.1115653240822,brain observatory 1.1gray,VISpm,FS,siegle_survey_2019,Siegle2019
5.29260819866536,brain observatory 1.1gray,VISpm,RS,siegle_survey_2019,Siegle2019
8.40421252947173,brain observatory 1.1gray,VISpm,RS,siegle_survey_2019,Siegle2019
2.0964859528766,brain observatory 1.1gray,VISpm,RS,siegle_survey_2019,Siegle2019
1.11760387816375,brain observatory 1.1gray,VISpm,RS,siegle_survey_2019,Siegle2019
12.0732135133626,brain observatory 1.1gray,VISpm,RS,siegle_survey_2019,Siegle2019
3.02146527183466,brain observatory 1.1gray,VISpm,RS,siegle_survey_2019,Siegle2019
5.27323532741643,brain observatory 1.1gray,VISpm,RS,siegle_survey_2019,Siegle2019
3.77881404682527,brain observatory 1.1gray,VISpm,RS,siegle_survey_2019,Siegle2019
1.90396177124214,brain observatory 1.1gray,VISpm,RS,siegle_survey_2019,Siegle2019
1.50736998728086,brain observatory 1.1gray,VISpm,RS,siegle_survey_2019,Siegle2019
0.329037678518123,brain observatory 1.1gray,VISpm,RS,siegle_survey_2019,Siegle2019
1.73301876742385,brain observatory 1.1gray,VISpm,RS,siegle_survey_2019,Siegle2019
7.45885656355237,brain observatory 1.1gray,VISpm,RS,siegle_survey_2019,Siegle2019
0.489541414927665,brain observatory 1.1gray,VISpm,RS,siegle_survey_2019,Siegle2019
0.899583793434843,brain observatory 1.1gray,VISpm,RS,siegle_survey_2019,Siegle2019
1.77246715292038,brain observatory 1.1gray,VISpm,RS,siegle_survey_2019,Siegle2019
1.29677784282356,brain observatory 1.1gray,VISpm,RS,siegle_survey_2019,Siegle2019
24.9565744041871,brain observatory 1.1gray,VISpm,FS,siegle_survey_2019,Siegle2019
0.408837847652323,brain observatory 1.1gray,VISpm,RS,siegle_survey_2019,Siegle2019
8.04164874216012,brain observatory 1.1gray,VISpm,FS,siegle_survey_2019,Siegle2019
0.624750003385234,brain observatory 1.1gray,VISpm,RS,siegle_survey_2019,Siegle2019
2.23691417503855,brain observatory 1.1gray,VISpm,RS,siegle_survey_2019,Siegle2019
0.738879301882825,brain observatory 1.1gray,VISpm,RS,siegle_survey_2019,Siegle2019
0.205171755610446,brain observatory 1.1gray,VISpm,RS,siegle_survey_2019,Siegle2019
1.14470582239801,brain observatory 1.1gray,VISpm,RS,siegle_survey_2019,Siegle2019
8.1842852708893,brain observatory 1.1gray,VISpm,FS,siegle_survey_2019,Siegle2019
0.454911152850559,brain observatory 1.1gray,VISpm,RS,siegle_survey_2019,Siegle2019
3.46091827871457,brain observatory 1.1gray,VISpm,FS,siegle_survey_2019,Siegle2019
0.763471806836132,brain observatory 1.1gray,VISpm,RS,siegle_survey_2019,Siegle2019
0.783647698654968,brain observatory 1.1gray,VISpm,RS,siegle_survey_2019,Siegle2019
39.0195725122004,brain observatory 1.1gray,VISpm,FS,siegle_survey_2019,Siegle2019
21.2454148403762,brain observatory 1.1gray,VISpm,FS,siegle_survey_2019,Siegle2019
2.95541682996006,brain observatory 1.1gray,VISpm,RS,siegle_survey_2019,Siegle2019
9.39403575944952,brain observatory 1.1gray,VISpm,FS,siegle_survey_2019,Siegle2019
6.04774866708874,brain observatory 1.1gray,VISpm,FS,siegle_survey_2019,Siegle2019
20.6760732563144,brain observatory 1.1gray,VISpm,FS,siegle_survey_2019,Siegle2019
3.44626315331382,brain observatory 1.1gray,VISpm,FS,siegle_survey_2019,Siegle2019
2.71862613940965,brain observatory 1.1gray,VISpm,RS,siegle_survey_2019,Siegle2019
1.57241465344307,brain observatory 1.1gray,VISpm,RS,siegle_survey_2019,Siegle2019
12.5184884193744,brain observatory 1.1gray,VISpm,FS,siegle_survey_2019,Siegle2019
1.02053876677662,brain observatory 1.1gray,LP,FS,siegle_survey_2019,Siegle2019
7.9693164609414,brain observatory 1.1gray,VISrl,RS,siegle_survey_2019,Siegle2019
6.09685079832787,brain observatory 1.1gray,VISrl,FS,siegle_survey_2019,Siegle2019
4.08002572819121,brain observatory 1.1gray,VISrl,RS,siegle_survey_2019,Siegle2019
3.46093214965915,brain observatory 1.1gray,VISrl,RS,siegle_survey_2019,Siegle2019
5.50279182920281,brain observatory 1.1gray,VISrl,RS,siegle_survey_2019,Siegle2019
3.99886844933492,brain observatory 1.1gray,VISrl,FS,siegle_survey_2019,Siegle2019
6.42773856610478,brain observatory 1.1gray,VISrl,RS,siegle_survey_2019,Siegle2019
4.5356761395702,brain observatory 1.1gray,VISrl,RS,siegle_survey_2019,Siegle2019
9.018820639729,brain observatory 1.1gray,VISrl,RS,siegle_survey_2019,Siegle2019
7.14984340629514,brain observatory 1.1gray,VISrl,RS,siegle_survey_2019,Siegle2019
21.0282510950119,brain observatory 1.1gray,VISrl,RS,siegle_survey_2019,Siegle2019
3.35833129143375,brain observatory 1.1gray,VISrl,RS,siegle_survey_2019,Siegle2019
10.4821140797396,brain observatory 1.1gray,VISrl,FS,siegle_survey_2019,Siegle2019
9.91473133375319,brain observatory 1.1gray,VISrl,FS,siegle_survey_2019,Siegle2019
10.2083749899943,brain observatory 1.1gray,VISrl,RS,siegle_survey_2019,Siegle2019
3.43384552308765,brain observatory 1.1gray,VISrl,RS,siegle_survey_2019,Siegle2019
0.698404041940289,brain observatory 1.1gray,VISrl,RS,siegle_survey_2019,Siegle2019
8.32595704413289,brain observatory 1.1gray,VISrl,RS,siegle_survey_2019,Siegle2019
7.32529087386057,brain observatory 1.1gray,VISrl,FS,siegle_survey_2019,Siegle2019
3.31944556616633,brain observatory 1.1gray,VISrl,RS,siegle_survey_2019,Siegle2019
4.86523009619018,brain observatory 1.1gray,VISrl,RS,siegle_survey_2019,Siegle2019
5.88662163982403,brain observatory 1.1gray,VISrl,RS,siegle_survey_2019,Siegle2019
4.94207813900101,brain observatory 1.1gray,VISrl,RS,siegle_survey_2019,Siegle2019
2.62853138687649,brain observatory 1.1gray,VISrl,RS,siegle_survey_2019,Siegle2019
3.01974845928994,brain observatory 1.1gray,VISrl,FS,siegle_survey_2019,Siegle2019
3.3318602700116,brain observatory 1.1gray,VISrl,RS,siegle_survey_2019,Siegle2019
2.2124849067725,brain observatory 1.1gray,VISrl,RS,siegle_survey_2019,Siegle2019
2.94628624480055,brain observatory 1.1gray,VISrl,RS,siegle_survey_2019,Siegle2019
1.56958792913215,brain observatory 1.1gray,VISrl,RS,siegle_survey_2019,Siegle2019
14.5787611469634,brain observatory 1.1gray,VISrl,FS,siegle_survey_2019,Siegle2019
12.5742481798137,brain observatory 1.1gray,VISrl,FS,siegle_survey_2019,Siegle2019
0.355101570318105,brain observatory 1.1gray,VISrl,RS,siegle_survey_2019,Siegle2019
2.31098173066888,brain observatory 1.1gray,VISrl,FS,siegle_survey_2019,Siegle2019
15.6693056690411,brain observatory 1.1gray,VISrl,FS,siegle_survey_2019,Siegle2019
1.52895798927489,brain observatory 1.1gray,VISrl,RS,siegle_survey_2019,Siegle2019
0.582567673003814,brain observatory 1.1gray,VISrl,RS,siegle_survey_2019,Siegle2019
0.57107637688257,brain observatory 1.1gray,VISrl,RS,siegle_survey_2019,Siegle2019
0.347919510242327,brain observatory 1.1gray,VISrl,RS,siegle_survey_2019,Siegle2019
0.890575449396461,brain observatory 1.1gray,VISrl,RS,siegle_survey_2019,Siegle2019
6.86256100326402,brain observatory 1.1gray,VISrl,FS,siegle_survey_2019,Siegle2019
5.32919117708544,brain observatory 1.1gray,VISrl,RS,siegle_survey_2019,Siegle2019
8.61559926690319,brain observatory 1.1gray,VISrl,FS,siegle_survey_2019,Siegle2019
4.23741544470897,brain observatory 1.1gray,VISrl,RS,siegle_survey_2019,Siegle2019
0.412763252640779,brain observatory 1.1gray,VISrl,RS,siegle_survey_2019,Siegle2019
2.26584945740939,brain observatory 1.1gray,VISal,RS,siegle_survey_2019,Siegle2019
11.4636551293403,brain observatory 1.1gray,VISal,FS,siegle_survey_2019,Siegle2019
6.45865592711754,brain observatory 1.1gray,VISal,FS,siegle_survey_2019,Siegle2019
2.89469347681087,brain observatory 1.1gray,VISal,RS,siegle_survey_2019,Siegle2019
2.2235776780011,brain observatory 1.1gray,VISal,RS,siegle_survey_2019,Siegle2019
3.1229816058969,brain observatory 1.1gray,VISal,RS,siegle_survey_2019,Siegle2019
15.0503950918524,brain observatory 1.1gray,VISal,FS,siegle_survey_2019,Siegle2019
2.96692486686775,brain observatory 1.1gray,VISal,RS,siegle_survey_2019,Siegle2019
0.990924382342868,brain observatory 1.1gray,VISal,RS,siegle_survey_2019,Siegle2019
1.17068204623443,brain observatory 1.1gray,VISal,RS,siegle_survey_2019,Siegle2019
17.7597904288299,brain observatory 1.1gray,VISal,RS,siegle_survey_2019,Siegle2019
3.62542069269883,brain observatory 1.1gray,VISal,RS,siegle_survey_2019,Siegle2019
4.00248086096452,brain observatory 1.1gray,VISal,RS,siegle_survey_2019,Siegle2019
6.66344833415382,brain observatory 1.1gray,VISal,RS,siegle_survey_2019,Siegle2019
0.995131040002431,brain observatory 1.1gray,VISal,RS,siegle_survey_2019,Siegle2019
9.57671266551056,brain observatory 1.1gray,VISal,RS,siegle_survey_2019,Siegle2019
8.49662766106623,brain observatory 1.1gray,VISal,RS,siegle_survey_2019,Siegle2019
25.2713419877141,brain observatory 1.1gray,VISal,FS,siegle_survey_2019,Siegle2019
8.23930333398858,brain observatory 1.1gray,VISal,RS,siegle_survey_2019,Siegle2019
11.5885210408449,brain observatory 1.1gray,VISal,RS,siegle_survey_2019,Siegle2019
7.20682538208174,brain observatory 1.1gray,VISal,RS,siegle_survey_2019,Siegle2019
18.6677102734511,brain observatory 1.1gray,VISal,RS,siegle_survey_2019,Siegle2019
51.388427367813,brain observatory 1.1gray,VISal,FS,siegle_survey_2019,Siegle2019
19.3716585222867,brain observatory 1.1gray,VISal,FS,siegle_survey_2019,Siegle2019
10.3632550464425,brain observatory 1.1gray,VISal,RS,siegle_survey_2019,Siegle2019
10.7208209475053,brain observatory 1.1gray,VISal,RS,siegle_survey_2019,Siegle2019
18.4826173364304,brain observatory 1.1gray,VISal,RS,siegle_survey_2019,Siegle2019
15.2248174826148,brain observatory 1.1gray,VISal,FS,siegle_survey_2019,Siegle2019
2.42159839221955,brain observatory 1.1gray,VISal,RS,siegle_survey_2019,Siegle2019
3.92932605825066,brain observatory 1.1gray,VISal,RS,siegle_survey_2019,Siegle2019
4.29653649150859,brain observatory 1.1gray,VISal,RS,siegle_survey_2019,Siegle2019
7.65909238118791,brain observatory 1.1gray,VISal,RS,siegle_survey_2019,Siegle2019
7.58450115878541,brain observatory 1.1gray,VISal,RS,siegle_survey_2019,Siegle2019
0.817220201424824,brain observatory 1.1gray,VISal,RS,siegle_survey_2019,Siegle2019
1.23696255472413,brain observatory 1.1gray,VISal,RS,siegle_survey_2019,Siegle2019
15.5088181753384,brain observatory 1.1gray,VISal,FS,siegle_survey_2019,Siegle2019
2.35962714279574,brain observatory 1.1gray,VISal,RS,siegle_survey_2019,Siegle2019
3.4184736561296,brain observatory 1.1gray,VISal,RS,siegle_survey_2019,Siegle2019
5.70843444402673,brain observatory 1.1gray,VISal,RS,siegle_survey_2019,Siegle2019
3.888490698531,brain observatory 1.1gray,VISal,RS,siegle_survey_2019,Siegle2019
1.80168069516885,brain observatory 1.1gray,VISal,RS,siegle_survey_2019,Siegle2019
3.5077368796374,brain observatory 1.1gray,VISal,RS,siegle_survey_2019,Siegle2019
2.49054653727384,brain observatory 1.1gray,VISal,RS,siegle_survey_2019,Siegle2019
4.36445862249958,brain observatory 1.1gray,VISal,RS,siegle_survey_2019,Siegle2019
0.697997367268434,brain observatory 1.1gray,VISal,RS,siegle_survey_2019,Siegle2019
2.31520073385451,brain observatory 1.1gray,VISal,RS,siegle_survey_2019,Siegle2019
7.38771166144294,brain observatory 1.1gray,VISal,FS,siegle_survey_2019,Siegle2019
1.0746471299088,brain observatory 1.1gray,VISal,RS,siegle_survey_2019,Siegle2019
0.544608264803888,brain observatory 1.1gray,VISal,RS,siegle_survey_2019,Siegle2019
1.69005036508094,brain observatory 1.1gray,VISal,RS,siegle_survey_2019,Siegle2019
18.9117990191121,brain observatory 1.1gray,VISal,RS,siegle_survey_2019,Siegle2019
0.51536686399961,brain observatory 1.1gray,VISal,RS,siegle_survey_2019,Siegle2019
16.7363414006801,brain observatory 1.1gray,VISal,FS,siegle_survey_2019,Siegle2019
1.03935224613101,brain observatory 1.1gray,VISal,RS,siegle_survey_2019,Siegle2019
1.72144639541817,brain observatory 1.1gray,VISal,RS,siegle_survey_2019,Siegle2019
0.42948948690073,brain observatory 1.1gray,VISal,RS,siegle_survey_2019,Siegle2019
6.78308157393553,brain observatory 1.1gray,VISal,RS,siegle_survey_2019,Siegle2019
3.40277564096099,brain observatory 1.1gray,VISal,RS,siegle_survey_2019,Siegle2019
0.213000519542741,brain observatory 1.1gray,VISal,RS,siegle_survey_2019,Siegle2019
0.738422321362769,brain observatory 1.1gray,VISal,RS,siegle_survey_2019,Siegle2019
1.37403803358208,brain observatory 1.1gray,VISal,RS,siegle_survey_2019,Siegle2019
15.3324463578558,brain observatory 1.1gray,VISal,FS,siegle_survey_2019,Siegle2019
3.34921770685631,brain observatory 1.1gray,VISal,RS,siegle_survey_2019,Siegle2019
1.35649319309951,brain observatory 1.1gray,VISal,RS,siegle_survey_2019,Siegle2019
0.684351380226437,brain observatory 1.1gray,VISal,RS,siegle_survey_2019,Siegle2019
0.555894419500276,brain observatory 1.1gray,VISal,RS,siegle_survey_2019,Siegle2019
0.275792580217191,brain observatory 1.1gray,VISal,RS,siegle_survey_2019,Siegle2019
0.331607745261146,brain observatory 1.1gray,VISal,RS,siegle_survey_2019,Siegle2019
0.682812359131475,brain observatory 1.1gray,VISal,RS,siegle_survey_2019,Siegle2019
0.208075652038863,brain observatory 1.1gray,VISal,RS,siegle_survey_2019,Siegle2019
0.994310228751785,brain observatory 1.1gray,VISal,RS,siegle_survey_2019,Siegle2019
5.31224672341462,brain observatory 1.1gray,LP,FS,siegle_survey_2019,Siegle2019
8.01775963340812,brain observatory 1.1gray,LP,RS,siegle_survey_2019,Siegle2019
6.12844133184673,brain observatory 1.1gray,LP,RS,siegle_survey_2019,Siegle2019
12.2600891055717,brain observatory 1.1gray,LP,FS,siegle_survey_2019,Siegle2019
7.19877231753365,brain observatory 1.1gray,LP,FS,siegle_survey_2019,Siegle2019
5.96925700763218,brain observatory 1.1gray,LP,FS,siegle_survey_2019,Siegle2019
10.2881273504383,brain observatory 1.1gray,LP,RS,siegle_survey_2019,Siegle2019
3.54870369036843,brain observatory 1.1gray,LP,RS,siegle_survey_2019,Siegle2019
3.99553688114612,brain observatory 1.1gray,LP,RS,siegle_survey_2019,Siegle2019
9.75503052977433,brain observatory 1.1gray,LP,RS,siegle_survey_2019,Siegle2019
11.407175565953,brain observatory 1.1gray,LP,RS,siegle_survey_2019,Siegle2019
8.24831314781633,brain observatory 1.1gray,LP,RS,siegle_survey_2019,Siegle2019
2.60859561838269,brain observatory 1.1gray,LP,FS,siegle_survey_2019,Siegle2019
1.0808812138025,brain observatory 1.1gray,LP,FS,siegle_survey_2019,Siegle2019
2.09008293658442,brain observatory 1.1gray,LP,FS,siegle_survey_2019,Siegle2019
2.89572731690095,brain observatory 1.1gray,VISp,RS,siegle_survey_2019,Siegle2019
4.8035602344691,brain observatory 1.1gray,VISp,RS,siegle_survey_2019,Siegle2019
2.77140011891141,brain observatory 1.1gray,VISp,RS,siegle_survey_2019,Siegle2019
1.81732850971387,brain observatory 1.1gray,VISp,RS,siegle_survey_2019,Siegle2019
21.2834302854476,brain observatory 1.1gray,VISp,FS,siegle_survey_2019,Siegle2019
10.171557673122,brain observatory 1.1gray,VISp,FS,siegle_survey_2019,Siegle2019
6.17540019032198,brain observatory 1.1gray,VISp,FS,siegle_survey_2019,Siegle2019
2.06339706546853,brain observatory 1.1gray,VISp,RS,siegle_survey_2019,Siegle2019
3.13372805115545,brain observatory 1.1gray,VISp,RS,siegle_survey_2019,Siegle2019
3.81318342852087,brain observatory 1.1gray,VISp,RS,siegle_survey_2019,Siegle2019
11.1343177054735,brain observatory 1.1gray,VISp,FS,siegle_survey_2019,Siegle2019
1.77698940221311,brain observatory 1.1gray,VISp,RS,siegle_survey_2019,Siegle2019
3.05522194194243,brain observatory 1.1gray,VISp,RS,siegle_survey_2019,Siegle2019
1.96906561408213,brain observatory 1.1gray,VISp,RS,siegle_survey_2019,Siegle2019
9.1380490522306,brain observatory 1.1gray,VISp,FS,siegle_survey_2019,Siegle2019
2.26954024815833,brain observatory 1.1gray,VISp,RS,siegle_survey_2019,Siegle2019
4.60331276749095,brain observatory 1.1gray,VISp,FS,siegle_survey_2019,Siegle2019
6.82092934394317,brain observatory 1.1gray,VISp,RS,siegle_survey_2019,Siegle2019
10.7993996796082,brain observatory 1.1gray,VISp,FS,siegle_survey_2019,Siegle2019
4.6135526947796,brain observatory 1.1gray,VISp,RS,siegle_survey_2019,Siegle2019
2.04229660923736,brain observatory 1.1gray,VISp,RS,siegle_survey_2019,Siegle2019
4.14241260589248,brain observatory 1.1gray,VISp,RS,siegle_survey_2019,Siegle2019
1.82094868602805,brain observatory 1.1gray,VISp,RS,siegle_survey_2019,Siegle2019
5.39654511473032,brain observatory 1.1gray,VISp,FS,siegle_survey_2019,Siegle2019
9.03968369009412,brain observatory 1.1gray,VISp,RS,siegle_survey_2019,Siegle2019
1.2787497077742,brain observatory 1.1gray,VISp,RS,siegle_survey_2019,Siegle2019
6.51559333024508,brain observatory 1.1gray,VISp,RS,siegle_survey_2019,Siegle2019
8.20487103204628,brain observatory 1.1gray,VISp,FS,siegle_survey_2019,Siegle2019
14.1084476979785,brain observatory 1.1gray,VISp,RS,siegle_survey_2019,Siegle2019
6.71532362917835,brain observatory 1.1gray,VISp,RS,siegle_survey_2019,Siegle2019
16.3943304563551,brain observatory 1.1gray,VISp,RS,siegle_survey_2019,Siegle2019
9.6118784149511,brain observatory 1.1gray,VISp,FS,siegle_survey_2019,Siegle2019
5.72205068217878,brain observatory 1.1gray,VISp,RS,siegle_survey_2019,Siegle2019
6.28990119545876,brain observatory 1.1gray,VISp,RS,siegle_survey_2019,Siegle2019
2.31277549671043,brain observatory 1.1gray,VISp,RS,siegle_survey_2019,Siegle2019
4.8878586257848,brain observatory 1.1gray,VISp,RS,siegle_survey_2019,Siegle2019
24.2822809104979,brain observatory 1.1gray,VISp,RS,siegle_survey_2019,Siegle2019
1.25806298597893,brain observatory 1.1gray,VISp,RS,siegle_survey_2019,Siegle2019
5.19609078053422,brain observatory 1.1gray,VISp,RS,siegle_survey_2019,Siegle2019
4.36572576767235,brain observatory 1.1gray,VISp,RS,siegle_survey_2019,Siegle2019
6.06596743202504,brain observatory 1.1gray,VISp,RS,siegle_survey_2019,Siegle2019
3.90348096915719,brain observatory 1.1gray,VISp,RS,siegle_survey_2019,Siegle2019
1.92924367462625,brain observatory 1.1gray,VISp,RS,siegle_survey_2019,Siegle2019
8.15925681048772,brain observatory 1.1gray,VISp,RS,siegle_survey_2019,Siegle2019
2.52512469593881,brain observatory 1.1gray,VISp,RS,siegle_survey_2019,Siegle2019
1.47754910422668,brain observatory 1.1gray,VISp,RS,siegle_survey_2019,Siegle2019
11.9632346478097,brain observatory 1.1gray,VISp,RS,siegle_survey_2019,Siegle2019
8.23900412300846,brain observatory 1.1gray,VISp,FS,siegle_survey_2019,Siegle2019
1.52761097097121,brain observatory 1.1gray,VISp,RS,siegle_survey_2019,Siegle2019
0.514892505484102,brain observatory 1.1gray,VISp,RS,siegle_survey_2019,Siegle2019
1.11315249980311,brain observatory 1.1gray,VISp,RS,siegle_survey_2019,Siegle2019
0.680489713455184,brain observatory 1.1gray,VISp,RS,siegle_survey_2019,Siegle2019
0.730965314635626,brain observatory 1.1gray,VISp,RS,siegle_survey_2019,Siegle2019
0.686695729993763,brain observatory 1.1gray,VISp,RS,siegle_survey_2019,Siegle2019
0.246999458235443,brain observatory 1.1gray,VISp,FS,siegle_survey_2019,Siegle2019
0.963484067614385,brain observatory 1.1gray,VISp,RS,siegle_survey_2019,Siegle2019
1.05109233441732,brain observatory 1.1gray,VISp,RS,siegle_survey_2019,Siegle2019
1.75092413275108,brain observatory 1.1gray,VISp,RS,siegle_survey_2019,Siegle2019
0.703865709083831,brain observatory 1.1gray,VISp,RS,siegle_survey_2019,Siegle2019
0.961829129870764,brain observatory 1.1gray,VISp,RS,siegle_survey_2019,Siegle2019
1.54260884427278,brain observatory 1.1gray,VISp,RS,siegle_survey_2019,Siegle2019
8.42477088472993,brain observatory 1.1gray,VISp,FS,siegle_survey_2019,Siegle2019
4.3043896375494,brain observatory 1.1gray,VISp,FS,siegle_survey_2019,Siegle2019
0.0657837753089371,brain observatory 1.1gray,VISp,RS,siegle_survey_2019,Siegle2019
0.813608768207703,brain observatory 1.1gray,VISp,RS,siegle_survey_2019,Siegle2019
0.94341794747298,brain observatory 1.1gray,VISp,RS,siegle_survey_2019,Siegle2019
10.8100533413328,brain observatory 1.1gray,VISp,FS,siegle_survey_2019,Siegle2019
10.9826840347142,brain observatory 1.1gray,VISp,RS,siegle_survey_2019,Siegle2019
0.556576249901557,brain observatory 1.1gray,VISp,RS,siegle_survey_2019,Siegle2019
0.482517785874515,brain observatory 1.1gray,VISp,RS,siegle_survey_2019,Siegle2019
1.18514229165063,brain observatory 1.1gray,VISp,RS,siegle_survey_2019,Siegle2019
0.907319617940245,brain observatory 1.1gray,VISp,RS,siegle_survey_2019,Siegle2019
1.35911762194879,brain observatory 1.1gray,VISp,RS,siegle_survey_2019,Siegle2019
0.968035146409343,brain observatory 1.1gray,VISp,RS,siegle_survey_2019,Siegle2019
2.40224556847494,brain observatory 1.1gray,VISp,RS,siegle_survey_2019,Siegle2019
0.661354495794565,brain observatory 1.1gray,VISp,RS,siegle_survey_2019,Siegle2019
5.04176783594155,brain observatory 1.1gray,VISp,RS,siegle_survey_2019,Siegle2019
0.355294446833646,brain observatory 1.1gray,VISp,RS,siegle_survey_2019,Siegle2019
6.05510690308252,brain observatory 1.1gray,VISp,FS,siegle_survey_2019,Siegle2019
0.896252221779779,brain observatory 1.1gray,VISp,RS,siegle_survey_2019,Siegle2019
5.50902345100843,brain observatory 1.1gray,LP,RS,siegle_survey_2019,Siegle2019
6.93290240233459,brain observatory 1.1gray,LP,RS,siegle_survey_2019,Siegle2019
4.39979216566617,brain observatory 1.1gray,LP,RS,siegle_survey_2019,Siegle2019
6.34570490075979,brain observatory 1.1gray,LP,FS,siegle_survey_2019,Siegle2019
16.057064109031,brain observatory 1.1gray,LP,FS,siegle_survey_2019,Siegle2019
11.4075811262428,brain observatory 1.1gray,LP,RS,siegle_survey_2019,Siegle2019
5.1536226027768,brain observatory 1.1gray,LP,RS,siegle_survey_2019,Siegle2019
5.38976350397378,brain observatory 1.1gray,LP,RS,siegle_survey_2019,Siegle2019
4.72416267208479,brain observatory 1.1gray,LP,RS,siegle_survey_2019,Siegle2019
10.2451845219276,brain observatory 1.1gray,LP,RS,siegle_survey_2019,Siegle2019
9.96994539004622,brain observatory 1.1gray,LP,RS,siegle_survey_2019,Siegle2019
7.16376814542335,brain observatory 1.1gray,LP,RS,siegle_survey_2019,Siegle2019
3.73170890643214,brain observatory 1.1gray,LGd,RS,siegle_survey_2019,Siegle2019
10.6558193785864,brain observatory 1.1gray,LGd,RS,siegle_survey_2019,Siegle2019
7.98576190004989,brain observatory 1.1gray,LGd,RS,siegle_survey_2019,Siegle2019
3.08907052748478,brain observatory 1.1gray,LGd,RS,siegle_survey_2019,Siegle2019
5.91572779770424,brain observatory 1.1gray,LGd,RS,siegle_survey_2019,Siegle2019
10.5373869073334,brain observatory 1.1gray,LGd,FS,siegle_survey_2019,Siegle2019
8.8673339109574,brain observatory 1.1gray,LGd,RS,siegle_survey_2019,Siegle2019
11.1293423946529,brain observatory 1.1gray,LGd,RS,siegle_survey_2019,Siegle2019
8.55185876919183,brain observatory 1.1gray,LGd,RS,siegle_survey_2019,Siegle2019
10.6061708316856,brain observatory 1.1gray,LGd,RS,siegle_survey_2019,Siegle2019
17.0949256082033,brain observatory 1.1gray,LGd,RS,siegle_survey_2019,Siegle2019
3.51666863766801,brain observatory 1.1gray,LGd,RS,siegle_survey_2019,Siegle2019
6.79823071886614,brain observatory 1.1gray,LGd,RS,siegle_survey_2019,Siegle2019
4.53094707706247,brain observatory 1.1gray,LGd,FS,siegle_survey_2019,Siegle2019
9.36216442840214,brain observatory 1.1gray,LGd,RS,siegle_survey_2019,Siegle2019
9.54058889382693,brain observatory 1.1gray,LGd,RS,siegle_survey_2019,Siegle2019
11.8449020768608,brain observatory 1.1gray,LGd,FS,siegle_survey_2019,Siegle2019
4.50167512128554,brain observatory 1.1gray,LGd,FS,siegle_survey_2019,Siegle2019
4.39968873119346,brain observatory 1.1gray,LGd,FS,siegle_survey_2019,Siegle2019
18.9581941996016,brain observatory 1.1gray,LGd,FS,siegle_survey_2019,Siegle2019
1.74142278254592,brain observatory 1.1gray,LGd,FS,siegle_survey_2019,Siegle2019
2.37609670709461,brain observatory 1.1gray,LGd,FS,siegle_survey_2019,Siegle2019
5.52081498089738,brain observatory 1.1gray,LGd,RS,siegle_survey_2019,Siegle2019
6.05898454240762,brain observatory 1.1gray,LGd,RS,siegle_survey_2019,Siegle2019
17.0981320768573,brain observatory 1.1gray,LGd,RS,siegle_survey_2019,Siegle2019
8.87240220012019,brain observatory 1.1gray,LGd,RS,siegle_survey_2019,Siegle2019
11.2321562605266,brain observatory 1.1gray,LGd,FS,siegle_survey_2019,Siegle2019
24.4444620666139,brain observatory 1.1gray,LGd,FS,siegle_survey_2019,Siegle2019
3.83100600023376,brain observatory 1.1gray,LGd,FS,siegle_survey_2019,Siegle2019
2.58079352858774,brain observatory 1.1gray,LGd,FS,siegle_survey_2019,Siegle2019
7.71166054736833,brain observatory 1.1gray,LGd,FS,siegle_survey_2019,Siegle2019
5.68755135090593,brain observatory 1.1gray,LGd,RS,siegle_survey_2019,Siegle2019
12.1376216346301,brain observatory 1.1gray,LGd,FS,siegle_survey_2019,Siegle2019
13.5145413353459,brain observatory 1.1gray,LGd,FS,siegle_survey_2019,Siegle2019
12.4284793718907,brain observatory 1.1gray,LGd,FS,siegle_survey_2019,Siegle2019
11.624379781043,brain observatory 1.1gray,LGd,FS,siegle_survey_2019,Siegle2019
6.13480201090406,brain observatory 1.1gray,LGd,FS,siegle_survey_2019,Siegle2019
12.1538608468456,brain observatory 1.1gray,LGd,FS,siegle_survey_2019,Siegle2019
8.40136161139876,brain observatory 1.1gray,LGd,FS,siegle_survey_2019,Siegle2019
19.5063969049647,brain observatory 1.1gray,LGd,RS,siegle_survey_2019,Siegle2019
11.4572296731436,brain observatory 1.1gray,LGd,FS,siegle_survey_2019,Siegle2019
7.48472531424255,brain observatory 1.1gray,LGd,RS,siegle_survey_2019,Siegle2019
9.36547433152886,brain observatory 1.1gray,LGd,FS,siegle_survey_2019,Siegle2019
14.0191981276981,brain observatory 1.1gray,LGd,RS,siegle_survey_2019,Siegle2019
14.9673819390309,brain observatory 1.1gray,VISal,FS,siegle_survey_2019,Siegle2019
10.87923783964,brain observatory 1.1gray,VISal,FS,siegle_survey_2019,Siegle2019
5.98306363943846,brain observatory 1.1gray,VISal,FS,siegle_survey_2019,Siegle2019
13.6732098164831,brain observatory 1.1gray,VISal,FS,siegle_survey_2019,Siegle2019
5.47168360636012,brain observatory 1.1gray,VISal,RS,siegle_survey_2019,Siegle2019
4.4145832952637,brain observatory 1.1gray,VISal,RS,siegle_survey_2019,Siegle2019
0.430494275419108,brain observatory 1.1gray,VISal,RS,siegle_survey_2019,Siegle2019
0.917567207410597,brain observatory 1.1gray,VISal,RS,siegle_survey_2019,Siegle2019
1.35995644719136,brain observatory 1.1gray,VISal,RS,siegle_survey_2019,Siegle2019
1.39491729896734,brain observatory 1.1gray,VISal,RS,siegle_survey_2019,Siegle2019
1.03413785815479,brain observatory 1.1gray,VISal,RS,siegle_survey_2019,Siegle2019
1.21401040619752,brain observatory 1.1gray,VISal,RS,siegle_survey_2019,Siegle2019
8.43135760848466,brain observatory 1.1gray,VISal,FS,siegle_survey_2019,Siegle2019
11.3081805979685,brain observatory 1.1gray,VISal,FS,siegle_survey_2019,Siegle2019
0.289616523588059,brain observatory 1.1gray,VISal,RS,siegle_survey_2019,Siegle2019
0.53703178231043,brain observatory 1.1gray,VISal,RS,siegle_survey_2019,Siegle2019
2.02079929333568,brain observatory 1.1gray,VISal,RS,siegle_survey_2019,Siegle2019
5.65621070567479,brain observatory 1.1gray,VISal,FS,siegle_survey_2019,Siegle2019
3.62155119299597,brain observatory 1.1gray,VISal,RS,siegle_survey_2019,Siegle2019
2.00497381901105,brain observatory 1.1gray,VISal,RS,siegle_survey_2019,Siegle2019
4.03177231176391,brain observatory 1.1gray,VISal,RS,siegle_survey_2019,Siegle2019
18.3592051681379,brain observatory 1.1gray,VISal,RS,siegle_survey_2019,Siegle2019
1.05823809029623,brain observatory 1.1gray,VISal,RS,siegle_survey_2019,Siegle2019
5.25736737890495,brain observatory 1.1gray,VISal,RS,siegle_survey_2019,Siegle2019
2.16436634145719,brain observatory 1.1gray,VISal,RS,siegle_survey_2019,Siegle2019
3.23284444455171,brain observatory 1.1gray,VISal,RS,siegle_survey_2019,Siegle2019
3.6125523938702,brain observatory 1.1gray,VISal,RS,siegle_survey_2019,Siegle2019
8.41325657576041,brain observatory 1.1gray,VISal,RS,siegle_survey_2019,Siegle2019
9.96084315644774,brain observatory 1.1gray,VISal,RS,siegle_survey_2019,Siegle2019
10.8982697826187,brain observatory 1.1gray,VISal,RS,siegle_survey_2019,Siegle2019
3.78270210147818,brain observatory 1.1gray,VISal,RS,siegle_survey_2019,Siegle2019
3.17430053299784,brain observatory 1.1gray,VISal,RS,siegle_survey_2019,Siegle2019
6.03022975899423,brain observatory 1.1gray,VISal,RS,siegle_survey_2019,Siegle2019
6.04171098546504,brain observatory 1.1gray,VISal,FS,siegle_survey_2019,Siegle2019
24.2273531083955,brain observatory 1.1gray,VISal,RS,siegle_survey_2019,Siegle2019
1.43980786012349,brain observatory 1.1gray,VISal,RS,siegle_survey_2019,Siegle2019
7.65094451188755,brain observatory 1.1gray,VISal,FS,siegle_survey_2019,Siegle2019
21.9709300862264,brain observatory 1.1gray,VISal,FS,siegle_survey_2019,Siegle2019
9.76317987909889,brain observatory 1.1gray,VISal,RS,siegle_survey_2019,Siegle2019
0.620193098369287,brain observatory 1.1gray,VISal,RS,siegle_survey_2019,Siegle2019
0.169632535244435,brain observatory 1.1gray,VISal,RS,siegle_survey_2019,Siegle2019
0.802134335866214,brain observatory 1.1gray,VISal,RS,siegle_survey_2019,Siegle2019
1.62743799361947,brain observatory 1.1gray,VISal,RS,siegle_survey_2019,Siegle2019
9.69636120972822,brain observatory 1.1gray,VISal,FS,siegle_survey_2019,Siegle2019
4.49671026659546,brain observatory 1.1gray,VISal,FS,siegle_survey_2019,Siegle2019
1.08906156316381,brain observatory 1.1gray,VISal,RS,siegle_survey_2019,Siegle2019
1.70904779258768,brain observatory 1.1gray,VISal,RS,siegle_survey_2019,Siegle2019
1.09288863865408,brain observatory 1.1gray,VISal,RS,siegle_survey_2019,Siegle2019
8.75655559068497,brain observatory 1.1gray,VISal,FS,siegle_survey_2019,Siegle2019
4.92203281837907,brain observatory 1.1gray,VISal,FS,siegle_survey_2019,Siegle2019
1.72290801193082,brain observatory 1.1gray,VISal,RS,siegle_survey_2019,Siegle2019
6.49309902437157,brain observatory 1.1gray,LP,RS,siegle_survey_2019,Siegle2019
4.82852805504921,brain observatory 1.1gray,LGd,RS,siegle_survey_2019,Siegle2019
1.34382066944859,brain observatory 1.1gray,VISal,RS,siegle_survey_2019,Siegle2019
1.55462012483162,brain observatory 1.1gray,VISal,RS,siegle_survey_2019,Siegle2019
0.110674885799723,brain observatory 1.1gray,VISal,RS,siegle_survey_2019,Siegle2019
4.22165033370621,brain observatory 1.1gray,LP,RS,siegle_survey_2019,Siegle2019
13.4434971743835,brain observatory 1.1gray,LP,RS,siegle_survey_2019,Siegle2019
11.5673115709755,brain observatory 1.1gray,LP,RS,siegle_survey_2019,Siegle2019
5.36655900806108,brain observatory 1.1gray,LP,RS,siegle_survey_2019,Siegle2019
9.55842040887234,brain observatory 1.1gray,LP,RS,siegle_survey_2019,Siegle2019
5.93016975578533,brain observatory 1.1gray,LP,RS,siegle_survey_2019,Siegle2019
16.5511655383723,brain observatory 1.1gray,LP,RS,siegle_survey_2019,Siegle2019
3.02916211375524,brain observatory 1.1gray,LP,RS,siegle_survey_2019,Siegle2019
11.1617476616662,brain observatory 1.1gray,LP,RS,siegle_survey_2019,Siegle2019
5.90979329821482,brain observatory 1.1gray,LP,FS,siegle_survey_2019,Siegle2019
3.30719215410811,brain observatory 1.1gray,LP,RS,siegle_survey_2019,Siegle2019
9.86665311729926,brain observatory 1.1gray,LP,RS,siegle_survey_2019,Siegle2019
7.33231827774347,brain observatory 1.1gray,LP,FS,siegle_survey_2019,Siegle2019
4.259300235004,brain observatory 1.1gray,LP,FS,siegle_survey_2019,Siegle2019
8.14417013292563,brain observatory 1.1gray,LP,FS,siegle_survey_2019,Siegle2019
2.94827688624187,brain observatory 1.1gray,LP,RS,siegle_survey_2019,Siegle2019
6.51260545415847,brain observatory 1.1gray,LP,FS,siegle_survey_2019,Siegle2019
8.92261287239575,brain observatory 1.1gray,LP,RS,siegle_survey_2019,Siegle2019
5.30718800986073,brain observatory 1.1gray,LP,FS,siegle_survey_2019,Siegle2019
8.46295308841951,brain observatory 1.1gray,LP,FS,siegle_survey_2019,Siegle2019
11.1517145835731,brain observatory 1.1gray,LP,FS,siegle_survey_2019,Siegle2019
10.7309459064319,brain observatory 1.1gray,LP,FS,siegle_survey_2019,Siegle2019
7.43751044702876,brain observatory 1.1gray,LP,FS,siegle_survey_2019,Siegle2019
2.92407337826472,brain observatory 1.1gray,LP,FS,siegle_survey_2019,Siegle2019
4.8098783245867,brain observatory 1.1gray,LP,FS,siegle_survey_2019,Siegle2019
9.75225534027906,brain observatory 1.1gray,LP,RS,siegle_survey_2019,Siegle2019
6.84142148774543,brain observatory 1.1gray,LP,RS,siegle_survey_2019,Siegle2019
4.63238593275429,brain observatory 1.1gray,LP,FS,siegle_survey_2019,Siegle2019
10.523457714115,brain observatory 1.1gray,LP,RS,siegle_survey_2019,Siegle2019
4.26581656407476,brain observatory 1.1gray,VISrl,FS,siegle_survey_2019,Siegle2019
0.606328904965964,brain observatory 1.1gray,VISrl,RS,siegle_survey_2019,Siegle2019
0.768823396556126,brain observatory 1.1gray,VISrl,RS,siegle_survey_2019,Siegle2019
6.12245318027044,brain observatory 1.1gray,VISrl,RS,siegle_survey_2019,Siegle2019
1.62473804831207,brain observatory 1.1gray,VISrl,RS,siegle_survey_2019,Siegle2019
10.0291476088894,brain observatory 1.1gray,VISrl,FS,siegle_survey_2019,Siegle2019
10.5045293296713,brain observatory 1.1gray,VISrl,FS,siegle_survey_2019,Siegle2019
1.98499795551037,brain observatory 1.1gray,VISrl,RS,siegle_survey_2019,Siegle2019
7.53815152934399,brain observatory 1.1gray,VISrl,FS,siegle_survey_2019,Siegle2019
4.73819870480823,brain observatory 1.1gray,VISrl,FS,siegle_survey_2019,Siegle2019
2.8217773552331,brain observatory 1.1gray,VISrl,RS,siegle_survey_2019,Siegle2019
2.13197737788442,brain observatory 1.1gray,VISrl,RS,siegle_survey_2019,Siegle2019
1.5590575886305,brain observatory 1.1gray,VISrl,FS,siegle_survey_2019,Siegle2019
6.78018868123915,brain observatory 1.1gray,VISrl,RS,siegle_survey_2019,Siegle2019
1.98479108792082,brain observatory 1.1gray,VISrl,RS,siegle_survey_2019,Siegle2019
0.801922210883848,brain observatory 1.1gray,VISrl,RS,siegle_survey_2019,Siegle2019
13.0766175043197,brain observatory 1.1gray,VISrl,RS,siegle_survey_2019,Siegle2019
1.74420408127619,brain observatory 1.1gray,VISrl,RS,siegle_survey_2019,Siegle2019
8.24708675872589,brain observatory 1.1gray,VISrl,FS,siegle_survey_2019,Siegle2019
14.0274843796783,brain observatory 1.1gray,VISrl,RS,siegle_survey_2019,Siegle2019
8.58831484768575,brain observatory 1.1gray,VISrl,RS,siegle_survey_2019,Siegle2019
10.2017786123674,brain observatory 1.1gray,VISrl,RS,siegle_survey_2019,Siegle2019
17.3116107975518,brain observatory 1.1gray,VISrl,RS,siegle_survey_2019,Siegle2019
12.357959498229,brain observatory 1.1gray,VISrl,RS,siegle_survey_2019,Siegle2019
1.92738533182118,brain observatory 1.1gray,VISrl,RS,siegle_survey_2019,Siegle2019
6.30759967291614,brain observatory 1.1gray,VISrl,FS,siegle_survey_2019,Siegle2019
15.5595457478727,brain observatory 1.1gray,VISrl,RS,siegle_survey_2019,Siegle2019
9.35910348634259,brain observatory 1.1gray,VISrl,FS,siegle_survey_2019,Siegle2019
1.80543688778248,brain observatory 1.1gray,VISrl,RS,siegle_survey_2019,Siegle2019
1.01499582811856,brain observatory 1.1gray,VISrl,RS,siegle_survey_2019,Siegle2019
0.893047384079859,brain observatory 1.1gray,VISrl,RS,siegle_survey_2019,Siegle2019
1.06526465237879,brain observatory 1.1gray,VISrl,RS,siegle_survey_2019,Siegle2019
2.81515759236756,brain observatory 1.1gray,VISrl,RS,siegle_survey_2019,Siegle2019
1.99751344467804,brain observatory 1.1gray,VISrl,RS,siegle_survey_2019,Siegle2019
1.56029879416779,brain observatory 1.1gray,VISrl,RS,siegle_survey_2019,Siegle2019
3.74419993702882,brain observatory 1.1gray,VISrl,FS,siegle_survey_2019,Siegle2019
3.32849951583158,brain observatory 1.1gray,VISrl,FS,siegle_survey_2019,Siegle2019
1.4126987690251,brain observatory 1.1gray,VISrl,FS,siegle_survey_2019,Siegle2019
12.5511738268671,brain observatory 1.1gray,VISrl,RS,siegle_survey_2019,Siegle2019
1.81691803900241,brain observatory 1.1gray,VISrl,RS,siegle_survey_2019,Siegle2019
0.932455659888803,brain observatory 1.1gray,VISrl,RS,siegle_survey_2019,Siegle2019
0.976208155078261,brain observatory 1.1gray,VISrl,RS,siegle_survey_2019,Siegle2019
0.792302867969854,brain observatory 1.1gray,VISrl,RS,siegle_survey_2019,Siegle2019
0.740068801608917,brain observatory 1.1gray,VISrl,RS,siegle_survey_2019,Siegle2019
0.34691694767244,brain observatory 1.1gray,VISrl,RS,siegle_survey_2019,Siegle2019
1.39035706935389,brain observatory 1.1gray,VISrl,RS,siegle_survey_2019,Siegle2019
3.53629800953281,brain observatory 1.1gray,LP,FS,siegle_survey_2019,Siegle2019
15.5412251598775,brain observatory 1.1gray,VISam,FS,siegle_survey_2019,Siegle2019
5.58800615802933,brain observatory 1.1gray,VISam,RS,siegle_survey_2019,Siegle2019
6.54145809259137,brain observatory 1.1gray,VISam,FS,siegle_survey_2019,Siegle2019
1.11511882257685,brain observatory 1.1gray,VISam,RS,siegle_survey_2019,Siegle2019
13.087156967274,brain observatory 1.1gray,VISam,FS,siegle_survey_2019,Siegle2019
7.09813831734869,brain observatory 1.1gray,VISam,RS,siegle_survey_2019,Siegle2019
6.82910723882885,brain observatory 1.1gray,VISam,FS,siegle_survey_2019,Siegle2019
3.01788534331924,brain observatory 1.1gray,VISam,RS,siegle_survey_2019,Siegle2019
1.76395848253646,brain observatory 1.1gray,VISam,RS,siegle_survey_2019,Siegle2019
7.10403403879261,brain observatory 1.1gray,VISam,FS,siegle_survey_2019,Siegle2019
3.46999408772916,brain observatory 1.1gray,VISam,RS,siegle_survey_2019,Siegle2019
2.46203258823826,brain observatory 1.1gray,VISam,FS,siegle_survey_2019,Siegle2019
25.3712546136606,brain observatory 1.1gray,VISam,FS,siegle_survey_2019,Siegle2019
2.17976199489699,brain observatory 1.1gray,VISam,RS,siegle_survey_2019,Siegle2019
4.19920174000324,brain observatory 1.1gray,VISam,RS,siegle_survey_2019,Siegle2019
3.42127681053468,brain observatory 1.1gray,VISam,RS,siegle_survey_2019,Siegle2019
0.610982922267085,brain observatory 1.1gray,VISam,RS,siegle_survey_2019,Siegle2019
0.603121960341861,brain observatory 1.1gray,VISam,RS,siegle_survey_2019,Siegle2019
9.77717482820695,brain observatory 1.1gray,VISam,RS,siegle_survey_2019,Siegle2019
4.47361137141928,brain observatory 1.1gray,VISam,RS,siegle_survey_2019,Siegle2019
3.49140486560444,brain observatory 1.1gray,VISam,RS,siegle_survey_2019,Siegle2019
12.3639484701534,brain observatory 1.1gray,VISam,RS,siegle_survey_2019,Siegle2019
1.23375728742201,brain observatory 1.1gray,VISam,RS,siegle_survey_2019,Siegle2019
15.2090995185368,brain observatory 1.1gray,VISam,FS,siegle_survey_2019,Siegle2019
1.03516456510056,brain observatory 1.1gray,VISam,RS,siegle_survey_2019,Siegle2019
9.64995136546977,brain observatory 1.1gray,VISam,RS,siegle_survey_2019,Siegle2019
17.9362327043323,brain observatory 1.1gray,VISam,FS,siegle_survey_2019,Siegle2019
6.04249387775873,brain observatory 1.1gray,VISam,RS,siegle_survey_2019,Siegle2019
8.11158180344533,brain observatory 1.1gray,VISam,FS,siegle_survey_2019,Siegle2019
7.58448361961716,brain observatory 1.1gray,VISam,RS,siegle_survey_2019,Siegle2019
7.4003783841123,brain observatory 1.1gray,LP,FS,siegle_survey_2019,Siegle2019
7.93934384552335,brain observatory 1.1gray,LP,RS,siegle_survey_2019,Siegle2019
9.44608352396166,brain observatory 1.1gray,VISam,RS,siegle_survey_2019,Siegle2019
6.61851620620048,brain observatory 1.1gray,VISam,RS,siegle_survey_2019,Siegle2019
3.30687912778076,brain observatory 1.1gray,VISam,RS,siegle_survey_2019,Siegle2019
2.28536781233981,brain observatory 1.1gray,VISam,FS,siegle_survey_2019,Siegle2019
2.41486681668692,brain observatory 1.1gray,VISam,RS,siegle_survey_2019,Siegle2019
7.29453987336454,brain observatory 1.1gray,LP,RS,siegle_survey_2019,Siegle2019
7.40172995644995,brain observatory 1.1gray,LP,FS,siegle_survey_2019,Siegle2019
3.8686158987471,brain observatory 1.1gray,LP,FS,siegle_survey_2019,Siegle2019
3.07860093082064,brain observatory 1.1gray,VISam,RS,siegle_survey_2019,Siegle2019
5.24336503783398,brain observatory 1.1gray,VISam,RS,siegle_survey_2019,Siegle2019
13.6721780284459,brain observatory 1.1gray,VISam,RS,siegle_survey_2019,Siegle2019
4.77212105715871,brain observatory 1.1gray,VISam,RS,siegle_survey_2019,Siegle2019
12.4240687960301,brain observatory 1.1gray,LP,RS,siegle_survey_2019,Siegle2019
9.02725561022342,brain observatory 1.1gray,LP,FS,siegle_survey_2019,Siegle2019
16.6172460402473,brain observatory 1.1gray,VISam,FS,siegle_survey_2019,Siegle2019
1.49565143998342,brain observatory 1.1gray,VISam,RS,siegle_survey_2019,Siegle2019
0.399874721091002,brain observatory 1.1gray,VISam,RS,siegle_survey_2019,Siegle2019
0.984152596010215,brain observatory 1.1gray,LP,RS,siegle_survey_2019,Siegle2019
12.123291967353,brain observatory 1.1gray,LP,RS,siegle_survey_2019,Siegle2019
9.55499262452174,brain observatory 1.1gray,LP,RS,siegle_survey_2019,Siegle2019
11.0457769129425,brain observatory 1.1gray,LP,RS,siegle_survey_2019,Siegle2019
1.20945036567954,brain observatory 1.1gray,VISam,RS,siegle_survey_2019,Siegle2019
1.78392118847815,brain observatory 1.1gray,VISam,RS,siegle_survey_2019,Siegle2019
7.1711309222274,brain observatory 1.1gray,LP,FS,siegle_survey_2019,Siegle2019
7.18100779700249,brain observatory 1.1gray,LP,RS,siegle_survey_2019,Siegle2019
11.6001295055821,brain observatory 1.1gray,LP,FS,siegle_survey_2019,Siegle2019
2.30160690473797,brain observatory 1.1gray,VISam,RS,siegle_survey_2019,Siegle2019
2.8634588149724,brain observatory 1.1gray,VISam,RS,siegle_survey_2019,Siegle2019
4.83438815030325,brain observatory 1.1gray,VISam,RS,siegle_survey_2019,Siegle2019
2.52367907912555,brain observatory 1.1gray,VISam,RS,siegle_survey_2019,Siegle2019
28.178652358061,brain observatory 1.1gray,VISam,FS,siegle_survey_2019,Siegle2019
4.22449529195891,brain observatory 1.1gray,LP,FS,siegle_survey_2019,Siegle2019
0.77606312269679,brain observatory 1.1gray,VISam,RS,siegle_survey_2019,Siegle2019
2.1285623086735,brain observatory 1.1gray,VISam,RS,siegle_survey_2019,Siegle2019
4.69526981096869,brain observatory 1.1gray,VISam,FS,siegle_survey_2019,Siegle2019
2.0425054623342,brain observatory 1.1gray,VISam,RS,siegle_survey_2019,Siegle2019
0.485104097753958,brain observatory 1.1gray,VISam,RS,siegle_survey_2019,Siegle2019
1.19786579021079,brain observatory 1.1gray,VISam,RS,siegle_survey_2019,Siegle2019
1.3649112311218,brain observatory 1.1gray,VISam,RS,siegle_survey_2019,Siegle2019
12.1328775630356,brain observatory 1.1gray,VISam,FS,siegle_survey_2019,Siegle2019
12.6932396254269,brain observatory 1.1gray,LP,FS,siegle_survey_2019,Siegle2019
0.121224307583718,brain observatory 1.1gray,VISam,RS,siegle_survey_2019,Siegle2019
7.10144819605404,brain observatory 1.1gray,VISam,FS,siegle_survey_2019,Siegle2019
0.537958723330135,brain observatory 1.1gray,VISam,RS,siegle_survey_2019,Siegle2019
6.14406578052939,brain observatory 1.1gray,VISam,FS,siegle_survey_2019,Siegle2019
6.19464486449563,brain observatory 1.1gray,VISam,FS,siegle_survey_2019,Siegle2019
0.568988836192862,brain observatory 1.1gray,VISam,RS,siegle_survey_2019,Siegle2019
0.739964758066485,brain observatory 1.1gray,VISam,RS,siegle_survey_2019,Siegle2019
6.65223559551131,brain observatory 1.1gray,VISam,RS,siegle_survey_2019,Siegle2019
0.316714018618895,brain observatory 1.1gray,VISam,RS,siegle_survey_2019,Siegle2019
0.360673345174424,brain observatory 1.1gray,VISam,RS,siegle_survey_2019,Siegle2019
2.87835326914651,brain observatory 1.1gray,VISam,RS,siegle_survey_2019,Siegle2019
0.239035302752537,brain observatory 1.1gray,VISam,RS,siegle_survey_2019,Siegle2019
0.652459839793596,brain observatory 1.1gray,VISam,RS,siegle_survey_2019,Siegle2019
18.8984121946508,brain observatory 1.1gray,VISpm,FS,siegle_survey_2019,Siegle2019
1.23616885342927,brain observatory 1.1gray,VISpm,RS,siegle_survey_2019,Siegle2019
3.09063006777896,brain observatory 1.1gray,VISpm,RS,siegle_survey_2019,Siegle2019
1.3573944954056,brain observatory 1.1gray,VISpm,RS,siegle_survey_2019,Siegle2019
6.95061669698573,brain observatory 1.1gray,VISpm,RS,siegle_survey_2019,Siegle2019
2.59460301986382,brain observatory 1.1gray,VISpm,RS,siegle_survey_2019,Siegle2019
2.88072048703265,brain observatory 1.1gray,VISpm,RS,siegle_survey_2019,Siegle2019
4.94311590717364,brain observatory 1.1gray,VISpm,RS,siegle_survey_2019,Siegle2019
10.6920808288915,brain observatory 1.1gray,VISpm,RS,siegle_survey_2019,Siegle2019
4.27273602770249,brain observatory 1.1gray,VISpm,RS,siegle_survey_2019,Siegle2019
2.70210500425792,brain observatory 1.1gray,VISpm,RS,siegle_survey_2019,Siegle2019
18.6643822460327,brain observatory 1.1gray,VISpm,FS,siegle_survey_2019,Siegle2019
7.32593793843902,brain observatory 1.1gray,VISpm,RS,siegle_survey_2019,Siegle2019
3.70372407355461,brain observatory 1.1gray,VISpm,RS,siegle_survey_2019,Siegle2019
5.14543588940857,brain observatory 1.1gray,VISpm,RS,siegle_survey_2019,Siegle2019
7.46910063912633,brain observatory 1.1gray,VISpm,RS,siegle_survey_2019,Siegle2019
3.8281726957207,brain observatory 1.1gray,VISpm,RS,siegle_survey_2019,Siegle2019
0.772995410029151,brain observatory 1.1gray,VISpm,RS,siegle_survey_2019,Siegle2019
19.0285790074762,brain observatory 1.1gray,VISpm,RS,siegle_survey_2019,Siegle2019
22.2100763231859,brain observatory 1.1gray,VISpm,RS,siegle_survey_2019,Siegle2019
5.74511813891068,brain observatory 1.1gray,VISpm,RS,siegle_survey_2019,Siegle2019
8.90561409983551,brain observatory 1.1gray,VISpm,RS,siegle_survey_2019,Siegle2019
16.7296584282476,brain observatory 1.1gray,VISpm,RS,siegle_survey_2019,Siegle2019
5.7350333299298,brain observatory 1.1gray,VISpm,RS,siegle_survey_2019,Siegle2019
1.19634945302023,brain observatory 1.1gray,VISpm,RS,siegle_survey_2019,Siegle2019
7.25742361763079,brain observatory 1.1gray,VISpm,RS,siegle_survey_2019,Siegle2019
2.69732251752472,brain observatory 1.1gray,VISpm,RS,siegle_survey_2019,Siegle2019
2.60728700641709,brain observatory 1.1gray,VISpm,RS,siegle_survey_2019,Siegle2019
1.31144103592572,brain observatory 1.1gray,VISpm,RS,siegle_survey_2019,Siegle2019
10.9977441114047,brain observatory 1.1gray,VISpm,RS,siegle_survey_2019,Siegle2019
2.23404510702171,brain observatory 1.1gray,VISpm,RS,siegle_survey_2019,Siegle2019
3.63957637106799,brain observatory 1.1gray,VISpm,RS,siegle_survey_2019,Siegle2019
5.07848107514377,brain observatory 1.1gray,VISpm,RS,siegle_survey_2019,Siegle2019
1.77149546623897,brain observatory 1.1gray,VISpm,RS,siegle_survey_2019,Siegle2019
6.21962399652642,brain observatory 1.1gray,VISpm,FS,siegle_survey_2019,Siegle2019
2.89977044091186,brain observatory 1.1gray,VISl,RS,siegle_survey_2019,Siegle2019
16.4509226253844,brain observatory 1.1gray,VISpm,FS,siegle_survey_2019,Siegle2019
1.76775473741542,brain observatory 1.1gray,VISl,RS,siegle_survey_2019,Siegle2019
0.846604118879271,brain observatory 1.1gray,VISpm,RS,siegle_survey_2019,Siegle2019
0.570675427794218,brain observatory 1.1gray,VISpm,RS,siegle_survey_2019,Siegle2019
7.42034189904995,brain observatory 1.1gray,VISl,RS,siegle_survey_2019,Siegle2019
5.08519392216106,brain observatory 1.1gray,VISl,RS,siegle_survey_2019,Siegle2019
0.237252928807871,brain observatory 1.1gray,VISpm,RS,siegle_survey_2019,Siegle2019
12.1565207357617,brain observatory 1.1gray,VISl,RS,siegle_survey_2019,Siegle2019
0.355993334732039,brain observatory 1.1gray,VISl,RS,siegle_survey_2019,Siegle2019
1.69258443514117,brain observatory 1.1gray,VISpm,RS,siegle_survey_2019,Siegle2019
1.85518809607547,brain observatory 1.1gray,VISl,RS,siegle_survey_2019,Siegle2019
1.63137101246331,brain observatory 1.1gray,VISl,RS,siegle_survey_2019,Siegle2019
1.2828690335789,brain observatory 1.1gray,VISl,RS,siegle_survey_2019,Siegle2019
2.33510113103628,brain observatory 1.1gray,VISpm,RS,siegle_survey_2019,Siegle2019
0.7407656081315,brain observatory 1.1gray,VISpm,RS,siegle_survey_2019,Siegle2019
1.98305425205014,brain observatory 1.1gray,VISl,RS,siegle_survey_2019,Siegle2019
2.70704761513302,brain observatory 1.1gray,VISl,RS,siegle_survey_2019,Siegle2019
2.22195666867054,brain observatory 1.1gray,VISl,RS,siegle_survey_2019,Siegle2019
9.14376422925746,brain observatory 1.1gray,VISl,RS,siegle_survey_2019,Siegle2019
2.23290146888986,brain observatory 1.1gray,VISpm,RS,siegle_survey_2019,Siegle2019
11.7809267302502,brain observatory 1.1gray,VISl,RS,siegle_survey_2019,Siegle2019
6.1866664249085,brain observatory 1.1gray,LP,RS,siegle_survey_2019,Siegle2019
5.77429603883032,brain observatory 1.1gray,VISl,FS,siegle_survey_2019,Siegle2019
12.8101158781394,brain observatory 1.1gray,VISl,RS,siegle_survey_2019,Siegle2019
4.44340023077618,brain observatory 1.1gray,VISl,RS,siegle_survey_2019,Siegle2019
5.14984534933927,brain observatory 1.1gray,VISl,FS,siegle_survey_2019,Siegle2019
5.61882474966369,brain observatory 1.1gray,VISl,RS,siegle_survey_2019,Siegle2019
3.61237283825382,brain observatory 1.1gray,VISl,RS,siegle_survey_2019,Siegle2019
2.31575254873543,brain observatory 1.1gray,VISl,RS,siegle_survey_2019,Siegle2019
5.80713485898433,brain observatory 1.1gray,VISl,RS,siegle_survey_2019,Siegle2019
0.902226518928443,brain observatory 1.1gray,VISpm,RS,siegle_survey_2019,Siegle2019
3.84706778104199,brain observatory 1.1gray,VISl,RS,siegle_survey_2019,Siegle2019
3.16925400880068,brain observatory 1.1gray,VISl,RS,siegle_survey_2019,Siegle2019
8.20695674049709,brain observatory 1.1gray,LP,FS,siegle_survey_2019,Siegle2019
2.12118253932293,brain observatory 1.1gray,VISl,RS,siegle_survey_2019,Siegle2019
2.62587415656484,brain observatory 1.1gray,VISl,RS,siegle_survey_2019,Siegle2019
10.0225779287905,brain observatory 1.1gray,LP,FS,siegle_survey_2019,Siegle2019
0.344558280793178,brain observatory 1.1gray,LP,FS,siegle_survey_2019,Siegle2019
7.13475802774722,brain observatory 1.1gray,LP,FS,siegle_survey_2019,Siegle2019
0.461600268635868,brain observatory 1.1gray,LP,FS,siegle_survey_2019,Siegle2019
0.989885185017368,brain observatory 1.1gray,VISl,RS,siegle_survey_2019,Siegle2019
2.32899069811001,brain observatory 1.1gray,VISl,RS,siegle_survey_2019,Siegle2019
6.84519183671933,brain observatory 1.1gray,LP,FS,siegle_survey_2019,Siegle2019
5.01819973503419,brain observatory 1.1gray,LP,FS,siegle_survey_2019,Siegle2019
6.06128498849656,brain observatory 1.1gray,LP,FS,siegle_survey_2019,Siegle2019
12.2015782200427,brain observatory 1.1gray,LP,FS,siegle_survey_2019,Siegle2019
8.23999120440244,brain observatory 1.1gray,LP,FS,siegle_survey_2019,Siegle2019
2.41437163051043,brain observatory 1.1gray,VISl,RS,siegle_survey_2019,Siegle2019
7.33824484866493,brain observatory 1.1gray,VISl,FS,siegle_survey_2019,Siegle2019
2.54449545537069,brain observatory 1.1gray,VISl,RS,siegle_survey_2019,Siegle2019
5.87288071660908,brain observatory 1.1gray,LP,FS,siegle_survey_2019,Siegle2019
9.43932849188595,brain observatory 1.1gray,LP,FS,siegle_survey_2019,Siegle2019
1.9991657981882,brain observatory 1.1gray,VISl,RS,siegle_survey_2019,Siegle2019
3.27987978419449,brain observatory 1.1gray,VISl,RS,siegle_survey_2019,Siegle2019
7.77201930326257,brain observatory 1.1gray,LP,FS,siegle_survey_2019,Siegle2019
13.0939008459489,brain observatory 1.1gray,LP,FS,siegle_survey_2019,Siegle2019
1.35983501831486,brain observatory 1.1gray,VISl,RS,siegle_survey_2019,Siegle2019
7.29767576961871,brain observatory 1.1gray,LP,FS,siegle_survey_2019,Siegle2019
6.61963604607776,brain observatory 1.1gray,LP,FS,siegle_survey_2019,Siegle2019
3.47508836768107,brain observatory 1.1gray,LP,FS,siegle_survey_2019,Siegle2019
8.86000005959927,brain observatory 1.1gray,LP,RS,siegle_survey_2019,Siegle2019
10.0754134660159,brain observatory 1.1gray,LP,RS,siegle_survey_2019,Siegle2019
6.1973438487358,brain observatory 1.1gray,LP,RS,siegle_survey_2019,Siegle2019
1.59863481362228,brain observatory 1.1gray,VISl,RS,siegle_survey_2019,Siegle2019
3.11455684898166,brain observatory 1.1gray,VISl,RS,siegle_survey_2019,Siegle2019
11.032530693232,brain observatory 1.1gray,LP,FS,siegle_survey_2019,Siegle2019
8.75923024092064,brain observatory 1.1gray,LP,FS,siegle_survey_2019,Siegle2019
10.5163304352927,brain observatory 1.1gray,LP,FS,siegle_survey_2019,Siegle2019
6.10980742064239,brain observatory 1.1gray,LP,FS,siegle_survey_2019,Siegle2019
8.1445147419579,brain observatory 1.1gray,LP,FS,siegle_survey_2019,Siegle2019
5.71398200447089,brain observatory 1.1gray,LP,FS,siegle_survey_2019,Siegle2019
6.93684531966147,brain observatory 1.1gray,LP,FS,siegle_survey_2019,Siegle2019
7.1537317279246,brain observatory 1.1gray,VISl,RS,siegle_survey_2019,Siegle2019
0.643333011079606,brain observatory 1.1gray,VISl,RS,siegle_survey_2019,Siegle2019
1.2177044998358,brain observatory 1.1gray,VISl,RS,siegle_survey_2019,Siegle2019
14.1354646230128,brain observatory 1.1gray,LP,RS,siegle_survey_2019,Siegle2019
7.05151815037826,brain observatory 1.1gray,LP,FS,siegle_survey_2019,Siegle2019
7.75683415945282,brain observatory 1.1gray,LP,RS,siegle_survey_2019,Siegle2019
7.1079598505079,brain observatory 1.1gray,LP,RS,siegle_survey_2019,Siegle2019
5.53693078271762,brain observatory 1.1gray,LP,RS,siegle_survey_2019,Siegle2019
6.27262268858923,brain observatory 1.1gray,LP,RS,siegle_survey_2019,Siegle2019
14.051930906821,brain observatory 1.1gray,LP,RS,siegle_survey_2019,Siegle2019
2.50129090719969,brain observatory 1.1gray,LP,FS,siegle_survey_2019,Siegle2019
5.59942713795208,brain observatory 1.1gray,LP,RS,siegle_survey_2019,Siegle2019
3.37203240829058,brain observatory 1.1gray,LP,RS,siegle_survey_2019,Siegle2019
4.76049823147971,brain observatory 1.1gray,LP,RS,siegle_survey_2019,Siegle2019
4.08268472355923,brain observatory 1.1gray,LP,RS,siegle_survey_2019,Siegle2019
4.45253179131781,brain observatory 1.1gray,LP,RS,siegle_survey_2019,Siegle2019
2.24268529933298,brain observatory 1.1gray,LP,RS,siegle_survey_2019,Siegle2019
6.31767342741998,brain observatory 1.1gray,LP,RS,siegle_survey_2019,Siegle2019
2.19691621159149,brain observatory 1.1gray,LP,RS,siegle_survey_2019,Siegle2019
6.78891031286599,brain observatory 1.1gray,LP,RS,siegle_survey_2019,Siegle2019
1.27527455911096,brain observatory 1.1gray,LP,RS,siegle_survey_2019,Siegle2019
6.28011404151553,brain observatory 1.1gray,LP,RS,siegle_survey_2019,Siegle2019
0.481396391469343,brain observatory 1.1gray,LP,RS,siegle_survey_2019,Siegle2019
3.17499956420166,brain observatory 1.1gray,LP,RS,siegle_survey_2019,Siegle2019
3.85424976994363,brain observatory 1.1gray,LP,RS,siegle_survey_2019,Siegle2019
7.46323469750574,brain observatory 1.1gray,LP,RS,siegle_survey_2019,Siegle2019
5.86141924782657,brain observatory 1.1gray,LP,FS,siegle_survey_2019,Siegle2019
4.4433984980241,brain observatory 1.1gray,LP,RS,siegle_survey_2019,Siegle2019
4.26042476833111,brain observatory 1.1gray,LP,RS,siegle_survey_2019,Siegle2019
2.08666063250196,brain observatory 1.1gray,VISp,RS,siegle_survey_2019,Siegle2019
5.48666176175129,brain observatory 1.1gray,VISp,RS,siegle_survey_2019,Siegle2019
2.50493380011063,brain observatory 1.1gray,VISp,RS,siegle_survey_2019,Siegle2019
8.20852514234423,brain observatory 1.1gray,VISp,RS,siegle_survey_2019,Siegle2019
8.23616822490004,brain observatory 1.1gray,VISp,RS,siegle_survey_2019,Siegle2019
2.93036280114688,brain observatory 1.1gray,VISp,RS,siegle_survey_2019,Siegle2019
1.13415058571183,brain observatory 1.1gray,VISp,RS,siegle_survey_2019,Siegle2019
17.703629924919,brain observatory 1.1gray,VISp,FS,siegle_survey_2019,Siegle2019
1.24148808712535,brain observatory 1.1gray,VISp,RS,siegle_survey_2019,Siegle2019
1.21198252737606,brain observatory 1.1gray,VISp,RS,siegle_survey_2019,Siegle2019
4.30741962293424,brain observatory 1.1gray,VISp,FS,siegle_survey_2019,Siegle2019
15.8038051624574,brain observatory 1.1gray,VISp,RS,siegle_survey_2019,Siegle2019
1.79660431589683,brain observatory 1.1gray,VISp,RS,siegle_survey_2019,Siegle2019
12.2081459027776,brain observatory 1.1gray,VISp,FS,siegle_survey_2019,Siegle2019
2.70078798077202,brain observatory 1.1gray,VISp,RS,siegle_survey_2019,Siegle2019
5.50332603137713,brain observatory 1.1gray,VISp,RS,siegle_survey_2019,Siegle2019
1.85502728470273,brain observatory 1.1gray,VISp,RS,siegle_survey_2019,Siegle2019
2.66108780901633,brain observatory 1.1gray,VISp,RS,siegle_survey_2019,Siegle2019
4.37544905305386,brain observatory 1.1gray,VISp,RS,siegle_survey_2019,Siegle2019
4.82930533756948,brain observatory 1.1gray,VISp,RS,siegle_survey_2019,Siegle2019
2.5018950215318,brain observatory 1.1gray,VISp,RS,siegle_survey_2019,Siegle2019
1.94138741141078,brain observatory 1.1gray,VISp,RS,siegle_survey_2019,Siegle2019
12.0268974643177,brain observatory 1.1gray,VISp,FS,siegle_survey_2019,Siegle2019
0.453464184053839,brain observatory 1.1gray,VISp,RS,siegle_survey_2019,Siegle2019
1.95589512849681,brain observatory 1.1gray,VISp,RS,siegle_survey_2019,Siegle2019
24.1007489589341,brain observatory 1.1gray,VISp,FS,siegle_survey_2019,Siegle2019
7.43579315728232,brain observatory 1.1gray,VISp,FS,siegle_survey_2019,Siegle2019
6.97086003472128,brain observatory 1.1gray,VISp,RS,siegle_survey_2019,Siegle2019
6.15382069747771,brain observatory 1.1gray,VISp,RS,siegle_survey_2019,Siegle2019
8.9036212359728,brain observatory 1.1gray,VISp,RS,siegle_survey_2019,Siegle2019
15.0318573783191,brain observatory 1.1gray,VISp,RS,siegle_survey_2019,Siegle2019
8.73001875651769,brain observatory 1.1gray,VISp,RS,siegle_survey_2019,Siegle2019
6.62012617165499,brain observatory 1.1gray,VISp,RS,siegle_survey_2019,Siegle2019
12.1575649432074,brain observatory 1.1gray,VISp,RS,siegle_survey_2019,Siegle2019
13.6439197687172,brain observatory 1.1gray,VISp,FS,siegle_survey_2019,Siegle2019
4.23125410823259,brain observatory 1.1gray,VISp,RS,siegle_survey_2019,Siegle2019
0.62530221143092,brain observatory 1.1gray,VISp,RS,siegle_survey_2019,Siegle2019
11.8782913893013,brain observatory 1.1gray,VISp,RS,siegle_survey_2019,Siegle2019
0.837526586371811,brain observatory 1.1gray,VISp,RS,siegle_survey_2019,Siegle2019
2.36426775944543,brain observatory 1.1gray,VISp,RS,siegle_survey_2019,Siegle2019
11.3058247150959,brain observatory 1.1gray,VISp,FS,siegle_survey_2019,Siegle2019
1.74965028559813,brain observatory 1.1gray,VISp,RS,siegle_survey_2019,Siegle2019
6.01550725958321,brain observatory 1.1gray,VISp,RS,siegle_survey_2019,Siegle2019
5.12347870902334,brain observatory 1.1gray,VISp,FS,siegle_survey_2019,Siegle2019
2.82214307369434,brain observatory 1.1gray,VISp,FS,siegle_survey_2019,Siegle2019
6.51621954928209,brain observatory 1.1gray,VISp,FS,siegle_survey_2019,Siegle2019
3.10229885363941,brain observatory 1.1gray,VISp,FS,siegle_survey_2019,Siegle2019
2.20213421849751,brain observatory 1.1gray,VISp,RS,siegle_survey_2019,Siegle2019
5.9447331262311,brain observatory 1.1gray,VISp,RS,siegle_survey_2019,Siegle2019
1.1500306544141,brain observatory 1.1gray,VISp,RS,siegle_survey_2019,Siegle2019
5.27580973842664,brain observatory 1.1gray,VISp,FS,siegle_survey_2019,Siegle2019
2.24702972137184,brain observatory 1.1gray,VISp,RS,siegle_survey_2019,Siegle2019
7.04349664526687,brain observatory 1.1gray,VISp,FS,siegle_survey_2019,Siegle2019
6.65649348948551,brain observatory 1.1gray,VISp,RS,siegle_survey_2019,Siegle2019
3.08504643332088,brain observatory 1.1gray,VISp,RS,siegle_survey_2019,Siegle2019
1.20414051814037,brain observatory 1.1gray,VISp,RS,siegle_survey_2019,Siegle2019
0.371025061963636,brain observatory 1.1gray,VISp,RS,siegle_survey_2019,Siegle2019
6.58562133101795,brain observatory 1.1gray,VISp,FS,siegle_survey_2019,Siegle2019
2.46523362835495,brain observatory 1.1gray,VISp,RS,siegle_survey_2019,Siegle2019
6.37290683049983,brain observatory 1.1gray,VISp,FS,siegle_survey_2019,Siegle2019
8.91499214936455,brain observatory 1.1gray,VISp,FS,siegle_survey_2019,Siegle2019
5.87640962076514,brain observatory 1.1gray,VISp,RS,siegle_survey_2019,Siegle2019
4.4670082098168,brain observatory 1.1gray,VISal,RS,siegle_survey_2019,Siegle2019
0.881833938553466,brain observatory 1.1gray,VISp,RS,siegle_survey_2019,Siegle2019
14.2001005884205,brain observatory 1.1gray,VISal,FS,siegle_survey_2019,Siegle2019
7.01252070878589,brain observatory 1.1gray,VISp,FS,siegle_survey_2019,Siegle2019
5.68469726710513,brain observatory 1.1gray,VISal,FS,siegle_survey_2019,Siegle2019
2.10720290936415,brain observatory 1.1gray,VISal,RS,siegle_survey_2019,Siegle2019
4.00639866458506,brain observatory 1.1gray,VISal,RS,siegle_survey_2019,Siegle2019
0.736185240201121,brain observatory 1.1gray,VISal,RS,siegle_survey_2019,Siegle2019
0.474833659221097,brain observatory 1.1gray,VISp,RS,siegle_survey_2019,Siegle2019
14.4885662819474,brain observatory 1.1gray,VISal,FS,siegle_survey_2019,Siegle2019
2.30876506422859,brain observatory 1.1gray,VISal,RS,siegle_survey_2019,Siegle2019
4.11773082954629,brain observatory 1.1gray,VISal,RS,siegle_survey_2019,Siegle2019
1.70300002482067,brain observatory 1.1gray,VISp,RS,siegle_survey_2019,Siegle2019
3.41728838966726,brain observatory 1.1gray,VISp,RS,siegle_survey_2019,Siegle2019
7.50676093418296,brain observatory 1.1gray,VISal,RS,siegle_survey_2019,Siegle2019
2.22934453384779,brain observatory 1.1gray,VISp,RS,siegle_survey_2019,Siegle2019
0.519058398646757,brain observatory 1.1gray,VISp,FS,siegle_survey_2019,Siegle2019
0.510540832990829,brain observatory 1.1gray,VISp,RS,siegle_survey_2019,Siegle2019
1.16363422462741,brain observatory 1.1gray,VISal,RS,siegle_survey_2019,Siegle2019
5.41483891020565,brain observatory 1.1gray,VISal,RS,siegle_survey_2019,Siegle2019
4.41979560524262,brain observatory 1.1gray,VISp,RS,siegle_survey_2019,Siegle2019
3.00259582562385,brain observatory 1.1gray,VISp,RS,siegle_survey_2019,Siegle2019
2.77353267351117,brain observatory 1.1gray,VISal,RS,siegle_survey_2019,Siegle2019
2.27006562350169,brain observatory 1.1gray,VISp,RS,siegle_survey_2019,Siegle2019
9.09327027278075,brain observatory 1.1gray,VISal,RS,siegle_survey_2019,Siegle2019
3.34433091609015,brain observatory 1.1gray,VISal,FS,siegle_survey_2019,Siegle2019
8.30082952742958,brain observatory 1.1gray,VISp,RS,siegle_survey_2019,Siegle2019
1.30298230281097,brain observatory 1.1gray,VISp,FS,siegle_survey_2019,Siegle2019
6.65714459838152,brain observatory 1.1gray,VISp,RS,siegle_survey_2019,Siegle2019
2.95596773374175,brain observatory 1.1gray,VISal,RS,siegle_survey_2019,Siegle2019
37.9881375828903,brain observatory 1.1gray,VISp,FS,siegle_survey_2019,Siegle2019
29.2219385848881,brain observatory 1.1gray,VISal,FS,siegle_survey_2019,Siegle2019
1.63297570436591,brain observatory 1.1gray,VISal,RS,siegle_survey_2019,Siegle2019
7.60371018004155,brain observatory 1.1gray,VISp,FS,siegle_survey_2019,Siegle2019
0.49659523485014,brain observatory 1.1gray,VISp,RS,siegle_survey_2019,Siegle2019
18.6401853335081,brain observatory 1.1gray,VISal,FS,siegle_survey_2019,Siegle2019
0.531198100602627,brain observatory 1.1gray,VISp,RS,siegle_survey_2019,Siegle2019
9.57292282707869,brain observatory 1.1gray,VISp,FS,siegle_survey_2019,Siegle2019
0.942119384552842,brain observatory 1.1gray,VISp,RS,siegle_survey_2019,Siegle2019
1.42528040502649,brain observatory 1.1gray,VISal,FS,siegle_survey_2019,Siegle2019
6.48907475774001,brain observatory 1.1gray,VISal,FS,siegle_survey_2019,Siegle2019
1.48708486650655,brain observatory 1.1gray,VISp,RS,siegle_survey_2019,Siegle2019
1.93913157390848,brain observatory 1.1gray,VISp,RS,siegle_survey_2019,Siegle2019
0.762168194296058,brain observatory 1.1gray,VISp,RS,siegle_survey_2019,Siegle2019
4.53411570332338,brain observatory 1.1gray,VISp,RS,siegle_survey_2019,Siegle2019
7.02255437546271,brain observatory 1.1gray,VISal,RS,siegle_survey_2019,Siegle2019
8.35957987101013,brain observatory 1.1gray,VISal,RS,siegle_survey_2019,Siegle2019
20.6144341448466,brain observatory 1.1gray,VISal,RS,siegle_survey_2019,Siegle2019
2.8333733465079,brain observatory 1.1gray,VISp,RS,siegle_survey_2019,Siegle2019
17.8506625680916,brain observatory 1.1gray,VISp,FS,siegle_survey_2019,Siegle2019
17.4220135109252,brain observatory 1.1gray,VISp,FS,siegle_survey_2019,Siegle2019
16.5486791159358,brain observatory 1.1gray,VISal,RS,siegle_survey_2019,Siegle2019
1.0662315742365,brain observatory 1.1gray,VISal,RS,siegle_survey_2019,Siegle2019
9.99182791416715,brain observatory 1.1gray,VISal,RS,siegle_survey_2019,Siegle2019
17.1965054950566,brain observatory 1.1gray,VISal,RS,siegle_survey_2019,Siegle2019
0.963423440579496,brain observatory 1.1gray,VISal,RS,siegle_survey_2019,Siegle2019
4.32563403208826,brain observatory 1.1gray,VISal,RS,siegle_survey_2019,Siegle2019
29.2638926832154,brain observatory 1.1gray,VISp,FS,siegle_survey_2019,Siegle2019
12.3549596658605,brain observatory 1.1gray,VISal,RS,siegle_survey_2019,Siegle2019
8.89357924673919,brain observatory 1.1gray,VISal,RS,siegle_survey_2019,Siegle2019
12.0618161502763,brain observatory 1.1gray,VISal,RS,siegle_survey_2019,Siegle2019
9.09409196743342,brain observatory 1.1gray,VISp,FS,siegle_survey_2019,Siegle2019
4.30875938789667,brain observatory 1.1gray,VISp,RS,siegle_survey_2019,Siegle2019
4.18520337524924,brain observatory 1.1gray,VISp,RS,siegle_survey_2019,Siegle2019
13.178623873906,brain observatory 1.1gray,VISp,RS,siegle_survey_2019,Siegle2019
9.43192119802756,brain observatory 1.1gray,VISp,RS,siegle_survey_2019,Siegle2019
8.39944857074701,brain observatory 1.1gray,VISp,RS,siegle_survey_2019,Siegle2019
2.79078551822826,brain observatory 1.1gray,VISp,RS,siegle_survey_2019,Siegle2019
8.20614730753416,brain observatory 1.1gray,VISal,RS,siegle_survey_2019,Siegle2019
7.69470542928091,brain observatory 1.1gray,VISal,RS,siegle_survey_2019,Siegle2019
8.13358908984701,brain observatory 1.1gray,VISal,RS,siegle_survey_2019,Siegle2019
12.586875688296,brain observatory 1.1gray,VISal,RS,siegle_survey_2019,Siegle2019
7.46871464811778,brain observatory 1.1gray,VISal,RS,siegle_survey_2019,Siegle2019
4.8016284143081,brain observatory 1.1gray,VISal,RS,siegle_survey_2019,Siegle2019
16.1450350482006,brain observatory 1.1gray,VISal,FS,siegle_survey_2019,Siegle2019
19.9193097871476,brain observatory 1.1gray,VISal,FS,siegle_survey_2019,Siegle2019
1.4123765797895,brain observatory 1.1gray,VISp,RS,siegle_survey_2019,Siegle2019
5.81565016008508,brain observatory 1.1gray,VISp,RS,siegle_survey_2019,Siegle2019
10.6901606258267,brain observatory 1.1gray,VISp,RS,siegle_survey_2019,Siegle2019
7.79059655825764,brain observatory 1.1gray,VISp,RS,siegle_survey_2019,Siegle2019
2.01404510317146,brain observatory 1.1gray,VISp,RS,siegle_survey_2019,Siegle2019
6.39310006304777,brain observatory 1.1gray,VISp,RS,siegle_survey_2019,Siegle2019
5.27165479210832,brain observatory 1.1gray,VISp,RS,siegle_survey_2019,Siegle2019
3.51221306715802,brain observatory 1.1gray,VISp,RS,siegle_survey_2019,Siegle2019
2.5206863277897,brain observatory 1.1gray,VISp,RS,siegle_survey_2019,Siegle2019
21.6704784621586,brain observatory 1.1gray,VISal,RS,siegle_survey_2019,Siegle2019
1.68100134415311,brain observatory 1.1gray,VISal,RS,siegle_survey_2019,Siegle2019
10.2896492518085,brain observatory 1.1gray,VISal,RS,siegle_survey_2019,Siegle2019
16.1350401266965,brain observatory 1.1gray,VISp,RS,siegle_survey_2019,Siegle2019
1.52136037167619,brain observatory 1.1gray,VISp,RS,siegle_survey_2019,Siegle2019
3.10274739473638,brain observatory 1.1gray,VISal,RS,siegle_survey_2019,Siegle2019
14.7396093990169,brain observatory 1.1gray,VISal,FS,siegle_survey_2019,Siegle2019
6.63272073541633,brain observatory 1.1gray,VISp,RS,siegle_survey_2019,Siegle2019
6.59074863477447,brain observatory 1.1gray,VISp,RS,siegle_survey_2019,Siegle2019
2.03558025608844,brain observatory 1.1gray,VISal,RS,siegle_survey_2019,Siegle2019
2.66282421815757,brain observatory 1.1gray,VISal,RS,siegle_survey_2019,Siegle2019
3.34911268974862,brain observatory 1.1gray,VISal,RS,siegle_survey_2019,Siegle2019
3.50646627587209,brain observatory 1.1gray,VISp,RS,siegle_survey_2019,Siegle2019
15.349269039619,brain observatory 1.1gray,VISp,RS,siegle_survey_2019,Siegle2019
6.87449645451712,brain observatory 1.1gray,VISp,RS,siegle_survey_2019,Siegle2019
5.09945629607644,brain observatory 1.1gray,VISp,RS,siegle_survey_2019,Siegle2019
5.69373608780506,brain observatory 1.1gray,VISp,RS,siegle_survey_2019,Siegle2019
3.64274732636693,brain observatory 1.1gray,VISp,FS,siegle_survey_2019,Siegle2019
0.662159654838669,brain observatory 1.1gray,VISp,RS,siegle_survey_2019,Siegle2019
2.38122610441761,brain observatory 1.1gray,VISp,RS,siegle_survey_2019,Siegle2019
4.11757595636664,brain observatory 1.1gray,VISp,RS,siegle_survey_2019,Siegle2019
9.54525183510699,brain observatory 1.1gray,VISal,FS,siegle_survey_2019,Siegle2019
4.01502664749055,brain observatory 1.1gray,VISal,FS,siegle_survey_2019,Siegle2019
2.51842865978451,brain observatory 1.1gray,VISp,RS,siegle_survey_2019,Siegle2019
2.85566766317692,brain observatory 1.1gray,VISp,RS,siegle_survey_2019,Siegle2019
8.44741897408411,brain observatory 1.1gray,VISal,FS,siegle_survey_2019,Siegle2019
9.5462913511197,brain observatory 1.1gray,VISal,FS,siegle_survey_2019,Siegle2019
8.83794927011783,brain observatory 1.1gray,VISp,FS,siegle_survey_2019,Siegle2019
0.489537426538018,brain observatory 1.1gray,VISp,RS,siegle_survey_2019,Siegle2019
8.22828899860488,brain observatory 1.1gray,VISal,FS,siegle_survey_2019,Siegle2019
2.09326872589888,brain observatory 1.1gray,VISp,RS,siegle_survey_2019,Siegle2019
8.94221248344821,brain observatory 1.1gray,VISp,FS,siegle_survey_2019,Siegle2019
23.4446507785767,brain observatory 1.1gray,VISp,FS,siegle_survey_2019,Siegle2019
1.14522742375724,brain observatory 1.1gray,VISp,RS,siegle_survey_2019,Siegle2019
2.24843209061891,brain observatory 1.1gray,VISp,RS,siegle_survey_2019,Siegle2019
6.1149964133181,brain observatory 1.1gray,VISp,RS,siegle_survey_2019,Siegle2019
20.0627667280816,brain observatory 1.1gray,VISp,FS,siegle_survey_2019,Siegle2019
12.6124623109692,brain observatory 1.1gray,VISp,FS,siegle_survey_2019,Siegle2019
1.16608552467835,brain observatory 1.1gray,VISp,RS,siegle_survey_2019,Siegle2019
1.20323442549095,brain observatory 1.1gray,VISp,RS,siegle_survey_2019,Siegle2019
1.72024039867845,brain observatory 1.1gray,VISp,RS,siegle_survey_2019,Siegle2019
0.839442012837182,brain observatory 1.1gray,VISp,RS,siegle_survey_2019,Siegle2019
1.88412657160033,brain observatory 1.1gray,VISp,RS,siegle_survey_2019,Siegle2019
1.67488179602881,brain observatory 1.1gray,VISp,RS,siegle_survey_2019,Siegle2019
0.711678527998271,brain observatory 1.1gray,VISp,RS,siegle_survey_2019,Siegle2019
0.532399164131944,brain observatory 1.1gray,VISp,RS,siegle_survey_2019,Siegle2019
6.80810049091007,brain observatory 1.1gray,VISp,RS,siegle_survey_2019,Siegle2019
0.988242858633504,brain observatory 1.1gray,VISp,RS,siegle_survey_2019,Siegle2019
2.14704227293148,brain observatory 1.1gray,VISp,FS,siegle_survey_2019,Siegle2019
1.44162364258395,brain observatory 1.1gray,VISp,RS,siegle_survey_2019,Siegle2019
0.71198639181716,brain observatory 1.1gray,VISp,RS,siegle_survey_2019,Siegle2019
0.738360058968646,brain observatory 1.1gray,VISp,RS,siegle_survey_2019,Siegle2019
1.62531572118769,brain observatory 1.1gray,VISp,RS,siegle_survey_2019,Siegle2019
7.89834889486877,brain observatory 1.1gray,VISp,FS,siegle_survey_2019,Siegle2019
1.65589686053066,brain observatory 1.1gray,VISp,RS,siegle_survey_2019,Siegle2019
3.49517793584616,brain observatory 1.1gray,VISp,RS,siegle_survey_2019,Siegle2019
3.55839263999136,brain observatory 1.1gray,LP,RS,siegle_survey_2019,Siegle2019
2.22123745328372,brain observatory 1.1gray,VISp,RS,siegle_survey_2019,Siegle2019
6.03190017173684,brain observatory 1.1gray,VISl,RS,siegle_survey_2019,Siegle2019
0.464975863719348,brain observatory 1.1gray,VISl,RS,siegle_survey_2019,Siegle2019
1.24180676682122,brain observatory 1.1gray,VISl,RS,siegle_survey_2019,Siegle2019
17.3623214142626,brain observatory 1.1gray,VISl,RS,siegle_survey_2019,Siegle2019
2.66885542703567,brain observatory 1.1gray,VISl,RS,siegle_survey_2019,Siegle2019
10.1003610155213,brain observatory 1.1gray,VISl,RS,siegle_survey_2019,Siegle2019
3.54121792386839,brain observatory 1.1gray,VISl,RS,siegle_survey_2019,Siegle2019
3.21117134052188,brain observatory 1.1gray,VISl,RS,siegle_survey_2019,Siegle2019
3.1589875972652,brain observatory 1.1gray,VISl,RS,siegle_survey_2019,Siegle2019
3.69558616836274,brain observatory 1.1gray,VISl,FS,siegle_survey_2019,Siegle2019
19.1661949137309,brain observatory 1.1gray,VISl,FS,siegle_survey_2019,Siegle2019
3.75629394936254,brain observatory 1.1gray,VISl,RS,siegle_survey_2019,Siegle2019
1.13484048831302,brain observatory 1.1gray,VISl,RS,siegle_survey_2019,Siegle2019
2.48995458610989,brain observatory 1.1gray,VISl,RS,siegle_survey_2019,Siegle2019
22.9370420982647,brain observatory 1.1gray,VISl,FS,siegle_survey_2019,Siegle2019
6.72567368268317,brain observatory 1.1gray,VISl,RS,siegle_survey_2019,Siegle2019
16.2690615978673,brain observatory 1.1gray,VISl,RS,siegle_survey_2019,Siegle2019
9.40492427769825,brain observatory 1.1gray,VISl,RS,siegle_survey_2019,Siegle2019
11.7750225770055,brain observatory 1.1gray,VISl,RS,siegle_survey_2019,Siegle2019
10.0650174443913,brain observatory 1.1gray,VISl,RS,siegle_survey_2019,Siegle2019
7.13430773595407,brain observatory 1.1gray,VISl,RS,siegle_survey_2019,Siegle2019
11.0724131732766,brain observatory 1.1gray,VISl,RS,siegle_survey_2019,Siegle2019
19.4157828969168,brain observatory 1.1gray,VISl,FS,siegle_survey_2019,Siegle2019
7.46518593273893,brain observatory 1.1gray,VISl,RS,siegle_survey_2019,Siegle2019
8.65543266638224,brain observatory 1.1gray,VISl,RS,siegle_survey_2019,Siegle2019
14.7435706968877,brain observatory 1.1gray,VISl,RS,siegle_survey_2019,Siegle2019
2.96106359893709,brain observatory 1.1gray,VISl,RS,siegle_survey_2019,Siegle2019
3.0234346068136,brain observatory 1.1gray,VISl,RS,siegle_survey_2019,Siegle2019
2.14732984950829,brain observatory 1.1gray,VISl,FS,siegle_survey_2019,Siegle2019
8.3991917756896,brain observatory 1.1gray,VISl,RS,siegle_survey_2019,Siegle2019
7.27900847422756,brain observatory 1.1gray,VISl,RS,siegle_survey_2019,Siegle2019
2.7236379622872,brain observatory 1.1gray,VISl,RS,siegle_survey_2019,Siegle2019
2.9734338488326,brain observatory 1.1gray,VISl,RS,siegle_survey_2019,Siegle2019
1.6027269990666,brain observatory 1.1gray,VISl,RS,siegle_survey_2019,Siegle2019
15.7664552260624,brain observatory 1.1gray,VISl,FS,siegle_survey_2019,Siegle2019
1.52906454089068,brain observatory 1.1gray,VISpm,FS,siegle_survey_2019,Siegle2019
4.48374780456218,brain observatory 1.1gray,VISl,RS,siegle_survey_2019,Siegle2019
3.18320833865725,brain observatory 1.1gray,VISl,RS,siegle_survey_2019,Siegle2019
3.67468074363848,brain observatory 1.1gray,VISpm,RS,siegle_survey_2019,Siegle2019
7.03102872178414,brain observatory 1.1gray,VISpm,RS,siegle_survey_2019,Siegle2019
3.42110232212567,brain observatory 1.1gray,VISpm,FS,siegle_survey_2019,Siegle2019
1.61613676576005,brain observatory 1.1gray,VISl,RS,siegle_survey_2019,Siegle2019
3.55514744896081,brain observatory 1.1gray,VISl,RS,siegle_survey_2019,Siegle2019
2.49032276602644,brain observatory 1.1gray,VISpm,RS,siegle_survey_2019,Siegle2019
2.98071046641819,brain observatory 1.1gray,VISl,RS,siegle_survey_2019,Siegle2019
1.88131750091499,brain observatory 1.1gray,VISl,RS,siegle_survey_2019,Siegle2019
1.44773504449348,brain observatory 1.1gray,VISl,RS,siegle_survey_2019,Siegle2019
1.33675132279476,brain observatory 1.1gray,VISpm,RS,siegle_survey_2019,Siegle2019
13.5921523071429,brain observatory 1.1gray,VISpm,FS,siegle_survey_2019,Siegle2019
2.41313429474199,brain observatory 1.1gray,VISl,RS,siegle_survey_2019,Siegle2019
3.44788660703657,brain observatory 1.1gray,VISpm,FS,siegle_survey_2019,Siegle2019
6.19158255101329,brain observatory 1.1gray,VISpm,RS,siegle_survey_2019,Siegle2019
4.81183270186731,brain observatory 1.1gray,VISpm,RS,siegle_survey_2019,Siegle2019
39.2151691412199,brain observatory 1.1gray,VISpm,FS,siegle_survey_2019,Siegle2019
0.803836412670917,brain observatory 1.1gray,VISpm,RS,siegle_survey_2019,Siegle2019
10.6692787330725,brain observatory 1.1gray,VISpm,RS,siegle_survey_2019,Siegle2019
1.43465250212427,brain observatory 1.1gray,VISpm,RS,siegle_survey_2019,Siegle2019
39.1337900686745,brain observatory 1.1gray,VISpm,FS,siegle_survey_2019,Siegle2019
8.85959376549801,brain observatory 1.1gray,VISl,FS,siegle_survey_2019,Siegle2019
12.5364686314978,brain observatory 1.1gray,VISl,FS,siegle_survey_2019,Siegle2019
6.99069836174588,brain observatory 1.1gray,VISpm,FS,siegle_survey_2019,Siegle2019
7.49426344242713,brain observatory 1.1gray,VISpm,RS,siegle_survey_2019,Siegle2019
12.6773817489214,brain observatory 1.1gray,VISpm,RS,siegle_survey_2019,Siegle2019
7.4300502649685,brain observatory 1.1gray,VISl,FS,siegle_survey_2019,Siegle2019
8.4121126540866,brain observatory 1.1gray,VISpm,RS,siegle_survey_2019,Siegle2019
3.41946037362538,brain observatory 1.1gray,VISpm,RS,siegle_survey_2019,Siegle2019
6.39918641451811,brain observatory 1.1gray,VISpm,RS,siegle_survey_2019,Siegle2019
5.45516864863534,brain observatory 1.1gray,VISpm,RS,siegle_survey_2019,Siegle2019
1.70413729973359,brain observatory 1.1gray,VISpm,RS,siegle_survey_2019,Siegle2019
6.49864321401269,brain observatory 1.1gray,VISl,FS,siegle_survey_2019,Siegle2019
6.19437664725513,brain observatory 1.1gray,VISl,FS,siegle_survey_2019,Siegle2019
6.31776729117082,brain observatory 1.1gray,VISl,FS,siegle_survey_2019,Siegle2019
3.61885449462878,brain observatory 1.1gray,VISpm,RS,siegle_survey_2019,Siegle2019
11.1417494140296,brain observatory 1.1gray,VISpm,FS,siegle_survey_2019,Siegle2019
3.27578987985042,brain observatory 1.1gray,VISpm,RS,siegle_survey_2019,Siegle2019
2.63902172708353,brain observatory 1.1gray,VISpm,RS,siegle_survey_2019,Siegle2019
7.0917808162947,brain observatory 1.1gray,VISpm,RS,siegle_survey_2019,Siegle2019
13.2329760727055,brain observatory 1.1gray,VISpm,RS,siegle_survey_2019,Siegle2019
23.8199521372012,brain observatory 1.1gray,VISpm,FS,siegle_survey_2019,Siegle2019
2.33269570999906,brain observatory 1.1gray,VISpm,RS,siegle_survey_2019,Siegle2019
1.67232454754057,brain observatory 1.1gray,VISpm,RS,siegle_survey_2019,Siegle2019
5.08080439057029,brain observatory 1.1gray,VISpm,RS,siegle_survey_2019,Siegle2019
2.06721316185918,brain observatory 1.1gray,VISpm,RS,siegle_survey_2019,Siegle2019
2.77910045851412,brain observatory 1.1gray,VISpm,RS,siegle_survey_2019,Siegle2019
2.05992701538916,brain observatory 1.1gray,VISpm,RS,siegle_survey_2019,Siegle2019
16.1226001896451,brain observatory 1.1gray,VISpm,FS,siegle_survey_2019,Siegle2019
1.27056027387701,brain observatory 1.1gray,VISpm,RS,siegle_survey_2019,Siegle2019
1.31745842791641,brain observatory 1.1gray,VISpm,RS,siegle_survey_2019,Siegle2019
0.9228776789416,brain observatory 1.1gray,VISpm,RS,siegle_survey_2019,Siegle2019
4.80711209992899,brain observatory 1.1gray,VISpm,RS,siegle_survey_2019,Siegle2019
2.40288900838625,brain observatory 1.1gray,VISpm,RS,siegle_survey_2019,Siegle2019
4.5317778607874,brain observatory 1.1gray,VISpm,RS,siegle_survey_2019,Siegle2019
1.54640762192494,brain observatory 1.1gray,VISpm,RS,siegle_survey_2019,Siegle2019
1.26122169178164,brain observatory 1.1gray,VISpm,RS,siegle_survey_2019,Siegle2019
0.667759930709773,brain observatory 1.1gray,VISpm,RS,siegle_survey_2019,Siegle2019
0.68397417215009,brain observatory 1.1gray,VISpm,RS,siegle_survey_2019,Siegle2019
1.98347378834463,brain observatory 1.1gray,VISpm,RS,siegle_survey_2019,Siegle2019
1.34773185339042,brain observatory 1.1gray,VISpm,RS,siegle_survey_2019,Siegle2019
1.71819648376729,brain observatory 1.1gray,VISpm,RS,siegle_survey_2019,Siegle2019
17.9474207041496,brain observatory 1.1gray,VISpm,FS,siegle_survey_2019,Siegle2019
1.28872432916142,brain observatory 1.1gray,VISpm,RS,siegle_survey_2019,Siegle2019
6.53310783907263,brain observatory 1.1gray,VISpm,FS,siegle_survey_2019,Siegle2019
16.5843982053503,brain observatory 1.1gray,VISpm,FS,siegle_survey_2019,Siegle2019
41.2747882912652,brain observatory 1.1gray,VISpm,FS,siegle_survey_2019,Siegle2019
3.67786201885778,brain observatory 1.1gray,VISpm,FS,siegle_survey_2019,Siegle2019
7.65548226079889,brain observatory 1.1gray,VISpm,RS,siegle_survey_2019,Siegle2019
0.514853476620706,brain observatory 1.1gray,VISpm,RS,siegle_survey_2019,Siegle2019
16.9290021468477,brain observatory 1.1gray,VISpm,RS,siegle_survey_2019,Siegle2019
15.2321966362367,brain observatory 1.1gray,LGd,RS,siegle_survey_2019,Siegle2019
8.89525600029555,brain observatory 1.1gray,VISpm,FS,siegle_survey_2019,Siegle2019
6.51874078969513,brain observatory 1.1gray,VISpm,FS,siegle_survey_2019,Siegle2019
2.7229197827735,brain observatory 1.1gray,LGd,RS,siegle_survey_2019,Siegle2019
11.4270321463373,brain observatory 1.1gray,LGd,FS,siegle_survey_2019,Siegle2019
0.611420572793734,brain observatory 1.1gray,VISpm,RS,siegle_survey_2019,Siegle2019
12.937455313616,brain observatory 1.1gray,LGd,FS,siegle_survey_2019,Siegle2019
6.73952272568352,brain observatory 1.1gray,LGd,FS,siegle_survey_2019,Siegle2019
8.29734802402068,brain observatory 1.1gray,LGd,FS,siegle_survey_2019,Siegle2019
12.4310009659917,brain observatory 1.1gray,LGd,FS,siegle_survey_2019,Siegle2019
6.43525509935009,brain observatory 1.1gray,LGd,FS,siegle_survey_2019,Siegle2019
3.4672164020244,brain observatory 1.1gray,LGd,FS,siegle_survey_2019,Siegle2019
9.60703979859361,brain observatory 1.1gray,LGd,FS,siegle_survey_2019,Siegle2019
0.765710739860639,brain observatory 1.1gray,LGd,RS,siegle_survey_2019,Siegle2019
16.8921028396163,brain observatory 1.1gray,LGd,FS,siegle_survey_2019,Siegle2019
9.30589073351402,brain observatory 1.1gray,LGd,FS,siegle_survey_2019,Siegle2019
9.86879103983297,brain observatory 1.1gray,LGd,FS,siegle_survey_2019,Siegle2019
8.58456751549977,brain observatory 1.1gray,LGd,FS,siegle_survey_2019,Siegle2019
15.0333363802832,brain observatory 1.1gray,LGd,RS,siegle_survey_2019,Siegle2019
0.675168511457351,brain observatory 1.1gray,LGd,RS,siegle_survey_2019,Siegle2019
1.25833946592629,brain observatory 1.1gray,LGd,FS,siegle_survey_2019,Siegle2019
38.70706252251,brain observatory 1.1gray,LGd,FS,siegle_survey_2019,Siegle2019
17.4981432432801,brain observatory 1.1gray,LGd,FS,siegle_survey_2019,Siegle2019
9.24715782989995,brain observatory 1.1gray,LGd,RS,siegle_survey_2019,Siegle2019
13.2609540676815,brain observatory 1.1gray,LGd,FS,siegle_survey_2019,Siegle2019
25.6995435327242,brain observatory 1.1gray,LGd,RS,siegle_survey_2019,Siegle2019
14.5889414016103,brain observatory 1.1gray,LGd,RS,siegle_survey_2019,Siegle2019
21.1548642174965,brain observatory 1.1gray,LGd,RS,siegle_survey_2019,Siegle2019
9.89103677677706,brain observatory 1.1gray,LGd,FS,siegle_survey_2019,Siegle2019
7.81625797459426,brain observatory 1.1gray,LGd,RS,siegle_survey_2019,Siegle2019
9.11056484698156,brain observatory 1.1gray,LGd,FS,siegle_survey_2019,Siegle2019
5.50478037324466,brain observatory 1.1gray,LGd,FS,siegle_survey_2019,Siegle2019
21.3867812227407,brain observatory 1.1gray,LGd,FS,siegle_survey_2019,Siegle2019
19.1305021555842,brain observatory 1.1gray,LGd,RS,siegle_survey_2019,Siegle2019
11.0374198936903,brain observatory 1.1gray,LGd,FS,siegle_survey_2019,Siegle2019
10.1954083551523,brain observatory 1.1gray,LGd,FS,siegle_survey_2019,Siegle2019
15.0829215042193,brain observatory 1.1gray,LGd,FS,siegle_survey_2019,Siegle2019
11.22910745876,brain observatory 1.1gray,LGd,FS,siegle_survey_2019,Siegle2019
13.4610617481365,brain observatory 1.1gray,LGd,FS,siegle_survey_2019,Siegle2019
16.266502039299,brain observatory 1.1gray,VISam,FS,siegle_survey_2019,Siegle2019
9.43633626912915,brain observatory 1.1gray,VISam,FS,siegle_survey_2019,Siegle2019
7.82056392284965,brain observatory 1.1gray,VISam,FS,siegle_survey_2019,Siegle2019
15.7489828305161,brain observatory 1.1gray,VISam,FS,siegle_survey_2019,Siegle2019
4.33513413758215,brain observatory 1.1gray,VISam,FS,siegle_survey_2019,Siegle2019
2.30631106448303,brain observatory 1.1gray,VISam,RS,siegle_survey_2019,Siegle2019
2.70140306404963,brain observatory 1.1gray,VISam,RS,siegle_survey_2019,Siegle2019
8.92220356319963,brain observatory 1.1gray,VISam,RS,siegle_survey_2019,Siegle2019
3.98837676965085,brain observatory 1.1gray,VISam,RS,siegle_survey_2019,Siegle2019
1.8241962037132,brain observatory 1.1gray,VISam,RS,siegle_survey_2019,Siegle2019
23.2160163797275,brain observatory 1.1gray,VISam,FS,siegle_survey_2019,Siegle2019
1.267065173675,brain observatory 1.1gray,VISam,RS,siegle_survey_2019,Siegle2019
0.560209668995857,brain observatory 1.1gray,VISam,RS,siegle_survey_2019,Siegle2019
0.617267111011188,brain observatory 1.1gray,VISam,RS,siegle_survey_2019,Siegle2019
11.3644878483127,brain observatory 1.1gray,VISam,FS,siegle_survey_2019,Siegle2019
1.33007465100848,brain observatory 1.1gray,VISam,RS,siegle_survey_2019,Siegle2019
14.056244510295,brain observatory 1.1gray,VISam,FS,siegle_survey_2019,Siegle2019
2.52438132398408,brain observatory 1.1gray,VISam,RS,siegle_survey_2019,Siegle2019
6.65899344412386,brain observatory 1.1gray,VISam,RS,siegle_survey_2019,Siegle2019
2.33648172626812,brain observatory 1.1gray,VISam,RS,siegle_survey_2019,Siegle2019
4.6160086318195,brain observatory 1.1gray,VISam,FS,siegle_survey_2019,Siegle2019
2.93148001548555,brain observatory 1.1gray,VISam,RS,siegle_survey_2019,Siegle2019
10.9383015952737,brain observatory 1.1gray,VISam,FS,siegle_survey_2019,Siegle2019
14.2948390295138,brain observatory 1.1gray,VISam,FS,siegle_survey_2019,Siegle2019
6.21967166486552,brain observatory 1.1gray,VISam,FS,siegle_survey_2019,Siegle2019
0.829385335194086,brain observatory 1.1gray,VISam,RS,siegle_survey_2019,Siegle2019
0.724608989334996,brain observatory 1.1gray,VISam,RS,siegle_survey_2019,Siegle2019
4.68948548160902,brain observatory 1.1gray,VISam,RS,siegle_survey_2019,Siegle2019
6.39443573636212,brain observatory 1.1gray,VISam,RS,siegle_survey_2019,Siegle2019
10.7954527476382,brain observatory 1.1gray,VISam,RS,siegle_survey_2019,Siegle2019
4.59025068587373,brain observatory 1.1gray,VISam,RS,siegle_survey_2019,Siegle2019
4.45386698004931,brain observatory 1.1gray,VISam,RS,siegle_survey_2019,Siegle2019
9.48549187115315,brain observatory 1.1gray,VISam,RS,siegle_survey_2019,Siegle2019
1.18096590415906,brain observatory 1.1gray,VISam,RS,siegle_survey_2019,Siegle2019
1.45044943425306,brain observatory 1.1gray,VISam,RS,siegle_survey_2019,Siegle2019
24.1376582623529,brain observatory 1.1gray,VISam,RS,siegle_survey_2019,Siegle2019
6.23516748095242,brain observatory 1.1gray,VISam,RS,siegle_survey_2019,Siegle2019
1.32114659803126,brain observatory 1.1gray,VISam,RS,siegle_survey_2019,Siegle2019
4.05107838308856,brain observatory 1.1gray,VISam,RS,siegle_survey_2019,Siegle2019
8.39041999391285,brain observatory 1.1gray,VISam,RS,siegle_survey_2019,Siegle2019
4.89924341592438,brain observatory 1.1gray,VISam,RS,siegle_survey_2019,Siegle2019
4.65910957722676,brain observatory 1.1gray,VISam,RS,siegle_survey_2019,Siegle2019
6.46462870459681,brain observatory 1.1gray,VISam,RS,siegle_survey_2019,Siegle2019
9.52346175163098,brain observatory 1.1gray,VISam,RS,siegle_survey_2019,Siegle2019
6.72969951885149,brain observatory 1.1gray,VISam,RS,siegle_survey_2019,Siegle2019
9.17034186318717,brain observatory 1.1gray,VISam,RS,siegle_survey_2019,Siegle2019
24.4663542817326,brain observatory 1.1gray,VISam,FS,siegle_survey_2019,Siegle2019
16.6720614113216,brain observatory 1.1gray,VISam,RS,siegle_survey_2019,Siegle2019
5.14727909461333,brain observatory 1.1gray,VISam,RS,siegle_survey_2019,Siegle2019
2.64762950358914,brain observatory 1.1gray,VISam,RS,siegle_survey_2019,Siegle2019
3.73151565928326,brain observatory 1.1gray,VISam,RS,siegle_survey_2019,Siegle2019
5.93848930673241,brain observatory 1.1gray,VISam,RS,siegle_survey_2019,Siegle2019
49.9089449769397,brain observatory 1.1gray,VISam,FS,siegle_survey_2019,Siegle2019
2.9583667957158,brain observatory 1.1gray,VISam,RS,siegle_survey_2019,Siegle2019
4.4166154486616,brain observatory 1.1gray,VISam,RS,siegle_survey_2019,Siegle2019
5.01161373787904,brain observatory 1.1gray,VISam,RS,siegle_survey_2019,Siegle2019
11.1467254527074,brain observatory 1.1gray,VISam,RS,siegle_survey_2019,Siegle2019
1.11590400085381,brain observatory 1.1gray,VISam,RS,siegle_survey_2019,Siegle2019
4.05477274983775,brain observatory 1.1gray,VISam,RS,siegle_survey_2019,Siegle2019
2.97211804972669,brain observatory 1.1gray,VISam,RS,siegle_survey_2019,Siegle2019
3.68143646557197,brain observatory 1.1gray,VISam,FS,siegle_survey_2019,Siegle2019
2.74645381413008,brain observatory 1.1gray,VISam,RS,siegle_survey_2019,Siegle2019
6.17225643360919,brain observatory 1.1gray,VISp,FS,siegle_survey_2019,Siegle2019
2.81674940366336,brain observatory 1.1gray,VISam,RS,siegle_survey_2019,Siegle2019
1.69017278775632,brain observatory 1.1gray,VISam,RS,siegle_survey_2019,Siegle2019
0.666935819528132,brain observatory 1.1gray,VISam,RS,siegle_survey_2019,Siegle2019
2.15740756023079,brain observatory 1.1gray,VISam,RS,siegle_survey_2019,Siegle2019
1.48903504252242,brain observatory 1.1gray,VISam,RS,siegle_survey_2019,Siegle2019
19.2760768630106,brain observatory 1.1gray,VISam,FS,siegle_survey_2019,Siegle2019
6.7780889331894,brain observatory 1.1gray,VISp,FS,siegle_survey_2019,Siegle2019
3.59215593579977,brain observatory 1.1gray,VISam,RS,siegle_survey_2019,Siegle2019
2.27426277038706,brain observatory 1.1gray,VISp,FS,siegle_survey_2019,Siegle2019
1.15705514158789,brain observatory 1.1gray,VISam,RS,siegle_survey_2019,Siegle2019
0.813889519107188,brain observatory 1.1gray,VISam,RS,siegle_survey_2019,Siegle2019
1.41227431117805,brain observatory 1.1gray,VISam,RS,siegle_survey_2019,Siegle2019
1.93133283943983,brain observatory 1.1gray,VISam,RS,siegle_survey_2019,Siegle2019
0.938369154295313,brain observatory 1.1gray,VISam,RS,siegle_survey_2019,Siegle2019
1.17142212339031,brain observatory 1.1gray,VISam,RS,siegle_survey_2019,Siegle2019
1.55532840141074,brain observatory 1.1gray,VISam,RS,siegle_survey_2019,Siegle2019
1.46132729190346,brain observatory 1.1gray,VISam,RS,siegle_survey_2019,Siegle2019
0.676376978998295,brain observatory 1.1gray,VISam,RS,siegle_survey_2019,Siegle2019
2.04276157330999,brain observatory 1.1gray,VISp,RS,siegle_survey_2019,Siegle2019
1.35131725981635,brain observatory 1.1gray,VISam,FS,siegle_survey_2019,Siegle2019
1.20272161945987,brain observatory 1.1gray,VISam,RS,siegle_survey_2019,Siegle2019
9.8140083138071,brain observatory 1.1gray,VISp,RS,siegle_survey_2019,Siegle2019
0.661966602149409,brain observatory 1.1gray,VISp,RS,siegle_survey_2019,Siegle2019
1.92945384775364,brain observatory 1.1gray,VISp,RS,siegle_survey_2019,Siegle2019
8.2187602804238,brain observatory 1.1gray,VISp,FS,siegle_survey_2019,Siegle2019
1.77175672013436,brain observatory 1.1gray,VISam,FS,siegle_survey_2019,Siegle2019
1.69838249164342,brain observatory 1.1gray,VISam,RS,siegle_survey_2019,Siegle2019
3.44247581607724,brain observatory 1.1gray,VISp,RS,siegle_survey_2019,Siegle2019
19.1664773161178,brain observatory 1.1gray,VISam,FS,siegle_survey_2019,Siegle2019
1.25567420953165,brain observatory 1.1gray,VISam,RS,siegle_survey_2019,Siegle2019
1.16157047872579,brain observatory 1.1gray,VISam,RS,siegle_survey_2019,Siegle2019
1.40428813260621,brain observatory 1.1gray,VISp,RS,siegle_survey_2019,Siegle2019
11.9902443087816,brain observatory 1.1gray,VISp,FS,siegle_survey_2019,Siegle2019
0.433164501343014,brain observatory 1.1gray,VISam,RS,siegle_survey_2019,Siegle2019
5.60497008631905,brain observatory 1.1gray,VISam,RS,siegle_survey_2019,Siegle2019
15.7325178133951,brain observatory 1.1gray,VISp,RS,siegle_survey_2019,Siegle2019
8.07665783929028,brain observatory 1.1gray,VISp,FS,siegle_survey_2019,Siegle2019
5.19739418565738,brain observatory 1.1gray,VISp,RS,siegle_survey_2019,Siegle2019
1.46530798113977,brain observatory 1.1gray,VISp,RS,siegle_survey_2019,Siegle2019
2.81377386730217,brain observatory 1.1gray,VISp,RS,siegle_survey_2019,Siegle2019
2.00086890046668,brain observatory 1.1gray,VISp,RS,siegle_survey_2019,Siegle2019
9.59447569025437,brain observatory 1.1gray,VISam,FS,siegle_survey_2019,Siegle2019
1.71192850305713,brain observatory 1.1gray,VISam,RS,siegle_survey_2019,Siegle2019
6.24255621445081,brain observatory 1.1gray,VISam,FS,siegle_survey_2019,Siegle2019
0.600539839341226,brain observatory 1.1gray,VISam,RS,siegle_survey_2019,Siegle2019
7.49494909448832,brain observatory 1.1gray,LP,FS,siegle_survey_2019,Siegle2019
28.7093838120114,brain observatory 1.1gray,LP,FS,siegle_survey_2019,Siegle2019
4.59571976774896,brain observatory 1.1gray,VISp,RS,siegle_survey_2019,Siegle2019
6.56893742509822,brain observatory 1.1gray,VISp,FS,siegle_survey_2019,Siegle2019
2.94132302258441,brain observatory 1.1gray,VISp,RS,siegle_survey_2019,Siegle2019
2.23174638529298,brain observatory 1.1gray,VISp,RS,siegle_survey_2019,Siegle2019
17.4950246820263,brain observatory 1.1gray,VISp,RS,siegle_survey_2019,Siegle2019
3.83967656777524,brain observatory 1.1gray,VISp,RS,siegle_survey_2019,Siegle2019
10.8544643001314,brain observatory 1.1gray,VISp,FS,siegle_survey_2019,Siegle2019
1.33489785204215,brain observatory 1.1gray,VISam,FS,siegle_survey_2019,Siegle2019
9.99270187365239,brain observatory 1.1gray,VISp,RS,siegle_survey_2019,Siegle2019
5.06277629153309,brain observatory 1.1gray,VISp,RS,siegle_survey_2019,Siegle2019
30.434929864829,brain observatory 1.1gray,LP,FS,siegle_survey_2019,Siegle2019
13.0944228967262,brain observatory 1.1gray,VISp,FS,siegle_survey_2019,Siegle2019
9.4648334054183,brain observatory 1.1gray,VISp,RS,siegle_survey_2019,Siegle2019
39.7023126537669,brain observatory 1.1gray,LP,FS,siegle_survey_2019,Siegle2019
7.92083372863985,brain observatory 1.1gray,VISp,RS,siegle_survey_2019,Siegle2019
2.07976850018895,brain observatory 1.1gray,VISp,RS,siegle_survey_2019,Siegle2019
47.1354185657579,brain observatory 1.1gray,LP,FS,siegle_survey_2019,Siegle2019
38.1046971059193,brain observatory 1.1gray,LP,FS,siegle_survey_2019,Siegle2019
5.76850670327811,brain observatory 1.1gray,VISp,RS,siegle_survey_2019,Siegle2019
1.07396951565622,brain observatory 1.1gray,LP,FS,siegle_survey_2019,Siegle2019
13.7730218255628,brain observatory 1.1gray,VISp,RS,siegle_survey_2019,Siegle2019
11.3679873865979,brain observatory 1.1gray,VISp,FS,siegle_survey_2019,Siegle2019
18.7925465558998,brain observatory 1.1gray,LP,FS,siegle_survey_2019,Siegle2019
4.99967740216363,brain observatory 1.1gray,VISp,RS,siegle_survey_2019,Siegle2019
5.93867619569623,brain observatory 1.1gray,VISp,RS,siegle_survey_2019,Siegle2019
8.96669522113753,brain observatory 1.1gray,VISp,RS,siegle_survey_2019,Siegle2019
0.340497468717394,brain observatory 1.1gray,VISam,RS,siegle_survey_2019,Siegle2019
7.70679647458432,brain observatory 1.1gray,VISp,RS,siegle_survey_2019,Siegle2019
27.4848158985084,brain observatory 1.1gray,VISp,FS,siegle_survey_2019,Siegle2019
5.68947173880242,brain observatory 1.1gray,LP,FS,siegle_survey_2019,Siegle2019
39.2378824793262,brain observatory 1.1gray,LP,FS,siegle_survey_2019,Siegle2019
5.32407149711886,brain observatory 1.1gray,LP,FS,siegle_survey_2019,Siegle2019
2.19525921862299,brain observatory 1.1gray,VISp,RS,siegle_survey_2019,Siegle2019
65.7996304128805,brain observatory 1.1gray,LP,FS,siegle_survey_2019,Siegle2019
5.76632371040042,brain observatory 1.1gray,VISp,RS,siegle_survey_2019,Siegle2019
4.63662187207094,brain observatory 1.1gray,LP,FS,siegle_survey_2019,Siegle2019
1.70606090993657,brain observatory 1.1gray,VISp,RS,siegle_survey_2019,Siegle2019
11.5388845433085,brain observatory 1.1gray,VISp,RS,siegle_survey_2019,Siegle2019
8.7565041926284,brain observatory 1.1gray,VISp,FS,siegle_survey_2019,Siegle2019
4.41203650989752,brain observatory 1.1gray,VISp,RS,siegle_survey_2019,Siegle2019
3.60266591248305,brain observatory 1.1gray,VISp,RS,siegle_survey_2019,Siegle2019
4.77368566330169,brain observatory 1.1gray,VISp,RS,siegle_survey_2019,Siegle2019
3.63783426454873,brain observatory 1.1gray,LP,FS,siegle_survey_2019,Siegle2019
41.9755548653027,brain observatory 1.1gray,LP,FS,siegle_survey_2019,Siegle2019
7.49255131644519,brain observatory 1.1gray,VISp,RS,siegle_survey_2019,Siegle2019
3.05951649410512,brain observatory 1.1gray,VISp,RS,siegle_survey_2019,Siegle2019
0.230487436630279,brain observatory 1.1gray,VISam,RS,siegle_survey_2019,Siegle2019
2.04837498356691,brain observatory 1.1gray,VISp,RS,siegle_survey_2019,Siegle2019
10.3968674121506,brain observatory 1.1gray,VISp,FS,siegle_survey_2019,Siegle2019
5.21413046438634,brain observatory 1.1gray,VISp,FS,siegle_survey_2019,Siegle2019
2.31657125139755,brain observatory 1.1gray,VISp,RS,siegle_survey_2019,Siegle2019
22.4535214884091,brain observatory 1.1gray,LP,FS,siegle_survey_2019,Siegle2019
45.3500503494788,brain observatory 1.1gray,LP,FS,siegle_survey_2019,Siegle2019
19.8808279932592,brain observatory 1.1gray,VISp,FS,siegle_survey_2019,Siegle2019
15.9705679891053,brain observatory 1.1gray,VISp,FS,siegle_survey_2019,Siegle2019
23.6923051064397,brain observatory 1.1gray,LP,FS,siegle_survey_2019,Siegle2019
22.9009751029486,brain observatory 1.1gray,LP,FS,siegle_survey_2019,Siegle2019
19.7589978588482,brain observatory 1.1gray,LP,FS,siegle_survey_2019,Siegle2019
10.0134922820114,brain observatory 1.1gray,VISp,FS,siegle_survey_2019,Siegle2019
1.61499892132431,brain observatory 1.1gray,VISp,RS,siegle_survey_2019,Siegle2019
17.0367862684961,brain observatory 1.1gray,LP,FS,siegle_survey_2019,Siegle2019
48.5884302015897,brain observatory 1.1gray,LP,FS,siegle_survey_2019,Siegle2019
1.72643551012836,brain observatory 1.1gray,VISp,RS,siegle_survey_2019,Siegle2019
1.6111526957779,brain observatory 1.1gray,VISp,RS,siegle_survey_2019,Siegle2019
6.53754390847619,brain observatory 1.1gray,VISp,FS,siegle_survey_2019,Siegle2019
15.1914474358531,brain observatory 1.1gray,VISp,FS,siegle_survey_2019,Siegle2019
9.20816693118718,brain observatory 1.1gray,LP,RS,siegle_survey_2019,Siegle2019
1.8601178358765,brain observatory 1.1gray,VISp,RS,siegle_survey_2019,Siegle2019
53.6547207206846,brain observatory 1.1gray,LP,FS,siegle_survey_2019,Siegle2019
6.02183782913209,brain observatory 1.1gray,VISp,FS,siegle_survey_2019,Siegle2019
3.16752266552994,brain observatory 1.1gray,VISp,RS,siegle_survey_2019,Siegle2019
1.79046996787397,brain observatory 1.1gray,VISp,RS,siegle_survey_2019,Siegle2019
0.651675350011722,brain observatory 1.1gray,VISp,RS,siegle_survey_2019,Siegle2019
0.266740939245506,brain observatory 1.1gray,VISp,RS,siegle_survey_2019,Siegle2019
0.834630943570604,brain observatory 1.1gray,VISp,RS,siegle_survey_2019,Siegle2019
0.80562832390985,brain observatory 1.1gray,VISp,RS,siegle_survey_2019,Siegle2019
2.49692804391156,brain observatory 1.1gray,VISp,RS,siegle_survey_2019,Siegle2019
1.53817836243794,brain observatory 1.1gray,VISp,RS,siegle_survey_2019,Siegle2019
1.99712662696207,brain observatory 1.1gray,VISp,RS,siegle_survey_2019,Siegle2019
18.1428538064916,brain observatory 1.1gray,VISp,FS,siegle_survey_2019,Siegle2019
2.14484247835251,brain observatory 1.1gray,LGd,FS,siegle_survey_2019,Siegle2019
2.21869088707004,brain observatory 1.1gray,VISrl,RS,siegle_survey_2019,Siegle2019
3.65441113543624,brain observatory 1.1gray,VISrl,RS,siegle_survey_2019,Siegle2019
3.73838160167686,brain observatory 1.1gray,VISrl,FS,siegle_survey_2019,Siegle2019
1.09757724477792,brain observatory 1.1gray,VISrl,RS,siegle_survey_2019,Siegle2019
2.89600468453108,brain observatory 1.1gray,VISrl,RS,siegle_survey_2019,Siegle2019
21.4800974920752,brain observatory 1.1gray,VISrl,FS,siegle_survey_2019,Siegle2019
2.26709980946824,brain observatory 1.1gray,VISrl,RS,siegle_survey_2019,Siegle2019
3.14072155126169,brain observatory 1.1gray,VISrl,RS,siegle_survey_2019,Siegle2019
12.61890077555,brain observatory 1.1gray,VISrl,RS,siegle_survey_2019,Siegle2019
12.2965857423424,brain observatory 1.1gray,VISrl,RS,siegle_survey_2019,Siegle2019
5.57812621086543,brain observatory 1.1gray,VISrl,RS,siegle_survey_2019,Siegle2019
6.51064033595861,brain observatory 1.1gray,VISrl,RS,siegle_survey_2019,Siegle2019
9.75763540263376,brain observatory 1.1gray,VISrl,RS,siegle_survey_2019,Siegle2019
5.88235213506644,brain observatory 1.1gray,VISrl,RS,siegle_survey_2019,Siegle2019
15.3684453445451,brain observatory 1.1gray,VISrl,RS,siegle_survey_2019,Siegle2019
8.06753705886299,brain observatory 1.1gray,VISrl,RS,siegle_survey_2019,Siegle2019
2.83639284803223,brain observatory 1.1gray,VISrl,FS,siegle_survey_2019,Siegle2019
1.24290679100097,brain observatory 1.1gray,VISrl,RS,siegle_survey_2019,Siegle2019
8.55409297952772,brain observatory 1.1gray,VISrl,RS,siegle_survey_2019,Siegle2019
2.88675457197091,brain observatory 1.1gray,VISrl,RS,siegle_survey_2019,Siegle2019
9.94602936177581,brain observatory 1.1gray,VISrl,RS,siegle_survey_2019,Siegle2019
2.3236282751137,brain observatory 1.1gray,VISrl,RS,siegle_survey_2019,Siegle2019
4.37304210233269,brain observatory 1.1gray,VISrl,RS,siegle_survey_2019,Siegle2019
12.3785006280141,brain observatory 1.1gray,VISrl,RS,siegle_survey_2019,Siegle2019
8.46755303757595,brain observatory 1.1gray,VISrl,RS,siegle_survey_2019,Siegle2019
1.19717012334237,brain observatory 1.1gray,VISrl,RS,siegle_survey_2019,Siegle2019
2.30266135331065,brain observatory 1.1gray,VISrl,RS,siegle_survey_2019,Siegle2019
5.66261057224828,brain observatory 1.1gray,VISrl,RS,siegle_survey_2019,Siegle2019
3.04472593869286,brain observatory 1.1gray,VISrl,RS,siegle_survey_2019,Siegle2019
0.747717431946751,brain observatory 1.1gray,VISrl,RS,siegle_survey_2019,Siegle2019
1.32060773650636,brain observatory 1.1gray,VISrl,RS,siegle_survey_2019,Siegle2019
1.25123189230512,brain observatory 1.1gray,VISrl,RS,siegle_survey_2019,Siegle2019
1.01237343019594,brain observatory 1.1gray,VISrl,RS,siegle_survey_2019,Siegle2019
1.8042858443746,brain observatory 1.1gray,VISrl,RS,siegle_survey_2019,Siegle2019
1.45237045097451,brain observatory 1.1gray,VISrl,RS,siegle_survey_2019,Siegle2019
16.0715566781462,brain observatory 1.1gray,VISrl,FS,siegle_survey_2019,Siegle2019
2.90124641498184,brain observatory 1.1gray,VISrl,RS,siegle_survey_2019,Siegle2019
9.2345929268706,brain observatory 1.1gray,VISrl,FS,siegle_survey_2019,Siegle2019
5.62853801487123,brain observatory 1.1gray,VISam,FS,siegle_survey_2019,Siegle2019
0.790267949723514,brain observatory 1.1gray,VISrl,RS,siegle_survey_2019,Siegle2019
11.6499000953584,brain observatory 1.1gray,VISrl,RS,siegle_survey_2019,Siegle2019
2.77768856288654,brain observatory 1.1gray,VISam,RS,siegle_survey_2019,Siegle2019
13.7603102075592,brain observatory 1.1gray,VISam,FS,siegle_survey_2019,Siegle2019
7.12762888472069,brain observatory 1.1gray,VISam,RS,siegle_survey_2019,Siegle2019
26.8079567686739,brain observatory 1.1gray,VISrl,FS,siegle_survey_2019,Siegle2019
20.2906357958663,brain observatory 1.1gray,VISrl,RS,siegle_survey_2019,Siegle2019
47.9334179320674,brain observatory 1.1gray,VISam,FS,siegle_survey_2019,Siegle2019
0.62448537683965,brain observatory 1.1gray,VISrl,RS,siegle_survey_2019,Siegle2019
1.01925962510185,brain observatory 1.1gray,VISrl,RS,siegle_survey_2019,Siegle2019
1.3319525955838,brain observatory 1.1gray,VISam,RS,siegle_survey_2019,Siegle2019
2.98787454261602,brain observatory 1.1gray,VISam,RS,siegle_survey_2019,Siegle2019
2.58205392021525,brain observatory 1.1gray,VISam,RS,siegle_survey_2019,Siegle2019
1.00737693842462,brain observatory 1.1gray,VISam,RS,siegle_survey_2019,Siegle2019
1.8304944966284,brain observatory 1.1gray,VISrl,RS,siegle_survey_2019,Siegle2019
2.76616875438214,brain observatory 1.1gray,VISam,RS,siegle_survey_2019,Siegle2019
1.63520650191465,brain observatory 1.1gray,VISam,RS,siegle_survey_2019,Siegle2019
5.8055792824126,brain observatory 1.1gray,VISam,RS,siegle_survey_2019,Siegle2019
11.2357542789141,brain observatory 1.1gray,VISam,FS,siegle_survey_2019,Siegle2019
0.708165070165486,brain observatory 1.1gray,VISam,RS,siegle_survey_2019,Siegle2019
0.563948529084786,brain observatory 1.1gray,VISrl,RS,siegle_survey_2019,Siegle2019
3.63753111169335,brain observatory 1.1gray,VISam,RS,siegle_survey_2019,Siegle2019
6.25192133648237,brain observatory 1.1gray,VISam,RS,siegle_survey_2019,Siegle2019
6.29072490197089,brain observatory 1.1gray,VISam,RS,siegle_survey_2019,Siegle2019
4.59650464420912,brain observatory 1.1gray,VISam,RS,siegle_survey_2019,Siegle2019
1.34067188476128,brain observatory 1.1gray,VISam,RS,siegle_survey_2019,Siegle2019
2.24474441184268,brain observatory 1.1gray,VISam,RS,siegle_survey_2019,Siegle2019
1.04423492901429,brain observatory 1.1gray,VISrl,RS,siegle_survey_2019,Siegle2019
4.74604292243629,brain observatory 1.1gray,VISam,RS,siegle_survey_2019,Siegle2019
1.46967659973288,brain observatory 1.1gray,VISam,RS,siegle_survey_2019,Siegle2019
0.443491507745736,brain observatory 1.1gray,VISrl,RS,siegle_survey_2019,Siegle2019
1.01343027095741,brain observatory 1.1gray,VISam,RS,siegle_survey_2019,Siegle2019
1.81234882040782,brain observatory 1.1gray,VISam,RS,siegle_survey_2019,Siegle2019
3.53637910894854,brain observatory 1.1gray,VISam,RS,siegle_survey_2019,Siegle2019
1.71531571454182,brain observatory 1.1gray,VISam,FS,siegle_survey_2019,Siegle2019
0.282128433085063,brain observatory 1.1gray,VISrl,RS,siegle_survey_2019,Siegle2019
3.39705485943349,brain observatory 1.1gray,VISam,FS,siegle_survey_2019,Siegle2019
6.28526815057407,brain observatory 1.1gray,VISam,RS,siegle_survey_2019,Siegle2019
5.7723335192727,brain observatory 1.1gray,VISam,RS,siegle_survey_2019,Siegle2019
24.045175030101,brain observatory 1.1gray,VISam,FS,siegle_survey_2019,Siegle2019
11.0145537454392,brain observatory 1.1gray,VISam,FS,siegle_survey_2019,Siegle2019
11.6940203452955,brain observatory 1.1gray,VISam,RS,siegle_survey_2019,Siegle2019
1.50502035725934,brain observatory 1.1gray,VISam,RS,siegle_survey_2019,Siegle2019
3.23177081688325,brain observatory 1.1gray,VISam,RS,siegle_survey_2019,Siegle2019
0.526933843828403,brain observatory 1.1gray,VISam,RS,siegle_survey_2019,Siegle2019
0.429218749490526,brain observatory 1.1gray,VISam,RS,siegle_survey_2019,Siegle2019
1.13900456240438,brain observatory 1.1gray,VISam,RS,siegle_survey_2019,Siegle2019
8.2465660739248,brain observatory 1.1gray,VISam,RS,siegle_survey_2019,Siegle2019
3.49666608489388,brain observatory 1.1gray,VISam,RS,siegle_survey_2019,Siegle2019
11.4636241752074,brain observatory 1.1gray,VISam,RS,siegle_survey_2019,Siegle2019
5.41643206705768,brain observatory 1.1gray,VISam,RS,siegle_survey_2019,Siegle2019
1.93673396022233,brain observatory 1.1gray,VISam,RS,siegle_survey_2019,Siegle2019
12.4829251259436,brain observatory 1.1gray,VISam,RS,siegle_survey_2019,Siegle2019
4.76536078465525,brain observatory 1.1gray,VISam,RS,siegle_survey_2019,Siegle2019
4.47302038111804,brain observatory 1.1gray,VISam,FS,siegle_survey_2019,Siegle2019
9.41158249714653,brain observatory 1.1gray,VISam,RS,siegle_survey_2019,Siegle2019
14.3282165566359,brain observatory 1.1gray,VISam,RS,siegle_survey_2019,Siegle2019
4.23555064440445,brain observatory 1.1gray,VISam,RS,siegle_survey_2019,Siegle2019
5.23721719982615,brain observatory 1.1gray,VISam,FS,siegle_survey_2019,Siegle2019
13.417646430029,brain observatory 1.1gray,VISam,FS,siegle_survey_2019,Siegle2019
5.06972625145583,brain observatory 1.1gray,VISam,RS,siegle_survey_2019,Siegle2019
8.91330025385515,brain observatory 1.1gray,VISam,RS,siegle_survey_2019,Siegle2019
10.5501235709985,brain observatory 1.1gray,VISam,RS,siegle_survey_2019,Siegle2019
6.26384940374197,brain observatory 1.1gray,VISam,RS,siegle_survey_2019,Siegle2019
1.21604715387721,brain observatory 1.1gray,VISam,RS,siegle_survey_2019,Siegle2019
4.29314968692647,brain observatory 1.1gray,VISam,RS,siegle_survey_2019,Siegle2019
5.77536504782649,brain observatory 1.1gray,VISam,RS,siegle_survey_2019,Siegle2019
9.03168142697635,brain observatory 1.1gray,VISam,RS,siegle_survey_2019,Siegle2019
12.8299918865633,brain observatory 1.1gray,VISam,RS,siegle_survey_2019,Siegle2019
8.26503374533609,brain observatory 1.1gray,VISam,RS,siegle_survey_2019,Siegle2019
20.743840435023,brain observatory 1.1gray,VISam,FS,siegle_survey_2019,Siegle2019
2.39116867227824,brain observatory 1.1gray,VISam,RS,siegle_survey_2019,Siegle2019
2.29850494948404,brain observatory 1.1gray,VISam,RS,siegle_survey_2019,Siegle2019
3.41836506617739,brain observatory 1.1gray,VISam,RS,siegle_survey_2019,Siegle2019
1.31374825770435,brain observatory 1.1gray,VISam,RS,siegle_survey_2019,Siegle2019
23.3831902449049,brain observatory 1.1gray,VISam,FS,siegle_survey_2019,Siegle2019
4.32053449486238,brain observatory 1.1gray,VISam,RS,siegle_survey_2019,Siegle2019
27.0470183515843,brain observatory 1.1gray,VISam,FS,siegle_survey_2019,Siegle2019
1.78236490161408,brain observatory 1.1gray,VISam,RS,siegle_survey_2019,Siegle2019
5.74242502799858,brain observatory 1.1gray,VISam,RS,siegle_survey_2019,Siegle2019
2.34771676300724,brain observatory 1.1gray,VISam,RS,siegle_survey_2019,Siegle2019
4.11463708944878,brain observatory 1.1gray,VISam,RS,siegle_survey_2019,Siegle2019
8.1415384984495,brain observatory 1.1gray,VISam,RS,siegle_survey_2019,Siegle2019
2.54638293423232,brain observatory 1.1gray,VISam,RS,siegle_survey_2019,Siegle2019
3.89106794974204,brain observatory 1.1gray,VISam,RS,siegle_survey_2019,Siegle2019
19.4448879643255,brain observatory 1.1gray,VISam,RS,siegle_survey_2019,Siegle2019
9.33886026077255,brain observatory 1.1gray,VISam,RS,siegle_survey_2019,Siegle2019
14.752484391547,brain observatory 1.1gray,VISam,RS,siegle_survey_2019,Siegle2019
1.62884029195169,brain observatory 1.1gray,VISam,RS,siegle_survey_2019,Siegle2019
4.26384491090649,brain observatory 1.1gray,VISam,RS,siegle_survey_2019,Siegle2019
8.19361856468703,brain observatory 1.1gray,VISam,RS,siegle_survey_2019,Siegle2019
11.0623882013279,brain observatory 1.1gray,VISam,RS,siegle_survey_2019,Siegle2019
0.585590265640553,brain observatory 1.1gray,VISam,RS,siegle_survey_2019,Siegle2019
11.9702936474976,brain observatory 1.1gray,VISam,FS,siegle_survey_2019,Siegle2019
6.15677860888239,brain observatory 1.1gray,VISam,RS,siegle_survey_2019,Siegle2019
25.5065502845704,brain observatory 1.1gray,VISam,FS,siegle_survey_2019,Siegle2019
30.3953178917262,brain observatory 1.1gray,VISam,FS,siegle_survey_2019,Siegle2019
2.20035681047856,brain observatory 1.1gray,VISam,RS,siegle_survey_2019,Siegle2019
4.36006829980168,brain observatory 1.1gray,VISam,RS,siegle_survey_2019,Siegle2019
5.60624760929367,brain observatory 1.1gray,VISam,RS,siegle_survey_2019,Siegle2019
1.11610776255391,brain observatory 1.1gray,VISam,RS,siegle_survey_2019,Siegle2019
5.89703039378529,brain observatory 1.1gray,VISam,FS,siegle_survey_2019,Siegle2019
6.39389364099377,brain observatory 1.1gray,VISam,RS,siegle_survey_2019,Siegle2019
15.3197516998468,brain observatory 1.1gray,VISam,FS,siegle_survey_2019,Siegle2019
0.898563058996393,brain observatory 1.1gray,VISam,RS,siegle_survey_2019,Siegle2019
4.44593284014539,brain observatory 1.1gray,VISam,RS,siegle_survey_2019,Siegle2019
0.0796274066625679,brain observatory 1.1gray,VISam,RS,siegle_survey_2019,Siegle2019
2.89028774784078,brain observatory 1.1gray,VISam,RS,siegle_survey_2019,Siegle2019
2.94683775988313,brain observatory 1.1gray,VISam,RS,siegle_survey_2019,Siegle2019
1.42040324365186,brain observatory 1.1gray,VISam,RS,siegle_survey_2019,Siegle2019
14.2954064449474,brain observatory 1.1gray,VISam,RS,siegle_survey_2019,Siegle2019
31.5893149071033,brain observatory 1.1gray,VISam,FS,siegle_survey_2019,Siegle2019
2.86176295477834,brain observatory 1.1gray,VISam,FS,siegle_survey_2019,Siegle2019
8.69113392798605,brain observatory 1.1gray,VISam,FS,siegle_survey_2019,Siegle2019
4.82275966671433,brain observatory 1.1gray,VISam,FS,siegle_survey_2019,Siegle2019
0.908230616202161,brain observatory 1.1gray,VISam,RS,siegle_survey_2019,Siegle2019
2.99868699445788,brain observatory 1.1gray,VISam,RS,siegle_survey_2019,Siegle2019
2.43815736486199,brain observatory 1.1gray,VISam,FS,siegle_survey_2019,Siegle2019
13.2298961077524,brain observatory 1.1gray,VISam,FS,siegle_survey_2019,Siegle2019
1.42726409070112,brain observatory 1.1gray,VISam,RS,siegle_survey_2019,Siegle2019
21.2303714327801,brain observatory 1.1gray,VISam,FS,siegle_survey_2019,Siegle2019
0.237218984339399,brain observatory 1.1gray,VISam,RS,siegle_survey_2019,Siegle2019
11.5829822889169,brain observatory 1.1gray,VISrl,FS,siegle_survey_2019,Siegle2019
11.0569826854709,brain observatory 1.1gray,VISam,FS,siegle_survey_2019,Siegle2019
5.40394749306816,brain observatory 1.1gray,VISrl,FS,siegle_survey_2019,Siegle2019
0.537744875542381,brain observatory 1.1gray,VISam,RS,siegle_survey_2019,Siegle2019
1.21333040543798,brain observatory 1.1gray,VISam,RS,siegle_survey_2019,Siegle2019
4.12971455404638,brain observatory 1.1gray,VISrl,FS,siegle_survey_2019,Siegle2019
4.12442117927084,brain observatory 1.1gray,VISrl,RS,siegle_survey_2019,Siegle2019
3.61027764783233,brain observatory 1.1gray,VISrl,RS,siegle_survey_2019,Siegle2019
3.46627824884602,brain observatory 1.1gray,VISrl,RS,siegle_survey_2019,Siegle2019
7.12458837149338,brain observatory 1.1gray,VISrl,RS,siegle_survey_2019,Siegle2019
2.71324667429679,brain observatory 1.1gray,VISrl,RS,siegle_survey_2019,Siegle2019
0.537490012587075,brain observatory 1.1gray,VISam,RS,siegle_survey_2019,Siegle2019
0.847211179832682,brain observatory 1.1gray,VISam,RS,siegle_survey_2019,Siegle2019
1.12035190252922,brain observatory 1.1gray,VISam,RS,siegle_survey_2019,Siegle2019
0.344381643710613,brain observatory 1.1gray,VISam,RS,siegle_survey_2019,Siegle2019
0.887228427654911,brain observatory 1.1gray,VISrl,RS,siegle_survey_2019,Siegle2019
1.92022071255464,brain observatory 1.1gray,VISrl,RS,siegle_survey_2019,Siegle2019
9.83097326367374,brain observatory 1.1gray,VISrl,RS,siegle_survey_2019,Siegle2019
4.68483272726588,brain observatory 1.1gray,VISrl,RS,siegle_survey_2019,Siegle2019
1.53302015027015,brain observatory 1.1gray,VISrl,RS,siegle_survey_2019,Siegle2019
17.5871396662555,brain observatory 1.1gray,VISrl,FS,siegle_survey_2019,Siegle2019
0.322601784931202,brain observatory 1.1gray,VISrl,RS,siegle_survey_2019,Siegle2019
1.21492753644404,brain observatory 1.1gray,VISrl,RS,siegle_survey_2019,Siegle2019
2.84038569436843,brain observatory 1.1gray,VISrl,RS,siegle_survey_2019,Siegle2019
1.70466272863981,brain observatory 1.1gray,VISrl,FS,siegle_survey_2019,Siegle2019
5.03439439179671,brain observatory 1.1gray,LGd,RS,siegle_survey_2019,Siegle2019
16.6708257358102,brain observatory 1.1gray,LGd,RS,siegle_survey_2019,Siegle2019
4.22194177652795,brain observatory 1.1gray,LGd,RS,siegle_survey_2019,Siegle2019
13.5246627600732,brain observatory 1.1gray,LGd,FS,siegle_survey_2019,Siegle2019
12.643043407064,brain observatory 1.1gray,LGd,RS,siegle_survey_2019,Siegle2019
5.03939081176791,brain observatory 1.1gray,VISrl,RS,siegle_survey_2019,Siegle2019
12.3576774898623,brain observatory 1.1gray,VISrl,FS,siegle_survey_2019,Siegle2019
7.86291612722168,brain observatory 1.1gray,VISrl,FS,siegle_survey_2019,Siegle2019
3.95875815388836,brain observatory 1.1gray,VISrl,RS,siegle_survey_2019,Siegle2019
1.34618362578554,brain observatory 1.1gray,VISrl,RS,siegle_survey_2019,Siegle2019
7.08341410103701,brain observatory 1.1gray,LGd,RS,siegle_survey_2019,Siegle2019
13.6611220156084,brain observatory 1.1gray,VISrl,RS,siegle_survey_2019,Siegle2019
21.8633042557583,brain observatory 1.1gray,VISrl,FS,siegle_survey_2019,Siegle2019
7.8918336375695,brain observatory 1.1gray,VISrl,RS,siegle_survey_2019,Siegle2019
5.7382143075973,brain observatory 1.1gray,VISrl,RS,siegle_survey_2019,Siegle2019
7.11282531643664,brain observatory 1.1gray,VISrl,RS,siegle_survey_2019,Siegle2019
12.0638951898202,brain observatory 1.1gray,VISrl,RS,siegle_survey_2019,Siegle2019
7.59511057376314,brain observatory 1.1gray,VISrl,RS,siegle_survey_2019,Siegle2019
22.0453375327614,brain observatory 1.1gray,VISrl,RS,siegle_survey_2019,Siegle2019
1.7004344871799,brain observatory 1.1gray,LGd,FS,siegle_survey_2019,Siegle2019
5.01109360439115,brain observatory 1.1gray,LGd,RS,siegle_survey_2019,Siegle2019
11.6439226969141,brain observatory 1.1gray,LGd,FS,siegle_survey_2019,Siegle2019
2.89008460198318,brain observatory 1.1gray,VISrl,RS,siegle_survey_2019,Siegle2019
0.488656912148904,brain observatory 1.1gray,VISrl,RS,siegle_survey_2019,Siegle2019
3.04339641955607,brain observatory 1.1gray,VISrl,RS,siegle_survey_2019,Siegle2019
4.46228079698513,brain observatory 1.1gray,LGd,FS,siegle_survey_2019,Siegle2019
9.35700763675698,brain observatory 1.1gray,LGd,FS,siegle_survey_2019,Siegle2019
6.63446107746238,brain observatory 1.1gray,VISrl,RS,siegle_survey_2019,Siegle2019
7.36061339936424,brain observatory 1.1gray,LGd,RS,siegle_survey_2019,Siegle2019
7.5639061404085,brain observatory 1.1gray,LGd,FS,siegle_survey_2019,Siegle2019
15.3207402733274,brain observatory 1.1gray,LGd,FS,siegle_survey_2019,Siegle2019
6.58382872830059,brain observatory 1.1gray,LGd,FS,siegle_survey_2019,Siegle2019
9.54652137813448,brain observatory 1.1gray,LGd,FS,siegle_survey_2019,Siegle2019
7.84772925815478,brain observatory 1.1gray,LGd,FS,siegle_survey_2019,Siegle2019
7.56433057969799,brain observatory 1.1gray,VISrl,FS,siegle_survey_2019,Siegle2019
4.09354315974689,brain observatory 1.1gray,VISrl,RS,siegle_survey_2019,Siegle2019
9.23550404998444,brain observatory 1.1gray,LGd,FS,siegle_survey_2019,Siegle2019
12.6299078841697,brain observatory 1.1gray,LGd,FS,siegle_survey_2019,Siegle2019
1.50289409806426,brain observatory 1.1gray,LGd,FS,siegle_survey_2019,Siegle2019
0.716980704630214,brain observatory 1.1gray,LGd,FS,siegle_survey_2019,Siegle2019
3.66665385687158,brain observatory 1.1gray,LGd,FS,siegle_survey_2019,Siegle2019
17.5707694146348,brain observatory 1.1gray,VISrl,FS,siegle_survey_2019,Siegle2019
13.6812172346636,brain observatory 1.1gray,VISrl,FS,siegle_survey_2019,Siegle2019
1.42234940727795,brain observatory 1.1gray,VISrl,RS,siegle_survey_2019,Siegle2019
0.824982261312974,brain observatory 1.1gray,VISrl,RS,siegle_survey_2019,Siegle2019
0.324268217730908,brain observatory 1.1gray,VISrl,RS,siegle_survey_2019,Siegle2019
2.61894618292523,brain observatory 1.1gray,VISrl,RS,siegle_survey_2019,Siegle2019
6.68606710862018,brain observatory 1.1gray,LGd,FS,siegle_survey_2019,Siegle2019
11.8889207550718,brain observatory 1.1gray,LGd,FS,siegle_survey_2019,Siegle2019
7.00267303069577,brain observatory 1.1gray,LGd,FS,siegle_survey_2019,Siegle2019
10.3787050268815,brain observatory 1.1gray,LGd,FS,siegle_survey_2019,Siegle2019
9.07900660925123,brain observatory 1.1gray,LGd,FS,siegle_survey_2019,Siegle2019
25.9168530283123,brain observatory 1.1gray,VISrl,FS,siegle_survey_2019,Siegle2019
5.17045629197718,brain observatory 1.1gray,LGd,RS,siegle_survey_2019,Siegle2019
1.81919724112607,brain observatory 1.1gray,LGd,RS,siegle_survey_2019,Siegle2019
7.13361514434662,brain observatory 1.1gray,LGd,FS,siegle_survey_2019,Siegle2019
6.77967437510803,brain observatory 1.1gray,LGd,RS,siegle_survey_2019,Siegle2019
0.82792302507716,brain observatory 1.1gray,VISrl,RS,siegle_survey_2019,Siegle2019
2.32663426476514,brain observatory 1.1gray,VISrl,RS,siegle_survey_2019,Siegle2019
0.874583143468911,brain observatory 1.1gray,VISrl,RS,siegle_survey_2019,Siegle2019
1.17071805452244,brain observatory 1.1gray,VISrl,RS,siegle_survey_2019,Siegle2019
10.7860088578783,brain observatory 1.1gray,LGd,FS,siegle_survey_2019,Siegle2019
9.23745385416407,brain observatory 1.1gray,LGd,FS,siegle_survey_2019,Siegle2019
5.90092841773196,brain observatory 1.1gray,LGd,FS,siegle_survey_2019,Siegle2019
2.21106224883263,brain observatory 1.1gray,VISrl,FS,siegle_survey_2019,Siegle2019
1.70750546694519,brain observatory 1.1gray,VISrl,RS,siegle_survey_2019,Siegle2019
8.43782889797181,brain observatory 1.1gray,LGd,FS,siegle_survey_2019,Siegle2019
3.85589169712115,brain observatory 1.1gray,LGd,FS,siegle_survey_2019,Siegle2019
1.48047850435003,brain observatory 1.1gray,VISrl,RS,siegle_survey_2019,Siegle2019
1.55654626038364,brain observatory 1.1gray,VISrl,RS,siegle_survey_2019,Siegle2019
11.1464749208529,brain observatory 1.1gray,VISrl,FS,siegle_survey_2019,Siegle2019
6.24994336588518,brain observatory 1.1gray,LGd,FS,siegle_survey_2019,Siegle2019
8.7642671661504,brain observatory 1.1gray,LGd,FS,siegle_survey_2019,Siegle2019
10.625303944968,brain observatory 1.1gray,LGd,FS,siegle_survey_2019,Siegle2019
13.0873935174737,brain observatory 1.1gray,LGd,RS,siegle_survey_2019,Siegle2019
0.500714043582067,brain observatory 1.1gray,VISrl,RS,siegle_survey_2019,Siegle2019
0.964276438276584,brain observatory 1.1gray,VISrl,RS,siegle_survey_2019,Siegle2019
12.9571671225292,brain observatory 1.1gray,LGd,RS,siegle_survey_2019,Siegle2019
8.20939394513762,brain observatory 1.1gray,LGd,FS,siegle_survey_2019,Siegle2019
8.05782232548978,brain observatory 1.1gray,LGd,FS,siegle_survey_2019,Siegle2019
7.80640020759052,brain observatory 1.1gray,LGd,FS,siegle_survey_2019,Siegle2019
7.20319236717752,brain observatory 1.1gray,LGd,FS,siegle_survey_2019,Siegle2019
17.4734267089082,brain observatory 1.1gray,LGd,FS,siegle_survey_2019,Siegle2019
6.07425574717353,brain observatory 1.1gray,LGd,RS,siegle_survey_2019,Siegle2019
5.51897204107031,brain observatory 1.1gray,LGd,FS,siegle_survey_2019,Siegle2019
8.95216671630287,brain observatory 1.1gray,LGd,RS,siegle_survey_2019,Siegle2019
3.76045391359205,brain observatory 1.1gray,LGd,RS,siegle_survey_2019,Siegle2019
5.727703709563,brain observatory 1.1gray,LGd,RS,siegle_survey_2019,Siegle2019
8.41566270308763,brain observatory 1.1gray,LGd,FS,siegle_survey_2019,Siegle2019
9.10271212322459,brain observatory 1.1gray,LGd,FS,siegle_survey_2019,Siegle2019
1.50432523521848,brain observatory 1.1gray,LGd,FS,siegle_survey_2019,Siegle2019
11.6924625588596,brain observatory 1.1gray,LGd,FS,siegle_survey_2019,Siegle2019
14.6291755171956,brain observatory 1.1gray,LGd,RS,siegle_survey_2019,Siegle2019
9.50632158840736,brain observatory 1.1gray,LGd,RS,siegle_survey_2019,Siegle2019
4.51152371609652,brain observatory 1.1gray,VISrl,RS,siegle_survey_2019,Siegle2019
2.00687521813932,brain observatory 1.1gray,VISrl,RS,siegle_survey_2019,Siegle2019
3.62184465197146,brain observatory 1.1gray,VISrl,RS,siegle_survey_2019,Siegle2019
0.488950988525323,brain observatory 1.1gray,VISrl,RS,siegle_survey_2019,Siegle2019
1.40772056139952,brain observatory 1.1gray,VISrl,RS,siegle_survey_2019,Siegle2019
29.698180492915,brain observatory 1.1gray,VISrl,FS,siegle_survey_2019,Siegle2019
0.955873346502359,brain observatory 1.1gray,VISrl,RS,siegle_survey_2019,Siegle2019
2.44473868359483,brain observatory 1.1gray,VISrl,RS,siegle_survey_2019,Siegle2019
1.00563003110015,brain observatory 1.1gray,VISrl,RS,siegle_survey_2019,Siegle2019
2.09835949183091,brain observatory 1.1gray,VISrl,RS,siegle_survey_2019,Siegle2019
25.9596670834397,brain observatory 1.1gray,VISrl,FS,siegle_survey_2019,Siegle2019
2.83592916939814,brain observatory 1.1gray,VISrl,RS,siegle_survey_2019,Siegle2019
1.15247785278328,brain observatory 1.1gray,VISrl,RS,siegle_survey_2019,Siegle2019
2.92575361015277,brain observatory 1.1gray,VISrl,RS,siegle_survey_2019,Siegle2019
9.32428158202021,brain observatory 1.1gray,VISrl,RS,siegle_survey_2019,Siegle2019
10.3239953938705,brain observatory 1.1gray,VISrl,FS,siegle_survey_2019,Siegle2019
22.0455928119522,brain observatory 1.1gray,VISrl,FS,siegle_survey_2019,Siegle2019
20.4631313498633,brain observatory 1.1gray,VISrl,FS,siegle_survey_2019,Siegle2019
6.46156493470344,brain observatory 1.1gray,VISrl,RS,siegle_survey_2019,Siegle2019
9.13464099305622,brain observatory 1.1gray,VISrl,RS,siegle_survey_2019,Siegle2019
5.68750192117489,brain observatory 1.1gray,VISrl,RS,siegle_survey_2019,Siegle2019
10.1409683819076,brain observatory 1.1gray,VISrl,RS,siegle_survey_2019,Siegle2019
1.83501286905534,brain observatory 1.1gray,VISrl,RS,siegle_survey_2019,Siegle2019
7.02951943658424,brain observatory 1.1gray,VISrl,RS,siegle_survey_2019,Siegle2019
3.4350440619746,brain observatory 1.1gray,VISrl,FS,siegle_survey_2019,Siegle2019
3.02393391849615,brain observatory 1.1gray,VISrl,RS,siegle_survey_2019,Siegle2019
1.5019425115964,brain observatory 1.1gray,VISrl,RS,siegle_survey_2019,Siegle2019
2.44166793925596,brain observatory 1.1gray,VISal,RS,siegle_survey_2019,Siegle2019
11.9228320046151,brain observatory 1.1gray,VISrl,RS,siegle_survey_2019,Siegle2019
5.70314550355351,brain observatory 1.1gray,VISrl,RS,siegle_survey_2019,Siegle2019
0.360098045595309,brain observatory 1.1gray,VISal,RS,siegle_survey_2019,Siegle2019
6.70383014409526,brain observatory 1.1gray,VISrl,RS,siegle_survey_2019,Siegle2019
12.6212422630668,brain observatory 1.1gray,VISrl,RS,siegle_survey_2019,Siegle2019
6.18447099395876,brain observatory 1.1gray,VISal,RS,siegle_survey_2019,Siegle2019
0.455842893752058,brain observatory 1.1gray,VISrl,RS,siegle_survey_2019,Siegle2019
2.13186586725661,brain observatory 1.1gray,VISrl,RS,siegle_survey_2019,Siegle2019
1.98796653806318,brain observatory 1.1gray,VISrl,RS,siegle_survey_2019,Siegle2019
2.25623129964618,brain observatory 1.1gray,VISal,RS,siegle_survey_2019,Siegle2019
1.55551402216504,brain observatory 1.1gray,VISrl,RS,siegle_survey_2019,Siegle2019
17.1269976934597,brain observatory 1.1gray,VISrl,RS,siegle_survey_2019,Siegle2019
2.4694783041338,brain observatory 1.1gray,VISal,RS,siegle_survey_2019,Siegle2019
3.09981790932175,brain observatory 1.1gray,VISrl,RS,siegle_survey_2019,Siegle2019
11.5531388287901,brain observatory 1.1gray,VISrl,RS,siegle_survey_2019,Siegle2019
3.45925023243251,brain observatory 1.1gray,VISrl,RS,siegle_survey_2019,Siegle2019
10.0784031790074,brain observatory 1.1gray,VISrl,RS,siegle_survey_2019,Siegle2019
4.055697498301,brain observatory 1.1gray,VISrl,RS,siegle_survey_2019,Siegle2019
2.97887779894345,brain observatory 1.1gray,VISrl,RS,siegle_survey_2019,Siegle2019
2.31113368049357,brain observatory 1.1gray,VISal,RS,siegle_survey_2019,Siegle2019
2.03703226134707,brain observatory 1.1gray,VISal,RS,siegle_survey_2019,Siegle2019
5.06277722313559,brain observatory 1.1gray,VISrl,FS,siegle_survey_2019,Siegle2019
2.90245485931938,brain observatory 1.1gray,VISrl,RS,siegle_survey_2019,Siegle2019
11.3837777708429,brain observatory 1.1gray,VISal,FS,siegle_survey_2019,Siegle2019
2.60075132193182,brain observatory 1.1gray,VISrl,RS,siegle_survey_2019,Siegle2019
3.59672870151777,brain observatory 1.1gray,VISrl,RS,siegle_survey_2019,Siegle2019
6.97178957129025,brain observatory 1.1gray,VISrl,RS,siegle_survey_2019,Siegle2019
8.20410015737343,brain observatory 1.1gray,VISrl,RS,siegle_survey_2019,Siegle2019
0.556309918829344,brain observatory 1.1gray,VISal,RS,siegle_survey_2019,Siegle2019
2.08649571474603,brain observatory 1.1gray,VISal,RS,siegle_survey_2019,Siegle2019
2.4170388338291,brain observatory 1.1gray,VISal,RS,siegle_survey_2019,Siegle2019
2.78205369773956,brain observatory 1.1gray,VISrl,RS,siegle_survey_2019,Siegle2019
5.03604536273112,brain observatory 1.1gray,VISrl,RS,siegle_survey_2019,Siegle2019
43.3258705787155,brain observatory 1.1gray,VISam,FS,siegle_survey_2019,Siegle2019
2.01363461119155,brain observatory 1.1gray,VISal,RS,siegle_survey_2019,Siegle2019
1.41004186717184,brain observatory 1.1gray,VISrl,RS,siegle_survey_2019,Siegle2019
1.06462737442531,brain observatory 1.1gray,VISam,FS,siegle_survey_2019,Siegle2019
2.66089800784188,brain observatory 1.1gray,VISrl,RS,siegle_survey_2019,Siegle2019
6.15040073145159,brain observatory 1.1gray,VISal,RS,siegle_survey_2019,Siegle2019
14.0737855541558,brain observatory 1.1gray,VISrl,FS,siegle_survey_2019,Siegle2019
4.26815111466073,brain observatory 1.1gray,VISrl,RS,siegle_survey_2019,Siegle2019
4.12990574795444,brain observatory 1.1gray,VISrl,FS,siegle_survey_2019,Siegle2019
5.12665426131705,brain observatory 1.1gray,VISrl,FS,siegle_survey_2019,Siegle2019
45.2172930020922,brain observatory 1.1gray,VISal,RS,siegle_survey_2019,Siegle2019
3.79370320591832,brain observatory 1.1gray,VISal,RS,siegle_survey_2019,Siegle2019
4.70764825980028,brain observatory 1.1gray,VISal,RS,siegle_survey_2019,Siegle2019
10.1033721524636,brain observatory 1.1gray,VISal,RS,siegle_survey_2019,Siegle2019
10.1623793842155,brain observatory 1.1gray,VISal,RS,siegle_survey_2019,Siegle2019
4.63037444152349,brain observatory 1.1gray,VISal,RS,siegle_survey_2019,Siegle2019
6.427170303686,brain observatory 1.1gray,VISal,RS,siegle_survey_2019,Siegle2019
21.3283597509387,brain observatory 1.1gray,VISrl,FS,siegle_survey_2019,Siegle2019
1.71377909630878,brain observatory 1.1gray,VISrl,RS,siegle_survey_2019,Siegle2019
11.4524463881222,brain observatory 1.1gray,VISrl,RS,siegle_survey_2019,Siegle2019
8.54576900230975,brain observatory 1.1gray,VISam,FS,siegle_survey_2019,Siegle2019
0.812356093970804,brain observatory 1.1gray,VISrl,RS,siegle_survey_2019,Siegle2019
6.12814631256221,brain observatory 1.1gray,VISrl,RS,siegle_survey_2019,Siegle2019
4.90335616854602,brain observatory 1.1gray,VISrl,RS,siegle_survey_2019,Siegle2019
16.9451969626829,brain observatory 1.1gray,VISrl,RS,siegle_survey_2019,Siegle2019
7.86961491151948,brain observatory 1.1gray,VISal,RS,siegle_survey_2019,Siegle2019
2.23693135380406,brain observatory 1.1gray,VISrl,RS,siegle_survey_2019,Siegle2019
3.44075691923846,brain observatory 1.1gray,VISrl,RS,siegle_survey_2019,Siegle2019
4.05160148743257,brain observatory 1.1gray,VISrl,RS,siegle_survey_2019,Siegle2019
14.9663890189984,brain observatory 1.1gray,VISal,RS,siegle_survey_2019,Siegle2019
14.0423870804005,brain observatory 1.1gray,VISal,RS,siegle_survey_2019,Siegle2019
2.42032271455268,brain observatory 1.1gray,VISal,RS,siegle_survey_2019,Siegle2019
14.6378493666421,brain observatory 1.1gray,VISrl,RS,siegle_survey_2019,Siegle2019
11.7357178766018,brain observatory 1.1gray,VISrl,RS,siegle_survey_2019,Siegle2019
1.61239917471457,brain observatory 1.1gray,VISrl,RS,siegle_survey_2019,Siegle2019
3.2201956889199,brain observatory 1.1gray,VISam,RS,siegle_survey_2019,Siegle2019
8.75263480400423,brain observatory 1.1gray,VISrl,FS,siegle_survey_2019,Siegle2019
32.8646434190226,brain observatory 1.1gray,VISrl,FS,siegle_survey_2019,Siegle2019
1.69142449731106,brain observatory 1.1gray,VISrl,RS,siegle_survey_2019,Siegle2019
15.1083516677127,brain observatory 1.1gray,VISrl,RS,siegle_survey_2019,Siegle2019
6.68458194751333,brain observatory 1.1gray,VISrl,RS,siegle_survey_2019,Siegle2019
31.324350746147,brain observatory 1.1gray,VISam,FS,siegle_survey_2019,Siegle2019
8.00066227664493,brain observatory 1.1gray,VISal,RS,siegle_survey_2019,Siegle2019
1.27991132445327,brain observatory 1.1gray,VISam,RS,siegle_survey_2019,Siegle2019
11.3200805632162,brain observatory 1.1gray,VISrl,RS,siegle_survey_2019,Siegle2019
26.0732092136071,brain observatory 1.1gray,VISrl,FS,siegle_survey_2019,Siegle2019
2.32191133033822,brain observatory 1.1gray,VISrl,FS,siegle_survey_2019,Siegle2019
15.2474443412292,brain observatory 1.1gray,VISam,FS,siegle_survey_2019,Siegle2019
4.5881112718047,brain observatory 1.1gray,VISam,RS,siegle_survey_2019,Siegle2019
2.88865777007836,brain observatory 1.1gray,VISrl,RS,siegle_survey_2019,Siegle2019
1.78984895974295,brain observatory 1.1gray,VISrl,RS,siegle_survey_2019,Siegle2019
0.920000221033951,brain observatory 1.1gray,VISam,RS,siegle_survey_2019,Siegle2019
16.2505997512054,brain observatory 1.1gray,VISrl,FS,siegle_survey_2019,Siegle2019
1.75420803402856,brain observatory 1.1gray,VISal,RS,siegle_survey_2019,Siegle2019
3.23903522745076,brain observatory 1.1gray,VISal,RS,siegle_survey_2019,Siegle2019
6.2870922665707,brain observatory 1.1gray,VISal,RS,siegle_survey_2019,Siegle2019
4.36776660490953,brain observatory 1.1gray,VISal,RS,siegle_survey_2019,Siegle2019
6.07589976484541,brain observatory 1.1gray,VISam,RS,siegle_survey_2019,Siegle2019
1.66067836508671,brain observatory 1.1gray,VISam,RS,siegle_survey_2019,Siegle2019
27.4477999883688,brain observatory 1.1gray,VISrl,RS,siegle_survey_2019,Siegle2019
6.23027268329009,brain observatory 1.1gray,VISam,RS,siegle_survey_2019,Siegle2019
7.29727701110337,brain observatory 1.1gray,VISrl,FS,siegle_survey_2019,Siegle2019
2.76370405382212,brain observatory 1.1gray,VISam,FS,siegle_survey_2019,Siegle2019
3.51022965690687,brain observatory 1.1gray,VISam,RS,siegle_survey_2019,Siegle2019
1.46009546672273,brain observatory 1.1gray,VISal,RS,siegle_survey_2019,Siegle2019
5.46474283835135,brain observatory 1.1gray,VISam,RS,siegle_survey_2019,Siegle2019
2.0621064276332,brain observatory 1.1gray,VISam,RS,siegle_survey_2019,Siegle2019
1.55719246786875,brain observatory 1.1gray,VISrl,RS,siegle_survey_2019,Siegle2019
1.30072463035638,brain observatory 1.1gray,VISal,RS,siegle_survey_2019,Siegle2019
0.235628414694254,brain observatory 1.1gray,VISrl,RS,siegle_survey_2019,Siegle2019
4.63820450417879,brain observatory 1.1gray,VISam,RS,siegle_survey_2019,Siegle2019
5.69201407939491,brain observatory 1.1gray,VISam,RS,siegle_survey_2019,Siegle2019
7.80752729952033,brain observatory 1.1gray,VISam,RS,siegle_survey_2019,Siegle2019
17.3304067060765,brain observatory 1.1gray,VISam,RS,siegle_survey_2019,Siegle2019
3.52864915285766,brain observatory 1.1gray,VISam,RS,siegle_survey_2019,Siegle2019
12.6191089639978,brain observatory 1.1gray,VISam,FS,siegle_survey_2019,Siegle2019
2.3088691987834,brain observatory 1.1gray,VISam,RS,siegle_survey_2019,Siegle2019
7.0789339041337,brain observatory 1.1gray,VISam,RS,siegle_survey_2019,Siegle2019
1.17416977362469,brain observatory 1.1gray,VISam,RS,siegle_survey_2019,Siegle2019
0.598795125690689,brain observatory 1.1gray,VISal,RS,siegle_survey_2019,Siegle2019
7.45239162097714,brain observatory 1.1gray,VISam,RS,siegle_survey_2019,Siegle2019
3.95960688351572,brain observatory 1.1gray,VISam,RS,siegle_survey_2019,Siegle2019
4.74151327976222,brain observatory 1.1gray,VISal,FS,siegle_survey_2019,Siegle2019
6.94982044509863,brain observatory 1.1gray,VISal,FS,siegle_survey_2019,Siegle2019
9.9396083202364,brain observatory 1.1gray,VISam,RS,siegle_survey_2019,Siegle2019
1.801434205651,brain observatory 1.1gray,VISrl,FS,siegle_survey_2019,Siegle2019
2.21497754805618,brain observatory 1.1gray,VISal,FS,siegle_survey_2019,Siegle2019
1.54114518013842,brain observatory 1.1gray,VISrl,RS,siegle_survey_2019,Siegle2019
0.316444991281487,brain observatory 1.1gray,VISam,RS,siegle_survey_2019,Siegle2019
5.82777258658774,brain observatory 1.1gray,VISam,RS,siegle_survey_2019,Siegle2019
16.6387052774826,brain observatory 1.1gray,VISal,FS,siegle_survey_2019,Siegle2019
1.31971279472757,brain observatory 1.1gray,LGd,RS,siegle_survey_2019,Siegle2019
5.02762138780432,brain observatory 1.1gray,VISal,RS,siegle_survey_2019,Siegle2019
2.11481918598693,brain observatory 1.1gray,VISal,RS,siegle_survey_2019,Siegle2019
1.07032381371107,brain observatory 1.1gray,LGd,FS,siegle_survey_2019,Siegle2019
2.39251234967484,brain observatory 1.1gray,VISal,RS,siegle_survey_2019,Siegle2019
2.4565480237847,brain observatory 1.1gray,VISal,FS,siegle_survey_2019,Siegle2019
0.892068051239544,brain observatory 1.1gray,VISrl,RS,siegle_survey_2019,Siegle2019
0.299650297303928,brain observatory 1.1gray,VISrl,RS,siegle_survey_2019,Siegle2019
0.32212817472889,brain observatory 1.1gray,VISal,RS,siegle_survey_2019,Siegle2019
1.51766600065803,brain observatory 1.1gray,VISal,RS,siegle_survey_2019,Siegle2019
8.80607838688409,brain observatory 1.1gray,VISam,FS,siegle_survey_2019,Siegle2019
1.34091981368709,brain observatory 1.1gray,VISam,RS,siegle_survey_2019,Siegle2019
1.01024600542775,brain observatory 1.1gray,VISam,RS,siegle_survey_2019,Siegle2019
3.69261706652325,brain observatory 1.1gray,VISam,RS,siegle_survey_2019,Siegle2019
8.47988384851942,brain observatory 1.1gray,VISam,FS,siegle_survey_2019,Siegle2019
4.91734649655089,brain observatory 1.1gray,VISam,FS,siegle_survey_2019,Siegle2019
9.29516115518981,brain observatory 1.1gray,VISam,FS,siegle_survey_2019,Siegle2019
2.35260975833708,brain observatory 1.1gray,VISam,RS,siegle_survey_2019,Siegle2019
2.9128249570411,brain observatory 1.1gray,VISam,RS,siegle_survey_2019,Siegle2019
1.93982477115552,brain observatory 1.1gray,VISam,RS,siegle_survey_2019,Siegle2019
2.50592149425538,brain observatory 1.1gray,VISam,RS,siegle_survey_2019,Siegle2019
1.74142134820243,brain observatory 1.1gray,VISam,RS,siegle_survey_2019,Siegle2019
4.66483304915604,brain observatory 1.1gray,VISam,RS,siegle_survey_2019,Siegle2019
1.16150304277234,brain observatory 1.1gray,VISam,RS,siegle_survey_2019,Siegle2019
3.25885464232985,brain observatory 1.1gray,VISam,RS,siegle_survey_2019,Siegle2019
6.45154213520646,brain observatory 1.1gray,VISam,FS,siegle_survey_2019,Siegle2019
4.94528373743114,brain observatory 1.1gray,VISam,FS,siegle_survey_2019,Siegle2019
0.608247647936733,brain observatory 1.1gray,VISam,FS,siegle_survey_2019,Siegle2019
2.45053713952786,brain observatory 1.1gray,VISam,RS,siegle_survey_2019,Siegle2019
0.651182776026385,brain observatory 1.1gray,VISam,RS,siegle_survey_2019,Siegle2019
6.51614087815413,brain observatory 1.1gray,VISam,FS,siegle_survey_2019,Siegle2019
1.56360326063478,brain observatory 1.1gray,VISam,RS,siegle_survey_2019,Siegle2019
3.67683497606107,brain observatory 1.1gray,VISam,RS,siegle_survey_2019,Siegle2019
9.98604422088814,brain observatory 1.1gray,VISam,RS,siegle_survey_2019,Siegle2019
4.84951291518551,brain observatory 1.1gray,VISam,RS,siegle_survey_2019,Siegle2019
15.3916552677006,brain observatory 1.1gray,VISam,RS,siegle_survey_2019,Siegle2019
4.47299732844498,brain observatory 1.1gray,VISam,RS,siegle_survey_2019,Siegle2019
3.85073204736482,brain observatory 1.1gray,VISam,RS,siegle_survey_2019,Siegle2019
2.69354212248277,brain observatory 1.1gray,VISam,RS,siegle_survey_2019,Siegle2019
1.41470266801337,brain observatory 1.1gray,VISam,RS,siegle_survey_2019,Siegle2019
4.56131821978921,brain observatory 1.1gray,VISam,RS,siegle_survey_2019,Siegle2019
6.86432712238802,brain observatory 1.1gray,VISam,RS,siegle_survey_2019,Siegle2019
3.57949574730987,brain observatory 1.1gray,VISam,RS,siegle_survey_2019,Siegle2019
6.60916698901505,brain observatory 1.1gray,VISam,RS,siegle_survey_2019,Siegle2019
11.0041360938085,brain observatory 1.1gray,VISam,FS,siegle_survey_2019,Siegle2019
20.2507746727326,brain observatory 1.1gray,VISam,RS,siegle_survey_2019,Siegle2019
15.8140467447287,brain observatory 1.1gray,VISam,RS,siegle_survey_2019,Siegle2019
1.75583108297224,brain observatory 1.1gray,VISam,RS,siegle_survey_2019,Siegle2019
1.24972590870998,brain observatory 1.1gray,VISam,RS,siegle_survey_2019,Siegle2019
43.8501952602383,brain observatory 1.1gray,VISam,FS,siegle_survey_2019,Siegle2019
2.57493138049994,brain observatory 1.1gray,VISam,RS,siegle_survey_2019,Siegle2019
3.06927350597052,brain observatory 1.1gray,VISam,RS,siegle_survey_2019,Siegle2019
2.57473532968674,brain observatory 1.1gray,VISam,RS,siegle_survey_2019,Siegle2019
7.41777856803682,brain observatory 1.1gray,VISam,RS,siegle_survey_2019,Siegle2019
2.03108642469768,brain observatory 1.1gray,VISam,RS,siegle_survey_2019,Siegle2019
2.8792022425782,brain observatory 1.1gray,VISam,RS,siegle_survey_2019,Siegle2019
1.02652205788775,brain observatory 1.1gray,VISam,RS,siegle_survey_2019,Siegle2019
2.98506968170337,brain observatory 1.1gray,VISam,RS,siegle_survey_2019,Siegle2019
4.26106639938144,brain observatory 1.1gray,VISam,RS,siegle_survey_2019,Siegle2019
22.9642159527546,brain observatory 1.1gray,VISam,FS,siegle_survey_2019,Siegle2019
2.34876459480857,brain observatory 1.1gray,VISl,RS,siegle_survey_2019,Siegle2019
7.40336883326701,brain observatory 1.1gray,VISam,FS,siegle_survey_2019,Siegle2019
2.85265530164102,brain observatory 1.1gray,VISl,RS,siegle_survey_2019,Siegle2019
4.5991560267358,brain observatory 1.1gray,VISam,FS,siegle_survey_2019,Siegle2019
14.3063179658544,brain observatory 1.1gray,VISam,FS,siegle_survey_2019,Siegle2019
0.580996584902662,brain observatory 1.1gray,VISam,RS,siegle_survey_2019,Siegle2019
2.23934601984735,brain observatory 1.1gray,VISl,FS,siegle_survey_2019,Siegle2019
0.781556566800898,brain observatory 1.1gray,VISam,RS,siegle_survey_2019,Siegle2019
3.41398066636363,brain observatory 1.1gray,VISl,RS,siegle_survey_2019,Siegle2019
6.03144659562492,brain observatory 1.1gray,VISl,RS,siegle_survey_2019,Siegle2019
12.8020742101068,brain observatory 1.1gray,VISl,RS,siegle_survey_2019,Siegle2019
6.91436566867449,brain observatory 1.1gray,VISl,RS,siegle_survey_2019,Siegle2019
3.89445337560291,brain observatory 1.1gray,VISl,RS,siegle_survey_2019,Siegle2019
2.88889263412356,brain observatory 1.1gray,VISl,FS,siegle_survey_2019,Siegle2019
8.9136772131918,brain observatory 1.1gray,VISl,RS,siegle_survey_2019,Siegle2019
8.52536239965325,brain observatory 1.1gray,VISl,RS,siegle_survey_2019,Siegle2019
2.92735063879166,brain observatory 1.1gray,VISl,RS,siegle_survey_2019,Siegle2019
1.73797880413485,brain observatory 1.1gray,VISl,RS,siegle_survey_2019,Siegle2019
2.40387764086837,brain observatory 1.1gray,VISl,RS,siegle_survey_2019,Siegle2019
1.41850482834865,brain observatory 1.1gray,VISl,RS,siegle_survey_2019,Siegle2019
2.15576799395447,brain observatory 1.1gray,VISl,RS,siegle_survey_2019,Siegle2019
7.75236659978888,brain observatory 1.1gray,VISl,RS,siegle_survey_2019,Siegle2019
3.60879418082409,brain observatory 1.1gray,VISl,RS,siegle_survey_2019,Siegle2019
0.63632352080765,brain observatory 1.1gray,VISl,RS,siegle_survey_2019,Siegle2019
10.7134310799431,brain observatory 1.1gray,VISl,RS,siegle_survey_2019,Siegle2019
1.9516131897859,brain observatory 1.1gray,VISpm,RS,siegle_survey_2019,Siegle2019
1.83851254835257,brain observatory 1.1gray,VISpm,RS,siegle_survey_2019,Siegle2019
10.5309021545192,brain observatory 1.1gray,VISpm,RS,siegle_survey_2019,Siegle2019
17.5577566639372,brain observatory 1.1gray,VISpm,RS,siegle_survey_2019,Siegle2019
2.53467589866012,brain observatory 1.1gray,VISpm,RS,siegle_survey_2019,Siegle2019
5.86825459240137,brain observatory 1.1gray,VISpm,RS,siegle_survey_2019,Siegle2019
4.33196179082967,brain observatory 1.1gray,VISpm,RS,siegle_survey_2019,Siegle2019
6.19534121116565,brain observatory 1.1gray,VISpm,FS,siegle_survey_2019,Siegle2019
1.5410916716036,brain observatory 1.1gray,VISpm,RS,siegle_survey_2019,Siegle2019
0.766183226681901,brain observatory 1.1gray,VISpm,RS,siegle_survey_2019,Siegle2019
0.375184384311137,brain observatory 1.1gray,VISpm,RS,siegle_survey_2019,Siegle2019
0.216276347118891,brain observatory 1.1gray,VISpm,RS,siegle_survey_2019,Siegle2019
0.160980276524197,brain observatory 1.1gray,VISpm,RS,siegle_survey_2019,Siegle2019
12.2034902387981,brain observatory 1.1gray,LGd,FS,siegle_survey_2019,Siegle2019
13.4070480161698,brain observatory 1.1gray,LGd,FS,siegle_survey_2019,Siegle2019
4.16529941190552,brain observatory 1.1gray,LGd,RS,siegle_survey_2019,Siegle2019
4.0990633463052,brain observatory 1.1gray,LGd,FS,siegle_survey_2019,Siegle2019
8.66177915181265,brain observatory 1.1gray,LGd,FS,siegle_survey_2019,Siegle2019
5.80070422063783,brain observatory 1.1gray,LGd,RS,siegle_survey_2019,Siegle2019
6.86330841938443,brain observatory 1.1gray,LGd,FS,siegle_survey_2019,Siegle2019
12.7192430178933,brain observatory 1.1gray,LGd,FS,siegle_survey_2019,Siegle2019
6.18469165581773,brain observatory 1.1gray,LGd,FS,siegle_survey_2019,Siegle2019
16.2898314139666,brain observatory 1.1gray,LGd,RS,siegle_survey_2019,Siegle2019
12.7961818623863,brain observatory 1.1gray,LGd,RS,siegle_survey_2019,Siegle2019
1.89489671207502,brain observatory 1.1gray,LGd,RS,siegle_survey_2019,Siegle2019
4.39752951995543,brain observatory 1.1gray,LGd,FS,siegle_survey_2019,Siegle2019
5.90621746538224,brain observatory 1.1gray,LGd,FS,siegle_survey_2019,Siegle2019
4.1497500916274,brain observatory 1.1gray,LGd,RS,siegle_survey_2019,Siegle2019
8.61523216059047,brain observatory 1.1gray,LGd,FS,siegle_survey_2019,Siegle2019
8.85988153094044,brain observatory 1.1gray,LGd,FS,siegle_survey_2019,Siegle2019
5.39238310891878,brain observatory 1.1gray,LGd,FS,siegle_survey_2019,Siegle2019
3.63258373796148,brain observatory 1.1gray,LGd,FS,siegle_survey_2019,Siegle2019
6.44690973868973,brain observatory 1.1gray,LGd,RS,siegle_survey_2019,Siegle2019
10.2718405878839,brain observatory 1.1gray,LGd,FS,siegle_survey_2019,Siegle2019
2.530298481622,brain observatory 1.1gray,LGd,FS,siegle_survey_2019,Siegle2019
3.81180479960869,brain observatory 1.1gray,LGd,RS,siegle_survey_2019,Siegle2019
5.33705176143558,brain observatory 1.1gray,LGd,RS,siegle_survey_2019,Siegle2019
12.8453540635256,brain observatory 1.1gray,LGd,RS,siegle_survey_2019,Siegle2019
7.19660910924214,brain observatory 1.1gray,LGd,FS,siegle_survey_2019,Siegle2019
11.2248927573982,brain observatory 1.1gray,LGd,RS,siegle_survey_2019,Siegle2019
5.00758791684131,brain observatory 1.1gray,LGd,FS,siegle_survey_2019,Siegle2019
11.5857581513853,brain observatory 1.1gray,LGd,FS,siegle_survey_2019,Siegle2019
2.32209914127465,brain observatory 1.1gray,LGd,FS,siegle_survey_2019,Siegle2019
10.8072824413572,brain observatory 1.1gray,LGd,RS,siegle_survey_2019,Siegle2019
14.9906554138457,brain observatory 1.1gray,LGd,RS,siegle_survey_2019,Siegle2019
1.58461709379791,brain observatory 1.1gray,LGd,RS,siegle_survey_2019,Siegle2019
15.6889612517906,brain observatory 1.1gray,LGd,RS,siegle_survey_2019,Siegle2019
11.413201084143,brain observatory 1.1gray,LGd,FS,siegle_survey_2019,Siegle2019
6.0106200443925,brain observatory 1.1gray,LGd,RS,siegle_survey_2019,Siegle2019
5.69276770520072,brain observatory 1.1gray,LGd,RS,siegle_survey_2019,Siegle2019
6.96952845141421,brain observatory 1.1gray,LGd,RS,siegle_survey_2019,Siegle2019
10.3200030929012,brain observatory 1.1gray,LGd,FS,siegle_survey_2019,Siegle2019
10.0531404078682,brain observatory 1.1gray,LGd,FS,siegle_survey_2019,Siegle2019
8.22670109286176,brain observatory 1.1gray,LGd,FS,siegle_survey_2019,Siegle2019
21.834274758852,brain observatory 1.1gray,LGd,FS,siegle_survey_2019,Siegle2019
9.26446676700825,brain observatory 1.1gray,LGd,RS,siegle_survey_2019,Siegle2019
9.75154417623987,brain observatory 1.1gray,LGd,RS,siegle_survey_2019,Siegle2019
6.39874723367243,brain observatory 1.1gray,LGd,FS,siegle_survey_2019,Siegle2019
16.1262606422098,brain observatory 1.1gray,LGd,RS,siegle_survey_2019,Siegle2019
6.15046295728342,brain observatory 1.1gray,LGd,RS,siegle_survey_2019,Siegle2019
8.27991207848885,brain observatory 1.1gray,LGd,RS,siegle_survey_2019,Siegle2019
12.1841040732565,brain observatory 1.1gray,LGd,RS,siegle_survey_2019,Siegle2019
0.900144092723868,brain observatory 1.1gray,LGd,RS,siegle_survey_2019,Siegle2019
8.69388748849085,brain observatory 1.1gray,LGd,FS,siegle_survey_2019,Siegle2019
6.29505144194754,brain observatory 1.1gray,LGd,FS,siegle_survey_2019,Siegle2019
6.87663640819425,brain observatory 1.1gray,LGd,RS,siegle_survey_2019,Siegle2019
14.235099805786,brain observatory 1.1gray,LGd,FS,siegle_survey_2019,Siegle2019
5.70892284315202,brain observatory 1.1gray,LGd,FS,siegle_survey_2019,Siegle2019
29.3024921249003,brain observatory 1.1gray,LGd,FS,siegle_survey_2019,Siegle2019
9.84009452613542,brain observatory 1.1gray,LGd,RS,siegle_survey_2019,Siegle2019
6.36411465668933,brain observatory 1.1gray,LGd,FS,siegle_survey_2019,Siegle2019
9.78708547973273,brain observatory 1.1gray,LGd,RS,siegle_survey_2019,Siegle2019
14.1853217869735,brain observatory 1.1gray,LGd,FS,siegle_survey_2019,Siegle2019
11.7566997048325,brain observatory 1.1gray,LGd,FS,siegle_survey_2019,Siegle2019
9.9972032427118,brain observatory 1.1gray,LGd,FS,siegle_survey_2019,Siegle2019
6.4293410261677,brain observatory 1.1gray,LGd,FS,siegle_survey_2019,Siegle2019
7.18368499888111,brain observatory 1.1gray,LGd,FS,siegle_survey_2019,Siegle2019
11.2122715558738,brain observatory 1.1gray,LGd,FS,siegle_survey_2019,Siegle2019
11.2879987650205,brain observatory 1.1gray,LGd,RS,siegle_survey_2019,Siegle2019
27.91688613674,brain observatory 1.1gray,VISal,FS,siegle_survey_2019,Siegle2019
4.67903279875679,brain observatory 1.1gray,VISal,RS,siegle_survey_2019,Siegle2019
3.27969494333782,brain observatory 1.1gray,VISal,RS,siegle_survey_2019,Siegle2019
2.04463464696111,brain observatory 1.1gray,VISal,RS,siegle_survey_2019,Siegle2019
4.98628332866803,brain observatory 1.1gray,VISal,RS,siegle_survey_2019,Siegle2019
11.7539988783327,brain observatory 1.1gray,LGd,FS,siegle_survey_2019,Siegle2019
0.759897301384165,brain observatory 1.1gray,VISal,RS,siegle_survey_2019,Siegle2019
2.57724935129296,brain observatory 1.1gray,VISal,RS,siegle_survey_2019,Siegle2019
12.5794137622019,brain observatory 1.1gray,LGd,RS,siegle_survey_2019,Siegle2019
18.9337030547222,brain observatory 1.1gray,LGd,RS,siegle_survey_2019,Siegle2019
17.3214160701189,brain observatory 1.1gray,LGd,FS,siegle_survey_2019,Siegle2019
1.2443495006987,brain observatory 1.1gray,VISal,RS,siegle_survey_2019,Siegle2019
2.76555767803777,brain observatory 1.1gray,VISal,RS,siegle_survey_2019,Siegle2019
16.7945269247948,brain observatory 1.1gray,LGd,RS,siegle_survey_2019,Siegle2019
14.0977720876368,brain observatory 1.1gray,LGd,RS,siegle_survey_2019,Siegle2019
15.7274306740371,brain observatory 1.1gray,VISal,RS,siegle_survey_2019,Siegle2019
13.2541707967119,brain observatory 1.1gray,LGd,RS,siegle_survey_2019,Siegle2019
4.67504326375741,brain observatory 1.1gray,LGd,FS,siegle_survey_2019,Siegle2019
16.23839486358,brain observatory 1.1gray,LGd,FS,siegle_survey_2019,Siegle2019
17.8476852242934,brain observatory 1.1gray,LGd,RS,siegle_survey_2019,Siegle2019
19.3314400117472,brain observatory 1.1gray,VISal,FS,siegle_survey_2019,Siegle2019
11.0073032431167,brain observatory 1.1gray,VISal,FS,siegle_survey_2019,Siegle2019
3.98113083926073,brain observatory 1.1gray,VISal,RS,siegle_survey_2019,Siegle2019
11.2388895648515,brain observatory 1.1gray,LGd,FS,siegle_survey_2019,Siegle2019
8.99038832887327,brain observatory 1.1gray,LGd,FS,siegle_survey_2019,Siegle2019
19.0034520590552,brain observatory 1.1gray,LGd,FS,siegle_survey_2019,Siegle2019
0.945984296660675,brain observatory 1.1gray,VISal,RS,siegle_survey_2019,Siegle2019
9.51583082818159,brain observatory 1.1gray,LGd,FS,siegle_survey_2019,Siegle2019
1.18043573617888,brain observatory 1.1gray,VISal,RS,siegle_survey_2019,Siegle2019
4.29130948792564,brain observatory 1.1gray,VISal,RS,siegle_survey_2019,Siegle2019
4.6005794100808,brain observatory 1.1gray,VISal,RS,siegle_survey_2019,Siegle2019
3.00525953739015,brain observatory 1.1gray,VISal,RS,siegle_survey_2019,Siegle2019
9.35473646113702,brain observatory 1.1gray,LGd,RS,siegle_survey_2019,Siegle2019
15.6548798599233,brain observatory 1.1gray,LGd,FS,siegle_survey_2019,Siegle2019
21.2835864939371,brain observatory 1.1gray,VISal,RS,siegle_survey_2019,Siegle2019
10.218225723808,brain observatory 1.1gray,VISal,RS,siegle_survey_2019,Siegle2019
17.2567164203518,brain observatory 1.1gray,VISal,FS,siegle_survey_2019,Siegle2019
2.12975203004201,brain observatory 1.1gray,VISal,FS,siegle_survey_2019,Siegle2019
11.2980987196408,brain observatory 1.1gray,LGd,FS,siegle_survey_2019,Siegle2019
16.2133885538784,brain observatory 1.1gray,LGd,RS,siegle_survey_2019,Siegle2019
14.2278299937079,brain observatory 1.1gray,VISal,RS,siegle_survey_2019,Siegle2019
7.18651214802258,brain observatory 1.1gray,VISal,RS,siegle_survey_2019,Siegle2019
13.8969525745429,brain observatory 1.1gray,VISal,RS,siegle_survey_2019,Siegle2019
13.449778004419,brain observatory 1.1gray,LGd,FS,siegle_survey_2019,Siegle2019
5.76835442267951,brain observatory 1.1gray,VISl,RS,siegle_survey_2019,Siegle2019
9.13017718278809,brain observatory 1.1gray,VISal,RS,siegle_survey_2019,Siegle2019
12.4193632696723,brain observatory 1.1gray,VISal,RS,siegle_survey_2019,Siegle2019
2.85138184840404,brain observatory 1.1gray,VISal,RS,siegle_survey_2019,Siegle2019
20.5808379930557,brain observatory 1.1gray,VISal,RS,siegle_survey_2019,Siegle2019
8.07672803804059,brain observatory 1.1gray,LGd,FS,siegle_survey_2019,Siegle2019
15.5253017096514,brain observatory 1.1gray,LGd,FS,siegle_survey_2019,Siegle2019
12.6506094125506,brain observatory 1.1gray,LGd,FS,siegle_survey_2019,Siegle2019
2.06507129784655,brain observatory 1.1gray,VISl,RS,siegle_survey_2019,Siegle2019
11.156637299554,brain observatory 1.1gray,VISal,RS,siegle_survey_2019,Siegle2019
9.97791804678243,brain observatory 1.1gray,VISal,RS,siegle_survey_2019,Siegle2019
2.04755752009094,brain observatory 1.1gray,VISl,RS,siegle_survey_2019,Siegle2019
7.88721740997147,brain observatory 1.1gray,LGd,FS,siegle_survey_2019,Siegle2019
14.2993725431236,brain observatory 1.1gray,LGd,FS,siegle_survey_2019,Siegle2019
12.4219884795894,brain observatory 1.1gray,VISal,RS,siegle_survey_2019,Siegle2019
10.482358698107,brain observatory 1.1gray,VISl,RS,siegle_survey_2019,Siegle2019
3.77737987687593,brain observatory 1.1gray,VISl,RS,siegle_survey_2019,Siegle2019
11.8461708959105,brain observatory 1.1gray,LGd,FS,siegle_survey_2019,Siegle2019
6.69933376917876,brain observatory 1.1gray,VISal,RS,siegle_survey_2019,Siegle2019
13.2967891996522,brain observatory 1.1gray,VISal,RS,siegle_survey_2019,Siegle2019
2.53332756998787,brain observatory 1.1gray,VISal,RS,siegle_survey_2019,Siegle2019
16.5318573410698,brain observatory 1.1gray,LGd,FS,siegle_survey_2019,Siegle2019
12.7829775229959,brain observatory 1.1gray,LGd,FS,siegle_survey_2019,Siegle2019
12.1440766433059,brain observatory 1.1gray,LGd,FS,siegle_survey_2019,Siegle2019
4.07801578971042,brain observatory 1.1gray,VISl,RS,siegle_survey_2019,Siegle2019
7.64965975916385,brain observatory 1.1gray,VISal,RS,siegle_survey_2019,Siegle2019
6.93913659814334,brain observatory 1.1gray,VISal,RS,siegle_survey_2019,Siegle2019
2.55140113057088,brain observatory 1.1gray,VISal,RS,siegle_survey_2019,Siegle2019
16.4344153987202,brain observatory 1.1gray,LGd,RS,siegle_survey_2019,Siegle2019
19.5757038901603,brain observatory 1.1gray,LGd,RS,siegle_survey_2019,Siegle2019
8.80475212268163,brain observatory 1.1gray,VISal,FS,siegle_survey_2019,Siegle2019
1.86117286160169,brain observatory 1.1gray,VISal,RS,siegle_survey_2019,Siegle2019
2.47213998499733,brain observatory 1.1gray,VISal,RS,siegle_survey_2019,Siegle2019
1.10336799860351,brain observatory 1.1gray,VISl,RS,siegle_survey_2019,Siegle2019
3.60286389024605,brain observatory 1.1gray,VISl,RS,siegle_survey_2019,Siegle2019
21.5189628168058,brain observatory 1.1gray,LGd,FS,siegle_survey_2019,Siegle2019
1.88704639574603,brain observatory 1.1gray,LGd,FS,siegle_survey_2019,Siegle2019
2.15691285572263,brain observatory 1.1gray,VISal,RS,siegle_survey_2019,Siegle2019
0.92698663919493,brain observatory 1.1gray,VISl,RS,siegle_survey_2019,Siegle2019
20.8764453220764,brain observatory 1.1gray,LGd,FS,siegle_survey_2019,Siegle2019
1.52867992864154,brain observatory 1.1gray,VISal,RS,siegle_survey_2019,Siegle2019
1.29373965385238,brain observatory 1.1gray,VISl,RS,siegle_survey_2019,Siegle2019
4.45140124091437,brain observatory 1.1gray,VISl,RS,siegle_survey_2019,Siegle2019
7.1972299711669,brain observatory 1.1gray,VISl,FS,siegle_survey_2019,Siegle2019
3.7524046080055,brain observatory 1.1gray,VISl,RS,siegle_survey_2019,Siegle2019
6.37750226674746,brain observatory 1.1gray,VISl,RS,siegle_survey_2019,Siegle2019
8.72393395871522,brain observatory 1.1gray,VISl,RS,siegle_survey_2019,Siegle2019
18.7125906613919,brain observatory 1.1gray,VISl,RS,siegle_survey_2019,Siegle2019
11.6326719116412,brain observatory 1.1gray,VISl,RS,siegle_survey_2019,Siegle2019
16.2939711680667,brain observatory 1.1gray,VISal,FS,siegle_survey_2019,Siegle2019
9.33287453914109,brain observatory 1.1gray,VISl,RS,siegle_survey_2019,Siegle2019
10.4417350242597,brain observatory 1.1gray,VISl,RS,siegle_survey_2019,Siegle2019
3.49550132364952,brain observatory 1.1gray,VISl,RS,siegle_survey_2019,Siegle2019
4.24122856027662,brain observatory 1.1gray,VISal,FS,siegle_survey_2019,Siegle2019
4.30320461005248,brain observatory 1.1gray,VISp,RS,siegle_survey_2019,Siegle2019
6.69306116181158,brain observatory 1.1gray,VISl,RS,siegle_survey_2019,Siegle2019
5.9508500595294,brain observatory 1.1gray,VISl,RS,siegle_survey_2019,Siegle2019
4.5359939178423,brain observatory 1.1gray,VISp,RS,siegle_survey_2019,Siegle2019
5.66275359704065,brain observatory 1.1gray,VISl,RS,siegle_survey_2019,Siegle2019
6.74073179948957,brain observatory 1.1gray,VISl,FS,siegle_survey_2019,Siegle2019
2.73466097670592,brain observatory 1.1gray,LGd,RS,siegle_survey_2019,Siegle2019
11.0519025462416,brain observatory 1.1gray,VISp,FS,siegle_survey_2019,Siegle2019
0.618031500295086,brain observatory 1.1gray,VISp,RS,siegle_survey_2019,Siegle2019
6.36537734368588,brain observatory 1.1gray,VISl,RS,siegle_survey_2019,Siegle2019
3.05749685471396,brain observatory 1.1gray,VISp,RS,siegle_survey_2019,Siegle2019
2.21292321731833,brain observatory 1.1gray,VISp,RS,siegle_survey_2019,Siegle2019
13.2160539923892,brain observatory 1.1gray,VISp,FS,siegle_survey_2019,Siegle2019
2.63027805915619,brain observatory 1.1gray,VISp,RS,siegle_survey_2019,Siegle2019
23.6830240830403,brain observatory 1.1gray,VISp,FS,siegle_survey_2019,Siegle2019
13.1528150890961,brain observatory 1.1gray,VISp,RS,siegle_survey_2019,Siegle2019
4.78084679999773,brain observatory 1.1gray,VISl,RS,siegle_survey_2019,Siegle2019
2.31058860548435,brain observatory 1.1gray,VISal,RS,siegle_survey_2019,Siegle2019
4.9922565771309,brain observatory 1.1gray,VISp,RS,siegle_survey_2019,Siegle2019
20.194143652309,brain observatory 1.1gray,VISp,RS,siegle_survey_2019,Siegle2019
13.876938891623,brain observatory 1.1gray,VISp,RS,siegle_survey_2019,Siegle2019
1.7050789933307,brain observatory 1.1gray,VISal,RS,siegle_survey_2019,Siegle2019
4.1931034767812,brain observatory 1.1gray,VISal,RS,siegle_survey_2019,Siegle2019
11.2866646447754,brain observatory 1.1gray,VISp,RS,siegle_survey_2019,Siegle2019
10.2484287160122,brain observatory 1.1gray,VISp,RS,siegle_survey_2019,Siegle2019
8.71019993313555,brain observatory 1.1gray,VISp,FS,siegle_survey_2019,Siegle2019
8.55467826281834,brain observatory 1.1gray,VISp,RS,siegle_survey_2019,Siegle2019
0.792348689222461,brain observatory 1.1gray,VISal,RS,siegle_survey_2019,Siegle2019
5.79211362432961,brain observatory 1.1gray,VISp,RS,siegle_survey_2019,Siegle2019
3.01873690753064,brain observatory 1.1gray,VISal,RS,siegle_survey_2019,Siegle2019
10.110114164962,brain observatory 1.1gray,VISp,RS,siegle_survey_2019,Siegle2019
1.15057540168431,brain observatory 1.1gray,VISp,RS,siegle_survey_2019,Siegle2019
4.22461969355387,brain observatory 1.1gray,VISal,RS,siegle_survey_2019,Siegle2019
2.11489314323371,brain observatory 1.1gray,VISal,RS,siegle_survey_2019,Siegle2019
4.15833045101574,brain observatory 1.1gray,VISl,RS,siegle_survey_2019,Siegle2019
3.98943638412895,brain observatory 1.1gray,VISal,RS,siegle_survey_2019,Siegle2019
11.8028748472949,brain observatory 1.1gray,VISal,RS,siegle_survey_2019,Siegle2019
1.13210383921769,brain observatory 1.1gray,VISal,RS,siegle_survey_2019,Siegle2019
4.37104093672396,brain observatory 1.1gray,VISal,RS,siegle_survey_2019,Siegle2019
12.4324758597404,brain observatory 1.1gray,VISal,RS,siegle_survey_2019,Siegle2019
7.71919980842273,brain observatory 1.1gray,VISal,RS,siegle_survey_2019,Siegle2019
2.5553120108849,brain observatory 1.1gray,VISp,RS,siegle_survey_2019,Siegle2019
4.96595270054448,brain observatory 1.1gray,VISp,RS,siegle_survey_2019,Siegle2019
14.5703086755103,brain observatory 1.1gray,VISal,RS,siegle_survey_2019,Siegle2019
9.07140050575778,brain observatory 1.1gray,VISal,RS,siegle_survey_2019,Siegle2019
10.576459976942,brain observatory 1.1gray,VISp,RS,siegle_survey_2019,Siegle2019
0.553806201629911,brain observatory 1.1gray,VISp,RS,siegle_survey_2019,Siegle2019
2.83468110012983,brain observatory 1.1gray,VISp,RS,siegle_survey_2019,Siegle2019
33.4818987125625,brain observatory 1.1gray,VISal,FS,siegle_survey_2019,Siegle2019
11.4405933521966,brain observatory 1.1gray,VISal,RS,siegle_survey_2019,Siegle2019
1.41734055006491,brain observatory 1.1gray,VISp,RS,siegle_survey_2019,Siegle2019
20.6949945789524,brain observatory 1.1gray,VISal,RS,siegle_survey_2019,Siegle2019
23.4562284956716,brain observatory 1.1gray,VISal,FS,siegle_survey_2019,Siegle2019
10.3182027076563,brain observatory 1.1gray,VISal,RS,siegle_survey_2019,Siegle2019
4.4904925648853,brain observatory 1.1gray,VISal,RS,siegle_survey_2019,Siegle2019
0.0590207058111032,brain observatory 1.1gray,LP,RS,siegle_survey_2019,Siegle2019
9.17327298812024,brain observatory 1.1gray,LP,RS,siegle_survey_2019,Siegle2019
6.2974768532462,brain observatory 1.1gray,VISp,FS,siegle_survey_2019,Siegle2019
4.33838806951031,brain observatory 1.1gray,VISal,RS,siegle_survey_2019,Siegle2019
2.65283879739283,brain observatory 1.1gray,VISal,RS,siegle_survey_2019,Siegle2019
1.99508176954964,brain observatory 1.1gray,LP,RS,siegle_survey_2019,Siegle2019
2.58518776480825,brain observatory 1.1gray,LP,RS,siegle_survey_2019,Siegle2019
5.92218208874116,brain observatory 1.1gray,LP,RS,siegle_survey_2019,Siegle2019
1.18509923970398,brain observatory 1.1gray,VISp,RS,siegle_survey_2019,Siegle2019
8.39147687833423,brain observatory 1.1gray,VISal,RS,siegle_survey_2019,Siegle2019
5.07152760394345,brain observatory 1.1gray,VISal,RS,siegle_survey_2019,Siegle2019
5.75408260276508,brain observatory 1.1gray,VISp,FS,siegle_survey_2019,Siegle2019
5.22444415565921,brain observatory 1.1gray,LP,RS,siegle_survey_2019,Siegle2019
3.71230034024598,brain observatory 1.1gray,VISal,RS,siegle_survey_2019,Siegle2019
2.79657341224787,brain observatory 1.1gray,VISal,RS,siegle_survey_2019,Siegle2019
2.67536514249592,brain observatory 1.1gray,VISal,RS,siegle_survey_2019,Siegle2019
13.2058829252343,brain observatory 1.1gray,LP,RS,siegle_survey_2019,Siegle2019
4.77992509990253,brain observatory 1.1gray,VISal,RS,siegle_survey_2019,Siegle2019
0.633923425732714,brain observatory 1.1gray,VISp,RS,siegle_survey_2019,Siegle2019
3.54541938913822,brain observatory 1.1gray,VISal,RS,siegle_survey_2019,Siegle2019
3.23831710635664,brain observatory 1.1gray,VISal,RS,siegle_survey_2019,Siegle2019
1.19173315569269,brain observatory 1.1gray,LP,RS,siegle_survey_2019,Siegle2019
3.37014293952544,brain observatory 1.1gray,LP,RS,siegle_survey_2019,Siegle2019
0.989464157592487,brain observatory 1.1gray,VISp,RS,siegle_survey_2019,Siegle2019
3.27635661248314,brain observatory 1.1gray,LP,RS,siegle_survey_2019,Siegle2019
3.60966189975201,brain observatory 1.1gray,LP,RS,siegle_survey_2019,Siegle2019
0.979052206443696,brain observatory 1.1gray,VISp,RS,siegle_survey_2019,Siegle2019
1.85486169728569,brain observatory 1.1gray,VISp,RS,siegle_survey_2019,Siegle2019
4.28698513664587,brain observatory 1.1gray,LP,RS,siegle_survey_2019,Siegle2019
4.37733532670602,brain observatory 1.1gray,LP,RS,siegle_survey_2019,Siegle2019
9.68050744439751,brain observatory 1.1gray,LP,RS,siegle_survey_2019,Siegle2019
0.747056605061088,brain observatory 1.1gray,LP,RS,siegle_survey_2019,Siegle2019
8.72889962604589,brain observatory 1.1gray,LP,RS,siegle_survey_2019,Siegle2019
0.663982940374911,brain observatory 1.1gray,LP,RS,siegle_survey_2019,Siegle2019
1.57011247513921,brain observatory 1.1gray,LP,RS,siegle_survey_2019,Siegle2019
0.764894811235929,brain observatory 1.1gray,VISp,RS,siegle_survey_2019,Siegle2019
2.77791462436609,brain observatory 1.1gray,LP,FS,siegle_survey_2019,Siegle2019
6.68166942464945,brain observatory 1.1gray,LP,RS,siegle_survey_2019,Siegle2019
8.99732256206351,brain observatory 1.1gray,LP,RS,siegle_survey_2019,Siegle2019
1.27650521084179,brain observatory 1.1gray,VISp,RS,siegle_survey_2019,Siegle2019
4.30285200447523,brain observatory 1.1gray,LP,RS,siegle_survey_2019,Siegle2019
9.09018135032353,brain observatory 1.1gray,VISp,FS,siegle_survey_2019,Siegle2019
4.19986895786304,brain observatory 1.1gray,LP,RS,siegle_survey_2019,Siegle2019
1.91766762459877,brain observatory 1.1gray,LP,RS,siegle_survey_2019,Siegle2019
0.775854759813604,brain observatory 1.1gray,VISp,RS,siegle_survey_2019,Siegle2019
6.96131033728528,brain observatory 1.1gray,LP,RS,siegle_survey_2019,Siegle2019
13.2574774161765,brain observatory 1.1gray,LGd,RS,siegle_survey_2019,Siegle2019
10.7107193470185,brain observatory 1.1gray,VISp,FS,siegle_survey_2019,Siegle2019
1.843957010847,brain observatory 1.1gray,VISal,RS,siegle_survey_2019,Siegle2019
6.83684907064618,brain observatory 1.1gray,VISal,RS,siegle_survey_2019,Siegle2019
1.22641824584182,brain observatory 1.1gray,VISp,RS,siegle_survey_2019,Siegle2019
11.0293606349208,brain observatory 1.1gray,LP,RS,siegle_survey_2019,Siegle2019
0.837061522472329,brain observatory 1.1gray,VISp,RS,siegle_survey_2019,Siegle2019
8.03701091507619,brain observatory 1.1gray,LP,RS,siegle_survey_2019,Siegle2019
5.74793940317796,brain observatory 1.1gray,VISp,RS,siegle_survey_2019,Siegle2019
3.0387214193372,brain observatory 1.1gray,VISp,RS,siegle_survey_2019,Siegle2019
11.1199342679993,brain observatory 1.1gray,LP,RS,siegle_survey_2019,Siegle2019
10.8439644912393,brain observatory 1.1gray,LP,RS,siegle_survey_2019,Siegle2019
8.07981058379639,brain observatory 1.1gray,LP,RS,siegle_survey_2019,Siegle2019
1.34725095897747,brain observatory 1.1gray,VISp,RS,siegle_survey_2019,Siegle2019
15.1890117311923,brain observatory 1.1gray,LP,RS,siegle_survey_2019,Siegle2019
7.42164909216928,brain observatory 1.1gray,LP,RS,siegle_survey_2019,Siegle2019
13.0336908836312,brain observatory 1.1gray,LP,RS,siegle_survey_2019,Siegle2019
1.04454830572342,brain observatory 1.1gray,VISp,RS,siegle_survey_2019,Siegle2019
9.93626819462875,brain observatory 1.1gray,VISp,RS,siegle_survey_2019,Siegle2019
4.07586296342272,brain observatory 1.1gray,VISp,RS,siegle_survey_2019,Siegle2019
2.05342720671696,brain observatory 1.1gray,VISp,RS,siegle_survey_2019,Siegle2019
1.25424791893606,brain observatory 1.1gray,LP,FS,siegle_survey_2019,Siegle2019
10.6331787135713,brain observatory 1.1gray,LP,RS,siegle_survey_2019,Siegle2019
8.09297174100575,brain observatory 1.1gray,LP,RS,siegle_survey_2019,Siegle2019
17.7664821919555,brain observatory 1.1gray,VISp,FS,siegle_survey_2019,Siegle2019
7.11585132882956,brain observatory 1.1gray,VISp,RS,siegle_survey_2019,Siegle2019
6.02208704117012,brain observatory 1.1gray,VISp,FS,siegle_survey_2019,Siegle2019
2.41051108357557,brain observatory 1.1gray,VISp,RS,siegle_survey_2019,Siegle2019
7.34984652215312,brain observatory 1.1gray,VISp,RS,siegle_survey_2019,Siegle2019
8.11245439892197,brain observatory 1.1gray,LP,RS,siegle_survey_2019,Siegle2019
3.38739169844361,brain observatory 1.1gray,LP,RS,siegle_survey_2019,Siegle2019
5.59680801106996,brain observatory 1.1gray,LP,RS,siegle_survey_2019,Siegle2019
2.48516833998778,brain observatory 1.1gray,VISp,RS,siegle_survey_2019,Siegle2019
0.899932985874638,brain observatory 1.1gray,LP,RS,siegle_survey_2019,Siegle2019
6.05154153732721,brain observatory 1.1gray,LP,FS,siegle_survey_2019,Siegle2019
5.72572517302621,brain observatory 1.1gray,LP,FS,siegle_survey_2019,Siegle2019
4.53096153943009,brain observatory 1.1gray,LP,RS,siegle_survey_2019,Siegle2019
6.29467536092272,brain observatory 1.1gray,VISp,RS,siegle_survey_2019,Siegle2019
3.88143547042793,brain observatory 1.1gray,VISp,RS,siegle_survey_2019,Siegle2019
4.52036611908651,brain observatory 1.1gray,VISp,RS,siegle_survey_2019,Siegle2019
10.9959914016813,brain observatory 1.1gray,LP,FS,siegle_survey_2019,Siegle2019
13.1929043379441,brain observatory 1.1gray,VISp,FS,siegle_survey_2019,Siegle2019
2.35408325478159,brain observatory 1.1gray,VISp,RS,siegle_survey_2019,Siegle2019
10.3923398997559,brain observatory 1.1gray,LP,FS,siegle_survey_2019,Siegle2019
11.6023997335957,brain observatory 1.1gray,VISp,FS,siegle_survey_2019,Siegle2019
7.85897258369289,brain observatory 1.1gray,LP,FS,siegle_survey_2019,Siegle2019
5.27098293665338,brain observatory 1.1gray,VISp,RS,siegle_survey_2019,Siegle2019
2.1159948510792,brain observatory 1.1gray,VISp,RS,siegle_survey_2019,Siegle2019
14.4547826233058,brain observatory 1.1gray,VISp,RS,siegle_survey_2019,Siegle2019
12.4157791103047,brain observatory 1.1gray,VISp,FS,siegle_survey_2019,Siegle2019
6.57083727572171,brain observatory 1.1gray,LP,FS,siegle_survey_2019,Siegle2019
8.09247183374227,brain observatory 1.1gray,VISp,RS,siegle_survey_2019,Siegle2019
15.7992073179741,brain observatory 1.1gray,VISp,FS,siegle_survey_2019,Siegle2019
12.710154404831,brain observatory 1.1gray,LP,FS,siegle_survey_2019,Siegle2019
5.04569750682292,brain observatory 1.1gray,LP,FS,siegle_survey_2019,Siegle2019
8.99632455513164,brain observatory 1.1gray,LP,FS,siegle_survey_2019,Siegle2019
1.74331779182501,brain observatory 1.1gray,VISp,RS,siegle_survey_2019,Siegle2019
5.98544306254052,brain observatory 1.1gray,VISp,RS,siegle_survey_2019,Siegle2019
15.0829929590674,brain observatory 1.1gray,VISp,RS,siegle_survey_2019,Siegle2019
3.796647541152,brain observatory 1.1gray,VISp,RS,siegle_survey_2019,Siegle2019
1.33662810347048,brain observatory 1.1gray,VISp,RS,siegle_survey_2019,Siegle2019
3.95570497510603,brain observatory 1.1gray,LP,FS,siegle_survey_2019,Siegle2019
4.23747809677729,brain observatory 1.1gray,LP,FS,siegle_survey_2019,Siegle2019
4.55583301762101,brain observatory 1.1gray,LP,FS,siegle_survey_2019,Siegle2019
10.6549189882847,brain observatory 1.1gray,VISp,RS,siegle_survey_2019,Siegle2019
1.06228555069838,brain observatory 1.1gray,VISp,RS,siegle_survey_2019,Siegle2019
1.6525024634681,brain observatory 1.1gray,LP,FS,siegle_survey_2019,Siegle2019
3.64885311292561,brain observatory 1.1gray,LP,FS,siegle_survey_2019,Siegle2019
9.79697889056088,brain observatory 1.1gray,LP,RS,siegle_survey_2019,Siegle2019
9.88340727727431,brain observatory 1.1gray,LP,RS,siegle_survey_2019,Siegle2019
13.7208310194242,brain observatory 1.1gray,VISp,RS,siegle_survey_2019,Siegle2019
4.56433077266957,brain observatory 1.1gray,LP,FS,siegle_survey_2019,Siegle2019
6.03300226884702,brain observatory 1.1gray,VISp,RS,siegle_survey_2019,Siegle2019
4.43567564720056,brain observatory 1.1gray,VISp,RS,siegle_survey_2019,Siegle2019
15.1884418550175,brain observatory 1.1gray,VISp,RS,siegle_survey_2019,Siegle2019
3.35399607589768,brain observatory 1.1gray,VISp,RS,siegle_survey_2019,Siegle2019
4.09252817710799,brain observatory 1.1gray,VISp,RS,siegle_survey_2019,Siegle2019
10.3976314787578,brain observatory 1.1gray,VISp,RS,siegle_survey_2019,Siegle2019
3.22515740635427,brain observatory 1.1gray,VISp,RS,siegle_survey_2019,Siegle2019
3.18169141042661,brain observatory 1.1gray,VISp,RS,siegle_survey_2019,Siegle2019
12.2664743888671,brain observatory 1.1gray,VISp,FS,siegle_survey_2019,Siegle2019
2.76593986588426,brain observatory 1.1gray,VISrl,FS,siegle_survey_2019,Siegle2019
2.68059558761678,brain observatory 1.1gray,VISrl,RS,siegle_survey_2019,Siegle2019
1.44165703954737,brain observatory 1.1gray,VISrl,RS,siegle_survey_2019,Siegle2019
3.53454794440653,brain observatory 1.1gray,LP,FS,siegle_survey_2019,Siegle2019
3.91643446456267,brain observatory 1.1gray,VISrl,RS,siegle_survey_2019,Siegle2019
2.1269100787561,brain observatory 1.1gray,VISp,RS,siegle_survey_2019,Siegle2019
4.52280255383582,brain observatory 1.1gray,VISp,RS,siegle_survey_2019,Siegle2019
5.10140707810153,brain observatory 1.1gray,VISp,FS,siegle_survey_2019,Siegle2019
2.45923977856174,brain observatory 1.1gray,VISp,RS,siegle_survey_2019,Siegle2019
4.19027793925023,brain observatory 1.1gray,VISp,RS,siegle_survey_2019,Siegle2019
16.3336636445823,brain observatory 1.1gray,VISp,FS,siegle_survey_2019,Siegle2019
2.17836758066149,brain observatory 1.1gray,VISp,FS,siegle_survey_2019,Siegle2019
2.04972382589801,brain observatory 1.1gray,VISp,RS,siegle_survey_2019,Siegle2019
2.95588263786072,brain observatory 1.1gray,VISp,RS,siegle_survey_2019,Siegle2019
2.40271449237779,brain observatory 1.1gray,VISp,RS,siegle_survey_2019,Siegle2019
2.75571095117665,brain observatory 1.1gray,VISrl,RS,siegle_survey_2019,Siegle2019
6.46105781222787,brain observatory 1.1gray,VISrl,RS,siegle_survey_2019,Siegle2019
0.346749876350675,brain observatory 1.1gray,VISrl,RS,siegle_survey_2019,Siegle2019
0.356255534462791,brain observatory 1.1gray,VISrl,RS,siegle_survey_2019,Siegle2019
10.1120571062468,brain observatory 1.1gray,VISrl,RS,siegle_survey_2019,Siegle2019
3.01698842137337,brain observatory 1.1gray,VISp,RS,siegle_survey_2019,Siegle2019
2.8900988996294,brain observatory 1.1gray,VISp,RS,siegle_survey_2019,Siegle2019
5.66681874801225,brain observatory 1.1gray,VISrl,RS,siegle_survey_2019,Siegle2019
7.38804981902228,brain observatory 1.1gray,VISp,FS,siegle_survey_2019,Siegle2019
2.46567196629991,brain observatory 1.1gray,VISp,RS,siegle_survey_2019,Siegle2019
1.89681318103143,brain observatory 1.1gray,VISp,RS,siegle_survey_2019,Siegle2019
11.6247999368934,brain observatory 1.1gray,VISrl,RS,siegle_survey_2019,Siegle2019
6.20533494453779,brain observatory 1.1gray,VISrl,RS,siegle_survey_2019,Siegle2019
13.2008793808306,brain observatory 1.1gray,VISrl,FS,siegle_survey_2019,Siegle2019
2.98222170310632,brain observatory 1.1gray,VISrl,RS,siegle_survey_2019,Siegle2019
2.00489115833945,brain observatory 1.1gray,VISrl,RS,siegle_survey_2019,Siegle2019
4.32889736873189,brain observatory 1.1gray,VISrl,RS,siegle_survey_2019,Siegle2019
7.82573968554126,brain observatory 1.1gray,VISrl,RS,siegle_survey_2019,Siegle2019
10.5812439919763,brain observatory 1.1gray,VISrl,RS,siegle_survey_2019,Siegle2019
2.86554263131991,brain observatory 1.1gray,VISrl,RS,siegle_survey_2019,Siegle2019
22.7309215724519,brain observatory 1.1gray,VISrl,RS,siegle_survey_2019,Siegle2019
4.71235868246596,brain observatory 1.1gray,VISpm,RS,siegle_survey_2019,Siegle2019
1.74606290119594,brain observatory 1.1gray,VISpm,RS,siegle_survey_2019,Siegle2019
7.05299167444868,brain observatory 1.1gray,VISrl,RS,siegle_survey_2019,Siegle2019
2.78205815572654,brain observatory 1.1gray,VISrl,RS,siegle_survey_2019,Siegle2019
4.49132013560414,brain observatory 1.1gray,VISrl,RS,siegle_survey_2019,Siegle2019
2.29788952623331,brain observatory 1.1gray,VISrl,RS,siegle_survey_2019,Siegle2019
8.53778977212671,brain observatory 1.1gray,VISpm,RS,siegle_survey_2019,Siegle2019
6.84206834229865,brain observatory 1.1gray,VISrl,FS,siegle_survey_2019,Siegle2019
7.40204543667264,brain observatory 1.1gray,VISpm,RS,siegle_survey_2019,Siegle2019
4.9672391962598,brain observatory 1.1gray,VISpm,RS,siegle_survey_2019,Siegle2019
4.37531406965769,brain observatory 1.1gray,VISpm,RS,siegle_survey_2019,Siegle2019
3.87957218123406,brain observatory 1.1gray,VISrl,FS,siegle_survey_2019,Siegle2019
2.48496852951443,brain observatory 1.1gray,VISp,RS,siegle_survey_2019,Siegle2019
2.23506952479672,brain observatory 1.1gray,VISrl,FS,siegle_survey_2019,Siegle2019
25.92048315855,brain observatory 1.1gray,VISrl,RS,siegle_survey_2019,Siegle2019
2.09845252088418,brain observatory 1.1gray,VISp,RS,siegle_survey_2019,Siegle2019
1.19193528139752,brain observatory 1.1gray,VISpm,RS,siegle_survey_2019,Siegle2019
3.740032979369,brain observatory 1.1gray,VISpm,RS,siegle_survey_2019,Siegle2019
2.71324545678448,brain observatory 1.1gray,VISrl,RS,siegle_survey_2019,Siegle2019
3.91881316529339,brain observatory 1.1gray,VISpm,RS,siegle_survey_2019,Siegle2019
6.52883728746209,brain observatory 1.1gray,VISrl,RS,siegle_survey_2019,Siegle2019
22.5860315722507,brain observatory 1.1gray,VISpm,FS,siegle_survey_2019,Siegle2019
6.79442522982628,brain observatory 1.1gray,VISrl,RS,siegle_survey_2019,Siegle2019
13.2618067126545,brain observatory 1.1gray,VISp,FS,siegle_survey_2019,Siegle2019
1.56078010040684,brain observatory 1.1gray,VISp,RS,siegle_survey_2019,Siegle2019
0.720989771015286,brain observatory 1.1gray,VISp,RS,siegle_survey_2019,Siegle2019
2.3266002708094,brain observatory 1.1gray,VISp,RS,siegle_survey_2019,Siegle2019
19.9766571344662,brain observatory 1.1gray,VISrl,FS,siegle_survey_2019,Siegle2019
7.73231883836902,brain observatory 1.1gray,VISpm,FS,siegle_survey_2019,Siegle2019
1.72504182789336,brain observatory 1.1gray,VISpm,RS,siegle_survey_2019,Siegle2019
2.37295577473408,brain observatory 1.1gray,VISpm,RS,siegle_survey_2019,Siegle2019
11.2666845997565,brain observatory 1.1gray,VISrl,RS,siegle_survey_2019,Siegle2019
8.24801821493494,brain observatory 1.1gray,VISrl,FS,siegle_survey_2019,Siegle2019
2.6494744447303,brain observatory 1.1gray,VISrl,RS,siegle_survey_2019,Siegle2019
27.7631075795708,brain observatory 1.1gray,VISrl,FS,siegle_survey_2019,Siegle2019
3.11469542534283,brain observatory 1.1gray,VISrl,RS,siegle_survey_2019,Siegle2019
21.6152466127276,brain observatory 1.1gray,VISrl,FS,siegle_survey_2019,Siegle2019
7.76884544871814,brain observatory 1.1gray,VISrl,RS,siegle_survey_2019,Siegle2019
1.93719913428369,brain observatory 1.1gray,VISrl,RS,siegle_survey_2019,Siegle2019
2.18543915243722,brain observatory 1.1gray,VISrl,FS,siegle_survey_2019,Siegle2019
7.54475035634246,brain observatory 1.1gray,VISrl,FS,siegle_survey_2019,Siegle2019
0.958379029463514,brain observatory 1.1gray,VISpm,RS,siegle_survey_2019,Siegle2019
4.30477219867114,brain observatory 1.1gray,VISpm,RS,siegle_survey_2019,Siegle2019
10.281022913455,brain observatory 1.1gray,VISpm,RS,siegle_survey_2019,Siegle2019
12.7858248200297,brain observatory 1.1gray,VISp,FS,siegle_survey_2019,Siegle2019
2.76973902301357,brain observatory 1.1gray,VISp,RS,siegle_survey_2019,Siegle2019
5.86245183639545,brain observatory 1.1gray,VISp,FS,siegle_survey_2019,Siegle2019
0.844468284110226,brain observatory 1.1gray,VISp,RS,siegle_survey_2019,Siegle2019
6.56785097096448,brain observatory 1.1gray,VISrl,FS,siegle_survey_2019,Siegle2019
1.26156758671233,brain observatory 1.1gray,VISpm,RS,siegle_survey_2019,Siegle2019
0.583185021594414,brain observatory 1.1gray,VISp,RS,siegle_survey_2019,Siegle2019
4.36414192296087,brain observatory 1.1gray,VISp,FS,siegle_survey_2019,Siegle2019
7.25075434660548,brain observatory 1.1gray,VISpm,FS,siegle_survey_2019,Siegle2019
15.4101647992857,brain observatory 1.1gray,VISpm,FS,siegle_survey_2019,Siegle2019
7.43609819034212,brain observatory 1.1gray,VISrl,RS,siegle_survey_2019,Siegle2019
3.7321156702336,brain observatory 1.1gray,VISrl,RS,siegle_survey_2019,Siegle2019
4.84674909110066,brain observatory 1.1gray,VISrl,FS,siegle_survey_2019,Siegle2019
1.68065929789401,brain observatory 1.1gray,VISrl,RS,siegle_survey_2019,Siegle2019
4.20790005587394,brain observatory 1.1gray,VISrl,RS,siegle_survey_2019,Siegle2019
2.57725524709119,brain observatory 1.1gray,VISrl,RS,siegle_survey_2019,Siegle2019
1.16757962511467,brain observatory 1.1gray,VISrl,RS,siegle_survey_2019,Siegle2019
4.41301051360896,brain observatory 1.1gray,VISpm,RS,siegle_survey_2019,Siegle2019
0.885162750505432,brain observatory 1.1gray,VISrl,RS,siegle_survey_2019,Siegle2019
3.6089544597851,brain observatory 1.1gray,VISpm,RS,siegle_survey_2019,Siegle2019
1.93073174345033,brain observatory 1.1gray,VISrl,RS,siegle_survey_2019,Siegle2019
1.4525759811711,brain observatory 1.1gray,VISrl,RS,siegle_survey_2019,Siegle2019
0.288084044758203,brain observatory 1.1gray,VISp,RS,siegle_survey_2019,Siegle2019
1.15038703123336,brain observatory 1.1gray,VISp,RS,siegle_survey_2019,Siegle2019
1.51533640912959,brain observatory 1.1gray,VISpm,RS,siegle_survey_2019,Siegle2019
5.15402982181189,brain observatory 1.1gray,VISrl,FS,siegle_survey_2019,Siegle2019
4.83909149939597,brain observatory 1.1gray,VISpm,RS,siegle_survey_2019,Siegle2019
16.1849126259088,brain observatory 1.1gray,VISpm,RS,siegle_survey_2019,Siegle2019
12.4359861155272,brain observatory 1.1gray,VISpm,RS,siegle_survey_2019,Siegle2019
10.040300899239,brain observatory 1.1gray,VISrl,FS,siegle_survey_2019,Siegle2019
4.82605439143427,brain observatory 1.1gray,VISpm,RS,siegle_survey_2019,Siegle2019
9.66160869099567,brain observatory 1.1gray,VISpm,FS,siegle_survey_2019,Siegle2019
0.42023626556068,brain observatory 1.1gray,VISp,RS,siegle_survey_2019,Siegle2019
0.71446012588714,brain observatory 1.1gray,VISp,RS,siegle_survey_2019,Siegle2019
6.73988162764122,brain observatory 1.1gray,VISpm,RS,siegle_survey_2019,Siegle2019
8.83477924790195,brain observatory 1.1gray,VISrl,FS,siegle_survey_2019,Siegle2019
1.51442684345785,brain observatory 1.1gray,VISpm,RS,siegle_survey_2019,Siegle2019
6.83882216015676,brain observatory 1.1gray,VISpm,RS,siegle_survey_2019,Siegle2019
4.06701872555407,brain observatory 1.1gray,VISrl,RS,siegle_survey_2019,Siegle2019
4.34206439121274,brain observatory 1.1gray,VISpm,RS,siegle_survey_2019,Siegle2019
3.0226888529183,brain observatory 1.1gray,VISpm,RS,siegle_survey_2019,Siegle2019
0.903040175483596,brain observatory 1.1gray,VISp,RS,siegle_survey_2019,Siegle2019
8.61682092271624,brain observatory 1.1gray,VISpm,RS,siegle_survey_2019,Siegle2019
6.15169582657852,brain observatory 1.1gray,VISpm,RS,siegle_survey_2019,Siegle2019
0.578584830083161,brain observatory 1.1gray,VISpm,RS,siegle_survey_2019,Siegle2019
6.59061179462239,brain observatory 1.1gray,VISpm,RS,siegle_survey_2019,Siegle2019
0.312156020081368,brain observatory 1.1gray,VISp,RS,siegle_survey_2019,Siegle2019
1.46672517711737,brain observatory 1.1gray,VISpm,RS,siegle_survey_2019,Siegle2019
4.77612934234063,brain observatory 1.1gray,VISpm,RS,siegle_survey_2019,Siegle2019
1.49499636217552,brain observatory 1.1gray,VISp,RS,siegle_survey_2019,Siegle2019
0.730443137842602,brain observatory 1.1gray,VISp,RS,siegle_survey_2019,Siegle2019
2.3588069753958,brain observatory 1.1gray,VISpm,FS,siegle_survey_2019,Siegle2019
1.38253982105461,brain observatory 1.1gray,VISpm,RS,siegle_survey_2019,Siegle2019
12.9383695548885,brain observatory 1.1gray,VISpm,FS,siegle_survey_2019,Siegle2019
3.01682720747816,brain observatory 1.1gray,VISpm,RS,siegle_survey_2019,Siegle2019
4.57541851744191,brain observatory 1.1gray,VISpm,RS,siegle_survey_2019,Siegle2019
7.49128393535621,brain observatory 1.1gray,VISpm,RS,siegle_survey_2019,Siegle2019
1.14619636346456,brain observatory 1.1gray,VISp,RS,siegle_survey_2019,Siegle2019
1.64843618576182,brain observatory 1.1gray,VISpm,RS,siegle_survey_2019,Siegle2019
1.92027612826975,brain observatory 1.1gray,VISrl,RS,siegle_survey_2019,Siegle2019
6.5925319888183,brain observatory 1.1gray,VISpm,FS,siegle_survey_2019,Siegle2019
1.30027465918776,brain observatory 1.1gray,VISpm,FS,siegle_survey_2019,Siegle2019
0.769088306887835,brain observatory 1.1gray,VISpm,RS,siegle_survey_2019,Siegle2019
1.61761201577486,brain observatory 1.1gray,VISpm,RS,siegle_survey_2019,Siegle2019
2.64967151856767,brain observatory 1.1gray,VISp,RS,siegle_survey_2019,Siegle2019
0.630430073372709,brain observatory 1.1gray,VISpm,RS,siegle_survey_2019,Siegle2019
1.09893673565726,brain observatory 1.1gray,VISrl,RS,siegle_survey_2019,Siegle2019
0.727906102172379,brain observatory 1.1gray,VISrl,RS,siegle_survey_2019,Siegle2019
10.8889159707389,brain observatory 1.1gray,VISpm,FS,siegle_survey_2019,Siegle2019
0.946701086191199,brain observatory 1.1gray,VISp,RS,siegle_survey_2019,Siegle2019
5.6342540222072,brain observatory 1.1gray,VISpm,FS,siegle_survey_2019,Siegle2019
3.6636294629423,brain observatory 1.1gray,VISpm,RS,siegle_survey_2019,Siegle2019
1.21507867460085,brain observatory 1.1gray,VISpm,RS,siegle_survey_2019,Siegle2019
1.78810504780111,brain observatory 1.1gray,VISpm,RS,siegle_survey_2019,Siegle2019
2.80439309169915,brain observatory 1.1gray,VISpm,RS,siegle_survey_2019,Siegle2019
5.33227821918738,brain observatory 1.1gray,VISpm,FS,siegle_survey_2019,Siegle2019
1.0390271856917,brain observatory 1.1gray,VISpm,FS,siegle_survey_2019,Siegle2019
0.591015560930363,brain observatory 1.1gray,VISpm,RS,siegle_survey_2019,Siegle2019
4.76945919408116,brain observatory 1.1gray,VISpm,RS,siegle_survey_2019,Siegle2019
18.4957147464069,brain observatory 1.1gray,VISpm,FS,siegle_survey_2019,Siegle2019
4.25323014393883,brain observatory 1.1gray,VISpm,RS,siegle_survey_2019,Siegle2019
1.68037204712537,brain observatory 1.1gray,LP,RS,siegle_survey_2019,Siegle2019
10.6232217317365,brain observatory 1.1gray,LP,RS,siegle_survey_2019,Siegle2019
6.37726811317164,brain observatory 1.1gray,LP,RS,siegle_survey_2019,Siegle2019
0.902996586339396,brain observatory 1.1gray,VISpm,RS,siegle_survey_2019,Siegle2019
0.667722265914313,brain observatory 1.1gray,VISpm,RS,siegle_survey_2019,Siegle2019
1.73872358786327,brain observatory 1.1gray,VISrl,RS,siegle_survey_2019,Siegle2019
5.30073378943894,brain observatory 1.1gray,VISrl,RS,siegle_survey_2019,Siegle2019
3.89114276296878,brain observatory 1.1gray,VISrl,RS,siegle_survey_2019,Siegle2019
6.368341990784,brain observatory 1.1gray,VISrl,RS,siegle_survey_2019,Siegle2019
1.14210315308572,brain observatory 1.1gray,VISp,RS,siegle_survey_2019,Siegle2019
0.386418551240282,brain observatory 1.1gray,VISp,RS,siegle_survey_2019,Siegle2019
0.580023597643983,brain observatory 1.1gray,VISrl,RS,siegle_survey_2019,Siegle2019
0.600646198310617,brain observatory 1.1gray,VISrl,RS,siegle_survey_2019,Siegle2019
2.70902213078638,brain observatory 1.1gray,VISrl,RS,siegle_survey_2019,Siegle2019
1.00791665368686,brain observatory 1.1gray,VISrl,RS,siegle_survey_2019,Siegle2019
2.91276098963363,brain observatory 1.1gray,VISrl,RS,siegle_survey_2019,Siegle2019
7.40930369011513,brain observatory 1.1gray,VISal,FS,siegle_survey_2019,Siegle2019
16.9640793596389,brain observatory 1.1gray,VISal,FS,siegle_survey_2019,Siegle2019
19.3190769297065,brain observatory 1.1gray,VISal,FS,siegle_survey_2019,Siegle2019
15.8497640017976,brain observatory 1.1gray,VISrl,RS,siegle_survey_2019,Siegle2019
5.46351817398142,brain observatory 1.1gray,LP,FS,siegle_survey_2019,Siegle2019
7.53117502876151,brain observatory 1.1gray,LP,RS,siegle_survey_2019,Siegle2019
2.29657011745369,brain observatory 1.1gray,VISrl,RS,siegle_survey_2019,Siegle2019
19.122667365546,brain observatory 1.1gray,LP,FS,siegle_survey_2019,Siegle2019
17.6179888888822,brain observatory 1.1gray,LP,FS,siegle_survey_2019,Siegle2019
4.97230185124439,brain observatory 1.1gray,LP,FS,siegle_survey_2019,Siegle2019
10.8617429848994,brain observatory 1.1gray,LP,RS,siegle_survey_2019,Siegle2019
18.2901340267632,brain observatory 1.1gray,VISal,FS,siegle_survey_2019,Siegle2019
10.565800311448,brain observatory 1.1gray,LP,FS,siegle_survey_2019,Siegle2019
13.0344770255855,brain observatory 1.1gray,VISal,FS,siegle_survey_2019,Siegle2019
2.50806593093787,brain observatory 1.1gray,VISp,RS,siegle_survey_2019,Siegle2019
1.59457264551509,brain observatory 1.1gray,VISrl,RS,siegle_survey_2019,Siegle2019
2.94467938664531,brain observatory 1.1gray,VISrl,RS,siegle_survey_2019,Siegle2019
11.7300638549887,brain observatory 1.1gray,LP,RS,siegle_survey_2019,Siegle2019
7.7119951936538,brain observatory 1.1gray,LP,FS,siegle_survey_2019,Siegle2019
5.92855650750262,brain observatory 1.1gray,LP,FS,siegle_survey_2019,Siegle2019
0.234490096450594,brain observatory 1.1gray,LP,RS,siegle_survey_2019,Siegle2019
8.75739651589022,brain observatory 1.1gray,LP,RS,siegle_survey_2019,Siegle2019
2.29853254249737,brain observatory 1.1gray,VISp,RS,siegle_survey_2019,Siegle2019
3.70656069699836,brain observatory 1.1gray,LP,FS,siegle_survey_2019,Siegle2019
2.90070313708432,brain observatory 1.1gray,LP,FS,siegle_survey_2019,Siegle2019
5.58409864168209,brain observatory 1.1gray,LP,FS,siegle_survey_2019,Siegle2019
5.75228464189493,brain observatory 1.1gray,LP,FS,siegle_survey_2019,Siegle2019
9.89908664943615,brain observatory 1.1gray,VISal,FS,siegle_survey_2019,Siegle2019
12.2668203060779,brain observatory 1.1gray,VISrl,RS,siegle_survey_2019,Siegle2019
8.30759187156153,brain observatory 1.1gray,VISrl,RS,siegle_survey_2019,Siegle2019
8.9155958821703,brain observatory 1.1gray,VISrl,RS,siegle_survey_2019,Siegle2019
10.804333340596,brain observatory 1.1gray,LP,RS,siegle_survey_2019,Siegle2019
4.00917420940055,brain observatory 1.1gray,LP,RS,siegle_survey_2019,Siegle2019
5.96086427308949,brain observatory 1.1gray,VISrl,RS,siegle_survey_2019,Siegle2019
8.8249134919372,brain observatory 1.1gray,LP,RS,siegle_survey_2019,Siegle2019
5.37093501521041,brain observatory 1.1gray,LP,RS,siegle_survey_2019,Siegle2019
1.86349550345437,brain observatory 1.1gray,VISrl,RS,siegle_survey_2019,Siegle2019
9.31105238540585,brain observatory 1.1gray,VISrl,RS,siegle_survey_2019,Siegle2019
7.44071722544899,brain observatory 1.1gray,VISrl,RS,siegle_survey_2019,Siegle2019
5.60240409366292,brain observatory 1.1gray,VISrl,RS,siegle_survey_2019,Siegle2019
12.8363771566499,brain observatory 1.1gray,VISrl,RS,siegle_survey_2019,Siegle2019
14.3737454023259,brain observatory 1.1gray,VISrl,RS,siegle_survey_2019,Siegle2019
3.06060112526744,brain observatory 1.1gray,LP,FS,siegle_survey_2019,Siegle2019
7.71186526064863,brain observatory 1.1gray,VISal,RS,siegle_survey_2019,Siegle2019
5.6840601526259,brain observatory 1.1gray,LP,RS,siegle_survey_2019,Siegle2019
1.80951560204957,brain observatory 1.1gray,LP,RS,siegle_survey_2019,Siegle2019
7.46214195295299,brain observatory 1.1gray,LP,RS,siegle_survey_2019,Siegle2019
4.40899065713097,brain observatory 1.1gray,VISal,RS,siegle_survey_2019,Siegle2019
1.22542788554449,brain observatory 1.1gray,VISal,FS,siegle_survey_2019,Siegle2019
2.59585954725331,brain observatory 1.1gray,VISal,RS,siegle_survey_2019,Siegle2019
3.65481115847134,brain observatory 1.1gray,LP,RS,siegle_survey_2019,Siegle2019
4.94076697620449,brain observatory 1.1gray,LP,RS,siegle_survey_2019,Siegle2019
1.74695488988319,brain observatory 1.1gray,VISal,RS,siegle_survey_2019,Siegle2019
10.3265341137091,brain observatory 1.1gray,VISrl,RS,siegle_survey_2019,Siegle2019
3.6941399294649,brain observatory 1.1gray,VISrl,RS,siegle_survey_2019,Siegle2019
1.77615028105722,brain observatory 1.1gray,VISal,RS,siegle_survey_2019,Siegle2019
3.1808783730158,brain observatory 1.1gray,LP,RS,siegle_survey_2019,Siegle2019
5.61884766738264,brain observatory 1.1gray,VISal,RS,siegle_survey_2019,Siegle2019
5.50342855427466,brain observatory 1.1gray,VISal,RS,siegle_survey_2019,Siegle2019
1.9507387202779,brain observatory 1.1gray,VISal,RS,siegle_survey_2019,Siegle2019
21.2696736242347,brain observatory 1.1gray,VISrl,FS,siegle_survey_2019,Siegle2019
7.39719213861488,brain observatory 1.1gray,VISrl,RS,siegle_survey_2019,Siegle2019
4.43873580850186,brain observatory 1.1gray,LP,RS,siegle_survey_2019,Siegle2019
8.16904873509759,brain observatory 1.1gray,LP,RS,siegle_survey_2019,Siegle2019
10.2847707565802,brain observatory 1.1gray,VISrl,RS,siegle_survey_2019,Siegle2019
3.63600284919364,brain observatory 1.1gray,VISrl,RS,siegle_survey_2019,Siegle2019
27.075091158631,brain observatory 1.1gray,VISrl,RS,siegle_survey_2019,Siegle2019
5.32251444696627,brain observatory 1.1gray,VISal,RS,siegle_survey_2019,Siegle2019
8.22745586878195,brain observatory 1.1gray,VISal,RS,siegle_survey_2019,Siegle2019
3.83491194867902,brain observatory 1.1gray,VISal,RS,siegle_survey_2019,Siegle2019
6.0823900966396,brain observatory 1.1gray,LP,RS,siegle_survey_2019,Siegle2019
6.32931221113478,brain observatory 1.1gray,LP,RS,siegle_survey_2019,Siegle2019
5.0838867936933,brain observatory 1.1gray,LP,RS,siegle_survey_2019,Siegle2019
4.09286291623723,brain observatory 1.1gray,LP,RS,siegle_survey_2019,Siegle2019
7.3244800946057,brain observatory 1.1gray,LP,RS,siegle_survey_2019,Siegle2019
0.406302527171875,brain observatory 1.1gray,VISal,RS,siegle_survey_2019,Siegle2019
1.11682103037711,brain observatory 1.1gray,VISal,RS,siegle_survey_2019,Siegle2019
3.36759105395343,brain observatory 1.1gray,VISal,RS,siegle_survey_2019,Siegle2019
5.75431428243013,brain observatory 1.1gray,VISal,RS,siegle_survey_2019,Siegle2019
7.01509466993533,brain observatory 1.1gray,LP,RS,siegle_survey_2019,Siegle2019
2.55796351766019,brain observatory 1.1gray,LP,RS,siegle_survey_2019,Siegle2019
3.25344901493456,brain observatory 1.1gray,LP,RS,siegle_survey_2019,Siegle2019
3.90537191239419,brain observatory 1.1gray,LP,RS,siegle_survey_2019,Siegle2019
2.67627468450167,brain observatory 1.1gray,VISrl,RS,siegle_survey_2019,Siegle2019
6.06298401969197,brain observatory 1.1gray,LP,RS,siegle_survey_2019,Siegle2019
3.14755512247184,brain observatory 1.1gray,VISal,RS,siegle_survey_2019,Siegle2019
1.70608134223955,brain observatory 1.1gray,VISal,RS,siegle_survey_2019,Siegle2019
4.33230560524217,brain observatory 1.1gray,LP,FS,siegle_survey_2019,Siegle2019
4.72093251078205,brain observatory 1.1gray,LP,RS,siegle_survey_2019,Siegle2019
10.3212489245936,brain observatory 1.1gray,VISrl,FS,siegle_survey_2019,Siegle2019
5.14089214472698,brain observatory 1.1gray,LP,RS,siegle_survey_2019,Siegle2019
6.19670401865927,brain observatory 1.1gray,LP,RS,siegle_survey_2019,Siegle2019
0.308273618178583,brain observatory 1.1gray,LP,RS,siegle_survey_2019,Siegle2019
4.80947273685564,brain observatory 1.1gray,LP,RS,siegle_survey_2019,Siegle2019
0.322423882619567,brain observatory 1.1gray,LP,RS,siegle_survey_2019,Siegle2019
5.5475101007704,brain observatory 1.1gray,LP,RS,siegle_survey_2019,Siegle2019
2.63202417955367,brain observatory 1.1gray,VISrl,RS,siegle_survey_2019,Siegle2019
0.837132503442575,brain observatory 1.1gray,VISrl,RS,siegle_survey_2019,Siegle2019
2.18449648561127,brain observatory 1.1gray,VISal,RS,siegle_survey_2019,Siegle2019
3.06198985877913,brain observatory 1.1gray,VISrl,RS,siegle_survey_2019,Siegle2019
3.74647366482496,brain observatory 1.1gray,VISrl,RS,siegle_survey_2019,Siegle2019
0.639611514143052,brain observatory 1.1gray,VISrl,RS,siegle_survey_2019,Siegle2019
0.2240505660365,brain observatory 1.1gray,VISrl,RS,siegle_survey_2019,Siegle2019
3.24779263216934,brain observatory 1.1gray,VISal,RS,siegle_survey_2019,Siegle2019
0.80238666743284,brain observatory 1.1gray,VISal,RS,siegle_survey_2019,Siegle2019
7.73028946410964,brain observatory 1.1gray,LP,RS,siegle_survey_2019,Siegle2019
4.87173390039597,brain observatory 1.1gray,LP,RS,siegle_survey_2019,Siegle2019
6.71753482340492,brain observatory 1.1gray,LP,RS,siegle_survey_2019,Siegle2019
5.02536534289809,brain observatory 1.1gray,LP,RS,siegle_survey_2019,Siegle2019
1.80774193984307,brain observatory 1.1gray,VISrl,RS,siegle_survey_2019,Siegle2019
3.46998573226927,brain observatory 1.1gray,VISrl,RS,siegle_survey_2019,Siegle2019
4.49075264968811,brain observatory 1.1gray,VISrl,FS,siegle_survey_2019,Siegle2019
2.39470882514868,brain observatory 1.1gray,VISrl,RS,siegle_survey_2019,Siegle2019
4.89215071051796,brain observatory 1.1gray,LP,RS,siegle_survey_2019,Siegle2019
5.65464781725214,brain observatory 1.1gray,LP,RS,siegle_survey_2019,Siegle2019
5.31920563596655,brain observatory 1.1gray,VISal,RS,siegle_survey_2019,Siegle2019
2.7787200139733,brain observatory 1.1gray,VISal,RS,siegle_survey_2019,Siegle2019
13.4091512123188,brain observatory 1.1gray,VISal,FS,siegle_survey_2019,Siegle2019
5.55928906938763,brain observatory 1.1gray,VISal,RS,siegle_survey_2019,Siegle2019
3.71757768859884,brain observatory 1.1gray,LP,RS,siegle_survey_2019,Siegle2019
3.81117158054421,brain observatory 1.1gray,LP,RS,siegle_survey_2019,Siegle2019
3.76215102158794,brain observatory 1.1gray,LP,RS,siegle_survey_2019,Siegle2019
5.14831527962791,brain observatory 1.1gray,VISal,RS,siegle_survey_2019,Siegle2019
7.42059257470243,brain observatory 1.1gray,VISal,RS,siegle_survey_2019,Siegle2019
3.65299183875749,brain observatory 1.1gray,LP,RS,siegle_survey_2019,Siegle2019
9.86930408099927,brain observatory 1.1gray,LP,RS,siegle_survey_2019,Siegle2019
9.21913154725859,brain observatory 1.1gray,VISrl,FS,siegle_survey_2019,Siegle2019
0.82013699334545,brain observatory 1.1gray,VISrl,RS,siegle_survey_2019,Siegle2019
5.66556373553518,brain observatory 1.1gray,LP,RS,siegle_survey_2019,Siegle2019
6.38065745639206,brain observatory 1.1gray,LP,RS,siegle_survey_2019,Siegle2019
2.84824608533524,brain observatory 1.1gray,LP,RS,siegle_survey_2019,Siegle2019
5.86535408686201,brain observatory 1.1gray,VISal,FS,siegle_survey_2019,Siegle2019
1.60195111371886,brain observatory 1.1gray,VISal,RS,siegle_survey_2019,Siegle2019
1.52752328555875,brain observatory 1.1gray,VISrl,RS,siegle_survey_2019,Siegle2019
1.83463838137585,brain observatory 1.1gray,VISal,RS,siegle_survey_2019,Siegle2019
2.74777289932883,brain observatory 1.1gray,VISal,FS,siegle_survey_2019,Siegle2019
5.48878650334032,brain observatory 1.1gray,LP,RS,siegle_survey_2019,Siegle2019
6.69166005414141,brain observatory 1.1gray,LP,RS,siegle_survey_2019,Siegle2019
3.01936321175371,brain observatory 1.1gray,LP,RS,siegle_survey_2019,Siegle2019
0.55225044699746,brain observatory 1.1gray,VISrl,RS,siegle_survey_2019,Siegle2019
9.17405199303756,brain observatory 1.1gray,VISrl,FS,siegle_survey_2019,Siegle2019
0.818997050595033,brain observatory 1.1gray,VISrl,RS,siegle_survey_2019,Siegle2019
4.01544075508156,brain observatory 1.1gray,LP,RS,siegle_survey_2019,Siegle2019
3.98087368051858,brain observatory 1.1gray,LP,RS,siegle_survey_2019,Siegle2019
3.24718246925356,brain observatory 1.1gray,LP,RS,siegle_survey_2019,Siegle2019
1.82447445303004,brain observatory 1.1gray,LP,RS,siegle_survey_2019,Siegle2019
1.41591252717701,brain observatory 1.1gray,VISrl,RS,siegle_survey_2019,Siegle2019
5.04487249316316,brain observatory 1.1gray,LP,RS,siegle_survey_2019,Siegle2019
7.19116438890815,brain observatory 1.1gray,LP,RS,siegle_survey_2019,Siegle2019
3.17966549320657,brain observatory 1.1gray,LP,RS,siegle_survey_2019,Siegle2019
7.35207311026562,brain observatory 1.1gray,LP,FS,siegle_survey_2019,Siegle2019
6.20061449551042,brain observatory 1.1gray,VISal,RS,siegle_survey_2019,Siegle2019
45.8358882814871,brain observatory 1.1gray,VISal,FS,siegle_survey_2019,Siegle2019
4.93712833677681,brain observatory 1.1gray,LP,RS,siegle_survey_2019,Siegle2019
3.81299090025805,brain observatory 1.1gray,LP,RS,siegle_survey_2019,Siegle2019
3.28316457026063,brain observatory 1.1gray,LP,RS,siegle_survey_2019,Siegle2019
6.64274056850258,brain observatory 1.1gray,LP,RS,siegle_survey_2019,Siegle2019
1.66740651773511,brain observatory 1.1gray,LP,RS,siegle_survey_2019,Siegle2019
2.47589198390248,brain observatory 1.1gray,LP,RS,siegle_survey_2019,Siegle2019
3.32854648978921,brain observatory 1.1gray,LP,RS,siegle_survey_2019,Siegle2019
1.24187462257253,brain observatory 1.1gray,VISal,RS,siegle_survey_2019,Siegle2019
3.33764308835842,brain observatory 1.1gray,LP,RS,siegle_survey_2019,Siegle2019
2.89049473202332,brain observatory 1.1gray,LP,RS,siegle_survey_2019,Siegle2019
3.07677285605713,brain observatory 1.1gray,LP,RS,siegle_survey_2019,Siegle2019
2.98418969728612,brain observatory 1.1gray,LP,RS,siegle_survey_2019,Siegle2019
4.46875458378023,brain observatory 1.1gray,LP,RS,siegle_survey_2019,Siegle2019
4.93097781366732,brain observatory 1.1gray,VISrl,FS,siegle_survey_2019,Siegle2019
9.13736656270596,brain observatory 1.1gray,VISrl,RS,siegle_survey_2019,Siegle2019
0.241978756565785,brain observatory 1.1gray,VISrl,RS,siegle_survey_2019,Siegle2019
5.01518429587435,brain observatory 1.1gray,VISal,FS,siegle_survey_2019,Siegle2019
2.55735707775558,brain observatory 1.1gray,LP,RS,siegle_survey_2019,Siegle2019
1.90684831554628,brain observatory 1.1gray,VISal,RS,siegle_survey_2019,Siegle2019
1.0163107775763,brain observatory 1.1gray,VISrl,RS,siegle_survey_2019,Siegle2019
1.42191286814569,brain observatory 1.1gray,VISal,RS,siegle_survey_2019,Siegle2019
0.612045625814787,brain observatory 1.1gray,VISrl,RS,siegle_survey_2019,Siegle2019
3.21003325958426,brain observatory 1.1gray,VISal,RS,siegle_survey_2019,Siegle2019
5.79684223557363,brain observatory 1.1gray,VISal,FS,siegle_survey_2019,Siegle2019
4.78983217493387,brain observatory 1.1gray,VISrl,RS,siegle_survey_2019,Siegle2019
2.30098609639564,brain observatory 1.1gray,VISal,FS,siegle_survey_2019,Siegle2019
4.09718387939236,brain observatory 1.1gray,VISal,RS,siegle_survey_2019,Siegle2019
13.5450070227728,brain observatory 1.1gray,VISrl,FS,siegle_survey_2019,Siegle2019
0.351205998287557,brain observatory 1.1gray,VISrl,RS,siegle_survey_2019,Siegle2019
2.38195464791828,brain observatory 1.1gray,VISal,FS,siegle_survey_2019,Siegle2019
2.29670410569012,brain observatory 1.1gray,VISal,RS,siegle_survey_2019,Siegle2019
0.186169277719712,brain observatory 1.1gray,VISal,RS,siegle_survey_2019,Siegle2019
5.83528283395276,brain observatory 1.1gray,VISal,RS,siegle_survey_2019,Siegle2019
7.03453218541121,brain observatory 1.1gray,VISal,RS,siegle_survey_2019,Siegle2019
0.438125503551564,brain observatory 1.1gray,VISal,RS,siegle_survey_2019,Siegle2019
0.201769866823805,brain observatory 1.1gray,VISrl,RS,siegle_survey_2019,Siegle2019
4.74578893230413,brain observatory 1.1gray,VISrl,RS,siegle_survey_2019,Siegle2019
2.89482035287535,brain observatory 1.1gray,VISal,RS,siegle_survey_2019,Siegle2019
8.20487809960737,brain observatory 1.1gray,VISal,RS,siegle_survey_2019,Siegle2019
8.59453925381005,brain observatory 1.1gray,VISal,FS,siegle_survey_2019,Siegle2019
20.1715629524726,brain observatory 1.1gray,VISpm,FS,siegle_survey_2019,Siegle2019
3.00508161354259,brain observatory 1.1gray,VISal,RS,siegle_survey_2019,Siegle2019
4.11353329844982,brain observatory 1.1gray,VISal,RS,siegle_survey_2019,Siegle2019
10.8404433788574,brain observatory 1.1gray,VISal,RS,siegle_survey_2019,Siegle2019
7.38293052008793,brain observatory 1.1gray,VISal,RS,siegle_survey_2019,Siegle2019
0.958387374272724,brain observatory 1.1gray,VISal,RS,siegle_survey_2019,Siegle2019
5.58235342841511,brain observatory 1.1gray,VISal,RS,siegle_survey_2019,Siegle2019
6.7681728999335,brain observatory 1.1gray,VISal,RS,siegle_survey_2019,Siegle2019
2.53688485708178,brain observatory 1.1gray,VISal,RS,siegle_survey_2019,Siegle2019
4.24695623611512,brain observatory 1.1gray,VISal,RS,siegle_survey_2019,Siegle2019
3.45011669300534,brain observatory 1.1gray,VISal,FS,siegle_survey_2019,Siegle2019
2.85774220608434,brain observatory 1.1gray,VISal,RS,siegle_survey_2019,Siegle2019
6.52653237898314,brain observatory 1.1gray,VISal,RS,siegle_survey_2019,Siegle2019
18.9626702509681,brain observatory 1.1gray,VISpm,FS,siegle_survey_2019,Siegle2019
1.49282750011435,brain observatory 1.1gray,VISpm,RS,siegle_survey_2019,Siegle2019
2.92324720606557,brain observatory 1.1gray,VISpm,RS,siegle_survey_2019,Siegle2019
5.09966736542387,brain observatory 1.1gray,VISpm,RS,siegle_survey_2019,Siegle2019
6.89848166254024,brain observatory 1.1gray,VISal,RS,siegle_survey_2019,Siegle2019
0.283195294388061,brain observatory 1.1gray,VISal,RS,siegle_survey_2019,Siegle2019
2.32913327156546,brain observatory 1.1gray,VISpm,RS,siegle_survey_2019,Siegle2019
3.11222709931786,brain observatory 1.1gray,VISpm,RS,siegle_survey_2019,Siegle2019
3.96288507999184,brain observatory 1.1gray,VISal,RS,siegle_survey_2019,Siegle2019
1.38154737707842,brain observatory 1.1gray,VISpm,RS,siegle_survey_2019,Siegle2019
3.34491596680827,brain observatory 1.1gray,VISal,RS,siegle_survey_2019,Siegle2019
4.64907069266648,brain observatory 1.1gray,VISpm,RS,siegle_survey_2019,Siegle2019
7.31214765750226,brain observatory 1.1gray,VISpm,RS,siegle_survey_2019,Siegle2019
6.79222047169278,brain observatory 1.1gray,VISpm,RS,siegle_survey_2019,Siegle2019
1.73016310142683,brain observatory 1.1gray,VISpm,RS,siegle_survey_2019,Siegle2019
14.5451490065129,brain observatory 1.1gray,VISpm,FS,siegle_survey_2019,Siegle2019
2.56171596140194,brain observatory 1.1gray,VISpm,RS,siegle_survey_2019,Siegle2019
1.74033726788375,brain observatory 1.1gray,VISal,RS,siegle_survey_2019,Siegle2019
5.64668060696855,brain observatory 1.1gray,VISal,FS,siegle_survey_2019,Siegle2019
1.6305625970694,brain observatory 1.1gray,VISal,RS,siegle_survey_2019,Siegle2019
3.69963996957269,brain observatory 1.1gray,VISal,RS,siegle_survey_2019,Siegle2019
1.42093968843989,brain observatory 1.1gray,VISal,RS,siegle_survey_2019,Siegle2019
18.4659875996015,brain observatory 1.1gray,VISal,FS,siegle_survey_2019,Siegle2019
25.7649131664255,brain observatory 1.1gray,VISpm,RS,siegle_survey_2019,Siegle2019
4.0208597845342,brain observatory 1.1gray,VISpm,RS,siegle_survey_2019,Siegle2019
7.23948383145288,brain observatory 1.1gray,VISal,FS,siegle_survey_2019,Siegle2019
1.96553105180607,brain observatory 1.1gray,VISal,RS,siegle_survey_2019,Siegle2019
2.7513736642403,brain observatory 1.1gray,VISal,FS,siegle_survey_2019,Siegle2019
4.20822368382424,brain observatory 1.1gray,VISal,FS,siegle_survey_2019,Siegle2019
4.17970951844428,brain observatory 1.1gray,VISal,RS,siegle_survey_2019,Siegle2019
1.84582994799256,brain observatory 1.1gray,VISal,RS,siegle_survey_2019,Siegle2019
1.74938783914769,brain observatory 1.1gray,VISal,RS,siegle_survey_2019,Siegle2019
3.08009328477359,brain observatory 1.1gray,VISpm,RS,siegle_survey_2019,Siegle2019
4.74133152666197,brain observatory 1.1gray,VISal,RS,siegle_survey_2019,Siegle2019
1.77128438252821,brain observatory 1.1gray,VISal,RS,siegle_survey_2019,Siegle2019
3.26725622628535,brain observatory 1.1gray,VISal,RS,siegle_survey_2019,Siegle2019
8.4900431102503,brain observatory 1.1gray,VISpm,RS,siegle_survey_2019,Siegle2019
2.3150811854625,brain observatory 1.1gray,VISpm,RS,siegle_survey_2019,Siegle2019
0.553701283225264,brain observatory 1.1gray,VISrl,RS,siegle_survey_2019,Siegle2019
10.5538399324599,brain observatory 1.1gray,VISpm,RS,siegle_survey_2019,Siegle2019
10.3958572879641,brain observatory 1.1gray,VISpm,RS,siegle_survey_2019,Siegle2019
16.174571049481,brain observatory 1.1gray,VISpm,RS,siegle_survey_2019,Siegle2019
17.4392587987473,brain observatory 1.1gray,VISpm,RS,siegle_survey_2019,Siegle2019
3.63764842231318,brain observatory 1.1gray,VISal,RS,siegle_survey_2019,Siegle2019
2.08708119706061,brain observatory 1.1gray,VISal,RS,siegle_survey_2019,Siegle2019
1.07205476391027,brain observatory 1.1gray,VISal,RS,siegle_survey_2019,Siegle2019
13.1053268017722,brain observatory 1.1gray,VISpm,RS,siegle_survey_2019,Siegle2019
0.570185989628746,brain observatory 1.1gray,VISal,RS,siegle_survey_2019,Siegle2019
2.49095077496798,brain observatory 1.1gray,VISal,RS,siegle_survey_2019,Siegle2019
0.916151375040965,brain observatory 1.1gray,VISal,RS,siegle_survey_2019,Siegle2019
6.19924310298041,brain observatory 1.1gray,VISpm,RS,siegle_survey_2019,Siegle2019
1.22015326758268,brain observatory 1.1gray,VISrl,RS,siegle_survey_2019,Siegle2019
6.59435470046361,brain observatory 1.1gray,VISpm,RS,siegle_survey_2019,Siegle2019
0.566423058944275,brain observatory 1.1gray,VISpm,RS,siegle_survey_2019,Siegle2019
7.2273185200719,brain observatory 1.1gray,VISpm,FS,siegle_survey_2019,Siegle2019
13.5733852579957,brain observatory 1.1gray,VISpm,RS,siegle_survey_2019,Siegle2019
16.7274586431349,brain observatory 1.1gray,VISpm,RS,siegle_survey_2019,Siegle2019
0.418152885725553,brain observatory 1.1gray,VISpm,RS,siegle_survey_2019,Siegle2019
9.42096345997617,brain observatory 1.1gray,VISal,FS,siegle_survey_2019,Siegle2019
0.835474777430071,brain observatory 1.1gray,VISal,RS,siegle_survey_2019,Siegle2019
3.92394172008879,brain observatory 1.1gray,VISpm,RS,siegle_survey_2019,Siegle2019
0.27132250197729,brain observatory 1.1gray,VISal,RS,siegle_survey_2019,Siegle2019
10.1821846258536,brain observatory 1.1gray,VISal,FS,siegle_survey_2019,Siegle2019
2.06162701479663,brain observatory 1.1gray,VISpm,RS,siegle_survey_2019,Siegle2019
8.5394320599357,brain observatory 1.1gray,VISpm,RS,siegle_survey_2019,Siegle2019
7.97807188495499,brain observatory 1.1gray,VISpm,RS,siegle_survey_2019,Siegle2019
10.900780520617,brain observatory 1.1gray,VISal,FS,siegle_survey_2019,Siegle2019
3.58772489524299,brain observatory 1.1gray,VISpm,RS,siegle_survey_2019,Siegle2019
4.76985663865442,brain observatory 1.1gray,VISpm,RS,siegle_survey_2019,Siegle2019
12.0760114947304,brain observatory 1.1gray,VISpm,FS,siegle_survey_2019,Siegle2019
11.0924687916858,brain observatory 1.1gray,VISpm,FS,siegle_survey_2019,Siegle2019
16.7678583906809,brain observatory 1.1gray,VISpm,FS,siegle_survey_2019,Siegle2019
7.94686798787342,brain observatory 1.1gray,VISpm,FS,siegle_survey_2019,Siegle2019
9.02575518145042,brain observatory 1.1gray,VISal,FS,siegle_survey_2019,Siegle2019
4.82405180165505,brain observatory 1.1gray,VISal,FS,siegle_survey_2019,Siegle2019
16.0266905791761,brain observatory 1.1gray,VISp,FS,siegle_survey_2019,Siegle2019
1.28294280615732,brain observatory 1.1gray,VISal,RS,siegle_survey_2019,Siegle2019
0.158530974074966,brain observatory 1.1gray,VISal,RS,siegle_survey_2019,Siegle2019
2.67399568607626,brain observatory 1.1gray,VISp,FS,siegle_survey_2019,Siegle2019
12.192384626156,brain observatory 1.1gray,VISal,FS,siegle_survey_2019,Siegle2019
14.6623018671129,brain observatory 1.1gray,VISp,FS,siegle_survey_2019,Siegle2019
5.02657822270731,brain observatory 1.1gray,VISp,RS,siegle_survey_2019,Siegle2019
0.968080234398187,brain observatory 1.1gray,VISp,RS,siegle_survey_2019,Siegle2019
0.740058830263471,brain observatory 1.1gray,VISp,RS,siegle_survey_2019,Siegle2019
4.00169478391032,brain observatory 1.1gray,VISp,RS,siegle_survey_2019,Siegle2019
12.954990145303,brain observatory 1.1gray,VISpm,FS,siegle_survey_2019,Siegle2019
4.63825453711973,brain observatory 1.1gray,VISp,FS,siegle_survey_2019,Siegle2019
3.24417205485815,brain observatory 1.1gray,VISpm,RS,siegle_survey_2019,Siegle2019
1.30991019396539,brain observatory 1.1gray,VISp,RS,siegle_survey_2019,Siegle2019
5.69821041706688,brain observatory 1.1gray,VISp,FS,siegle_survey_2019,Siegle2019
3.00106894129787,brain observatory 1.1gray,VISp,RS,siegle_survey_2019,Siegle2019
2.32074444163884,brain observatory 1.1gray,VISp,RS,siegle_survey_2019,Siegle2019
0.902818813071493,brain observatory 1.1gray,VISal,RS,siegle_survey_2019,Siegle2019
1.73765247335285,brain observatory 1.1gray,VISp,RS,siegle_survey_2019,Siegle2019
2.14952624190293,brain observatory 1.1gray,VISp,RS,siegle_survey_2019,Siegle2019
1.52206308726272,brain observatory 1.1gray,VISp,RS,siegle_survey_2019,Siegle2019
10.2971474337042,brain observatory 1.1gray,VISp,FS,siegle_survey_2019,Siegle2019
2.05201786768211,brain observatory 1.1gray,VISpm,FS,siegle_survey_2019,Siegle2019
9.19352788062484,brain observatory 1.1gray,VISp,FS,siegle_survey_2019,Siegle2019
2.9997549881712,brain observatory 1.1gray,VISp,RS,siegle_survey_2019,Siegle2019
2.41373189367959,brain observatory 1.1gray,VISp,RS,siegle_survey_2019,Siegle2019
2.61961824129591,brain observatory 1.1gray,VISp,RS,siegle_survey_2019,Siegle2019
1.24382098198413,brain observatory 1.1gray,VISal,RS,siegle_survey_2019,Siegle2019
1.47534043399416,brain observatory 1.1gray,VISal,RS,siegle_survey_2019,Siegle2019
7.35025379055178,brain observatory 1.1gray,VISp,RS,siegle_survey_2019,Siegle2019
10.623816395656,brain observatory 1.1gray,VISp,RS,siegle_survey_2019,Siegle2019
29.0373533660738,brain observatory 1.1gray,VISp,FS,siegle_survey_2019,Siegle2019
11.3590237066826,brain observatory 1.1gray,VISp,RS,siegle_survey_2019,Siegle2019
18.8237935658889,brain observatory 1.1gray,VISp,RS,siegle_survey_2019,Siegle2019
4.93263106896615,brain observatory 1.1gray,VISl,RS,siegle_survey_2019,Siegle2019
2.94371251334879,brain observatory 1.1gray,VISl,RS,siegle_survey_2019,Siegle2019
13.9185033241043,brain observatory 1.1gray,VISp,FS,siegle_survey_2019,Siegle2019
20.1194524220959,brain observatory 1.1gray,VISp,RS,siegle_survey_2019,Siegle2019
2.98732297012663,brain observatory 1.1gray,VISp,RS,siegle_survey_2019,Siegle2019
1.14337477922887,brain observatory 1.1gray,VISl,RS,siegle_survey_2019,Siegle2019
0.272491977729622,brain observatory 1.1gray,VISl,RS,siegle_survey_2019,Siegle2019
8.76143944858764,brain observatory 1.1gray,VISp,RS,siegle_survey_2019,Siegle2019
3.00349470091632,brain observatory 1.1gray,VISp,RS,siegle_survey_2019,Siegle2019
1.95579869008947,brain observatory 1.1gray,LP,FS,siegle_survey_2019,Siegle2019
4.7237790273801,brain observatory 1.1gray,VISl,RS,siegle_survey_2019,Siegle2019
7.38525378411052,brain observatory 1.1gray,VISl,RS,siegle_survey_2019,Siegle2019
22.7472326730902,brain observatory 1.1gray,VISl,FS,siegle_survey_2019,Siegle2019
2.40915654130052,brain observatory 1.1gray,VISl,RS,siegle_survey_2019,Siegle2019
6.59402322949862,brain observatory 1.1gray,VISp,RS,siegle_survey_2019,Siegle2019
6.14556092003685,brain observatory 1.1gray,VISp,RS,siegle_survey_2019,Siegle2019
7.5534294237938,brain observatory 1.1gray,LP,RS,siegle_survey_2019,Siegle2019
0.354821218294581,brain observatory 1.1gray,LP,RS,siegle_survey_2019,Siegle2019
6.97253862511021,brain observatory 1.1gray,LP,RS,siegle_survey_2019,Siegle2019
1.64274462828082,brain observatory 1.1gray,VISp,RS,siegle_survey_2019,Siegle2019
6.5116484757886,brain observatory 1.1gray,VISp,RS,siegle_survey_2019,Siegle2019
1.11807303747262,brain observatory 1.1gray,VISp,RS,siegle_survey_2019,Siegle2019
3.21548213759496,brain observatory 1.1gray,LP,RS,siegle_survey_2019,Siegle2019
24.6093720234395,brain observatory 1.1gray,LP,RS,siegle_survey_2019,Siegle2019
4.99534656761971,brain observatory 1.1gray,VISp,RS,siegle_survey_2019,Siegle2019
1.33133773726174,brain observatory 1.1gray,VISp,RS,siegle_survey_2019,Siegle2019
5.80121986937966,brain observatory 1.1gray,LP,FS,siegle_survey_2019,Siegle2019
1.31606998113763,brain observatory 1.1gray,VISl,RS,siegle_survey_2019,Siegle2019
2.50934314693521,brain observatory 1.1gray,LP,RS,siegle_survey_2019,Siegle2019
9.49907251923266,brain observatory 1.1gray,VISp,FS,siegle_survey_2019,Siegle2019
5.63099666097221,brain observatory 1.1gray,VISp,FS,siegle_survey_2019,Siegle2019
7.85915794384003,brain observatory 1.1gray,VISp,FS,siegle_survey_2019,Siegle2019
10.8339199469677,brain observatory 1.1gray,LP,FS,siegle_survey_2019,Siegle2019
1.65454088194413,brain observatory 1.1gray,VISl,RS,siegle_survey_2019,Siegle2019
0.306602203840268,brain observatory 1.1gray,VISl,RS,siegle_survey_2019,Siegle2019
15.8013186012848,brain observatory 1.1gray,VISl,FS,siegle_survey_2019,Siegle2019
5.32548341597191,brain observatory 1.1gray,VISl,RS,siegle_survey_2019,Siegle2019
13.5741012534736,brain observatory 1.1gray,LP,FS,siegle_survey_2019,Siegle2019
14.4533799231809,brain observatory 1.1gray,VISl,RS,siegle_survey_2019,Siegle2019
1.52453219156812,brain observatory 1.1gray,VISl,RS,siegle_survey_2019,Siegle2019
9.99301782154044,brain observatory 1.1gray,VISp,FS,siegle_survey_2019,Siegle2019
1.69762743964836,brain observatory 1.1gray,VISp,RS,siegle_survey_2019,Siegle2019
1.98396814794341,brain observatory 1.1gray,VISp,RS,siegle_survey_2019,Siegle2019
1.95227442699563,brain observatory 1.1gray,VISl,RS,siegle_survey_2019,Siegle2019
6.13433918650044,brain observatory 1.1gray,LP,RS,siegle_survey_2019,Siegle2019
4.31936822061041,brain observatory 1.1gray,VISp,FS,siegle_survey_2019,Siegle2019
1.15759270458994,brain observatory 1.1gray,VISp,FS,siegle_survey_2019,Siegle2019
7.36580043068575,brain observatory 1.1gray,LP,RS,siegle_survey_2019,Siegle2019
16.187963870636,brain observatory 1.1gray,LP,RS,siegle_survey_2019,Siegle2019
6.85546514030265,brain observatory 1.1gray,LP,RS,siegle_survey_2019,Siegle2019
23.7909081342871,brain observatory 1.1gray,VISl,RS,siegle_survey_2019,Siegle2019
1.27747669673816,brain observatory 1.1gray,VISl,RS,siegle_survey_2019,Siegle2019
0.870948776342575,brain observatory 1.1gray,VISp,RS,siegle_survey_2019,Siegle2019
10.6191392479068,brain observatory 1.1gray,LP,RS,siegle_survey_2019,Siegle2019
6.82699722618768,brain observatory 1.1gray,VISp,FS,siegle_survey_2019,Siegle2019
6.2444057794492,brain observatory 1.1gray,LP,RS,siegle_survey_2019,Siegle2019
5.36679257413364,brain observatory 1.1gray,LP,RS,siegle_survey_2019,Siegle2019
3.82313537046149,brain observatory 1.1gray,LP,RS,siegle_survey_2019,Siegle2019
4.40188517441044,brain observatory 1.1gray,LP,RS,siegle_survey_2019,Siegle2019
14.5506868062948,brain observatory 1.1gray,LP,RS,siegle_survey_2019,Siegle2019
5.37791570639342,brain observatory 1.1gray,VISl,FS,siegle_survey_2019,Siegle2019
4.51383328335651,brain observatory 1.1gray,VISp,FS,siegle_survey_2019,Siegle2019
6.26098073150361,brain observatory 1.1gray,VISl,RS,siegle_survey_2019,Siegle2019
3.57709068332906,brain observatory 1.1gray,VISl,RS,siegle_survey_2019,Siegle2019
6.93383172271711,brain observatory 1.1gray,VISp,FS,siegle_survey_2019,Siegle2019
1.81113277512854,brain observatory 1.1gray,VISp,RS,siegle_survey_2019,Siegle2019
3.99775292453033,brain observatory 1.1gray,VISp,FS,siegle_survey_2019,Siegle2019
5.71042222904262,brain observatory 1.1gray,LP,RS,siegle_survey_2019,Siegle2019
4.4558675657282,brain observatory 1.1gray,VISl,RS,siegle_survey_2019,Siegle2019
1.3695743072369,brain observatory 1.1gray,VISl,RS,siegle_survey_2019,Siegle2019
2.32317392296441,brain observatory 1.1gray,LP,RS,siegle_survey_2019,Siegle2019
29.956214419364,brain observatory 1.1gray,LP,FS,siegle_survey_2019,Siegle2019
4.3046130773747,brain observatory 1.1gray,VISl,RS,siegle_survey_2019,Siegle2019
1.27952331030479,brain observatory 1.1gray,VISl,RS,siegle_survey_2019,Siegle2019
4.75974095147961,brain observatory 1.1gray,VISl,RS,siegle_survey_2019,Siegle2019
0.779073130793613,brain observatory 1.1gray,VISp,RS,siegle_survey_2019,Siegle2019
8.08227189023436,brain observatory 1.1gray,VISl,RS,siegle_survey_2019,Siegle2019
4.07129612379424,brain observatory 1.1gray,LP,RS,siegle_survey_2019,Siegle2019
1.42960830519164,brain observatory 1.1gray,VISl,RS,siegle_survey_2019,Siegle2019
6.7218476052729,brain observatory 1.1gray,LP,RS,siegle_survey_2019,Siegle2019
5.42654579081846,brain observatory 1.1gray,LP,RS,siegle_survey_2019,Siegle2019
3.79997664651491,brain observatory 1.1gray,VISl,RS,siegle_survey_2019,Siegle2019
0.366928575161669,brain observatory 1.1gray,VISl,RS,siegle_survey_2019,Siegle2019
9.38645202112771,brain observatory 1.1gray,VISl,RS,siegle_survey_2019,Siegle2019
7.4339826785543,brain observatory 1.1gray,VISl,FS,siegle_survey_2019,Siegle2019
4.50413024488269,brain observatory 1.1gray,LP,RS,siegle_survey_2019,Siegle2019
7.30183967150013,brain observatory 1.1gray,LP,RS,siegle_survey_2019,Siegle2019
1.20177927172786,brain observatory 1.1gray,LP,RS,siegle_survey_2019,Siegle2019
2.45192556086998,brain observatory 1.1gray,LP,FS,siegle_survey_2019,Siegle2019
0.902429280648834,brain observatory 1.1gray,LP,RS,siegle_survey_2019,Siegle2019
16.6618708771619,brain observatory 1.1gray,VISl,RS,siegle_survey_2019,Siegle2019
0.808704732188985,brain observatory 1.1gray,VISl,RS,siegle_survey_2019,Siegle2019
36.9871800386073,brain observatory 1.1gray,VISl,FS,siegle_survey_2019,Siegle2019
11.654489684119,brain observatory 1.1gray,VISl,RS,siegle_survey_2019,Siegle2019
1.89225007364779,brain observatory 1.1gray,LP,RS,siegle_survey_2019,Siegle2019
0.884133507461949,brain observatory 1.1gray,LP,FS,siegle_survey_2019,Siegle2019
0.795087590089612,brain observatory 1.1gray,LP,RS,siegle_survey_2019,Siegle2019
0.490774383943931,brain observatory 1.1gray,LP,RS,siegle_survey_2019,Siegle2019
4.04090324417664,brain observatory 1.1gray,LP,RS,siegle_survey_2019,Siegle2019
7.95579057921783,brain observatory 1.1gray,LP,RS,siegle_survey_2019,Siegle2019
7.68366953368423,brain observatory 1.1gray,VISl,RS,siegle_survey_2019,Siegle2019
3.28642691766538,brain observatory 1.1gray,LP,RS,siegle_survey_2019,Siegle2019
9.53637828163062,brain observatory 1.1gray,LP,RS,siegle_survey_2019,Siegle2019
6.42245884273083,brain observatory 1.1gray,LP,RS,siegle_survey_2019,Siegle2019
11.7017585623751,brain observatory 1.1gray,LP,RS,siegle_survey_2019,Siegle2019
4.47562756936585,brain observatory 1.1gray,LP,RS,siegle_survey_2019,Siegle2019
1.43038958834863,brain observatory 1.1gray,LP,RS,siegle_survey_2019,Siegle2019
4.31411240810376,brain observatory 1.1gray,LP,RS,siegle_survey_2019,Siegle2019
1.45187737416754,brain observatory 1.1gray,LP,RS,siegle_survey_2019,Siegle2019
6.9026872333013,brain observatory 1.1gray,LP,RS,siegle_survey_2019,Siegle2019
4.1566439593522,brain observatory 1.1gray,LP,FS,siegle_survey_2019,Siegle2019
1.45782277840176,brain observatory 1.1gray,LP,FS,siegle_survey_2019,Siegle2019
5.38639453402663,brain observatory 1.1gray,VISl,RS,siegle_survey_2019,Siegle2019
14.8869696259417,brain observatory 1.1gray,VISl,RS,siegle_survey_2019,Siegle2019
0.515006551622304,brain observatory 1.1gray,LP,FS,siegle_survey_2019,Siegle2019
0.109871957063791,brain observatory 1.1gray,LP,FS,siegle_survey_2019,Siegle2019
10.3068433793818,brain observatory 1.1gray,VISl,RS,siegle_survey_2019,Siegle2019
0.176242793837489,brain observatory 1.1gray,LP,RS,siegle_survey_2019,Siegle2019
10.833119293976,brain observatory 1.1gray,LP,RS,siegle_survey_2019,Siegle2019
4.78946557709032,brain observatory 1.1gray,VISl,RS,siegle_survey_2019,Siegle2019
9.20976104987456,brain observatory 1.1gray,VISl,RS,siegle_survey_2019,Siegle2019
0.817378475399978,brain observatory 1.1gray,VISl,RS,siegle_survey_2019,Siegle2019
7.48623623358234,brain observatory 1.1gray,LP,FS,siegle_survey_2019,Siegle2019
20.708708102929,brain observatory 1.1gray,VISl,RS,siegle_survey_2019,Siegle2019
7.81182652607138,brain observatory 1.1gray,VISl,RS,siegle_survey_2019,Siegle2019
3.89918867560245,brain observatory 1.1gray,VISl,RS,siegle_survey_2019,Siegle2019
4.78736096909661,brain observatory 1.1gray,LP,RS,siegle_survey_2019,Siegle2019
17.073704846795,brain observatory 1.1gray,LP,RS,siegle_survey_2019,Siegle2019
11.596779848597,brain observatory 1.1gray,LP,RS,siegle_survey_2019,Siegle2019
7.21047280084431,brain observatory 1.1gray,LP,RS,siegle_survey_2019,Siegle2019
15.2091668228106,brain observatory 1.1gray,LP,RS,siegle_survey_2019,Siegle2019
9.51948190295923,brain observatory 1.1gray,VISl,RS,siegle_survey_2019,Siegle2019
5.10249999499717,brain observatory 1.1gray,VISl,RS,siegle_survey_2019,Siegle2019
11.1118880403365,brain observatory 1.1gray,LGd,RS,siegle_survey_2019,Siegle2019
1.4502693564358,brain observatory 1.1gray,VISl,RS,siegle_survey_2019,Siegle2019
3.96623963435709,brain observatory 1.1gray,VISl,RS,siegle_survey_2019,Siegle2019
9.46922506689396,brain observatory 1.1gray,LGd,RS,siegle_survey_2019,Siegle2019
7.70033892130755,brain observatory 1.1gray,LGd,RS,siegle_survey_2019,Siegle2019
3.06875085649153,brain observatory 1.1gray,VISl,RS,siegle_survey_2019,Siegle2019
3.36229371662087,brain observatory 1.1gray,VISl,RS,siegle_survey_2019,Siegle2019
5.7697934755103,brain observatory 1.1gray,VISl,FS,siegle_survey_2019,Siegle2019
27.9388090871306,brain observatory 1.1gray,VISl,FS,siegle_survey_2019,Siegle2019
14.0716038009521,brain observatory 1.1gray,LGd,RS,siegle_survey_2019,Siegle2019
2.69353836927442,brain observatory 1.1gray,VISl,RS,siegle_survey_2019,Siegle2019
5.22792816929546,brain observatory 1.1gray,VISl,RS,siegle_survey_2019,Siegle2019
16.3760575603642,brain observatory 1.1gray,LGd,RS,siegle_survey_2019,Siegle2019
13.1062763391127,brain observatory 1.1gray,LGd,RS,siegle_survey_2019,Siegle2019
2.41753791114485,brain observatory 1.1gray,VISl,RS,siegle_survey_2019,Siegle2019
1.22436220179443,brain observatory 1.1gray,VISl,RS,siegle_survey_2019,Siegle2019
3.36775135279857,brain observatory 1.1gray,VISl,RS,siegle_survey_2019,Siegle2019
16.5613506899153,brain observatory 1.1gray,LGd,FS,siegle_survey_2019,Siegle2019
8.57338929964528,brain observatory 1.1gray,VISl,FS,siegle_survey_2019,Siegle2019
4.00960835041205,brain observatory 1.1gray,VISl,RS,siegle_survey_2019,Siegle2019
7.94164030086961,brain observatory 1.1gray,VISl,FS,siegle_survey_2019,Siegle2019
4.44212601749505,brain observatory 1.1gray,VISl,FS,siegle_survey_2019,Siegle2019
16.9351495256486,brain observatory 1.1gray,LGd,RS,siegle_survey_2019,Siegle2019
19.0090231881639,brain observatory 1.1gray,LGd,RS,siegle_survey_2019,Siegle2019
9.6388698393074,brain observatory 1.1gray,LGd,FS,siegle_survey_2019,Siegle2019
10.9449969810176,brain observatory 1.1gray,VISl,FS,siegle_survey_2019,Siegle2019
16.9056145469449,brain observatory 1.1gray,LGd,FS,siegle_survey_2019,Siegle2019
2.35036251578299,brain observatory 1.1gray,LGd,RS,siegle_survey_2019,Siegle2019
13.1053436555746,brain observatory 1.1gray,LGd,RS,siegle_survey_2019,Siegle2019
1.07866280740753,brain observatory 1.1gray,VISl,RS,siegle_survey_2019,Siegle2019
14.2901626433589,brain observatory 1.1gray,LGd,RS,siegle_survey_2019,Siegle2019
17.9054512996907,brain observatory 1.1gray,LGd,RS,siegle_survey_2019,Siegle2019
12.4159868894817,brain observatory 1.1gray,LGd,FS,siegle_survey_2019,Siegle2019
6.41381960191095,brain observatory 1.1gray,VISl,FS,siegle_survey_2019,Siegle2019
0.510288982615272,brain observatory 1.1gray,VISl,RS,siegle_survey_2019,Siegle2019
2.08444017044105,brain observatory 1.1gray,VISl,RS,siegle_survey_2019,Siegle2019
14.9331961270641,brain observatory 1.1gray,LGd,FS,siegle_survey_2019,Siegle2019
1.59401959504495,brain observatory 1.1gray,VISl,RS,siegle_survey_2019,Siegle2019
10.7707424544866,brain observatory 1.1gray,VISl,FS,siegle_survey_2019,Siegle2019
13.4293993692807,brain observatory 1.1gray,LGd,RS,siegle_survey_2019,Siegle2019
11.9696460007922,brain observatory 1.1gray,LGd,RS,siegle_survey_2019,Siegle2019
2.63918351805315,brain observatory 1.1gray,LGd,RS,siegle_survey_2019,Siegle2019
7.40830534240647,brain observatory 1.1gray,LGd,FS,siegle_survey_2019,Siegle2019
5.46041835526956,brain observatory 1.1gray,VISl,RS,siegle_survey_2019,Siegle2019
21.7277957014605,brain observatory 1.1gray,LGd,RS,siegle_survey_2019,Siegle2019
15.275283722505,brain observatory 1.1gray,LGd,RS,siegle_survey_2019,Siegle2019
5.01503068414212,brain observatory 1.1gray,VISl,RS,siegle_survey_2019,Siegle2019
20.397996239268,brain observatory 1.1gray,LGd,FS,siegle_survey_2019,Siegle2019
11.5448604649812,brain observatory 1.1gray,LGd,FS,siegle_survey_2019,Siegle2019
0.117932651806043,brain observatory 1.1gray,LGd,RS,siegle_survey_2019,Siegle2019
3.8315676056457,brain observatory 1.1gray,LGd,FS,siegle_survey_2019,Siegle2019
9.94350611661064,brain observatory 1.1gray,VISl,RS,siegle_survey_2019,Siegle2019
5.94967649642335,brain observatory 1.1gray,VISl,RS,siegle_survey_2019,Siegle2019
5.76472567048815,brain observatory 1.1gray,VISl,RS,siegle_survey_2019,Siegle2019
4.76312579851172,brain observatory 1.1gray,VISl,RS,siegle_survey_2019,Siegle2019
5.24031147616931,brain observatory 1.1gray,VISl,RS,siegle_survey_2019,Siegle2019
5.32352524241094,brain observatory 1.1gray,VISl,RS,siegle_survey_2019,Siegle2019
21.8495489796468,brain observatory 1.1gray,VISl,RS,siegle_survey_2019,Siegle2019
1.05371361345231,brain observatory 1.1gray,VISl,RS,siegle_survey_2019,Siegle2019
5.77300892793887,brain observatory 1.1gray,VISl,RS,siegle_survey_2019,Siegle2019
2.83961587806904,brain observatory 1.1gray,VISl,RS,siegle_survey_2019,Siegle2019
17.8266913564811,brain observatory 1.1gray,LGd,RS,siegle_survey_2019,Siegle2019
13.2857661044273,brain observatory 1.1gray,LGd,RS,siegle_survey_2019,Siegle2019
2.88391750750596,brain observatory 1.1gray,VISl,RS,siegle_survey_2019,Siegle2019
1.42422732299295,brain observatory 1.1gray,VISl,RS,siegle_survey_2019,Siegle2019
20.4654603485173,brain observatory 1.1gray,LGd,RS,siegle_survey_2019,Siegle2019
15.508350975503,brain observatory 1.1gray,LGd,FS,siegle_survey_2019,Siegle2019
13.1892851739955,brain observatory 1.1gray,LGd,FS,siegle_survey_2019,Siegle2019
9.87349156486881,brain observatory 1.1gray,LGd,FS,siegle_survey_2019,Siegle2019
1.79480883638504,brain observatory 1.1gray,VISl,RS,siegle_survey_2019,Siegle2019
0.872019907894721,brain observatory 1.1gray,VISl,RS,siegle_survey_2019,Siegle2019
3.46468923355501,brain observatory 1.1gray,VISl,RS,siegle_survey_2019,Siegle2019
8.67913114508962,brain observatory 1.1gray,VISl,FS,siegle_survey_2019,Siegle2019
2.77686477877329,brain observatory 1.1gray,VISl,RS,siegle_survey_2019,Siegle2019
13.7877723779453,brain observatory 1.1gray,VISpm,RS,siegle_survey_2019,Siegle2019
6.06188770964855,brain observatory 1.1gray,VISpm,RS,siegle_survey_2019,Siegle2019
2.26470967628748,brain observatory 1.1gray,VISpm,FS,siegle_survey_2019,Siegle2019
1.1284519673362,brain observatory 1.1gray,VISl,RS,siegle_survey_2019,Siegle2019
2.81448476582285,brain observatory 1.1gray,VISpm,RS,siegle_survey_2019,Siegle2019
2.84985591407027,brain observatory 1.1gray,VISl,RS,siegle_survey_2019,Siegle2019
2.1570484014715,brain observatory 1.1gray,VISpm,RS,siegle_survey_2019,Siegle2019
3.2991671460165,brain observatory 1.1gray,VISpm,RS,siegle_survey_2019,Siegle2019
0.774086632362143,brain observatory 1.1gray,VISpm,RS,siegle_survey_2019,Siegle2019
2.03678187183061,brain observatory 1.1gray,VISpm,RS,siegle_survey_2019,Siegle2019
3.373516356979,brain observatory 1.1gray,LGd,FS,siegle_survey_2019,Siegle2019
32.7319205533633,brain observatory 1.1gray,VISpm,FS,siegle_survey_2019,Siegle2019
2.42465176209856,brain observatory 1.1gray,VISpm,RS,siegle_survey_2019,Siegle2019
18.4683776306313,brain observatory 1.1gray,LGd,FS,siegle_survey_2019,Siegle2019
2.62178968181919,brain observatory 1.1gray,VISpm,RS,siegle_survey_2019,Siegle2019
3.88582810417884,brain observatory 1.1gray,VISpm,RS,siegle_survey_2019,Siegle2019
6.32219822716305,brain observatory 1.1gray,VISl,RS,siegle_survey_2019,Siegle2019
14.6743246295144,brain observatory 1.1gray,LGd,FS,siegle_survey_2019,Siegle2019
9.36258824904825,brain observatory 1.1gray,LGd,FS,siegle_survey_2019,Siegle2019
10.3859493532527,brain observatory 1.1gray,LGd,RS,siegle_survey_2019,Siegle2019
4.03099517818695,brain observatory 1.1gray,VISpm,RS,siegle_survey_2019,Siegle2019
1.9497849491866,brain observatory 1.1gray,VISpm,RS,siegle_survey_2019,Siegle2019
5.48256259650726,brain observatory 1.1gray,VISpm,RS,siegle_survey_2019,Siegle2019
2.42021014962945,brain observatory 1.1gray,LGd,FS,siegle_survey_2019,Siegle2019
4.77378524204337,brain observatory 1.1gray,LGd,FS,siegle_survey_2019,Siegle2019
15.815203859508,brain observatory 1.1gray,LGd,FS,siegle_survey_2019,Siegle2019
4.16169720567469,brain observatory 1.1gray,VISpm,RS,siegle_survey_2019,Siegle2019
1.93077374518838,brain observatory 1.1gray,VISpm,RS,siegle_survey_2019,Siegle2019
2.23670947909446,brain observatory 1.1gray,VISpm,RS,siegle_survey_2019,Siegle2019
24.969700048076,brain observatory 1.1gray,LGd,FS,siegle_survey_2019,Siegle2019
7.14756847778081,brain observatory 1.1gray,LGd,FS,siegle_survey_2019,Siegle2019
25.4770797928266,brain observatory 1.1gray,VISpm,RS,siegle_survey_2019,Siegle2019
2.56857897497636,brain observatory 1.1gray,VISpm,RS,siegle_survey_2019,Siegle2019
18.7954681615406,brain observatory 1.1gray,VISpm,RS,siegle_survey_2019,Siegle2019
4.73254993442547,brain observatory 1.1gray,VISpm,RS,siegle_survey_2019,Siegle2019
11.5687993424567,brain observatory 1.1gray,LGd,RS,siegle_survey_2019,Siegle2019
4.94239369941457,brain observatory 1.1gray,LGd,FS,siegle_survey_2019,Siegle2019
9.61234017422625,brain observatory 1.1gray,LGd,FS,siegle_survey_2019,Siegle2019
7.33835407705579,brain observatory 1.1gray,LGd,RS,siegle_survey_2019,Siegle2019
6.96016709856426,brain observatory 1.1gray,VISpm,RS,siegle_survey_2019,Siegle2019
6.64617226731111,brain observatory 1.1gray,VISpm,RS,siegle_survey_2019,Siegle2019
7.99090498490231,brain observatory 1.1gray,VISpm,RS,siegle_survey_2019,Siegle2019
5.14604362138667,brain observatory 1.1gray,VISpm,RS,siegle_survey_2019,Siegle2019
3.51614284382222,brain observatory 1.1gray,VISpm,RS,siegle_survey_2019,Siegle2019
13.7329360451506,brain observatory 1.1gray,LGd,FS,siegle_survey_2019,Siegle2019
14.7926718073374,brain observatory 1.1gray,LGd,FS,siegle_survey_2019,Siegle2019
3.25941807082922,brain observatory 1.1gray,LGd,FS,siegle_survey_2019,Siegle2019
19.7101939457384,brain observatory 1.1gray,LGd,RS,siegle_survey_2019,Siegle2019
4.96747252343659,brain observatory 1.1gray,LGd,FS,siegle_survey_2019,Siegle2019
16.9918835039707,brain observatory 1.1gray,VISpm,RS,siegle_survey_2019,Siegle2019
14.561445723264,brain observatory 1.1gray,VISpm,RS,siegle_survey_2019,Siegle2019
6.49180955658647,brain observatory 1.1gray,VISpm,RS,siegle_survey_2019,Siegle2019
7.4312110063244,brain observatory 1.1gray,VISpm,RS,siegle_survey_2019,Siegle2019
14.2768975938559,brain observatory 1.1gray,VISpm,RS,siegle_survey_2019,Siegle2019
12.3898289535113,brain observatory 1.1gray,VISpm,RS,siegle_survey_2019,Siegle2019
3.92767341732708,brain observatory 1.1gray,VISpm,RS,siegle_survey_2019,Siegle2019
5.79531756663009,brain observatory 1.1gray,VISpm,RS,siegle_survey_2019,Siegle2019
18.1049688337141,brain observatory 1.1gray,VISpm,FS,siegle_survey_2019,Siegle2019
4.35408232439576,brain observatory 1.1gray,VISpm,RS,siegle_survey_2019,Siegle2019
7.30954451888173,brain observatory 1.1gray,LGd,FS,siegle_survey_2019,Siegle2019
9.80996545277996,brain observatory 1.1gray,LGd,FS,siegle_survey_2019,Siegle2019
4.03099517818695,brain observatory 1.1gray,VISpm,RS,siegle_survey_2019,Siegle2019
3.0076964586308,brain observatory 1.1gray,VISpm,RS,siegle_survey_2019,Siegle2019
3.02329804452064,brain observatory 1.1gray,VISpm,RS,siegle_survey_2019,Siegle2019
6.13658934275024,brain observatory 1.1gray,VISpm,RS,siegle_survey_2019,Siegle2019
2.60081536436464,brain observatory 1.1gray,VISpm,RS,siegle_survey_2019,Siegle2019
36.6533946650387,brain observatory 1.1gray,VISpm,FS,siegle_survey_2019,Siegle2019
6.06643386712638,brain observatory 1.1gray,VISpm,RS,siegle_survey_2019,Siegle2019
4.59192901789518,brain observatory 1.1gray,VISpm,RS,siegle_survey_2019,Siegle2019
17.5398074096733,brain observatory 1.1gray,VISpm,FS,siegle_survey_2019,Siegle2019
12.1282182550141,brain observatory 1.1gray,VISpm,FS,siegle_survey_2019,Siegle2019
24.5965717467788,brain observatory 1.1gray,VISpm,FS,siegle_survey_2019,Siegle2019
1.64612229401944,brain observatory 1.1gray,VISpm,RS,siegle_survey_2019,Siegle2019
3.11081157596895,brain observatory 1.1gray,VISpm,RS,siegle_survey_2019,Siegle2019
26.809930507919,brain observatory 1.1gray,VISpm,FS,siegle_survey_2019,Siegle2019
6.05901509901827,brain observatory 1.1gray,VISpm,RS,siegle_survey_2019,Siegle2019
8.07779858578546,brain observatory 1.1gray,VISpm,RS,siegle_survey_2019,Siegle2019
3.89077134048748,brain observatory 1.1gray,VISpm,RS,siegle_survey_2019,Siegle2019
20.975453993923,brain observatory 1.1gray,VISpm,FS,siegle_survey_2019,Siegle2019
22.4033607290064,brain observatory 1.1gray,VISpm,FS,siegle_survey_2019,Siegle2019
10.3538505366969,brain observatory 1.1gray,VISpm,RS,siegle_survey_2019,Siegle2019
2.1235721509529,brain observatory 1.1gray,VISpm,RS,siegle_survey_2019,Siegle2019
0.661362591264025,brain observatory 1.1gray,VISpm,RS,siegle_survey_2019,Siegle2019
0.338068801533493,brain observatory 1.1gray,VISpm,RS,siegle_survey_2019,Siegle2019
1.67883182578163,brain observatory 1.1gray,VISpm,RS,siegle_survey_2019,Siegle2019
2.92109536158259,brain observatory 1.1gray,VISpm,RS,siegle_survey_2019,Siegle2019
1.50519141220658,brain observatory 1.1gray,VISpm,RS,siegle_survey_2019,Siegle2019
0.302629437558558,brain observatory 1.1gray,VISpm,RS,siegle_survey_2019,Siegle2019
0.731414745127017,brain observatory 1.1gray,VISpm,RS,siegle_survey_2019,Siegle2019
1.17972786549799,brain observatory 1.1gray,VISpm,RS,siegle_survey_2019,Siegle2019
1.23048806476047,brain observatory 1.1gray,VISpm,RS,siegle_survey_2019,Siegle2019
2.16924036925296,brain observatory 1.1gray,VISpm,RS,siegle_survey_2019,Siegle2019
4.36606764865551,brain observatory 1.1gray,VISpm,FS,siegle_survey_2019,Siegle2019
3.34832112908485,brain observatory 1.1gray,VISpm,RS,siegle_survey_2019,Siegle2019
1.0961077516184,brain observatory 1.1gray,VISl,RS,siegle_survey_2019,Siegle2019
0.889497039242617,brain observatory 1.1gray,VISpm,RS,siegle_survey_2019,Siegle2019
0.15053980557283,brain observatory 1.1gray,VISpm,RS,siegle_survey_2019,Siegle2019
0.530040633211131,brain observatory 1.1gray,VISpm,RS,siegle_survey_2019,Siegle2019
4.04492296138123,brain observatory 1.1gray,VISpm,RS,siegle_survey_2019,Siegle2019
3.4078797098847,brain observatory 1.1gray,VISpm,RS,siegle_survey_2019,Siegle2019
0.393845713230436,brain observatory 1.1gray,VISpm,FS,siegle_survey_2019,Siegle2019
0.201347791841702,brain observatory 1.1gray,VISl,RS,siegle_survey_2019,Siegle2019
0.414451983418443,brain observatory 1.1gray,VISl,RS,siegle_survey_2019,Siegle2019
6.63581854411755,brain observatory 1.1gray,VISpm,FS,siegle_survey_2019,Siegle2019
0.52315341074843,brain observatory 1.1gray,VISl,RS,siegle_survey_2019,Siegle2019
0.847238439050931,brain observatory 1.1gray,VISpm,RS,siegle_survey_2019,Siegle2019
2.3167509387605,brain observatory 1.1gray,VISpm,RS,siegle_survey_2019,Siegle2019
0.861910129093032,brain observatory 1.1gray,VISpm,RS,siegle_survey_2019,Siegle2019
0.709407210063865,brain observatory 1.1gray,VISpm,RS,siegle_survey_2019,Siegle2019
0.682130265196859,brain observatory 1.1gray,VISpm,RS,siegle_survey_2019,Siegle2019
11.6670588525683,brain observatory 1.1gray,VISpm,FS,siegle_survey_2019,Siegle2019
8.31465036989917,brain observatory 1.1gray,VISpm,RS,siegle_survey_2019,Siegle2019
7.58525239098588,brain observatory 1.1gray,VISpm,RS,siegle_survey_2019,Siegle2019
4.51555253123109,brain observatory 1.1gray,VISpm,RS,siegle_survey_2019,Siegle2019
5.92646806135584,brain observatory 1.1gray,VISpm,RS,siegle_survey_2019,Siegle2019
4.55340921085714,brain observatory 1.1gray,VISpm,RS,siegle_survey_2019,Siegle2019
7.51226393412331,brain observatory 1.1gray,VISpm,RS,siegle_survey_2019,Siegle2019
7.01331484301077,brain observatory 1.1gray,VISpm,RS,siegle_survey_2019,Siegle2019
6.84184062835497,brain observatory 1.1gray,VISpm,RS,siegle_survey_2019,Siegle2019
4.76726604607438,brain observatory 1.1gray,VISpm,RS,siegle_survey_2019,Siegle2019
13.0206541145703,brain observatory 1.1gray,VISpm,RS,siegle_survey_2019,Siegle2019
9.9594209158116,brain observatory 1.1gray,VISpm,RS,siegle_survey_2019,Siegle2019
7.39266018281117,brain observatory 1.1gray,VISpm,RS,siegle_survey_2019,Siegle2019
7.55605700824085,brain observatory 1.1gray,VISpm,RS,siegle_survey_2019,Siegle2019
7.48686395113513,brain observatory 1.1gray,VISpm,RS,siegle_survey_2019,Siegle2019
10.9258854026145,brain observatory 1.1gray,VISpm,RS,siegle_survey_2019,Siegle2019
2.11209130571785,brain observatory 1.1gray,VISpm,RS,siegle_survey_2019,Siegle2019
2.93452523764531,brain observatory 1.1gray,VISpm,RS,siegle_survey_2019,Siegle2019
3.88308322303129,brain observatory 1.1gray,VISpm,RS,siegle_survey_2019,Siegle2019
19.0477813707434,brain observatory 1.1gray,VISrl,RS,siegle_survey_2019,Siegle2019
1.87434357223084,brain observatory 1.1gray,VISpm,RS,siegle_survey_2019,Siegle2019
2.19072420324446,brain observatory 1.1gray,VISpm,RS,siegle_survey_2019,Siegle2019
4.30797335991393,brain observatory 1.1gray,VISpm,RS,siegle_survey_2019,Siegle2019
0.713535154288499,brain observatory 1.1gray,VISpm,RS,siegle_survey_2019,Siegle2019
1.38741857854068,brain observatory 1.1gray,VISrl,RS,siegle_survey_2019,Siegle2019
0.548107025836695,brain observatory 1.1gray,VISrl,RS,siegle_survey_2019,Siegle2019
0.115203763358755,brain observatory 1.1gray,VISpm,RS,siegle_survey_2019,Siegle2019
5.22219876081731,brain observatory 1.1gray,VISrl,RS,siegle_survey_2019,Siegle2019
5.11434983133162,brain observatory 1.1gray,VISpm,RS,siegle_survey_2019,Siegle2019
2.59342584924089,brain observatory 1.1gray,VISpm,RS,siegle_survey_2019,Siegle2019
5.30251317659032,brain observatory 1.1gray,VISrl,RS,siegle_survey_2019,Siegle2019
4.86819354239073,brain observatory 1.1gray,VISrl,RS,siegle_survey_2019,Siegle2019
2.24405443572538,brain observatory 1.1gray,VISpm,RS,siegle_survey_2019,Siegle2019
4.59457470052763,brain observatory 1.1gray,VISpm,FS,siegle_survey_2019,Siegle2019
29.152785716047,brain observatory 1.1gray,VISrl,FS,siegle_survey_2019,Siegle2019
7.24755913056838,brain observatory 1.1gray,VISpm,FS,siegle_survey_2019,Siegle2019
1.9811234662356,brain observatory 1.1gray,VISrl,RS,siegle_survey_2019,Siegle2019
8.08906737922259,brain observatory 1.1gray,VISpm,FS,siegle_survey_2019,Siegle2019
5.31463806258443,brain observatory 1.1gray,VISrl,RS,siegle_survey_2019,Siegle2019
4.01986604881932,brain observatory 1.1gray,VISrl,RS,siegle_survey_2019,Siegle2019
16.5395880740285,brain observatory 1.1gray,VISrl,RS,siegle_survey_2019,Siegle2019
2.0270322226065,brain observatory 1.1gray,VISrl,RS,siegle_survey_2019,Siegle2019
0.426443639878616,brain observatory 1.1gray,VISrl,RS,siegle_survey_2019,Siegle2019
7.13934157852681,brain observatory 1.1gray,LP,RS,siegle_survey_2019,Siegle2019
0.74224394732111,brain observatory 1.1gray,LP,RS,siegle_survey_2019,Siegle2019
2.22011422187446,brain observatory 1.1gray,LP,RS,siegle_survey_2019,Siegle2019
0.52425175615823,brain observatory 1.1gray,LP,RS,siegle_survey_2019,Siegle2019
13.4731318640629,brain observatory 1.1gray,VISrl,RS,siegle_survey_2019,Siegle2019
9.07894882198926,brain observatory 1.1gray,VISrl,RS,siegle_survey_2019,Siegle2019
9.35657762180331,brain observatory 1.1gray,VISrl,RS,siegle_survey_2019,Siegle2019
3.71073327172141,brain observatory 1.1gray,VISrl,RS,siegle_survey_2019,Siegle2019
9.96427276256836,brain observatory 1.1gray,VISrl,RS,siegle_survey_2019,Siegle2019
53.240478031679,brain observatory 1.1gray,VISrl,FS,siegle_survey_2019,Siegle2019
4.1812203008949,brain observatory 1.1gray,VISrl,RS,siegle_survey_2019,Siegle2019
13.7945967901634,brain observatory 1.1gray,VISrl,RS,siegle_survey_2019,Siegle2019
7.62644965879638,brain observatory 1.1gray,VISrl,RS,siegle_survey_2019,Siegle2019
1.34036987562333,brain observatory 1.1gray,VISrl,RS,siegle_survey_2019,Siegle2019
6.88579529811291,brain observatory 1.1gray,VISrl,FS,siegle_survey_2019,Siegle2019
4.40174814188195,brain observatory 1.1gray,VISrl,RS,siegle_survey_2019,Siegle2019
2.19667699501993,brain observatory 1.1gray,VISrl,RS,siegle_survey_2019,Siegle2019
12.933729884581,brain observatory 1.1gray,VISrl,FS,siegle_survey_2019,Siegle2019
1.17176141825213,brain observatory 1.1gray,VISrl,RS,siegle_survey_2019,Siegle2019
2.84551384296161,brain observatory 1.1gray,VISrl,FS,siegle_survey_2019,Siegle2019
24.579734697684,brain observatory 1.1gray,VISrl,FS,siegle_survey_2019,Siegle2019
11.6113918906925,brain observatory 1.1gray,VISrl,RS,siegle_survey_2019,Siegle2019
2.17978505983155,brain observatory 1.1gray,VISrl,RS,siegle_survey_2019,Siegle2019
0.239906932276791,brain observatory 1.1gray,VISrl,RS,siegle_survey_2019,Siegle2019
3.73664114777722,brain observatory 1.1gray,VISrl,RS,siegle_survey_2019,Siegle2019
13.3643187846285,brain observatory 1.1gray,LGd,FS,siegle_survey_2019,Siegle2019
9.60884006259865,brain observatory 1.1gray,VISl,RS,siegle_survey_2019,Siegle2019
12.0461020572076,brain observatory 1.1gray,VISl,RS,siegle_survey_2019,Siegle2019
10.2335247045676,brain observatory 1.1gray,VISl,RS,siegle_survey_2019,Siegle2019
14.583069754678,brain observatory 1.1gray,VISl,RS,siegle_survey_2019,Siegle2019
6.98291214734209,brain observatory 1.1gray,VISl,FS,siegle_survey_2019,Siegle2019
3.90691372258887,brain observatory 1.1gray,VISl,RS,siegle_survey_2019,Siegle2019
2.48344691603803,brain observatory 1.1gray,VISl,RS,siegle_survey_2019,Siegle2019
2.31957826864095,brain observatory 1.1gray,VISl,RS,siegle_survey_2019,Siegle2019
3.22819168932819,brain observatory 1.1gray,VISl,RS,siegle_survey_2019,Siegle2019
12.0788551222927,brain observatory 1.1gray,VISl,FS,siegle_survey_2019,Siegle2019
3.26011817863821,brain observatory 1.1gray,VISl,RS,siegle_survey_2019,Siegle2019
2.59276156228401,brain observatory 1.1gray,VISl,RS,siegle_survey_2019,Siegle2019
12.5156081783744,brain observatory 1.1gray,LP,RS,siegle_survey_2019,Siegle2019
1.96570051496187,brain observatory 1.1gray,VISl,RS,siegle_survey_2019,Siegle2019
18.6051874759098,brain observatory 1.1gray,VISl,RS,siegle_survey_2019,Siegle2019
2.41432451685225,brain observatory 1.1gray,VISl,RS,siegle_survey_2019,Siegle2019
2.38849402388298,brain observatory 1.1gray,VISl,RS,siegle_survey_2019,Siegle2019
1.34215241468356,brain observatory 1.1gray,VISl,RS,siegle_survey_2019,Siegle2019
5.65939907939897,brain observatory 1.1gray,VISrl,FS,siegle_survey_2019,Siegle2019
24.9086936852049,brain observatory 1.1gray,VISrl,FS,siegle_survey_2019,Siegle2019
6.16262762153832,brain observatory 1.1gray,VISrl,RS,siegle_survey_2019,Siegle2019
2.67778699777731,brain observatory 1.1gray,VISrl,RS,siegle_survey_2019,Siegle2019
0.856880161194551,brain observatory 1.1gray,VISrl,RS,siegle_survey_2019,Siegle2019
0.508386367073292,brain observatory 1.1gray,VISrl,RS,siegle_survey_2019,Siegle2019
5.2058024375673,brain observatory 1.1gray,VISrl,FS,siegle_survey_2019,Siegle2019
3.98203548390217,brain observatory 1.1gray,VISrl,FS,siegle_survey_2019,Siegle2019
15.1324744514603,brain observatory 1.1gray,VISrl,RS,siegle_survey_2019,Siegle2019
3.9269808445609,brain observatory 1.1gray,VISal,RS,siegle_survey_2019,Siegle2019
1.42815251144576,brain observatory 1.1gray,VISal,RS,siegle_survey_2019,Siegle2019
10.93118274914,brain observatory 1.1gray,VISrl,RS,siegle_survey_2019,Siegle2019
10.7577630504179,brain observatory 1.1gray,VISrl,RS,siegle_survey_2019,Siegle2019
9.32333902057176,brain observatory 1.1gray,VISal,FS,siegle_survey_2019,Siegle2019
3.85603127254422,brain observatory 1.1gray,VISal,RS,siegle_survey_2019,Siegle2019
1.65786149667011,brain observatory 1.1gray,VISal,RS,siegle_survey_2019,Siegle2019
6.921995696246,brain observatory 1.1gray,VISrl,RS,siegle_survey_2019,Siegle2019
6.87187720868039,brain observatory 1.1gray,VISrl,RS,siegle_survey_2019,Siegle2019
7.38474017852653,brain observatory 1.1gray,VISrl,RS,siegle_survey_2019,Siegle2019
8.02236412130299,brain observatory 1.1gray,VISrl,RS,siegle_survey_2019,Siegle2019
4.91287690830034,brain observatory 1.1gray,VISrl,RS,siegle_survey_2019,Siegle2019
1.29609664594767,brain observatory 1.1gray,VISal,RS,siegle_survey_2019,Siegle2019
0.881704365432632,brain observatory 1.1gray,VISal,RS,siegle_survey_2019,Siegle2019
6.57813634946461,brain observatory 1.1gray,VISal,FS,siegle_survey_2019,Siegle2019
4.6972904835992,brain observatory 1.1gray,VISal,RS,siegle_survey_2019,Siegle2019
1.03461628644112,brain observatory 1.1gray,VISal,RS,siegle_survey_2019,Siegle2019
0.553952427668739,brain observatory 1.1gray,VISal,RS,siegle_survey_2019,Siegle2019
8.05277642389383,brain observatory 1.1gray,VISal,RS,siegle_survey_2019,Siegle2019
0.717974583855665,brain observatory 1.1gray,VISal,RS,siegle_survey_2019,Siegle2019
32.2305667900083,brain observatory 1.1gray,VISrl,FS,siegle_survey_2019,Siegle2019
0.39840913517062,brain observatory 1.1gray,VISal,RS,siegle_survey_2019,Siegle2019
1.38653785862828,brain observatory 1.1gray,VISal,RS,siegle_survey_2019,Siegle2019
1.42824996964908,brain observatory 1.1gray,VISal,RS,siegle_survey_2019,Siegle2019
10.0410212298175,brain observatory 1.1gray,VISal,RS,siegle_survey_2019,Siegle2019
0.229708985224352,brain observatory 1.1gray,VISal,RS,siegle_survey_2019,Siegle2019
6.80647988121614,brain observatory 1.1gray,VISrl,RS,siegle_survey_2019,Siegle2019
7.72632443358534,brain observatory 1.1gray,VISrl,RS,siegle_survey_2019,Siegle2019
3.03027080741351,brain observatory 1.1gray,VISrl,RS,siegle_survey_2019,Siegle2019
3.79567256411937,brain observatory 1.1gray,VISrl,RS,siegle_survey_2019,Siegle2019
1.98005831684479,brain observatory 1.1gray,VISal,RS,siegle_survey_2019,Siegle2019
7.13472014862298,brain observatory 1.1gray,VISal,RS,siegle_survey_2019,Siegle2019
6.38257652192542,brain observatory 1.1gray,VISam,FS,siegle_survey_2019,Siegle2019
1.16930352342884,brain observatory 1.1gray,VISal,RS,siegle_survey_2019,Siegle2019
1.17570232738385,brain observatory 1.1gray,VISam,RS,siegle_survey_2019,Siegle2019
3.04924771047233,brain observatory 1.1gray,VISrl,RS,siegle_survey_2019,Siegle2019
4.62647164828949,brain observatory 1.1gray,VISrl,RS,siegle_survey_2019,Siegle2019
2.64294735011035,brain observatory 1.1gray,VISrl,RS,siegle_survey_2019,Siegle2019
2.86479639825466,brain observatory 1.1gray,VISam,RS,siegle_survey_2019,Siegle2019
0.49276902306833,brain observatory 1.1gray,VISam,RS,siegle_survey_2019,Siegle2019
3.86982846222616,brain observatory 1.1gray,VISrl,RS,siegle_survey_2019,Siegle2019
1.97377051805666,brain observatory 1.1gray,VISam,RS,siegle_survey_2019,Siegle2019
1.85749568232949,brain observatory 1.1gray,VISam,RS,siegle_survey_2019,Siegle2019
5.75500436422707,brain observatory 1.1gray,VISal,RS,siegle_survey_2019,Siegle2019
7.63951726677268,brain observatory 1.1gray,VISrl,RS,siegle_survey_2019,Siegle2019
7.51641069051929,brain observatory 1.1gray,VISrl,FS,siegle_survey_2019,Siegle2019
2.61900725702075,brain observatory 1.1gray,VISrl,RS,siegle_survey_2019,Siegle2019
1.25432463346241,brain observatory 1.1gray,VISrl,RS,siegle_survey_2019,Siegle2019
5.95303943337255,brain observatory 1.1gray,VISal,RS,siegle_survey_2019,Siegle2019
4.63482687438654,brain observatory 1.1gray,VISam,RS,siegle_survey_2019,Siegle2019
11.8350579897944,brain observatory 1.1gray,VISam,FS,siegle_survey_2019,Siegle2019
2.68437350253185,brain observatory 1.1gray,VISam,RS,siegle_survey_2019,Siegle2019
10.6396196641952,brain observatory 1.1gray,VISrl,RS,siegle_survey_2019,Siegle2019
5.4829625396777,brain observatory 1.1gray,VISrl,RS,siegle_survey_2019,Siegle2019
1.27913891857006,brain observatory 1.1gray,VISal,RS,siegle_survey_2019,Siegle2019
3.15144184889756,brain observatory 1.1gray,VISam,RS,siegle_survey_2019,Siegle2019
5.44667808925873,brain observatory 1.1gray,VISam,RS,siegle_survey_2019,Siegle2019
6.74342546229469,brain observatory 1.1gray,VISal,RS,siegle_survey_2019,Siegle2019
7.24624361724644,brain observatory 1.1gray,VISam,RS,siegle_survey_2019,Siegle2019
4.93577350803332,brain observatory 1.1gray,VISam,FS,siegle_survey_2019,Siegle2019
27.631025512858,brain observatory 1.1gray,VISam,FS,siegle_survey_2019,Siegle2019
6.16992414856344,brain observatory 1.1gray,VISam,RS,siegle_survey_2019,Siegle2019
0.162422826693209,brain observatory 1.1gray,VISrl,RS,siegle_survey_2019,Siegle2019
3.61902835406776,brain observatory 1.1gray,VISam,RS,siegle_survey_2019,Siegle2019
7.33236538495518,brain observatory 1.1gray,VISal,RS,siegle_survey_2019,Siegle2019
4.97358449001033,brain observatory 1.1gray,VISal,RS,siegle_survey_2019,Siegle2019
3.99593706845252,brain observatory 1.1gray,VISam,RS,siegle_survey_2019,Siegle2019
2.13942685561624,brain observatory 1.1gray,VISrl,RS,siegle_survey_2019,Siegle2019
0.265384690468772,brain observatory 1.1gray,VISrl,RS,siegle_survey_2019,Siegle2019
0.750414869161974,brain observatory 1.1gray,VISrl,RS,siegle_survey_2019,Siegle2019
7.37763600456092,brain observatory 1.1gray,VISrl,FS,siegle_survey_2019,Siegle2019
4.22958856586833,brain observatory 1.1gray,VISal,RS,siegle_survey_2019,Siegle2019
7.28292926060421,brain observatory 1.1gray,VISam,RS,siegle_survey_2019,Siegle2019
8.62133345259737,brain observatory 1.1gray,VISam,RS,siegle_survey_2019,Siegle2019
5.12635231632409,brain observatory 1.1gray,VISam,RS,siegle_survey_2019,Siegle2019
2.00175109349902,brain observatory 1.1gray,VISam,RS,siegle_survey_2019,Siegle2019
7.67735174258067,brain observatory 1.1gray,VISam,RS,siegle_survey_2019,Siegle2019
0.363519098382195,brain observatory 1.1gray,VISal,RS,siegle_survey_2019,Siegle2019
0.143458475286485,brain observatory 1.1gray,VISal,RS,siegle_survey_2019,Siegle2019
1.72325595109758,brain observatory 1.1gray,VISal,RS,siegle_survey_2019,Siegle2019
25.7379318310859,brain observatory 1.1gray,VISal,FS,siegle_survey_2019,Siegle2019
5.93081896301567,brain observatory 1.1gray,VISal,RS,siegle_survey_2019,Siegle2019
9.62653149109911,brain observatory 1.1gray,VISal,RS,siegle_survey_2019,Siegle2019
10.3632180499921,brain observatory 1.1gray,VISal,RS,siegle_survey_2019,Siegle2019
0.285140133140265,brain observatory 1.1gray,VISrl,RS,siegle_survey_2019,Siegle2019
4.95613947161612,brain observatory 1.1gray,VISal,RS,siegle_survey_2019,Siegle2019
5.92243755753019,brain observatory 1.1gray,VISal,RS,siegle_survey_2019,Siegle2019
4.96147418473593,brain observatory 1.1gray,VISam,RS,siegle_survey_2019,Siegle2019
1.91708394484564,brain observatory 1.1gray,VISam,RS,siegle_survey_2019,Siegle2019
11.5735950570496,brain observatory 1.1gray,VISam,RS,siegle_survey_2019,Siegle2019
2.03470599346448,brain observatory 1.1gray,VISam,RS,siegle_survey_2019,Siegle2019
17.6936751422403,brain observatory 1.1gray,VISrl,FS,siegle_survey_2019,Siegle2019
0.313556829002708,brain observatory 1.1gray,VISrl,RS,siegle_survey_2019,Siegle2019
3.57871559907858,brain observatory 1.1gray,VISam,RS,siegle_survey_2019,Siegle2019
12.9682712952102,brain observatory 1.1gray,VISam,RS,siegle_survey_2019,Siegle2019
10.1933236336538,brain observatory 1.1gray,VISam,RS,siegle_survey_2019,Siegle2019
7.90845056938243,brain observatory 1.1gray,VISam,FS,siegle_survey_2019,Siegle2019
16.2909128131107,brain observatory 1.1gray,VISam,RS,siegle_survey_2019,Siegle2019
5.10293153836123,brain observatory 1.1gray,VISam,RS,siegle_survey_2019,Siegle2019
8.09820032358603,brain observatory 1.1gray,VISam,RS,siegle_survey_2019,Siegle2019
4.32646201996804,brain observatory 1.1gray,VISal,RS,siegle_survey_2019,Siegle2019
7.48117681920141,brain observatory 1.1gray,VISam,RS,siegle_survey_2019,Siegle2019
16.173187132731,brain observatory 1.1gray,VISam,RS,siegle_survey_2019,Siegle2019
4.95525627908207,brain observatory 1.1gray,VISam,RS,siegle_survey_2019,Siegle2019
44.4219363641009,brain observatory 1.1gray,VISal,FS,siegle_survey_2019,Siegle2019
9.92485105146048,brain observatory 1.1gray,VISal,RS,siegle_survey_2019,Siegle2019
2.24105138533474,brain observatory 1.1gray,VISal,RS,siegle_survey_2019,Siegle2019
8.21280279374465,brain observatory 1.1gray,VISal,RS,siegle_survey_2019,Siegle2019
10.5926346606065,brain observatory 1.1gray,VISal,RS,siegle_survey_2019,Siegle2019
10.0953054490665,brain observatory 1.1gray,VISal,RS,siegle_survey_2019,Siegle2019
11.0096583126112,brain observatory 1.1gray,VISal,RS,siegle_survey_2019,Siegle2019
2.34279774960042,brain observatory 1.1gray,VISal,RS,siegle_survey_2019,Siegle2019
2.29523814638045,brain observatory 1.1gray,VISal,FS,siegle_survey_2019,Siegle2019
11.4949385505283,brain observatory 1.1gray,VISam,RS,siegle_survey_2019,Siegle2019
8.09643858365077,brain observatory 1.1gray,VISam,RS,siegle_survey_2019,Siegle2019
3.93987228580689,brain observatory 1.1gray,VISam,RS,siegle_survey_2019,Siegle2019
6.50533507158485,brain observatory 1.1gray,VISal,RS,siegle_survey_2019,Siegle2019
3.24927023118494,brain observatory 1.1gray,VISam,RS,siegle_survey_2019,Siegle2019
2.24134772469439,brain observatory 1.1gray,VISam,RS,siegle_survey_2019,Siegle2019
1.01132377584773,brain observatory 1.1gray,VISal,RS,siegle_survey_2019,Siegle2019
1.29950768306386,brain observatory 1.1gray,VISal,RS,siegle_survey_2019,Siegle2019
5.87663220196996,brain observatory 1.1gray,VISal,RS,siegle_survey_2019,Siegle2019
6.23956469188666,brain observatory 1.1gray,VISam,RS,siegle_survey_2019,Siegle2019
4.71638507021299,brain observatory 1.1gray,VISam,RS,siegle_survey_2019,Siegle2019
2.85188791866057,brain observatory 1.1gray,VISrl,RS,siegle_survey_2019,Siegle2019
1.91542583667128,brain observatory 1.1gray,VISam,RS,siegle_survey_2019,Siegle2019
2.24592429550072,brain observatory 1.1gray,VISal,RS,siegle_survey_2019,Siegle2019
4.43600504049929,brain observatory 1.1gray,VISal,RS,siegle_survey_2019,Siegle2019
4.86823217222182,brain observatory 1.1gray,VISal,RS,siegle_survey_2019,Siegle2019
3.03192470527348,brain observatory 1.1gray,VISal,RS,siegle_survey_2019,Siegle2019
2.37565448681775,brain observatory 1.1gray,VISam,RS,siegle_survey_2019,Siegle2019
0.298277989104066,brain observatory 1.1gray,VISrl,RS,siegle_survey_2019,Siegle2019
0.281831339786419,brain observatory 1.1gray,VISrl,RS,siegle_survey_2019,Siegle2019
2.46332695653716,brain observatory 1.1gray,VISam,RS,siegle_survey_2019,Siegle2019
0.705214132908514,brain observatory 1.1gray,VISam,RS,siegle_survey_2019,Siegle2019
1.08730443533815,brain observatory 1.1gray,VISam,RS,siegle_survey_2019,Siegle2019
1.89293774455649,brain observatory 1.1gray,VISam,RS,siegle_survey_2019,Siegle2019
1.20192116289095,brain observatory 1.1gray,VISam,RS,siegle_survey_2019,Siegle2019
2.31628911829749,brain observatory 1.1gray,VISal,RS,siegle_survey_2019,Siegle2019
2.63029944939331,brain observatory 1.1gray,VISal,RS,siegle_survey_2019,Siegle2019
3.91080278280984,brain observatory 1.1gray,VISal,FS,siegle_survey_2019,Siegle2019
1.00481355366362,brain observatory 1.1gray,VISam,RS,siegle_survey_2019,Siegle2019
14.3880264195081,brain observatory 1.1gray,VISam,FS,siegle_survey_2019,Siegle2019
2.44332602668391,brain observatory 1.1gray,VISam,RS,siegle_survey_2019,Siegle2019
0.182470221719453,brain observatory 1.1gray,VISrl,RS,siegle_survey_2019,Siegle2019
19.8228208762829,brain observatory 1.1gray,VISp,FS,siegle_survey_2019,Siegle2019
6.3704529181905,brain observatory 1.1gray,VISal,RS,siegle_survey_2019,Siegle2019
3.71510671054404,brain observatory 1.1gray,VISal,RS,siegle_survey_2019,Siegle2019
4.58383966055848,brain observatory 1.1gray,VISp,RS,siegle_survey_2019,Siegle2019
2.05221976105618,brain observatory 1.1gray,VISam,RS,siegle_survey_2019,Siegle2019
3.83390826039066,brain observatory 1.1gray,VISal,RS,siegle_survey_2019,Siegle2019
3.30734158785473,brain observatory 1.1gray,VISal,RS,siegle_survey_2019,Siegle2019
4.85838889368654,brain observatory 1.1gray,VISal,FS,siegle_survey_2019,Siegle2019
5.86932283672099,brain observatory 1.1gray,VISal,RS,siegle_survey_2019,Siegle2019
0.804420010200171,brain observatory 1.1gray,VISal,RS,siegle_survey_2019,Siegle2019
1.36731745328361,brain observatory 1.1gray,VISam,RS,siegle_survey_2019,Siegle2019
0.53422172742739,brain observatory 1.1gray,VISam,RS,siegle_survey_2019,Siegle2019
0.631117423866694,brain observatory 1.1gray,VISam,FS,siegle_survey_2019,Siegle2019
1.72215260259716,brain observatory 1.1gray,VISam,FS,siegle_survey_2019,Siegle2019
1.31498341403029,brain observatory 1.1gray,VISam,RS,siegle_survey_2019,Siegle2019
6.79917155459352,brain observatory 1.1gray,VISal,FS,siegle_survey_2019,Siegle2019
6.48087306255163,brain observatory 1.1gray,VISal,RS,siegle_survey_2019,Siegle2019
0.234340423413569,brain observatory 1.1gray,VISrl,RS,siegle_survey_2019,Siegle2019
23.0412725039579,brain observatory 1.1gray,VISp,FS,siegle_survey_2019,Siegle2019
6.78759478999596,brain observatory 1.1gray,VISp,RS,siegle_survey_2019,Siegle2019
1.5705393364039,brain observatory 1.1gray,VISam,RS,siegle_survey_2019,Siegle2019
26.4876562948742,brain observatory 1.1gray,VISam,FS,siegle_survey_2019,Siegle2019
3.1675865242944,brain observatory 1.1gray,VISal,RS,siegle_survey_2019,Siegle2019
2.68565570887886,brain observatory 1.1gray,VISal,RS,siegle_survey_2019,Siegle2019
2.54414639765877,brain observatory 1.1gray,VISal,RS,siegle_survey_2019,Siegle2019
13.3358040387751,brain observatory 1.1gray,VISp,RS,siegle_survey_2019,Siegle2019
11.4728005599192,brain observatory 1.1gray,VISp,RS,siegle_survey_2019,Siegle2019
4.3435222552106,brain observatory 1.1gray,VISp,RS,siegle_survey_2019,Siegle2019
9.51578234428783,brain observatory 1.1gray,VISp,FS,siegle_survey_2019,Siegle2019
1.36119872576518,brain observatory 1.1gray,VISal,RS,siegle_survey_2019,Siegle2019
2.40049300596564,brain observatory 1.1gray,VISal,RS,siegle_survey_2019,Siegle2019
1.14637453904981,brain observatory 1.1gray,VISam,RS,siegle_survey_2019,Siegle2019
0.352762514095603,brain observatory 1.1gray,VISam,RS,siegle_survey_2019,Siegle2019
25.0329772671538,brain observatory 1.1gray,VISam,FS,siegle_survey_2019,Siegle2019
9.94139482291165,brain observatory 1.1gray,VISam,FS,siegle_survey_2019,Siegle2019
1.1805112168106,brain observatory 1.1gray,VISal,RS,siegle_survey_2019,Siegle2019
0.463218840378169,brain observatory 1.1gray,VISal,RS,siegle_survey_2019,Siegle2019
2.39416603354552,brain observatory 1.1gray,VISp,RS,siegle_survey_2019,Siegle2019
3.92766305198414,brain observatory 1.1gray,VISal,RS,siegle_survey_2019,Siegle2019
1.2397467556186,brain observatory 1.1gray,VISam,RS,siegle_survey_2019,Siegle2019
0.780658054842004,brain observatory 1.1gray,VISam,RS,siegle_survey_2019,Siegle2019
1.30438059322984,brain observatory 1.1gray,VISal,RS,siegle_survey_2019,Siegle2019
0.43973141337814,brain observatory 1.1gray,VISal,RS,siegle_survey_2019,Siegle2019
10.6835631643037,brain observatory 1.1gray,VISal,FS,siegle_survey_2019,Siegle2019
4.31722297862362,brain observatory 1.1gray,VISp,FS,siegle_survey_2019,Siegle2019
13.5590372683873,brain observatory 1.1gray,VISp,FS,siegle_survey_2019,Siegle2019
12.0282914537079,brain observatory 1.1gray,VISal,FS,siegle_survey_2019,Siegle2019
0.484685745718313,brain observatory 1.1gray,VISam,RS,siegle_survey_2019,Siegle2019
0.308926279235897,brain observatory 1.1gray,VISam,RS,siegle_survey_2019,Siegle2019
6.78283192888179,brain observatory 1.1gray,VISp,FS,siegle_survey_2019,Siegle2019
14.335694251375,brain observatory 1.1gray,VISp,FS,siegle_survey_2019,Siegle2019
0.637279191507017,brain observatory 1.1gray,VISal,RS,siegle_survey_2019,Siegle2019
2.89441118038949,brain observatory 1.1gray,VISal,FS,siegle_survey_2019,Siegle2019
27.8101856082711,brain observatory 1.1gray,VISal,FS,siegle_survey_2019,Siegle2019
1.28547370178583,brain observatory 1.1gray,VISal,RS,siegle_survey_2019,Siegle2019
2.17555947270395,brain observatory 1.1gray,VISal,RS,siegle_survey_2019,Siegle2019
7.56762948776875,brain observatory 1.1gray,VISal,FS,siegle_survey_2019,Siegle2019
3.20198927006622,brain observatory 1.1gray,VISal,RS,siegle_survey_2019,Siegle2019
1.79284110826779,brain observatory 1.1gray,VISal,RS,siegle_survey_2019,Siegle2019
0.230895223578537,brain observatory 1.1gray,VISp,RS,siegle_survey_2019,Siegle2019
5.24627254289864,brain observatory 1.1gray,VISal,FS,siegle_survey_2019,Siegle2019
0.301879319494857,brain observatory 1.1gray,VISam,RS,siegle_survey_2019,Siegle2019
2.17564518828528,brain observatory 1.1gray,VISam,RS,siegle_survey_2019,Siegle2019
2.03531711812701,brain observatory 1.1gray,VISal,RS,siegle_survey_2019,Siegle2019
0.213336007066655,brain observatory 1.1gray,VISal,RS,siegle_survey_2019,Siegle2019
1.72764157024696,brain observatory 1.1gray,VISal,RS,siegle_survey_2019,Siegle2019
44.9470358695074,brain observatory 1.1gray,VISrl,FS,siegle_survey_2019,Siegle2019
9.59301151826063,brain observatory 1.1gray,VISrl,FS,siegle_survey_2019,Siegle2019
5.4943721904149,brain observatory 1.1gray,VISrl,RS,siegle_survey_2019,Siegle2019
22.0206978950427,brain observatory 1.1gray,VISrl,FS,siegle_survey_2019,Siegle2019
4.77626364259047,brain observatory 1.1gray,VISrl,RS,siegle_survey_2019,Siegle2019
9.15050717255557,brain observatory 1.1gray,VISrl,FS,siegle_survey_2019,Siegle2019
5.40717538070482,brain observatory 1.1gray,VISrl,RS,siegle_survey_2019,Siegle2019
0.798006517436009,brain observatory 1.1gray,VISrl,RS,siegle_survey_2019,Siegle2019
7.2169957715289,brain observatory 1.1gray,VISrl,RS,siegle_survey_2019,Siegle2019
3.76970493407332,brain observatory 1.1gray,VISrl,RS,siegle_survey_2019,Siegle2019
36.0265881368565,brain observatory 1.1gray,VISrl,FS,siegle_survey_2019,Siegle2019
6.622870187511,brain observatory 1.1gray,VISrl,RS,siegle_survey_2019,Siegle2019
2.08036406380848,brain observatory 1.1gray,VISrl,RS,siegle_survey_2019,Siegle2019
1.9848952353201,brain observatory 1.1gray,VISrl,RS,siegle_survey_2019,Siegle2019
27.0490148157014,brain observatory 1.1gray,VISrl,FS,siegle_survey_2019,Siegle2019
9.73850173089073,brain observatory 1.1gray,VISrl,FS,siegle_survey_2019,Siegle2019
9.65062369610479,brain observatory 1.1gray,VISrl,RS,siegle_survey_2019,Siegle2019
0.741270200403669,brain observatory 1.1gray,VISrl,RS,siegle_survey_2019,Siegle2019
12.316257417945,brain observatory 1.1gray,VISrl,FS,siegle_survey_2019,Siegle2019
20.9457247253356,brain observatory 1.1gray,VISrl,RS,siegle_survey_2019,Siegle2019
12.1229841321367,brain observatory 1.1gray,VISrl,RS,siegle_survey_2019,Siegle2019
17.4956116697086,brain observatory 1.1gray,VISrl,RS,siegle_survey_2019,Siegle2019
25.5645280575345,brain observatory 1.1gray,VISrl,RS,siegle_survey_2019,Siegle2019
6.59591313808054,brain observatory 1.1gray,VISrl,RS,siegle_survey_2019,Siegle2019
11.4399100167851,brain observatory 1.1gray,VISrl,RS,siegle_survey_2019,Siegle2019
11.6259817803629,brain observatory 1.1gray,VISrl,FS,siegle_survey_2019,Siegle2019
2.28891625488963,brain observatory 1.1gray,VISrl,RS,siegle_survey_2019,Siegle2019
8.194651073256,brain observatory 1.1gray,VISrl,RS,siegle_survey_2019,Siegle2019
15.2586631563203,brain observatory 1.1gray,VISrl,RS,siegle_survey_2019,Siegle2019
1.4924668233413,brain observatory 1.1gray,VISrl,RS,siegle_survey_2019,Siegle2019
8.75306099972524,brain observatory 1.1gray,VISrl,RS,siegle_survey_2019,Siegle2019
26.0726246462581,brain observatory 1.1gray,VISrl,RS,siegle_survey_2019,Siegle2019
17.0723762618636,brain observatory 1.1gray,VISrl,RS,siegle_survey_2019,Siegle2019
10.8405292678963,brain observatory 1.1gray,VISrl,RS,siegle_survey_2019,Siegle2019
11.0826561234305,brain observatory 1.1gray,VISrl,RS,siegle_survey_2019,Siegle2019
8.41595190504252,brain observatory 1.1gray,VISrl,RS,siegle_survey_2019,Siegle2019
2.25962357662765,brain observatory 1.1gray,VISrl,RS,siegle_survey_2019,Siegle2019
6.31914112154541,brain observatory 1.1gray,VISrl,RS,siegle_survey_2019,Siegle2019
14.4677608432469,brain observatory 1.1gray,VISrl,RS,siegle_survey_2019,Siegle2019
9.03469890965936,brain observatory 1.1gray,VISrl,RS,siegle_survey_2019,Siegle2019
3.66265527929532,brain observatory 1.1gray,VISrl,RS,siegle_survey_2019,Siegle2019
18.3555123511799,brain observatory 1.1gray,VISrl,RS,siegle_survey_2019,Siegle2019
4.73402768788716,brain observatory 1.1gray,VISrl,RS,siegle_survey_2019,Siegle2019
5.50906718847988,brain observatory 1.1gray,VISrl,RS,siegle_survey_2019,Siegle2019
0.540503438760926,brain observatory 1.1gray,VISrl,RS,siegle_survey_2019,Siegle2019
4.22349815246407,brain observatory 1.1gray,VISrl,RS,siegle_survey_2019,Siegle2019
8.39142780231156,brain observatory 1.1gray,VISrl,RS,siegle_survey_2019,Siegle2019
5.17682398719616,brain observatory 1.1gray,VISrl,RS,siegle_survey_2019,Siegle2019
6.70627160036986,brain observatory 1.1gray,VISrl,RS,siegle_survey_2019,Siegle2019
4.71096335317589,brain observatory 1.1gray,VISrl,RS,siegle_survey_2019,Siegle2019
1.22279901116871,brain observatory 1.1gray,VISrl,RS,siegle_survey_2019,Siegle2019
1.85210999773025,brain observatory 1.1gray,LP,FS,siegle_survey_2019,Siegle2019
2.09004892760876,brain observatory 1.1gray,LP,RS,siegle_survey_2019,Siegle2019
9.1115272616629,brain observatory 1.1gray,LP,RS,siegle_survey_2019,Siegle2019
1.46069216752506,brain observatory 1.1gray,LP,RS,siegle_survey_2019,Siegle2019
5.6193382115558,brain observatory 1.1gray,LP,FS,siegle_survey_2019,Siegle2019
1.63344660833842,brain observatory 1.1gray,LP,RS,siegle_survey_2019,Siegle2019
3.35715663476228,brain observatory 1.1gray,LP,RS,siegle_survey_2019,Siegle2019
2.27762273557047,brain observatory 1.1gray,LP,RS,siegle_survey_2019,Siegle2019
9.28071847991281,brain observatory 1.1gray,VISrl,FS,siegle_survey_2019,Siegle2019
12.5224739801946,brain observatory 1.1gray,VISrl,FS,siegle_survey_2019,Siegle2019
0.541671253176686,brain observatory 1.1gray,VISrl,RS,siegle_survey_2019,Siegle2019
1.56419009204256,brain observatory 1.1gray,VISrl,RS,siegle_survey_2019,Siegle2019
0.199598947226982,brain observatory 1.1gray,VISrl,RS,siegle_survey_2019,Siegle2019
4.47223628872253,brain observatory 1.1gray,LP,RS,siegle_survey_2019,Siegle2019
4.17201456404569,brain observatory 1.1gray,LP,RS,siegle_survey_2019,Siegle2019
2.95071217353254,brain observatory 1.1gray,LP,RS,siegle_survey_2019,Siegle2019
5.86174714203941,brain observatory 1.1gray,VISrl,FS,siegle_survey_2019,Siegle2019
8.14531091419013,brain observatory 1.1gray,VISrl,FS,siegle_survey_2019,Siegle2019
9.67777538127121,brain observatory 1.1gray,VISrl,FS,siegle_survey_2019,Siegle2019
3.68629167016914,brain observatory 1.1gray,LP,RS,siegle_survey_2019,Siegle2019
6.50922566402389,brain observatory 1.1gray,LP,FS,siegle_survey_2019,Siegle2019
2.09357241350417,brain observatory 1.1gray,LP,RS,siegle_survey_2019,Siegle2019
4.34155641477793,brain observatory 1.1gray,LP,RS,siegle_survey_2019,Siegle2019
3.4401658171807,brain observatory 1.1gray,LP,RS,siegle_survey_2019,Siegle2019
3.28647965297782,brain observatory 1.1gray,LP,RS,siegle_survey_2019,Siegle2019
8.189785179857,brain observatory 1.1gray,VISrl,FS,siegle_survey_2019,Siegle2019
2.91029571767338,brain observatory 1.1gray,LP,RS,siegle_survey_2019,Siegle2019
5.55498277799546,brain observatory 1.1gray,LP,RS,siegle_survey_2019,Siegle2019
10.5183308213758,brain observatory 1.1gray,LP,RS,siegle_survey_2019,Siegle2019
10.3766149912356,brain observatory 1.1gray,VISrl,FS,siegle_survey_2019,Siegle2019
7.15029283311293,brain observatory 1.1gray,LP,RS,siegle_survey_2019,Siegle2019
9.32542358190211,brain observatory 1.1gray,LP,RS,siegle_survey_2019,Siegle2019
3.51366162341794,brain observatory 1.1gray,VISrl,FS,siegle_survey_2019,Siegle2019
5.54296147317581,brain observatory 1.1gray,LP,RS,siegle_survey_2019,Siegle2019
4.99257224992461,brain observatory 1.1gray,LP,RS,siegle_survey_2019,Siegle2019
6.30351626689461,brain observatory 1.1gray,LP,RS,siegle_survey_2019,Siegle2019
6.1450630335391,brain observatory 1.1gray,LP,RS,siegle_survey_2019,Siegle2019
6.20361507856583,brain observatory 1.1gray,LP,RS,siegle_survey_2019,Siegle2019
3.26803316799595,brain observatory 1.1gray,LP,RS,siegle_survey_2019,Siegle2019
2.15772058318832,brain observatory 1.1gray,LP,RS,siegle_survey_2019,Siegle2019
2.14113947309225,brain observatory 1.1gray,LP,RS,siegle_survey_2019,Siegle2019
4.86272143148482,brain observatory 1.1gray,LP,RS,siegle_survey_2019,Siegle2019
2.54167691385028,brain observatory 1.1gray,LP,RS,siegle_survey_2019,Siegle2019
4.97143133455213,brain observatory 1.1gray,LP,RS,siegle_survey_2019,Siegle2019
3.49633432763111,brain observatory 1.1gray,LP,RS,siegle_survey_2019,Siegle2019
5.6728122916156,brain observatory 1.1gray,LP,RS,siegle_survey_2019,Siegle2019
6.94748513025046,brain observatory 1.1gray,LP,RS,siegle_survey_2019,Siegle2019
3.47716241908254,brain observatory 1.1gray,LP,RS,siegle_survey_2019,Siegle2019
5.13858965070807,brain observatory 1.1gray,LP,RS,siegle_survey_2019,Siegle2019
3.39695129899284,brain observatory 1.1gray,LP,RS,siegle_survey_2019,Siegle2019
4.76085123633213,brain observatory 1.1gray,LP,RS,siegle_survey_2019,Siegle2019
1.56195178107902,brain observatory 1.1gray,VISrl,RS,siegle_survey_2019,Siegle2019
2.01710744962148,brain observatory 1.1gray,VISrl,RS,siegle_survey_2019,Siegle2019
10.656886722616,brain observatory 1.1gray,LP,RS,siegle_survey_2019,Siegle2019
5.99759478562224,brain observatory 1.1gray,LP,RS,siegle_survey_2019,Siegle2019
4.37067698938414,brain observatory 1.1gray,LP,RS,siegle_survey_2019,Siegle2019
0.664194448963508,brain observatory 1.1gray,VISrl,RS,siegle_survey_2019,Siegle2019
4.71970935690627,brain observatory 1.1gray,LP,RS,siegle_survey_2019,Siegle2019
0.0943010140726211,brain observatory 1.1gray,VISrl,RS,siegle_survey_2019,Siegle2019
3.02668301204602,brain observatory 1.1gray,VISrl,RS,siegle_survey_2019,Siegle2019
16.3489745547183,brain observatory 1.1gray,VISp,FS,siegle_survey_2019,Siegle2019
0.292242065443113,brain observatory 1.1gray,VISp,RS,siegle_survey_2019,Siegle2019
1.90123153638984,brain observatory 1.1gray,VISp,RS,siegle_survey_2019,Siegle2019
2.54022606671687,brain observatory 1.1gray,VISp,RS,siegle_survey_2019,Siegle2019
9.2623804152552,brain observatory 1.1gray,VISal,FS,siegle_survey_2019,Siegle2019
22.6653252476265,brain observatory 1.1gray,VISal,FS,siegle_survey_2019,Siegle2019
2.64686333102218,brain observatory 1.1gray,VISp,RS,siegle_survey_2019,Siegle2019
3.85655894446809,brain observatory 1.1gray,VISp,FS,siegle_survey_2019,Siegle2019
1.24130335456653,brain observatory 1.1gray,VISp,RS,siegle_survey_2019,Siegle2019
1.84112501229161,brain observatory 1.1gray,VISp,RS,siegle_survey_2019,Siegle2019
9.25401111683528,brain observatory 1.1gray,VISal,RS,siegle_survey_2019,Siegle2019
4.22880486612471,brain observatory 1.1gray,VISp,RS,siegle_survey_2019,Siegle2019
7.91433946510847,brain observatory 1.1gray,VISal,FS,siegle_survey_2019,Siegle2019
18.1131081291589,brain observatory 1.1gray,VISal,RS,siegle_survey_2019,Siegle2019
13.955221210662,brain observatory 1.1gray,VISal,RS,siegle_survey_2019,Siegle2019
16.3409578474543,brain observatory 1.1gray,VISal,RS,siegle_survey_2019,Siegle2019
2.40218832516715,brain observatory 1.1gray,VISp,RS,siegle_survey_2019,Siegle2019
2.40602270687686,brain observatory 1.1gray,VISp,RS,siegle_survey_2019,Siegle2019
7.95437304083389,brain observatory 1.1gray,VISp,FS,siegle_survey_2019,Siegle2019
1.1298990211086,brain observatory 1.1gray,VISp,RS,siegle_survey_2019,Siegle2019
3.83372258086054,brain observatory 1.1gray,VISal,RS,siegle_survey_2019,Siegle2019
8.52977485124245,brain observatory 1.1gray,VISal,RS,siegle_survey_2019,Siegle2019
1.24245154566296,brain observatory 1.1gray,VISal,RS,siegle_survey_2019,Siegle2019
3.80452735381433,brain observatory 1.1gray,VISal,FS,siegle_survey_2019,Siegle2019
0.193273564557236,brain observatory 1.1gray,VISp,RS,siegle_survey_2019,Siegle2019
2.48571566727607,brain observatory 1.1gray,VISp,RS,siegle_survey_2019,Siegle2019
4.87969024850254,brain observatory 1.1gray,VISal,RS,siegle_survey_2019,Siegle2019
2.11636200857933,brain observatory 1.1gray,VISal,RS,siegle_survey_2019,Siegle2019
0.883980431996366,brain observatory 1.1gray,VISp,RS,siegle_survey_2019,Siegle2019
5.09125832716403,brain observatory 1.1gray,VISal,RS,siegle_survey_2019,Siegle2019
2.67506133682019,brain observatory 1.1gray,VISal,RS,siegle_survey_2019,Siegle2019
0.411360749081014,brain observatory 1.1gray,VISal,RS,siegle_survey_2019,Siegle2019
15.5971248437999,brain observatory 1.1gray,VISp,FS,siegle_survey_2019,Siegle2019
2.78600319959576,brain observatory 1.1gray,VISal,RS,siegle_survey_2019,Siegle2019
9.53331212224397,brain observatory 1.1gray,VISal,RS,siegle_survey_2019,Siegle2019
7.04966622121745,brain observatory 1.1gray,VISp,FS,siegle_survey_2019,Siegle2019
6.79908179194348,brain observatory 1.1gray,VISal,RS,siegle_survey_2019,Siegle2019
1.68699753615316,brain observatory 1.1gray,VISal,RS,siegle_survey_2019,Siegle2019
0.354722008611379,brain observatory 1.1gray,VISal,RS,siegle_survey_2019,Siegle2019
14.2209963377648,brain observatory 1.1gray,VISp,RS,siegle_survey_2019,Siegle2019
11.9469788595771,brain observatory 1.1gray,VISal,RS,siegle_survey_2019,Siegle2019
3.68589741458326,brain observatory 1.1gray,VISal,RS,siegle_survey_2019,Siegle2019
4.26663052353135,brain observatory 1.1gray,VISp,RS,siegle_survey_2019,Siegle2019
20.4107247366251,brain observatory 1.1gray,VISp,RS,siegle_survey_2019,Siegle2019
13.1290936026779,brain observatory 1.1gray,VISal,FS,siegle_survey_2019,Siegle2019
2.32793008724082,brain observatory 1.1gray,VISal,RS,siegle_survey_2019,Siegle2019
1.00927899898727,brain observatory 1.1gray,VISal,RS,siegle_survey_2019,Siegle2019
2.59516373213707,brain observatory 1.1gray,VISal,RS,siegle_survey_2019,Siegle2019
2.02342386914891,brain observatory 1.1gray,VISal,RS,siegle_survey_2019,Siegle2019
2.55662603243608,brain observatory 1.1gray,VISal,RS,siegle_survey_2019,Siegle2019
2.38330370120512,brain observatory 1.1gray,VISal,RS,siegle_survey_2019,Siegle2019
7.49507629117294,brain observatory 1.1gray,VISp,FS,siegle_survey_2019,Siegle2019
11.0277854290773,brain observatory 1.1gray,VISp,RS,siegle_survey_2019,Siegle2019
4.19535412653952,brain observatory 1.1gray,VISal,RS,siegle_survey_2019,Siegle2019
2.58046880119049,brain observatory 1.1gray,VISal,FS,siegle_survey_2019,Siegle2019
6.47741065902707,brain observatory 1.1gray,VISp,RS,siegle_survey_2019,Siegle2019
7.66316729477178,brain observatory 1.1gray,VISp,RS,siegle_survey_2019,Siegle2019
7.07422699054724,brain observatory 1.1gray,VISp,RS,siegle_survey_2019,Siegle2019
4.30953414590491,brain observatory 1.1gray,VISp,RS,siegle_survey_2019,Siegle2019
5.67993142183899,brain observatory 1.1gray,VISal,RS,siegle_survey_2019,Siegle2019
2.44840905751816,brain observatory 1.1gray,VISal,RS,siegle_survey_2019,Siegle2019
3.99741048716625,brain observatory 1.1gray,VISal,RS,siegle_survey_2019,Siegle2019
2.21066259193857,brain observatory 1.1gray,VISal,RS,siegle_survey_2019,Siegle2019
4.05180151584923,brain observatory 1.1gray,VISp,RS,siegle_survey_2019,Siegle2019
5.69345854370373,brain observatory 1.1gray,VISal,RS,siegle_survey_2019,Siegle2019
12.9788355008135,brain observatory 1.1gray,VISal,FS,siegle_survey_2019,Siegle2019
14.0875729066048,brain observatory 1.1gray,VISal,RS,siegle_survey_2019,Siegle2019
8.14040783986958,brain observatory 1.1gray,VISal,RS,siegle_survey_2019,Siegle2019
5.23830495405341,brain observatory 1.1gray,VISal,RS,siegle_survey_2019,Siegle2019
1.45893042457736,brain observatory 1.1gray,VISp,RS,siegle_survey_2019,Siegle2019
0.385960901550817,brain observatory 1.1gray,VISal,RS,siegle_survey_2019,Siegle2019
13.0539645517457,brain observatory 1.1gray,VISal,RS,siegle_survey_2019,Siegle2019
7.93896077325077,brain observatory 1.1gray,VISal,RS,siegle_survey_2019,Siegle2019
1.96734871289789,brain observatory 1.1gray,VISp,RS,siegle_survey_2019,Siegle2019
5.52586220338924,brain observatory 1.1gray,VISp,FS,siegle_survey_2019,Siegle2019
3.50167553192171,brain observatory 1.1gray,VISal,RS,siegle_survey_2019,Siegle2019
10.5706185391956,brain observatory 1.1gray,VISal,RS,siegle_survey_2019,Siegle2019
13.1983836082009,brain observatory 1.1gray,VISal,RS,siegle_survey_2019,Siegle2019
8.07491321386259,brain observatory 1.1gray,VISal,RS,siegle_survey_2019,Siegle2019
0.231518150476398,brain observatory 1.1gray,VISal,RS,siegle_survey_2019,Siegle2019
3.45856391331681,brain observatory 1.1gray,VISal,RS,siegle_survey_2019,Siegle2019
4.19854434019939,brain observatory 1.1gray,VISp,RS,siegle_survey_2019,Siegle2019
9.15743621024137,brain observatory 1.1gray,VISp,FS,siegle_survey_2019,Siegle2019
1.08098474632522,brain observatory 1.1gray,VISp,RS,siegle_survey_2019,Siegle2019
1.64940592680588,brain observatory 1.1gray,VISp,RS,siegle_survey_2019,Siegle2019
1.05735666443833,brain observatory 1.1gray,VISp,RS,siegle_survey_2019,Siegle2019
1.93398915696404,brain observatory 1.1gray,VISal,RS,siegle_survey_2019,Siegle2019
5.72567061087804,brain observatory 1.1gray,VISal,RS,siegle_survey_2019,Siegle2019
1.8258694994696,brain observatory 1.1gray,VISal,RS,siegle_survey_2019,Siegle2019
4.18046456074595,brain observatory 1.1gray,VISal,RS,siegle_survey_2019,Siegle2019
14.14353042511,brain observatory 1.1gray,VISal,RS,siegle_survey_2019,Siegle2019
14.6174921329369,brain observatory 1.1gray,VISp,FS,siegle_survey_2019,Siegle2019
4.20790807416938,brain observatory 1.1gray,VISal,FS,siegle_survey_2019,Siegle2019
6.07513747862111,brain observatory 1.1gray,VISal,RS,siegle_survey_2019,Siegle2019
3.53748834376505,brain observatory 1.1gray,VISal,RS,siegle_survey_2019,Siegle2019
2.31926883655045,brain observatory 1.1gray,VISal,RS,siegle_survey_2019,Siegle2019
7.28926965404924,brain observatory 1.1gray,VISal,RS,siegle_survey_2019,Siegle2019
1.89058558608868,brain observatory 1.1gray,VISal,RS,siegle_survey_2019,Siegle2019
2.93674788857766,brain observatory 1.1gray,VISal,RS,siegle_survey_2019,Siegle2019
3.05751881112546,brain observatory 1.1gray,VISal,RS,siegle_survey_2019,Siegle2019
2.60100277754631,brain observatory 1.1gray,VISal,RS,siegle_survey_2019,Siegle2019
1.17997375978408,brain observatory 1.1gray,VISal,RS,siegle_survey_2019,Siegle2019
1.99880256100661,brain observatory 1.1gray,VISal,RS,siegle_survey_2019,Siegle2019
3.27642735498208,brain observatory 1.1gray,VISp,FS,siegle_survey_2019,Siegle2019
3.8326199667669,brain observatory 1.1gray,VISp,FS,siegle_survey_2019,Siegle2019
2.76128457402998,brain observatory 1.1gray,VISal,RS,siegle_survey_2019,Siegle2019
5.29397052028817,brain observatory 1.1gray,VISal,RS,siegle_survey_2019,Siegle2019
2.91611659479834,brain observatory 1.1gray,VISal,RS,siegle_survey_2019,Siegle2019
1.50316492318556,brain observatory 1.1gray,VISal,RS,siegle_survey_2019,Siegle2019
17.0772614735596,brain observatory 1.1gray,VISal,FS,siegle_survey_2019,Siegle2019
1.75687144621707,brain observatory 1.1gray,VISal,RS,siegle_survey_2019,Siegle2019
3.04506218091908,brain observatory 1.1gray,VISal,RS,siegle_survey_2019,Siegle2019
1.61556654731344,brain observatory 1.1gray,VISal,RS,siegle_survey_2019,Siegle2019
0.617646351078352,brain observatory 1.1gray,VISp,RS,siegle_survey_2019,Siegle2019
7.06769817844692,brain observatory 1.1gray,VISp,FS,siegle_survey_2019,Siegle2019
1.77069052035227,brain observatory 1.1gray,VISal,FS,siegle_survey_2019,Siegle2019
0.754129613556572,brain observatory 1.1gray,VISp,RS,siegle_survey_2019,Siegle2019
5.82162775472777,brain observatory 1.1gray,VISp,FS,siegle_survey_2019,Siegle2019
0.493391657295979,brain observatory 1.1gray,VISp,RS,siegle_survey_2019,Siegle2019
1.11428449893012,brain observatory 1.1gray,VISal,RS,siegle_survey_2019,Siegle2019
6.33215279405119,brain observatory 1.1gray,VISal,FS,siegle_survey_2019,Siegle2019
4.78572290147623,brain observatory 1.1gray,VISp,RS,siegle_survey_2019,Siegle2019
5.24025258198456,brain observatory 1.1gray,VISp,FS,siegle_survey_2019,Siegle2019
0.969184220510486,brain observatory 1.1gray,VISal,RS,siegle_survey_2019,Siegle2019
1.39882390047913,brain observatory 1.1gray,VISp,RS,siegle_survey_2019,Siegle2019
0.275039163718447,brain observatory 1.1gray,VISp,RS,siegle_survey_2019,Siegle2019
0.303745210572257,brain observatory 1.1gray,VISp,RS,siegle_survey_2019,Siegle2019
8.91435655533705,brain observatory 1.1gray,LGd,FS,siegle_survey_2019,Siegle2019
11.3958759636835,brain observatory 1.1gray,LGd,FS,siegle_survey_2019,Siegle2019
10.7904588006841,brain observatory 1.1gray,LGd,FS,siegle_survey_2019,Siegle2019
5.6569183171248,brain observatory 1.1gray,LGd,FS,siegle_survey_2019,Siegle2019
3.98080518445482,brain observatory 1.1gray,LGd,FS,siegle_survey_2019,Siegle2019
7.05012714295674,brain observatory 1.1gray,LGd,FS,siegle_survey_2019,Siegle2019
10.9262178333773,brain observatory 1.1gray,LGd,RS,siegle_survey_2019,Siegle2019
10.1796891310193,brain observatory 1.1gray,LGd,FS,siegle_survey_2019,Siegle2019
12.7385765902554,brain observatory 1.1gray,LGd,FS,siegle_survey_2019,Siegle2019
11.7390203000822,brain observatory 1.1gray,LGd,FS,siegle_survey_2019,Siegle2019
14.3399492662169,brain observatory 1.1gray,LGd,FS,siegle_survey_2019,Siegle2019
13.3419500688918,brain observatory 1.1gray,LGd,FS,siegle_survey_2019,Siegle2019
12.7772119565488,brain observatory 1.1gray,LGd,FS,siegle_survey_2019,Siegle2019
13.2421014900078,brain observatory 1.1gray,LGd,FS,siegle_survey_2019,Siegle2019
11.2473682332966,brain observatory 1.1gray,LGd,FS,siegle_survey_2019,Siegle2019
8.82696471923778,brain observatory 1.1gray,LGd,FS,siegle_survey_2019,Siegle2019
8.87027136407539,brain observatory 1.1gray,LGd,FS,siegle_survey_2019,Siegle2019
22.5702554697258,brain observatory 1.1gray,LGd,RS,siegle_survey_2019,Siegle2019
16.1053032827433,brain observatory 1.1gray,LGd,RS,siegle_survey_2019,Siegle2019
11.9789099169917,brain observatory 1.1gray,LGd,FS,siegle_survey_2019,Siegle2019
20.2658553728499,brain observatory 1.1gray,LGd,FS,siegle_survey_2019,Siegle2019
13.1437126856688,brain observatory 1.1gray,LGd,FS,siegle_survey_2019,Siegle2019
16.4766699270136,brain observatory 1.1gray,LGd,FS,siegle_survey_2019,Siegle2019
48.3130876174426,brain observatory 1.1gray,LGd,FS,siegle_survey_2019,Siegle2019
5.18784409663654,brain observatory 1.1gray,LGd,FS,siegle_survey_2019,Siegle2019
17.5264424615379,brain observatory 1.1gray,LGd,FS,siegle_survey_2019,Siegle2019
9.0099231288888,brain observatory 1.1gray,LGd,RS,siegle_survey_2019,Siegle2019
9.76199897451811,brain observatory 1.1gray,LGd,FS,siegle_survey_2019,Siegle2019
10.0473362389313,brain observatory 1.1gray,LGd,FS,siegle_survey_2019,Siegle2019
6.01699603824649,brain observatory 1.1gray,LGd,FS,siegle_survey_2019,Siegle2019
11.4755796538453,brain observatory 1.1gray,LGd,RS,siegle_survey_2019,Siegle2019
7.87392657790137,brain observatory 1.1gray,LGd,FS,siegle_survey_2019,Siegle2019
9.54877457263227,brain observatory 1.1gray,LGd,FS,siegle_survey_2019,Siegle2019
12.2632739983748,brain observatory 1.1gray,LGd,FS,siegle_survey_2019,Siegle2019
10.3680000473356,brain observatory 1.1gray,LGd,FS,siegle_survey_2019,Siegle2019
0.410780556987748,brain observatory 1.1gray,LGd,FS,siegle_survey_2019,Siegle2019
6.22652234461812,brain observatory 1.1gray,LGd,FS,siegle_survey_2019,Siegle2019
9.48814526985962,brain observatory 1.1gray,LGd,FS,siegle_survey_2019,Siegle2019
14.1043416546397,brain observatory 1.1gray,LGd,FS,siegle_survey_2019,Siegle2019
9.5311599597882,brain observatory 1.1gray,LGd,FS,siegle_survey_2019,Siegle2019
9.87297828437027,brain observatory 1.1gray,LP,FS,siegle_survey_2019,Siegle2019
12.6860568561057,brain observatory 1.1gray,LP,RS,siegle_survey_2019,Siegle2019
10.09899870673,brain observatory 1.1gray,LP,RS,siegle_survey_2019,Siegle2019
13.9032094744528,brain observatory 1.1gray,LP,FS,siegle_survey_2019,Siegle2019
6.89066938264247,brain observatory 1.1gray,LP,FS,siegle_survey_2019,Siegle2019
16.6714155826936,brain observatory 1.1gray,LP,RS,siegle_survey_2019,Siegle2019
8.23456339326191,brain observatory 1.1gray,LP,RS,siegle_survey_2019,Siegle2019
3.04158615142508,brain observatory 1.1gray,LP,RS,siegle_survey_2019,Siegle2019
16.709759258197,brain observatory 1.1gray,LP,FS,siegle_survey_2019,Siegle2019
39.5326403387591,brain observatory 1.1gray,LP,RS,siegle_survey_2019,Siegle2019
4.79762285792927,brain observatory 1.1gray,LP,RS,siegle_survey_2019,Siegle2019
10.7554009787275,brain observatory 1.1gray,LP,RS,siegle_survey_2019,Siegle2019
3.20594579831299,brain observatory 1.1gray,LP,RS,siegle_survey_2019,Siegle2019
16.903861161489,brain observatory 1.1gray,LP,RS,siegle_survey_2019,Siegle2019
10.2699907731645,brain observatory 1.1gray,LP,RS,siegle_survey_2019,Siegle2019
11.0118890783792,brain observatory 1.1gray,LP,RS,siegle_survey_2019,Siegle2019
11.0392478090087,brain observatory 1.1gray,LP,RS,siegle_survey_2019,Siegle2019
11.7646686969125,brain observatory 1.1gray,LP,RS,siegle_survey_2019,Siegle2019
10.5743566514178,brain observatory 1.1gray,LP,RS,siegle_survey_2019,Siegle2019
9.17077086487943,brain observatory 1.1gray,LP,RS,siegle_survey_2019,Siegle2019
10.5951865940562,brain observatory 1.1gray,LP,RS,siegle_survey_2019,Siegle2019
2.00641054438641,brain observatory 1.1gray,LP,RS,siegle_survey_2019,Siegle2019
5.90668776397872,brain observatory 1.1gray,LP,RS,siegle_survey_2019,Siegle2019
11.8656058318865,brain observatory 1.1gray,LP,RS,siegle_survey_2019,Siegle2019
13.5521057647074,brain observatory 1.1gray,LP,RS,siegle_survey_2019,Siegle2019
10.2174495745691,brain observatory 1.1gray,LP,RS,siegle_survey_2019,Siegle2019
5.38935903934792,brain observatory 1.1gray,LP,RS,siegle_survey_2019,Siegle2019
3.17869069923889,brain observatory 1.1gray,LP,RS,siegle_survey_2019,Siegle2019
1.83272405751116,brain observatory 1.1gray,LP,RS,siegle_survey_2019,Siegle2019
6.49697310362156,brain observatory 1.1gray,LP,RS,siegle_survey_2019,Siegle2019
4.86228894850812,brain observatory 1.1gray,LP,RS,siegle_survey_2019,Siegle2019
11.1293036306642,brain observatory 1.1gray,LP,RS,siegle_survey_2019,Siegle2019
3.99230204080068,brain observatory 1.1gray,LP,RS,siegle_survey_2019,Siegle2019
6.24100316174694,brain observatory 1.1gray,LP,RS,siegle_survey_2019,Siegle2019
5.8569446173796,brain observatory 1.1gray,LP,RS,siegle_survey_2019,Siegle2019
6.1526054449781,brain observatory 1.1gray,LP,RS,siegle_survey_2019,Siegle2019
1.3009905466777,brain observatory 1.1gray,LP,RS,siegle_survey_2019,Siegle2019
24.1294677312322,brain observatory 1.1gray,LP,FS,siegle_survey_2019,Siegle2019
7.93610451366721,brain observatory 1.1gray,LP,FS,siegle_survey_2019,Siegle2019
3.39745691271959,brain observatory 1.1gray,LP,FS,siegle_survey_2019,Siegle2019
2.73141690606851,brain observatory 1.1gray,LP,FS,siegle_survey_2019,Siegle2019
4.03375466296661,brain observatory 1.1gray,LP,FS,siegle_survey_2019,Siegle2019
1.46586835134268,brain observatory 1.1gray,LP,RS,siegle_survey_2019,Siegle2019
1.66239125194615,brain observatory 1.1gray,VISp,RS,siegle_survey_2019,Siegle2019
22.2207854436317,brain observatory 1.1gray,VISp,FS,siegle_survey_2019,Siegle2019
19.7723542583072,brain observatory 1.1gray,VISp,RS,siegle_survey_2019,Siegle2019
2.52764828397128,brain observatory 1.1gray,VISp,RS,siegle_survey_2019,Siegle2019
4.92021876337042,brain observatory 1.1gray,VISp,RS,siegle_survey_2019,Siegle2019
26.2742874004319,brain observatory 1.1gray,VISp,FS,siegle_survey_2019,Siegle2019
3.11739720018681,brain observatory 1.1gray,VISp,RS,siegle_survey_2019,Siegle2019
1.36819802195943,brain observatory 1.1gray,VISp,RS,siegle_survey_2019,Siegle2019
1.55339475257958,brain observatory 1.1gray,VISp,RS,siegle_survey_2019,Siegle2019
1.4573415875128,brain observatory 1.1gray,VISp,RS,siegle_survey_2019,Siegle2019
6.72440278279611,brain observatory 1.1gray,VISp,RS,siegle_survey_2019,Siegle2019
5.94721881499129,brain observatory 1.1gray,VISp,RS,siegle_survey_2019,Siegle2019
1.90442187152173,brain observatory 1.1gray,VISp,RS,siegle_survey_2019,Siegle2019
0.999458971870212,brain observatory 1.1gray,VISp,RS,siegle_survey_2019,Siegle2019
8.30971793876162,brain observatory 1.1gray,VISp,FS,siegle_survey_2019,Siegle2019
6.74386644339728,brain observatory 1.1gray,VISp,FS,siegle_survey_2019,Siegle2019
3.13082712600162,brain observatory 1.1gray,VISp,RS,siegle_survey_2019,Siegle2019
5.51707191570538,brain observatory 1.1gray,VISp,RS,siegle_survey_2019,Siegle2019
2.74106732246314,brain observatory 1.1gray,VISp,RS,siegle_survey_2019,Siegle2019
3.12469607291225,brain observatory 1.1gray,VISp,FS,siegle_survey_2019,Siegle2019
2.59791209874151,brain observatory 1.1gray,VISp,RS,siegle_survey_2019,Siegle2019
1.99298152725707,brain observatory 1.1gray,VISp,RS,siegle_survey_2019,Siegle2019
7.7333989483609,brain observatory 1.1gray,VISp,RS,siegle_survey_2019,Siegle2019
6.29016851478395,brain observatory 1.1gray,VISp,RS,siegle_survey_2019,Siegle2019
17.0377099438424,brain observatory 1.1gray,VISp,RS,siegle_survey_2019,Siegle2019
13.5560503355047,brain observatory 1.1gray,VISp,RS,siegle_survey_2019,Siegle2019
9.69329225259597,brain observatory 1.1gray,VISp,RS,siegle_survey_2019,Siegle2019
14.1284765937852,brain observatory 1.1gray,VISp,RS,siegle_survey_2019,Siegle2019
15.7802601507037,brain observatory 1.1gray,VISp,RS,siegle_survey_2019,Siegle2019
6.66182711396334,brain observatory 1.1gray,VISp,RS,siegle_survey_2019,Siegle2019
0.746528702357975,brain observatory 1.1gray,VISp,RS,siegle_survey_2019,Siegle2019
3.56408821098372,brain observatory 1.1gray,VISp,RS,siegle_survey_2019,Siegle2019
6.35177100058666,brain observatory 1.1gray,VISp,RS,siegle_survey_2019,Siegle2019
13.9667356179221,brain observatory 1.1gray,VISpm,FS,siegle_survey_2019,Siegle2019
2.19854344812549,brain observatory 1.1gray,VISpm,RS,siegle_survey_2019,Siegle2019
3.11495729265878,brain observatory 1.1gray,VISpm,RS,siegle_survey_2019,Siegle2019
1.33280543419005,brain observatory 1.1gray,VISpm,RS,siegle_survey_2019,Siegle2019
2.02383142930993,brain observatory 1.1gray,VISp,RS,siegle_survey_2019,Siegle2019
10.2026562505287,brain observatory 1.1gray,VISp,FS,siegle_survey_2019,Siegle2019
17.8800971746612,brain observatory 1.1gray,VISp,FS,siegle_survey_2019,Siegle2019
4.80135359392421,brain observatory 1.1gray,VISpm,RS,siegle_survey_2019,Siegle2019
3.42927180023194,brain observatory 1.1gray,VISpm,FS,siegle_survey_2019,Siegle2019
2.02164438303238,brain observatory 1.1gray,VISpm,RS,siegle_survey_2019,Siegle2019
5.93974623015605,brain observatory 1.1gray,VISpm,RS,siegle_survey_2019,Siegle2019
9.05097278681989,brain observatory 1.1gray,VISpm,RS,siegle_survey_2019,Siegle2019
4.02567140164425,brain observatory 1.1gray,VISpm,RS,siegle_survey_2019,Siegle2019
0.733296886115294,brain observatory 1.1gray,VISpm,RS,siegle_survey_2019,Siegle2019
4.77399486329469,brain observatory 1.1gray,VISpm,RS,siegle_survey_2019,Siegle2019
3.91457837423956,brain observatory 1.1gray,VISpm,RS,siegle_survey_2019,Siegle2019
2.54684910587471,brain observatory 1.1gray,VISpm,RS,siegle_survey_2019,Siegle2019
2.33854967949092,brain observatory 1.1gray,VISpm,RS,siegle_survey_2019,Siegle2019
4.00909035277788,brain observatory 1.1gray,VISpm,RS,siegle_survey_2019,Siegle2019
10.3760058543538,brain observatory 1.1gray,VISpm,RS,siegle_survey_2019,Siegle2019
11.1286818413317,brain observatory 1.1gray,VISpm,RS,siegle_survey_2019,Siegle2019
10.8504311150429,brain observatory 1.1gray,VISpm,RS,siegle_survey_2019,Siegle2019
4.49076982234598,brain observatory 1.1gray,VISpm,RS,siegle_survey_2019,Siegle2019
3.95271478663221,brain observatory 1.1gray,VISpm,RS,siegle_survey_2019,Siegle2019
10.5817144918523,brain observatory 1.1gray,VISpm,RS,siegle_survey_2019,Siegle2019
2.47575785886014,brain observatory 1.1gray,VISpm,RS,siegle_survey_2019,Siegle2019
7.41825763125934,brain observatory 1.1gray,VISpm,RS,siegle_survey_2019,Siegle2019
5.37257072737072,brain observatory 1.1gray,VISpm,RS,siegle_survey_2019,Siegle2019
3.33123634880951,brain observatory 1.1gray,VISpm,RS,siegle_survey_2019,Siegle2019
2.39212719364038,brain observatory 1.1gray,VISpm,RS,siegle_survey_2019,Siegle2019
3.35393165944536,brain observatory 1.1gray,VISpm,RS,siegle_survey_2019,Siegle2019
1.80163459088671,brain observatory 1.1gray,VISpm,RS,siegle_survey_2019,Siegle2019
3.22356316273351,brain observatory 1.1gray,VISpm,RS,siegle_survey_2019,Siegle2019
5.59330594040429,brain observatory 1.1gray,VISpm,RS,siegle_survey_2019,Siegle2019
0.172753802876511,brain observatory 1.1gray,VISpm,RS,siegle_survey_2019,Siegle2019
0.551838032583937,brain observatory 1.1gray,VISpm,RS,siegle_survey_2019,Siegle2019
0.287992092497796,brain observatory 1.1gray,VISpm,RS,siegle_survey_2019,Siegle2019
16.6690682120562,brain observatory 1.1gray,LGd,FS,siegle_survey_2019,Siegle2019
2.08527415805709,brain observatory 1.1gray,VISpm,FS,siegle_survey_2019,Siegle2019
0.627696331147588,brain observatory 1.1gray,VISpm,RS,siegle_survey_2019,Siegle2019
9.02744842374073,brain observatory 1.1gray,VISpm,RS,siegle_survey_2019,Siegle2019
7.24208398705414,brain observatory 1.1gray,LP,RS,siegle_survey_2019,Siegle2019
0.685937265290719,brain observatory 1.1gray,LP,FS,siegle_survey_2019,Siegle2019
23.2658338086162,brain observatory 1.1gray,VISal,RS,siegle_survey_2019,Siegle2019
1.10139896277425,brain observatory 1.1gray,VISal,RS,siegle_survey_2019,Siegle2019
3.44573713565873,brain observatory 1.1gray,VISal,RS,siegle_survey_2019,Siegle2019
2.73056456627489,brain observatory 1.1gray,VISal,FS,siegle_survey_2019,Siegle2019
1.57136654355478,brain observatory 1.1gray,VISal,RS,siegle_survey_2019,Siegle2019
2.57574194968744,brain observatory 1.1gray,VISal,RS,siegle_survey_2019,Siegle2019
3.41346512911805,brain observatory 1.1gray,VISal,RS,siegle_survey_2019,Siegle2019
2.38418528063889,brain observatory 1.1gray,VISal,RS,siegle_survey_2019,Siegle2019
1.29617245562589,brain observatory 1.1gray,VISal,RS,siegle_survey_2019,Siegle2019
5.33961620760078,brain observatory 1.1gray,VISal,RS,siegle_survey_2019,Siegle2019
22.2330258308046,brain observatory 1.1gray,VISal,FS,siegle_survey_2019,Siegle2019
1.62003397464025,brain observatory 1.1gray,VISal,RS,siegle_survey_2019,Siegle2019
2.37256320754385,brain observatory 1.1gray,VISal,RS,siegle_survey_2019,Siegle2019
7.31682139289384,brain observatory 1.1gray,VISal,RS,siegle_survey_2019,Siegle2019
3.88146110821282,brain observatory 1.1gray,VISal,RS,siegle_survey_2019,Siegle2019
3.77084387679042,brain observatory 1.1gray,VISal,RS,siegle_survey_2019,Siegle2019
4.026633253391,brain observatory 1.1gray,VISal,RS,siegle_survey_2019,Siegle2019
4.07322531428092,brain observatory 1.1gray,VISal,RS,siegle_survey_2019,Siegle2019
18.4996423860437,brain observatory 1.1gray,VISal,FS,siegle_survey_2019,Siegle2019
8.08221792100981,brain observatory 1.1gray,VISal,RS,siegle_survey_2019,Siegle2019
1.78378068306853,brain observatory 1.1gray,VISal,RS,siegle_survey_2019,Siegle2019
4.07042356451694,brain observatory 1.1gray,VISal,RS,siegle_survey_2019,Siegle2019
21.1235329242677,brain observatory 1.1gray,VISal,FS,siegle_survey_2019,Siegle2019
8.12517808405753,brain observatory 1.1gray,VISal,RS,siegle_survey_2019,Siegle2019
11.4687032375858,brain observatory 1.1gray,VISal,FS,siegle_survey_2019,Siegle2019
25.0023998197361,brain observatory 1.1gray,VISal,FS,siegle_survey_2019,Siegle2019
5.70332483436955,brain observatory 1.1gray,VISal,RS,siegle_survey_2019,Siegle2019
9.6467357429193,brain observatory 1.1gray,VISal,FS,siegle_survey_2019,Siegle2019
12.7389335657674,brain observatory 1.1gray,VISal,RS,siegle_survey_2019,Siegle2019
0.660486564731308,brain observatory 1.1gray,VISal,RS,siegle_survey_2019,Siegle2019
11.6421004174234,brain observatory 1.1gray,VISal,RS,siegle_survey_2019,Siegle2019
1.86015430626448,brain observatory 1.1gray,VISal,RS,siegle_survey_2019,Siegle2019
4.42033097948535,brain observatory 1.1gray,VISal,RS,siegle_survey_2019,Siegle2019
8.38771241379362,brain observatory 1.1gray,VISal,RS,siegle_survey_2019,Siegle2019
9.86672498364677,brain observatory 1.1gray,VISal,RS,siegle_survey_2019,Siegle2019
2.86836914725889,brain observatory 1.1gray,VISal,RS,siegle_survey_2019,Siegle2019
3.29693309263835,brain observatory 1.1gray,VISal,RS,siegle_survey_2019,Siegle2019
7.03021276888946,brain observatory 1.1gray,VISal,RS,siegle_survey_2019,Siegle2019
27.4008013862145,brain observatory 1.1gray,VISal,FS,siegle_survey_2019,Siegle2019
6.64025070914708,brain observatory 1.1gray,VISal,RS,siegle_survey_2019,Siegle2019
6.90724708480358,brain observatory 1.1gray,VISal,RS,siegle_survey_2019,Siegle2019
7.2340141220917,brain observatory 1.1gray,VISal,RS,siegle_survey_2019,Siegle2019
16.7483412465354,brain observatory 1.1gray,VISal,RS,siegle_survey_2019,Siegle2019
10.5027221800707,brain observatory 1.1gray,VISal,RS,siegle_survey_2019,Siegle2019
18.1406033422149,brain observatory 1.1gray,VISal,FS,siegle_survey_2019,Siegle2019
9.83331152349854,brain observatory 1.1gray,VISal,RS,siegle_survey_2019,Siegle2019
7.31391587462008,brain observatory 1.1gray,VISal,RS,siegle_survey_2019,Siegle2019
11.01980066429,brain observatory 1.1gray,VISal,RS,siegle_survey_2019,Siegle2019
3.23685112547741,brain observatory 1.1gray,VISal,RS,siegle_survey_2019,Siegle2019
2.9240928370092,brain observatory 1.1gray,VISal,RS,siegle_survey_2019,Siegle2019
13.9533364356889,brain observatory 1.1gray,VISal,RS,siegle_survey_2019,Siegle2019
4.7850772913519,brain observatory 1.1gray,VISal,RS,siegle_survey_2019,Siegle2019
3.01696565325971,brain observatory 1.1gray,VISal,RS,siegle_survey_2019,Siegle2019
2.70991463282924,brain observatory 1.1gray,VISal,RS,siegle_survey_2019,Siegle2019
4.12459072662059,brain observatory 1.1gray,VISal,RS,siegle_survey_2019,Siegle2019
2.93893173390732,brain observatory 1.1gray,VISal,RS,siegle_survey_2019,Siegle2019
10.6037927085936,brain observatory 1.1gray,VISal,FS,siegle_survey_2019,Siegle2019
4.96293651710986,brain observatory 1.1gray,VISal,RS,siegle_survey_2019,Siegle2019
4.6694791714602,brain observatory 1.1gray,VISal,RS,siegle_survey_2019,Siegle2019
3.74126985150394,brain observatory 1.1gray,VISal,RS,siegle_survey_2019,Siegle2019
2.91288583795327,brain observatory 1.1gray,VISal,RS,siegle_survey_2019,Siegle2019
2.74913912952499,brain observatory 1.1gray,VISal,RS,siegle_survey_2019,Siegle2019
5.46351580827464,brain observatory 1.1gray,VISal,RS,siegle_survey_2019,Siegle2019
5.80097100206981,brain observatory 1.1gray,VISal,RS,siegle_survey_2019,Siegle2019
2.4793410041045,brain observatory 1.1gray,VISal,RS,siegle_survey_2019,Siegle2019
1.97409212999975,brain observatory 1.1gray,VISal,RS,siegle_survey_2019,Siegle2019
2.65740776688202,brain observatory 1.1gray,VISal,RS,siegle_survey_2019,Siegle2019
5.79879186336449,brain observatory 1.1gray,VISal,RS,siegle_survey_2019,Siegle2019
3.51692233336583,brain observatory 1.1gray,VISal,RS,siegle_survey_2019,Siegle2019
2.3256598411246,brain observatory 1.1gray,VISal,RS,siegle_survey_2019,Siegle2019
19.5519588436934,brain observatory 1.1gray,VISal,FS,siegle_survey_2019,Siegle2019
1.17123516985425,brain observatory 1.1gray,VISal,RS,siegle_survey_2019,Siegle2019
5.11391969883556,brain observatory 1.1gray,VISal,RS,siegle_survey_2019,Siegle2019
0.568755202088343,brain observatory 1.1gray,VISal,RS,siegle_survey_2019,Siegle2019
2.90354667207333,brain observatory 1.1gray,VISal,RS,siegle_survey_2019,Siegle2019
5.12533423491104,brain observatory 1.1gray,VISal,FS,siegle_survey_2019,Siegle2019
0.663184545985513,brain observatory 1.1gray,VISal,RS,siegle_survey_2019,Siegle2019
2.22085364624972,brain observatory 1.1gray,VISal,RS,siegle_survey_2019,Siegle2019
0.676051841197875,brain observatory 1.1gray,VISal,RS,siegle_survey_2019,Siegle2019
3.28022636256424,brain observatory 1.1gray,VISal,RS,siegle_survey_2019,Siegle2019
6.23503057768101,brain observatory 1.1gray,VISpm,RS,siegle_survey_2019,Siegle2019
9.69387435470382,brain observatory 1.1gray,VISpm,RS,siegle_survey_2019,Siegle2019
8.65037847490052,brain observatory 1.1gray,VISpm,RS,siegle_survey_2019,Siegle2019
9.39073646659786,brain observatory 1.1gray,VISpm,RS,siegle_survey_2019,Siegle2019
12.7636513934489,brain observatory 1.1gray,VISpm,RS,siegle_survey_2019,Siegle2019
13.1621620029412,brain observatory 1.1gray,VISpm,RS,siegle_survey_2019,Siegle2019
6.50744993963861,brain observatory 1.1gray,VISpm,RS,siegle_survey_2019,Siegle2019
2.46588817503793,brain observatory 1.1gray,VISpm,RS,siegle_survey_2019,Siegle2019
7.99408131489295,brain observatory 1.1gray,VISpm,RS,siegle_survey_2019,Siegle2019
2.28209591217053,brain observatory 1.1gray,VISpm,RS,siegle_survey_2019,Siegle2019
3.39418958178487,brain observatory 1.1gray,VISpm,RS,siegle_survey_2019,Siegle2019
3.56895308865596,brain observatory 1.1gray,VISpm,RS,siegle_survey_2019,Siegle2019
2.48187011093944,brain observatory 1.1gray,VISpm,RS,siegle_survey_2019,Siegle2019
0.377443512167541,brain observatory 1.1gray,VISpm,RS,siegle_survey_2019,Siegle2019
9.01339673323488,brain observatory 1.1gray,VISpm,RS,siegle_survey_2019,Siegle2019
0.820682786423127,brain observatory 1.1gray,VISpm,RS,siegle_survey_2019,Siegle2019
4.54011514168424,brain observatory 1.1gray,VISpm,RS,siegle_survey_2019,Siegle2019
9.94003767910894,brain observatory 1.1gray,VISpm,RS,siegle_survey_2019,Siegle2019
2.1457305629849,brain observatory 1.1gray,VISpm,RS,siegle_survey_2019,Siegle2019
12.1578945112598,brain observatory 1.1gray,VISpm,RS,siegle_survey_2019,Siegle2019
13.3866355571942,brain observatory 1.1gray,VISpm,FS,siegle_survey_2019,Siegle2019
1.76600391711714,brain observatory 1.1gray,VISpm,RS,siegle_survey_2019,Siegle2019
3.09530662466568,brain observatory 1.1gray,VISpm,RS,siegle_survey_2019,Siegle2019
2.42786351712935,brain observatory 1.1gray,LP,RS,siegle_survey_2019,Siegle2019
19.772502127731,brain observatory 1.1gray,LP,FS,siegle_survey_2019,Siegle2019
4.44824979032965,brain observatory 1.1gray,LP,FS,siegle_survey_2019,Siegle2019
10.9134441469106,brain observatory 1.1gray,LP,FS,siegle_survey_2019,Siegle2019
5.35008130511196,brain observatory 1.1gray,LP,FS,siegle_survey_2019,Siegle2019
5.9078464191464,brain observatory 1.1gray,LP,FS,siegle_survey_2019,Siegle2019
5.79395720738021,brain observatory 1.1gray,LP,FS,siegle_survey_2019,Siegle2019
7.64757713478001,brain observatory 1.1gray,LP,FS,siegle_survey_2019,Siegle2019
7.33354744922322,brain observatory 1.1gray,LP,FS,siegle_survey_2019,Siegle2019
7.78973006118781,brain observatory 1.1gray,LP,FS,siegle_survey_2019,Siegle2019
19.230276842042,brain observatory 1.1gray,LP,RS,siegle_survey_2019,Siegle2019
8.803156316437,brain observatory 1.1gray,LP,RS,siegle_survey_2019,Siegle2019
17.0614799934357,brain observatory 1.1gray,LP,FS,siegle_survey_2019,Siegle2019
7.57123381700267,brain observatory 1.1gray,LP,RS,siegle_survey_2019,Siegle2019
14.2858997803096,brain observatory 1.1gray,LP,RS,siegle_survey_2019,Siegle2019
13.3535100795863,brain observatory 1.1gray,LP,RS,siegle_survey_2019,Siegle2019
2.74627355698484,brain observatory 1.1gray,LP,RS,siegle_survey_2019,Siegle2019
8.33675287777544,brain observatory 1.1gray,LP,RS,siegle_survey_2019,Siegle2019
11.4043567108149,brain observatory 1.1gray,LP,FS,siegle_survey_2019,Siegle2019
3.81195118136852,brain observatory 1.1gray,LP,FS,siegle_survey_2019,Siegle2019
4.02085236375651,brain observatory 1.1gray,LP,FS,siegle_survey_2019,Siegle2019
8.62783785033904,brain observatory 1.1gray,LP,FS,siegle_survey_2019,Siegle2019
9.06941928130797,brain observatory 1.1gray,LP,FS,siegle_survey_2019,Siegle2019
9.70394488971963,brain observatory 1.1gray,LP,RS,siegle_survey_2019,Siegle2019
6.87934642610804,brain observatory 1.1gray,LP,FS,siegle_survey_2019,Siegle2019
8.26656291484628,brain observatory 1.1gray,LP,FS,siegle_survey_2019,Siegle2019
9.77976673674712,brain observatory 1.1gray,LP,FS,siegle_survey_2019,Siegle2019
10.0775265349087,brain observatory 1.1gray,LP,FS,siegle_survey_2019,Siegle2019
10.7160153210192,brain observatory 1.1gray,LP,FS,siegle_survey_2019,Siegle2019
0.417280894026141,brain observatory 1.1gray,LP,FS,siegle_survey_2019,Siegle2019
8.68071498437335,brain observatory 1.1gray,LP,FS,siegle_survey_2019,Siegle2019
13.7639075597145,brain observatory 1.1gray,LP,RS,siegle_survey_2019,Siegle2019
4.19283341705546,brain observatory 1.1gray,LP,RS,siegle_survey_2019,Siegle2019
2.94860420792478,brain observatory 1.1gray,LP,FS,siegle_survey_2019,Siegle2019
10.261918592054,brain observatory 1.1gray,LP,RS,siegle_survey_2019,Siegle2019
4.94688012133164,brain observatory 1.1gray,LP,RS,siegle_survey_2019,Siegle2019
6.01558227606442,brain observatory 1.1gray,LP,RS,siegle_survey_2019,Siegle2019
4.46066079417596,brain observatory 1.1gray,VISp,FS,siegle_survey_2019,Siegle2019
6.37988174190629,brain observatory 1.1gray,VISp,RS,siegle_survey_2019,Siegle2019
3.73863239394028,brain observatory 1.1gray,VISp,RS,siegle_survey_2019,Siegle2019
27.2123253157727,brain observatory 1.1gray,VISp,FS,siegle_survey_2019,Siegle2019
0.727347401884105,brain observatory 1.1gray,VISp,RS,siegle_survey_2019,Siegle2019
2.25556958138049,brain observatory 1.1gray,VISp,RS,siegle_survey_2019,Siegle2019
1.5406331833427,brain observatory 1.1gray,VISp,RS,siegle_survey_2019,Siegle2019
12.1939677202305,brain observatory 1.1gray,VISp,RS,siegle_survey_2019,Siegle2019
6.19517680231112,brain observatory 1.1gray,VISp,FS,siegle_survey_2019,Siegle2019
11.6741656767848,brain observatory 1.1gray,VISp,FS,siegle_survey_2019,Siegle2019
28.9113813129184,brain observatory 1.1gray,VISp,FS,siegle_survey_2019,Siegle2019
8.23277161025631,brain observatory 1.1gray,VISp,RS,siegle_survey_2019,Siegle2019
4.28106626792927,brain observatory 1.1gray,VISp,RS,siegle_survey_2019,Siegle2019
79.4341792058219,brain observatory 1.1gray,VISp,FS,siegle_survey_2019,Siegle2019
7.24969495264811,brain observatory 1.1gray,VISp,RS,siegle_survey_2019,Siegle2019
11.9814162425936,brain observatory 1.1gray,VISp,FS,siegle_survey_2019,Siegle2019
10.4975190768341,brain observatory 1.1gray,VISp,RS,siegle_survey_2019,Siegle2019
6.60536569413936,brain observatory 1.1gray,VISp,RS,siegle_survey_2019,Siegle2019
21.5898276909416,brain observatory 1.1gray,VISp,FS,siegle_survey_2019,Siegle2019
11.0679037830148,brain observatory 1.1gray,VISp,RS,siegle_survey_2019,Siegle2019
12.2104461959256,brain observatory 1.1gray,VISp,RS,siegle_survey_2019,Siegle2019
9.64606163648681,brain observatory 1.1gray,VISp,RS,siegle_survey_2019,Siegle2019
18.8614927277514,brain observatory 1.1gray,VISp,RS,siegle_survey_2019,Siegle2019
5.28854775663023,brain observatory 1.1gray,VISp,RS,siegle_survey_2019,Siegle2019
11.1910751741282,brain observatory 1.1gray,VISp,FS,siegle_survey_2019,Siegle2019
11.4662031417465,brain observatory 1.1gray,VISp,FS,siegle_survey_2019,Siegle2019
3.33741279900937,brain observatory 1.1gray,VISp,RS,siegle_survey_2019,Siegle2019
3.50251043841037,brain observatory 1.1gray,VISp,RS,siegle_survey_2019,Siegle2019
6.82772082187336,brain observatory 1.1gray,VISp,RS,siegle_survey_2019,Siegle2019
4.02523271805521,brain observatory 1.1gray,VISp,RS,siegle_survey_2019,Siegle2019
2.12906077746804,brain observatory 1.1gray,VISp,RS,siegle_survey_2019,Siegle2019
2.57095509088688,brain observatory 1.1gray,VISp,RS,siegle_survey_2019,Siegle2019
3.38038198879662,brain observatory 1.1gray,VISp,RS,siegle_survey_2019,Siegle2019
1.21752990673861,brain observatory 1.1gray,VISp,RS,siegle_survey_2019,Siegle2019
2.04635551654259,brain observatory 1.1gray,VISp,RS,siegle_survey_2019,Siegle2019
4.99965296121598,brain observatory 1.1gray,VISp,FS,siegle_survey_2019,Siegle2019
1.66599475160549,brain observatory 1.1gray,VISp,RS,siegle_survey_2019,Siegle2019
9.58046061615628,brain observatory 1.1gray,VISp,FS,siegle_survey_2019,Siegle2019
3.01295369845568,brain observatory 1.1gray,VISp,RS,siegle_survey_2019,Siegle2019
2.0321715121468,brain observatory 1.1gray,VISp,RS,siegle_survey_2019,Siegle2019
4.11628151097818,brain observatory 1.1gray,VISp,FS,siegle_survey_2019,Siegle2019
13.1422101317491,brain observatory 1.1gray,VISp,FS,siegle_survey_2019,Siegle2019
2.15878461020922,brain observatory 1.1gray,VISp,RS,siegle_survey_2019,Siegle2019
4.85030373846031,brain observatory 1.1gray,VISp,RS,siegle_survey_2019,Siegle2019
8.70397257981644,brain observatory 1.1gray,VISp,RS,siegle_survey_2019,Siegle2019
2.01882186095076,brain observatory 1.1gray,VISp,RS,siegle_survey_2019,Siegle2019
8.96084907119019,brain observatory 1.1gray,VISp,RS,siegle_survey_2019,Siegle2019
13.7660977368639,brain observatory 1.1gray,LP,RS,siegle_survey_2019,Siegle2019
6.10266789128858,brain observatory 1.1gray,LP,RS,siegle_survey_2019,Siegle2019
19.4915571434621,brain observatory 1.1gray,VISam,RS,siegle_survey_2019,Siegle2019
18.9155383947419,brain observatory 1.1gray,VISam,FS,siegle_survey_2019,Siegle2019
8.38210529010493,brain observatory 1.1gray,VISam,FS,siegle_survey_2019,Siegle2019
2.71696971676117,brain observatory 1.1gray,VISam,RS,siegle_survey_2019,Siegle2019
11.4458692165982,brain observatory 1.1gray,VISam,RS,siegle_survey_2019,Siegle2019
0.738105090910981,brain observatory 1.1gray,VISam,RS,siegle_survey_2019,Siegle2019
3.06096217794069,brain observatory 1.1gray,VISam,RS,siegle_survey_2019,Siegle2019
10.5141321701636,brain observatory 1.1gray,VISam,FS,siegle_survey_2019,Siegle2019
12.9527948640338,brain observatory 1.1gray,VISam,FS,siegle_survey_2019,Siegle2019
30.6298566300645,brain observatory 1.1gray,VISam,FS,siegle_survey_2019,Siegle2019
3.16825877065852,brain observatory 1.1gray,VISam,FS,siegle_survey_2019,Siegle2019
7.12256366301685,brain observatory 1.1gray,VISam,FS,siegle_survey_2019,Siegle2019
3.95959708406878,brain observatory 1.1gray,VISam,RS,siegle_survey_2019,Siegle2019
1.36476285050769,brain observatory 1.1gray,VISam,RS,siegle_survey_2019,Siegle2019
6.23409806645002,brain observatory 1.1gray,VISam,FS,siegle_survey_2019,Siegle2019
3.70318520727403,brain observatory 1.1gray,VISam,RS,siegle_survey_2019,Siegle2019
12.5259951678554,brain observatory 1.1gray,VISam,RS,siegle_survey_2019,Siegle2019
13.9837345629232,brain observatory 1.1gray,VISam,RS,siegle_survey_2019,Siegle2019
3.81349108547428,brain observatory 1.1gray,VISam,RS,siegle_survey_2019,Siegle2019
9.40297944789802,brain observatory 1.1gray,VISam,RS,siegle_survey_2019,Siegle2019
9.58862123162355,brain observatory 1.1gray,VISam,RS,siegle_survey_2019,Siegle2019
11.572985586114,brain observatory 1.1gray,VISam,RS,siegle_survey_2019,Siegle2019
5.05414685194858,brain observatory 1.1gray,VISam,RS,siegle_survey_2019,Siegle2019
9.23290293390911,brain observatory 1.1gray,VISam,RS,siegle_survey_2019,Siegle2019
7.45233984450358,brain observatory 1.1gray,VISam,FS,siegle_survey_2019,Siegle2019
3.67931846034453,brain observatory 1.1gray,VISam,RS,siegle_survey_2019,Siegle2019
1.4794270042342,brain observatory 1.1gray,VISam,RS,siegle_survey_2019,Siegle2019
4.42717778695714,brain observatory 1.1gray,VISam,RS,siegle_survey_2019,Siegle2019
11.4901783511151,brain observatory 1.1gray,VISam,RS,siegle_survey_2019,Siegle2019
3.05982072482667,brain observatory 1.1gray,VISam,FS,siegle_survey_2019,Siegle2019
3.06438653728275,brain observatory 1.1gray,VISam,RS,siegle_survey_2019,Siegle2019
11.0949242682697,brain observatory 1.1gray,VISam,RS,siegle_survey_2019,Siegle2019
10.6954156783628,brain observatory 1.1gray,VISam,FS,siegle_survey_2019,Siegle2019
1.9980617918587,brain observatory 1.1gray,VISam,RS,siegle_survey_2019,Siegle2019
1.74621572752003,brain observatory 1.1gray,VISam,RS,siegle_survey_2019,Siegle2019
0.732190288411062,brain observatory 1.1gray,VISam,RS,siegle_survey_2019,Siegle2019
1.85278594098349,brain observatory 1.1gray,VISam,RS,siegle_survey_2019,Siegle2019
8.99703721316671,brain observatory 1.1gray,VISam,RS,siegle_survey_2019,Siegle2019
3.46835717118075,brain observatory 1.1gray,VISam,RS,siegle_survey_2019,Siegle2019
16.991048444505,brain observatory 1.1gray,VISam,FS,siegle_survey_2019,Siegle2019
1.48907747147091,brain observatory 1.1gray,VISam,RS,siegle_survey_2019,Siegle2019
1.92376357098252,brain observatory 1.1gray,VISam,FS,siegle_survey_2019,Siegle2019
0.852042865383111,brain observatory 1.1gray,VISam,FS,siegle_survey_2019,Siegle2019
18.1701695112872,brain observatory 1.1gray,VISam,FS,siegle_survey_2019,Siegle2019
0.984658963539196,brain observatory 1.1gray,VISam,RS,siegle_survey_2019,Siegle2019
10.3279715441135,brain observatory 1.1gray,VISam,FS,siegle_survey_2019,Siegle2019
1.78253469023884,brain observatory 1.1gray,VISam,RS,siegle_survey_2019,Siegle2019
3.21111514666671,brain observatory 1.1gray,VISam,RS,siegle_survey_2019,Siegle2019
2.19605202290863,brain observatory 1.1gray,VISam,RS,siegle_survey_2019,Siegle2019
