firing rate (Hz),region,layer,spiking class,citation,dataset,stimulus orientation (degrees),temporal frequency (Hz)
0.918399618250272,grey,,FS,siegle_survey_2019,Siegle2019,optimal,optimal
3.43297671067178,grey,,FS,siegle_survey_2019,Siegle2019,optimal,optimal
0.4360937458551031,grey,,FS,siegle_survey_2019,Siegle2019,optimal,optimal
3.282654505949497,grey,,RS,siegle_survey_2019,Siegle2019,optimal,optimal
1.7666842858880305,grey,,RS,siegle_survey_2019,Siegle2019,optimal,optimal
0.090299557607025,grey,,RS,siegle_survey_2019,Siegle2019,optimal,optimal
0.1614768559560917,grey,,RS,siegle_survey_2019,Siegle2019,optimal,optimal
4.899547760983521,grey,,RS,siegle_survey_2019,Siegle2019,optimal,optimal
0.6283786861712387,grey,,RS,siegle_survey_2019,Siegle2019,optimal,optimal
0.5279868250669579,grey,,RS,siegle_survey_2019,Siegle2019,optimal,optimal
4.4820451005181,grey,,RS,siegle_survey_2019,Siegle2019,optimal,optimal
0.501428131653127,grey,,RS,siegle_survey_2019,Siegle2019,optimal,optimal
0.8265065390384171,VISpm,,RS,siegle_survey_2019,Siegle2019,optimal,optimal
0.5396726501690435,VISpm,,RS,siegle_survey_2019,Siegle2019,optimal,optimal
1.235510417611413,VISpm,,RS,siegle_survey_2019,Siegle2019,optimal,optimal
0.4881487849462116,VISpm,,RS,siegle_survey_2019,Siegle2019,optimal,optimal
0.1455416399077932,VISpm,,RS,siegle_survey_2019,Siegle2019,optimal,optimal
0.0642720380614707,VISpm,,RS,siegle_survey_2019,Siegle2019,optimal,optimal
0.1752873765312838,grey,,RS,siegle_survey_2019,Siegle2019,optimal,optimal
0.1715691594533475,VISpm,,RS,siegle_survey_2019,Siegle2019,optimal,optimal
0.0515238652228319,VISpm,,RS,siegle_survey_2019,Siegle2019,optimal,optimal
0.8281000606432469,grey,,FS,siegle_survey_2019,Siegle2019,optimal,optimal
0.2448711532755207,grey,,FS,siegle_survey_2019,Siegle2019,optimal,optimal
9.744384613534551,grey,,RS,siegle_survey_2019,Siegle2019,optimal,optimal
1.6126438640878111,grey,,RS,siegle_survey_2019,Siegle2019,optimal,optimal
0.5481714320614693,grey,,RS,siegle_survey_2019,Siegle2019,optimal,optimal
0.0908307314753016,VISp,,RS,siegle_survey_2019,Siegle2019,optimal,optimal
1.407610750933037,VISp,,RS,siegle_survey_2019,Siegle2019,optimal,optimal
0.5301115205400644,VISp,,RS,siegle_survey_2019,Siegle2019,optimal,optimal
0.1072971213918767,VISp,,RS,siegle_survey_2019,Siegle2019,optimal,optimal
0.4031609660219528,VISp,,RS,siegle_survey_2019,Siegle2019,optimal,optimal
0.1705068117167942,VISp,,RS,siegle_survey_2019,Siegle2019,optimal,optimal
1.0984675595960454,VISp,,RS,siegle_survey_2019,Siegle2019,optimal,optimal
0.6124434701229401,VISp,,RS,siegle_survey_2019,Siegle2019,optimal,optimal
0.797291976283203,VISp,,RS,siegle_survey_2019,Siegle2019,optimal,optimal
0.1975966789989017,VISp,,RS,siegle_survey_2019,Siegle2019,optimal,optimal
0.0754266892952797,VISp,,RS,siegle_survey_2019,Siegle2019,optimal,optimal
0.5210815647793618,VISp,,RS,siegle_survey_2019,Siegle2019,optimal,optimal
0.1614768559560917,VISp,,RS,siegle_survey_2019,Siegle2019,optimal,optimal
0.1200452942305155,VISp,,RS,siegle_survey_2019,Siegle2019,optimal,optimal
0.074895515427003,VISp,,RS,siegle_survey_2019,Siegle2019,optimal,optimal
2.912957493628971,grey,,RS,siegle_survey_2019,Siegle2019,optimal,optimal
0.7866684989176708,grey,,RS,siegle_survey_2019,Siegle2019,optimal,optimal
1.15583433736992,grey,,RS,siegle_survey_2019,Siegle2019,optimal,optimal
1.48250626636004,grey,,RS,siegle_survey_2019,Siegle2019,optimal,optimal
0.3017067571811188,grey,,RS,siegle_survey_2019,Siegle2019,optimal,optimal
2.8168150234709035,grey,,RS,siegle_survey_2019,Siegle2019,optimal,optimal
0.2900209320790332,VISl,,FS,siegle_survey_2019,Siegle2019,optimal,optimal
0.8180077571459912,VISl,,RS,siegle_survey_2019,Siegle2019,optimal,optimal
0.6719349433699213,VISl,,RS,siegle_survey_2019,Siegle2019,optimal,optimal
0.3362330586190989,grey,,RS,siegle_survey_2019,Siegle2019,optimal,optimal
0.3266719289901198,VISl,,RS,siegle_survey_2019,Siegle2019,optimal,optimal
0.2655869341383088,grey,,RS,siegle_survey_2019,Siegle2019,optimal,optimal
15.742399934114117,grey,,FS,siegle_survey_2019,Siegle2019,optimal,optimal
32.803704583159075,grey,,FS,siegle_survey_2019,Siegle2019,optimal,optimal
1.0017939155697009,VISal,,RS,siegle_survey_2019,Siegle2019,optimal,optimal
2.3206986305005426,VISal,,RS,siegle_survey_2019,Siegle2019,optimal,optimal
25.195170093964805,VISal,,FS,siegle_survey_2019,Siegle2019,optimal,optimal
0.5954459063380884,VISal,,RS,siegle_survey_2019,Siegle2019,optimal,optimal
0.0584291255104279,VISal,,RS,siegle_survey_2019,Siegle2019,optimal,optimal
0.7107106357541144,VISal,,RS,siegle_survey_2019,Siegle2019,optimal,optimal
0.465308308610317,VISal,,RS,siegle_survey_2019,Siegle2019,optimal,optimal
4.559065311418209,VISal,,RS,siegle_survey_2019,Siegle2019,optimal,optimal
0.2496517180900103,VISal,,RS,siegle_survey_2019,Siegle2019,optimal,optimal
0.9842651779165724,VISal,,RS,siegle_survey_2019,Siegle2019,optimal,optimal
4.255765032632261,VISal,,RS,siegle_survey_2019,Siegle2019,optimal,optimal
2.051393479284297,VISal,,RS,siegle_survey_2019,Siegle2019,optimal,optimal
0.1742250287947306,VISal,,RS,siegle_survey_2019,Siegle2019,optimal,optimal
0.2188436337299664,VISal,,RS,siegle_survey_2019,Siegle2019,optimal,optimal
0.3208290164390771,VISal,,RS,siegle_survey_2019,Siegle2019,optimal,optimal
0.2985197139714591,VISal,,RS,siegle_survey_2019,Siegle2019,optimal,optimal
1.2764108054687122,grey,,RS,siegle_survey_2019,Siegle2019,optimal,optimal
1.1685825102085587,grey,,RS,siegle_survey_2019,Siegle2019,optimal,optimal
23.239919084838576,grey,,FS,siegle_survey_2019,Siegle2019,optimal,optimal
0.6188175565422596,grey,,RS,siegle_survey_2019,Siegle2019,optimal,optimal
0.3781957942129517,grey,,RS,siegle_survey_2019,Siegle2019,optimal,optimal
0.3803204896860582,VISrl,,RS,siegle_survey_2019,Siegle2019,optimal,optimal
6.954128283477478,VISrl,,FS,siegle_survey_2019,Siegle2019,optimal,optimal
1.076689430996704,VISrl,,RS,siegle_survey_2019,Siegle2019,optimal,optimal
9.22011600554553,VISrl,,RS,siegle_survey_2019,Siegle2019,optimal,optimal
0.8270377129066937,VISrl,,RS,siegle_survey_2019,Siegle2019,optimal,optimal
8.150863008704697,VISrl,,RS,siegle_survey_2019,Siegle2019,optimal,optimal
1.560057651128426,VISrl,,RS,siegle_survey_2019,Siegle2019,optimal,optimal
4.516040228087803,VISrl,,RS,siegle_survey_2019,Siegle2019,optimal,optimal
0.523737434120745,VISrl,,RS,siegle_survey_2019,Siegle2019,optimal,optimal
0.0956112962897911,VISrl,,RS,siegle_survey_2019,Siegle2019,optimal,optimal
0.2868338888693735,VISrl,,RS,siegle_survey_2019,Siegle2019,optimal,optimal
0.2581504999824361,VISrl,,RS,siegle_survey_2019,Siegle2019,optimal,optimal
0.3346395370142691,VISrl,,RS,siegle_survey_2019,Siegle2019,optimal,optimal
0.5301115205400644,VISrl,,RS,siegle_survey_2019,Siegle2019,optimal,optimal
0.0366519825221959,MB,,FS,siegle_survey_2019,Siegle2019,optimal,optimal
1.3513426599487912,MB,,FS,siegle_survey_2019,Siegle2019,optimal,optimal
0.265594076247797,SCig,,FS,siegle_survey_2019,Siegle2019,optimal,optimal
0.0584306967745153,DG,,FS,siegle_survey_2019,Siegle2019,optimal,optimal
13.8523246407801,CA1,,FS,siegle_survey_2019,Siegle2019,optimal,optimal
11.5496239997117,CA1,,RS,siegle_survey_2019,Siegle2019,optimal,optimal
14.054176138728426,VISam,L5,FS,siegle_survey_2019,Siegle2019,optimal,optimal
0.2454089264529644,VISam,L5,RS,siegle_survey_2019,Siegle2019,optimal,optimal
0.0908331740767465,VISam,L3,RS,siegle_survey_2019,Siegle2019,optimal,optimal
0.3102138810574269,MB,,FS,siegle_survey_2019,Siegle2019,optimal,optimal
2.483835801069397,VIS,L5,RS,siegle_survey_2019,Siegle2019,optimal,optimal
0.8791163923802081,VIS,L4,RS,siegle_survey_2019,Siegle2019,optimal,optimal
0.065336142756958,VIS,L2,RS,siegle_survey_2019,Siegle2019,optimal,optimal
7.224158873940079,LP,,FS,siegle_survey_2019,Siegle2019,optimal,optimal
0.3596143792395171,DG,,RS,siegle_survey_2019,Siegle2019,optimal,optimal
5.673089468652944,DG,,RS,siegle_survey_2019,Siegle2019,optimal,optimal
4.660113661843846,DG,,FS,siegle_survey_2019,Siegle2019,optimal,optimal
2.139094690099757,DG,,FS,siegle_survey_2019,Siegle2019,optimal,optimal
6.791771717808665,DG,,RS,siegle_survey_2019,Siegle2019,optimal,optimal
0.9805733295068664,CA1,,RS,siegle_survey_2019,Siegle2019,optimal,optimal
5.801637001556878,CA1,,RS,siegle_survey_2019,Siegle2019,optimal,optimal
0.3521777451045788,CA1,,RS,siegle_survey_2019,Siegle2019,optimal,optimal
23.087030671916,CA1,,RS,siegle_survey_2019,Siegle2019,optimal,optimal
4.9071161527542975,VISp,L5,RS,siegle_survey_2019,Siegle2019,optimal,optimal
4.145392342075615,CA1,,RS,siegle_survey_2019,Siegle2019,optimal,optimal
2.0190461676357527,VISl,L5,RS,siegle_survey_2019,Siegle2019,optimal,optimal
3.0399897967322844,APN,,FS,siegle_survey_2019,Siegle2019,optimal,optimal
5.961524635458051,CA3,,RS,siegle_survey_2019,Siegle2019,optimal,optimal
3.544087353450603,VISal,L5,RS,siegle_survey_2019,Siegle2019,optimal,optimal
0.3803307171868453,VISal,L5,RS,siegle_survey_2019,Siegle2019,optimal,optimal
1.4623609838203702,VISal,L3,RS,siegle_survey_2019,Siegle2019,optimal,optimal
0.1508574353087487,VISal,L3,RS,siegle_survey_2019,Siegle2019,optimal,optimal
7.081267283658613,CA1,,RS,siegle_survey_2019,Siegle2019,optimal,optimal
20.524573293322717,CA1,,FS,siegle_survey_2019,Siegle2019,optimal,optimal
3.2142186132636907,CA1,,RS,siegle_survey_2019,Siegle2019,optimal,optimal
0.6289265969433498,CA1,,RS,siegle_survey_2019,Siegle2019,optimal,optimal
2.8370759224789674,LP,,FS,siegle_survey_2019,Siegle2019,optimal,optimal
0.1821975363059887,LP,,RS,siegle_survey_2019,Siegle2019,optimal,optimal
1.6705867395986431,DG,,RS,siegle_survey_2019,Siegle2019,optimal,optimal
3.6598863706946423,DG,,RS,siegle_survey_2019,Siegle2019,optimal,optimal
7.206098476755228,VISrl,L5,RS,siegle_survey_2019,Siegle2019,optimal,optimal
4.841248821844844,VISrl,L5,RS,siegle_survey_2019,Siegle2019,optimal,optimal
0.0950826527473476,VISam,L3,RS,siegle_survey_2019,Siegle2019,optimal,optimal
7.69054207183121,VISrl,L4,RS,siegle_survey_2019,Siegle2019,optimal,optimal
3.131885347114022,VISrl,L3,RS,siegle_survey_2019,Siegle2019,optimal,optimal
0.2964029890925414,VISrl,L3,RS,siegle_survey_2019,Siegle2019,optimal,optimal
0.4573529992987064,VISrl,L2,RS,siegle_survey_2019,Siegle2019,optimal,optimal
3.907950146716406,grey,,RS,siegle_survey_2019,Siegle2019,optimal,optimal
3.042644887915125,grey,,RS,siegle_survey_2019,Siegle2019,optimal,optimal
9.38556084577031,grey,,RS,siegle_survey_2019,Siegle2019,optimal,optimal
2.79033058593194,grey,,RS,siegle_survey_2019,Siegle2019,optimal,optimal
10.613667511423204,grey,,RS,siegle_survey_2019,Siegle2019,optimal,optimal
9.995895862567531,grey,,RS,siegle_survey_2019,Siegle2019,optimal,optimal
1.52072088158866,APN,,FS,siegle_survey_2019,Siegle2019,optimal,optimal
13.881343534724344,APN,,FS,siegle_survey_2019,Siegle2019,optimal,optimal
7.003182647044869,grey,,RS,siegle_survey_2019,Siegle2019,optimal,optimal
0.1253603689853298,grey,,FS,siegle_survey_2019,Siegle2019,optimal,optimal
0.6979810374861163,grey,,RS,siegle_survey_2019,Siegle2019,optimal,optimal
0.4748821984550268,APN,,FS,siegle_survey_2019,Siegle2019,optimal,optimal
0.9149741237413666,CA1,,RS,siegle_survey_2019,Siegle2019,optimal,optimal
9.069503983286111,grey,,RS,siegle_survey_2019,Siegle2019,optimal,optimal
0.0640693686184637,VISam,L5,RS,siegle_survey_2019,Siegle2019,optimal,optimal
0.0950826527473476,VISpm,,RS,siegle_survey_2019,Siegle2019,optimal,optimal
2.2851707939613943,VISpm,,RS,siegle_survey_2019,Siegle2019,optimal,optimal
2.4669354412679554,VISam,L4,RS,siegle_survey_2019,Siegle2019,optimal,optimal
24.60834666942109,VISpm,,RS,siegle_survey_2019,Siegle2019,optimal,optimal
0.0690544405427664,VISpm,,RS,siegle_survey_2019,Siegle2019,optimal,optimal
2.2281314309627724,VISam,L3,RS,siegle_survey_2019,Siegle2019,optimal,optimal
0.85999337875953,VISpm,,RS,siegle_survey_2019,Siegle2019,optimal,optimal
0.9784485565482768,VISam,L3,RS,siegle_survey_2019,Siegle2019,optimal,optimal
2.152904980921788,VISpm,,RS,siegle_survey_2019,Siegle2019,optimal,optimal
0.1779480273852729,VISam,L3,RS,siegle_survey_2019,Siegle2019,optimal,optimal
0.1582940661516756,VISam,L3,RS,siegle_survey_2019,Siegle2019,optimal,optimal
0.5163148734880157,VISam,L2,FS,siegle_survey_2019,Siegle2019,optimal,optimal
0.1030504728099745,VISpm,,RS,siegle_survey_2019,Siegle2019,optimal,optimal
0.1237668369575181,VISam,L3,RS,siegle_survey_2019,Siegle2019,optimal,optimal
1.0515851455572276,grey,,FS,siegle_survey_2019,Siegle2019,optimal,optimal
17.233336873016146,APN,,RS,siegle_survey_2019,Siegle2019,optimal,optimal
4.538471480536632,APN,,RS,siegle_survey_2019,Siegle2019,optimal,optimal
8.261035840931568,PO,,FS,siegle_survey_2019,Siegle2019,optimal,optimal
0.1408467516204544,grey,,FS,siegle_survey_2019,Siegle2019,optimal,optimal
0.1821476787873546,grey,,FS,siegle_survey_2019,Siegle2019,optimal,optimal
5.758609153262547,PO,,RS,siegle_survey_2019,Siegle2019,optimal,optimal
0.3638638768922745,POL,,RS,siegle_survey_2019,Siegle2019,optimal,optimal
3.844207586215391,LP,,RS,siegle_survey_2019,Siegle2019,optimal,optimal
6.393910006255998,LP,,FS,siegle_survey_2019,Siegle2019,optimal,optimal
16.38270110953707,grey,,FS,siegle_survey_2019,Siegle2019,optimal,optimal
5.120653683564272,POL,,RS,siegle_survey_2019,Siegle2019,optimal,optimal
10.83198578113918,LP,,FS,siegle_survey_2019,Siegle2019,optimal,optimal
0.324053335491734,TH,,FS,siegle_survey_2019,Siegle2019,optimal,optimal
0.2188494577201521,LP,,RS,siegle_survey_2019,Siegle2019,optimal,optimal
1.1192134140321497,LP,,RS,siegle_survey_2019,Siegle2019,optimal,optimal
0.395006189994826,LGd,,FS,siegle_survey_2019,Siegle2019,optimal,optimal
0.1191372899045197,grey,,RS,siegle_survey_2019,Siegle2019,optimal,optimal
0.0661873832802887,grey,,RS,siegle_survey_2019,Siegle2019,optimal,optimal
0.1927376601122008,grey,,RS,siegle_survey_2019,Siegle2019,optimal,optimal
8.33274837490381,DG,,RS,siegle_survey_2019,Siegle2019,optimal,optimal
0.105899813248462,grey,,RS,siegle_survey_2019,Siegle2019,optimal,optimal
3.367613094325863,LGd,,FS,siegle_survey_2019,Siegle2019,optimal,optimal
0.3309369164014437,grey,,RS,siegle_survey_2019,Siegle2019,optimal,optimal
8.426235310230032,LP,,FS,siegle_survey_2019,Siegle2019,optimal,optimal
3.5355873557896427,LP,,FS,siegle_survey_2019,Siegle2019,optimal,optimal
2.313323758182676,LP,,FS,siegle_survey_2019,Siegle2019,optimal,optimal
1.7051139340499286,CA1,,RS,siegle_survey_2019,Siegle2019,optimal,optimal
0.2054456377020162,grey,,RS,siegle_survey_2019,Siegle2019,optimal,optimal
4.54521867951151,LGd,,FS,siegle_survey_2019,Siegle2019,optimal,optimal
0.2661252588657365,CA1,,FS,siegle_survey_2019,Siegle2019,optimal,optimal
7.507765104472706,LGd,,FS,siegle_survey_2019,Siegle2019,optimal,optimal
3.6212441140311578,grey,,RS,siegle_survey_2019,Siegle2019,optimal,optimal
5.554445204881832,VIS,,FS,siegle_survey_2019,Siegle2019,optimal,optimal
0.1757936899924469,VIS,,RS,siegle_survey_2019,Siegle2019,optimal,optimal
0.1614972152039045,VIS,,RS,siegle_survey_2019,Siegle2019,optimal,optimal
0.2419810732727356,VIS,,RS,siegle_survey_2019,Siegle2019,optimal,optimal
0.1673216568878888,DG,,RS,siegle_survey_2019,Siegle2019,optimal,optimal
12.423959440340742,VISpm,L5,FS,siegle_survey_2019,Siegle2019,optimal,optimal
0.7270022179506916,VIS,,RS,siegle_survey_2019,Siegle2019,optimal,optimal
0.1546137273427545,VIS,,RS,siegle_survey_2019,Siegle2019,optimal,optimal
0.1927376047695934,DG,,FS,siegle_survey_2019,Siegle2019,optimal,optimal
3.130927079677489,DG,,RS,siegle_survey_2019,Siegle2019,optimal,optimal
1.199844539582139,DG,,FS,siegle_survey_2019,Siegle2019,optimal,optimal
8.680605199430534,DG,,RS,siegle_survey_2019,Siegle2019,optimal,optimal
0.1763231384293258,DG,,FS,siegle_survey_2019,Siegle2019,optimal,optimal
0.9414493397788272,VIS,,RS,siegle_survey_2019,Siegle2019,optimal,optimal
0.4701015051819897,VISpm,L4,RS,siegle_survey_2019,Siegle2019,optimal,optimal
0.1003945327890989,CA1,,RS,siegle_survey_2019,Siegle2019,optimal,optimal
0.1223142843019736,VIS,,RS,siegle_survey_2019,Siegle2019,optimal,optimal
0.4143266432565987,CA1,,RS,siegle_survey_2019,Siegle2019,optimal,optimal
0.1030504728099745,CA1,,RS,siegle_survey_2019,Siegle2019,optimal,optimal
0.3835177390144413,CA1,,RS,siegle_survey_2019,Siegle2019,optimal,optimal
21.533668025942266,VIS,,FS,siegle_survey_2019,Siegle2019,optimal,optimal
0.180603921419543,CA1,,RS,siegle_survey_2019,Siegle2019,optimal,optimal
0.0550679028892002,VIS,,RS,siegle_survey_2019,Siegle2019,optimal,optimal
0.092426712726472,CA1,,RS,siegle_survey_2019,Siegle2019,optimal,optimal
0.3096826064340988,CA1,,RS,siegle_survey_2019,Siegle2019,optimal,optimal
0.654423621143756,CA1,,RS,siegle_survey_2019,Siegle2019,optimal,optimal
0.55703301768691,VIS,,RS,siegle_survey_2019,Siegle2019,optimal,optimal
0.4876305878327662,CA1,,RS,siegle_survey_2019,Siegle2019,optimal,optimal
1.252794790729305,VIS,,RS,siegle_survey_2019,Siegle2019,optimal,optimal
0.1567317236077237,VIS,,RS,siegle_survey_2019,Siegle2019,optimal,optimal
0.4209517576626364,VIS,,RS,siegle_survey_2019,Siegle2019,optimal,optimal
0.8239005470730343,VIS,,RS,siegle_survey_2019,Siegle2019,optimal,optimal
0.2276845984841932,VIS,,RS,siegle_survey_2019,Siegle2019,optimal,optimal
0.3891817019386021,CA1,,RS,siegle_survey_2019,Siegle2019,optimal,optimal
0.3952039772377405,CA1,,RS,siegle_survey_2019,Siegle2019,optimal,optimal
0.0624808898165925,VIS,,RS,siegle_survey_2019,Siegle2019,optimal,optimal
0.1959146545096547,VIS,,RS,siegle_survey_2019,Siegle2019,optimal,optimal
0.3748853388995554,VIS,,RS,siegle_survey_2019,Siegle2019,optimal,optimal
0.0656578842140464,VIS,,RS,siegle_survey_2019,Siegle2019,optimal,optimal
0.1329042274647471,CA1,,RS,siegle_survey_2019,Siegle2019,optimal,optimal
0.7338857058118416,VIS,,RS,siegle_survey_2019,Siegle2019,optimal,optimal
4.332369362052332,VISp,L6a,RS,siegle_survey_2019,Siegle2019,optimal,optimal
9.472678126452454,APN,,RS,siegle_survey_2019,Siegle2019,optimal,optimal
3.167992003671641,VISp,L6a,RS,siegle_survey_2019,Siegle2019,optimal,optimal
17.081412650259544,VISp,L5,FS,siegle_survey_2019,Siegle2019,optimal,optimal
1.246440444031931,VISp,L5,RS,siegle_survey_2019,Siegle2019,optimal,optimal
9.458336046633342,APN,,RS,siegle_survey_2019,Siegle2019,optimal,optimal
8.507988553400624,VISp,L5,RS,siegle_survey_2019,Siegle2019,optimal,optimal
1.7725748280138978,APN,,RS,siegle_survey_2019,Siegle2019,optimal,optimal
1.1393985634071953,APN,,RS,siegle_survey_2019,Siegle2019,optimal,optimal
0.0640693870153195,VIS,,RS,siegle_survey_2019,Siegle2019,optimal,optimal
0.0534794056904733,VIS,,RS,siegle_survey_2019,Siegle2019,optimal,optimal
0.5104370998575868,VIS,,RS,siegle_survey_2019,Siegle2019,optimal,optimal
1.7242367071420772,APN,,RS,siegle_survey_2019,Siegle2019,optimal,optimal
0.0826018543338003,VIS,,RS,siegle_survey_2019,Siegle2019,optimal,optimal
2.674001104052131,APN,,RS,siegle_survey_2019,Siegle2019,optimal,optimal
0.4728425303825465,VISp,L4,RS,siegle_survey_2019,Siegle2019,optimal,optimal
0.119666788970762,VIS,,RS,siegle_survey_2019,Siegle2019,optimal,optimal
5.459551717808463,APN,,FS,siegle_survey_2019,Siegle2019,optimal,optimal
1.9728327573400108,APN,,FS,siegle_survey_2019,Siegle2019,optimal,optimal
0.2520415555313395,grey,,FS,siegle_survey_2019,Siegle2019,optimal,optimal
0.4100772451983006,NOT,,RS,siegle_survey_2019,Siegle2019,optimal,optimal
0.247533609945609,VISp,L2,RS,siegle_survey_2019,Siegle2019,optimal,optimal
0.154044561020087,SUB,,RS,siegle_survey_2019,Siegle2019,optimal,optimal
0.0557747548521004,SUB,,RS,siegle_survey_2019,Siegle2019,optimal,optimal
1.955303548672208,SUB,,RS,siegle_survey_2019,Siegle2019,optimal,optimal
0.9356248500501616,grey,,FS,siegle_survey_2019,Siegle2019,optimal,optimal
3.2262378106143945,grey,,RS,siegle_survey_2019,Siegle2019,optimal,optimal
7.350506037575747,grey,,RS,siegle_survey_2019,Siegle2019,optimal,optimal
1.7577015600533377,SUB,,RS,siegle_survey_2019,Siegle2019,optimal,optimal
6.350811800510266,grey,,RS,siegle_survey_2019,Siegle2019,optimal,optimal
7.123350938157796,grey,,RS,siegle_survey_2019,Siegle2019,optimal,optimal
6.8278923701799945,SUB,,FS,siegle_survey_2019,Siegle2019,optimal,optimal
1.800826324290096,grey,,RS,siegle_survey_2019,Siegle2019,optimal,optimal
0.14713907715651,CA1,,RS,siegle_survey_2019,Siegle2019,optimal,optimal
4.317005887073553,grey,,RS,siegle_survey_2019,Siegle2019,optimal,optimal
8.186055564106113,grey,,RS,siegle_survey_2019,Siegle2019,optimal,optimal
7.39021846754392,grey,,RS,siegle_survey_2019,Siegle2019,optimal,optimal
1.7566391837704405,VISp,L4,RS,siegle_survey_2019,Siegle2019,optimal,optimal
0.3378355706553805,LGd,,FS,siegle_survey_2019,Siegle2019,optimal,optimal
4.289874321718322,LGd,,FS,siegle_survey_2019,Siegle2019,optimal,optimal
0.0663985176810719,VISp,L3,RS,siegle_survey_2019,Siegle2019,optimal,optimal
1.019349780012068,CA3,,RS,siegle_survey_2019,Siegle2019,optimal,optimal
27.995201384041696,CA3,,FS,siegle_survey_2019,Siegle2019,optimal,optimal
3.404678018320016,VISl,L6a,RS,siegle_survey_2019,Siegle2019,optimal,optimal
0.2541595517963088,VISpm,,RS,siegle_survey_2019,Siegle2019,optimal,optimal
0.6338102003000091,VISl,L6a,RS,siegle_survey_2019,Siegle2019,optimal,optimal
0.8021908550163023,VISl,L5,RS,siegle_survey_2019,Siegle2019,optimal,optimal
33.62424004966682,VISl,L5,FS,siegle_survey_2019,Siegle2019,optimal,optimal
0.403171695168921,CA1,,RS,siegle_survey_2019,Siegle2019,optimal,optimal
8.24881851683554,CA1,,FS,siegle_survey_2019,Siegle2019,optimal,optimal
1.284564365854488,ZI,,FS,siegle_survey_2019,Siegle2019,optimal,optimal
5.109497412160542,VISl,L5,RS,siegle_survey_2019,Siegle2019,optimal,optimal
5.138786962332154,MB,,FS,siegle_survey_2019,Siegle2019,optimal,optimal
1.0358166081414968,VISl,L5,RS,siegle_survey_2019,Siegle2019,optimal,optimal
0.1168613609185278,VISl,L5,FS,siegle_survey_2019,Siegle2019,optimal,optimal
1.8437535624918644,VISl,L5,RS,siegle_survey_2019,Siegle2019,optimal,optimal
0.2783425141877663,VISl,L5,RS,siegle_survey_2019,Siegle2019,optimal,optimal
0.1524509571982613,VISl,L4,RS,siegle_survey_2019,Siegle2019,optimal,optimal
10.56032937713663,grey,,FS,siegle_survey_2019,Siegle2019,optimal,optimal
1.3072536782749864,VISl,L3,RS,siegle_survey_2019,Siegle2019,optimal,optimal
0.2964029063297206,VISl,L3,RS,siegle_survey_2019,Siegle2019,optimal,optimal
7.092639992315743,grey,,RS,siegle_survey_2019,Siegle2019,optimal,optimal
3.880169157423648,grey,,RS,siegle_survey_2019,Siegle2019,optimal,optimal
3.3390211117240067,grey,,RS,siegle_survey_2019,Siegle2019,optimal,optimal
1.241675310338217,grey,,RS,siegle_survey_2019,Siegle2019,optimal,optimal
6.144307164675765,grey,,RS,siegle_survey_2019,Siegle2019,optimal,optimal
12.252604874638438,CA3,,FS,siegle_survey_2019,Siegle2019,optimal,optimal
2.722683416827608,CA3,,RS,siegle_survey_2019,Siegle2019,optimal,optimal
19.24388398839901,CA1,,FS,siegle_survey_2019,Siegle2019,optimal,optimal
4.233038299203701,CA1,L1,RS,siegle_survey_2019,Siegle2019,optimal,optimal
1.3073331945522633,grey,,RS,siegle_survey_2019,Siegle2019,optimal,optimal
12.922954210709817,grey,,RS,siegle_survey_2019,Siegle2019,optimal,optimal
3.658292730156342,CA1,L1,RS,siegle_survey_2019,Siegle2019,optimal,optimal
5.16685188839246,grey,,RS,siegle_survey_2019,Siegle2019,optimal,optimal
4.777670074704363,grey,,RS,siegle_survey_2019,Siegle2019,optimal,optimal
7.1290760463813365,CA1,,RS,siegle_survey_2019,Siegle2019,optimal,optimal
2.7611159592496977,CA1,,RS,siegle_survey_2019,Siegle2019,optimal,optimal
6.295214398554824,grey,,RS,siegle_survey_2019,Siegle2019,optimal,optimal
7.3298555739922975,grey,,RS,siegle_survey_2019,Siegle2019,optimal,optimal
1.6107356970030309,CA3,,RS,siegle_survey_2019,Siegle2019,optimal,optimal
1.242449062848219,VISl,L6a,RS,siegle_survey_2019,Siegle2019,optimal,optimal
1.0886500801941894,grey,,RS,siegle_survey_2019,Siegle2019,optimal,optimal
8.576825874992936,grey,,RS,siegle_survey_2019,Siegle2019,optimal,optimal
2.371755051567891,VISl,L6a,RS,siegle_survey_2019,Siegle2019,optimal,optimal
11.851244697673186,CA3,,FS,siegle_survey_2019,Siegle2019,optimal,optimal
11.64686146106585,grey,,RS,siegle_survey_2019,Siegle2019,optimal,optimal
10.603577679596471,VISl,L6a,RS,siegle_survey_2019,Siegle2019,optimal,optimal
3.2057204336421554,VISl,L5,RS,siegle_survey_2019,Siegle2019,optimal,optimal
0.7048866637022602,VISl,L5,RS,siegle_survey_2019,Siegle2019,optimal,optimal
7.491882288262444,grey,,RS,siegle_survey_2019,Siegle2019,optimal,optimal
9.137565386143544,grey,,RS,siegle_survey_2019,Siegle2019,optimal,optimal
3.723097683413069,VISl,L5,RS,siegle_survey_2019,Siegle2019,optimal,optimal
0.1896341664971416,VISl,L5,RS,siegle_survey_2019,Siegle2019,optimal,optimal
2.5672322876209672,VISl,L5,RS,siegle_survey_2019,Siegle2019,optimal,optimal
1.2464408019343978,grey,,RS,siegle_survey_2019,Siegle2019,optimal,optimal
5.508908285184993,grey,,RS,siegle_survey_2019,Siegle2019,optimal,optimal
3.855812200376501,grey,,RS,siegle_survey_2019,Siegle2019,optimal,optimal
1.282976237505117,grey,,RS,siegle_survey_2019,Siegle2019,optimal,optimal
16.77081910952564,CA1,,FS,siegle_survey_2019,Siegle2019,optimal,optimal
1.8114163056149424,grey,,RS,siegle_survey_2019,Siegle2019,optimal,optimal
1.0018122333304504,grey,,RS,siegle_survey_2019,Siegle2019,optimal,optimal
8.33007931012402,grey,,RS,siegle_survey_2019,Siegle2019,optimal,optimal
0.0979573272548273,grey,,FS,siegle_survey_2019,Siegle2019,optimal,optimal
0.4426612193785711,grey,,FS,siegle_survey_2019,Siegle2019,optimal,optimal
0.1120806978456495,CA3,,RS,siegle_survey_2019,Siegle2019,optimal,optimal
6.175060548535846,PO,,RS,siegle_survey_2019,Siegle2019,optimal,optimal
7.415102794487325,CA1,,RS,siegle_survey_2019,Siegle2019,optimal,optimal
12.375086933267925,PO,,RS,siegle_survey_2019,Siegle2019,optimal,optimal
3.881921934511825,PO,,RS,siegle_survey_2019,Siegle2019,optimal,optimal
0.7058220526315055,CA1,,RS,siegle_survey_2019,Siegle2019,optimal,optimal
17.23254216270994,CA1,,FS,siegle_survey_2019,Siegle2019,optimal,optimal
0.3182289388116283,VISp,,RS,siegle_survey_2019,Siegle2019,optimal,optimal
1.1304801818216537,VIS,L5,RS,siegle_survey_2019,Siegle2019,optimal,optimal
0.951509548821317,VIS,L5,RS,siegle_survey_2019,Siegle2019,optimal,optimal
31.826061737036213,VIS,L5,FS,siegle_survey_2019,Siegle2019,optimal,optimal
2.940836969478906,VIS,L5,RS,siegle_survey_2019,Siegle2019,optimal,optimal
28.81695667358524,PO,,RS,siegle_survey_2019,Siegle2019,optimal,optimal
0.5702703305957476,VIS,L4,RS,siegle_survey_2019,Siegle2019,optimal,optimal
0.6735465633567942,VPM,,RS,siegle_survey_2019,Siegle2019,optimal,optimal
2.878885596517251,VIS,L4,RS,siegle_survey_2019,Siegle2019,optimal,optimal
0.0667168631894746,VIS,L3,RS,siegle_survey_2019,Siegle2019,optimal,optimal
0.4770785216961639,VIS,L3,RS,siegle_survey_2019,Siegle2019,optimal,optimal
2.1890257652056966,LGd,,FS,siegle_survey_2019,Siegle2019,optimal,optimal
18.80565377170393,VPM,,RS,siegle_survey_2019,Siegle2019,optimal,optimal
11.498098509795874,VPM,,RS,siegle_survey_2019,Siegle2019,optimal,optimal
0.1874426694497777,VISp,,RS,siegle_survey_2019,Siegle2019,optimal,optimal
19.31771914006036,LGd,,RS,siegle_survey_2019,Siegle2019,optimal,optimal
16.00841288182579,DG,,FS,siegle_survey_2019,Siegle2019,optimal,optimal
0.2165651180931047,grey,,FS,siegle_survey_2019,Siegle2019,optimal,optimal
4.397174298561698,CA1,,RS,siegle_survey_2019,Siegle2019,optimal,optimal
1.0108137174565697,grey,,RS,siegle_survey_2019,Siegle2019,optimal,optimal
0.3165880504883754,VISrl,L5,RS,siegle_survey_2019,Siegle2019,optimal,optimal
23.16564603671384,CA3,L3,FS,siegle_survey_2019,Siegle2019,optimal,optimal
2.429653931097029,VISrl,L4,RS,siegle_survey_2019,Siegle2019,optimal,optimal
0.0398391003131344,VISrl,L3,RS,siegle_survey_2019,Siegle2019,optimal,optimal
18.17981572021764,CA1,,FS,siegle_survey_2019,Siegle2019,optimal,optimal
0.1784791694028425,VISrl,L3,RS,siegle_survey_2019,Siegle2019,optimal,optimal
0.427075265724655,CA1,,FS,siegle_survey_2019,Siegle2019,optimal,optimal
1.868602204769112,grey,,RS,siegle_survey_2019,Siegle2019,optimal,optimal
2.6432593386816112,grey,,RS,siegle_survey_2019,Siegle2019,optimal,optimal
2.279327725915468,DG,,FS,siegle_survey_2019,Siegle2019,optimal,optimal
13.090801655820488,VISrl,L5,RS,siegle_survey_2019,Siegle2019,optimal,optimal
4.434357458853957,CA1,,RS,siegle_survey_2019,Siegle2019,optimal,optimal
10.40491062578238,VISrl,L6b,FS,siegle_survey_2019,Siegle2019,optimal,optimal
1.5723164923583746,VISrl,L4,FS,siegle_survey_2019,Siegle2019,optimal,optimal
0.4345117874152535,VISrl,L4,RS,siegle_survey_2019,Siegle2019,optimal,optimal
1.6339343008426894,VISrl,L4,RS,siegle_survey_2019,Siegle2019,optimal,optimal
0.0630103888828348,grey,,RS,siegle_survey_2019,Siegle2019,optimal,optimal
4.4189530067328775,VISrl,L4,RS,siegle_survey_2019,Siegle2019,optimal,optimal
0.059833394485381,grey,,RS,siegle_survey_2019,Siegle2019,optimal,optimal
0.55703301768691,grey,,RS,siegle_survey_2019,Siegle2019,optimal,optimal
3.473969547305328,VISrl,L3,RS,siegle_survey_2019,Siegle2019,optimal,optimal
1.373520577832552,VISl,,RS,siegle_survey_2019,Siegle2019,optimal,optimal
0.1625435292775887,VISrl,L3,RS,siegle_survey_2019,Siegle2019,optimal,optimal
0.2451580676701895,VISl,,RS,siegle_survey_2019,Siegle2019,optimal,optimal
3.595828158851527,VISl,,FS,siegle_survey_2019,Siegle2019,optimal,optimal
0.6888782851812453,VISl,,RS,siegle_survey_2019,Siegle2019,optimal,optimal
2.042807397562832,VISl,,RS,siegle_survey_2019,Siegle2019,optimal,optimal
0.3128698153132112,VISrl,L4,RS,siegle_survey_2019,Siegle2019,optimal,optimal
0.915503885532954,VISl,,RS,siegle_survey_2019,Siegle2019,optimal,optimal
0.8397855190603036,VISl,,RS,siegle_survey_2019,Siegle2019,optimal,optimal
1.0018122333304504,VISl,,RS,siegle_survey_2019,Siegle2019,optimal,optimal
0.4881981390754098,VISl,,RS,siegle_survey_2019,Siegle2019,optimal,optimal
0.1323747665605775,VISal,,RS,siegle_survey_2019,Siegle2019,optimal,optimal
1.3708730825013404,VISal,,RS,siegle_survey_2019,Siegle2019,optimal,optimal
1.997799976932236,VISal,,RS,siegle_survey_2019,Siegle2019,optimal,optimal
1.1738994298592011,VISal,,RS,siegle_survey_2019,Siegle2019,optimal,optimal
0.3081684565530244,VISal,,FS,siegle_survey_2019,Siegle2019,optimal,optimal
5.287048176429465,grey,,FS,siegle_survey_2019,Siegle2019,optimal,optimal
0.5792719784690871,grey,,FS,siegle_survey_2019,Siegle2019,optimal,optimal
0.9636883005610042,grey,,FS,siegle_survey_2019,Siegle2019,optimal,optimal
3.1113365132398134,grey,,FS,siegle_survey_2019,Siegle2019,optimal,optimal
2.308615928816472,grey,,RS,siegle_survey_2019,Siegle2019,optimal,optimal
0.4246582511263326,grey,,FS,siegle_survey_2019,Siegle2019,optimal,optimal
1.3576356058452828,grey,,RS,siegle_survey_2019,Siegle2019,optimal,optimal
0.3420563967925322,grey,,FS,siegle_survey_2019,Siegle2019,optimal,optimal
2.3218534054725293,grey,,RS,siegle_survey_2019,Siegle2019,optimal,optimal
0.3976537987479748,grey,,RS,siegle_survey_2019,Siegle2019,optimal,optimal
2.6337283554892497,grey,,RS,siegle_survey_2019,Siegle2019,optimal,optimal
5.83137321652656,grey,,RS,siegle_survey_2019,Siegle2019,optimal,optimal
1.4021135274096368,grey,,RS,siegle_survey_2019,Siegle2019,optimal,optimal
0.1477302394816045,grey,,RS,siegle_survey_2019,Siegle2019,optimal,optimal
0.1832066769198392,grey,,RS,siegle_survey_2019,Siegle2019,optimal,optimal
0.2192126134243163,VISrl,,RS,siegle_survey_2019,Siegle2019,optimal,optimal
11.203670742621036,VISrl,,FS,siegle_survey_2019,Siegle2019,optimal,optimal
2.774045608043462,VISrl,,RS,siegle_survey_2019,Siegle2019,optimal,optimal
1.1278330110961203,VISrl,,RS,siegle_survey_2019,Siegle2019,optimal,optimal
0.3203469350765975,VISrl,,RS,siegle_survey_2019,Siegle2019,optimal,optimal
0.270044523783578,VISrl,,RS,siegle_survey_2019,Siegle2019,optimal,optimal
0.8408445171927883,VISrl,,RS,siegle_survey_2019,Siegle2019,optimal,optimal
0.9282118631227694,VISrl,,RS,siegle_survey_2019,Siegle2019,optimal,optimal
0.4326007371199672,VISrl,,RS,siegle_survey_2019,Siegle2019,optimal,optimal
5.739769878066641,VISrl,,RS,siegle_survey_2019,Siegle2019,optimal,optimal
5.112313484569503,VISrl,,FS,siegle_survey_2019,Siegle2019,optimal,optimal
16.348813169297564,VISrl,,RS,siegle_survey_2019,Siegle2019,optimal,optimal
0.5951569504563564,VISrl,,RS,siegle_survey_2019,Siegle2019,optimal,optimal
0.8376675227953344,VISrl,,RS,siegle_survey_2019,Siegle2019,optimal,optimal
1.3692845853026137,VISrl,,RS,siegle_survey_2019,Siegle2019,optimal,optimal
2.9715487597518435,VISrl,,RS,siegle_survey_2019,Siegle2019,optimal,optimal
0.5819194738002986,VISrl,,RS,siegle_survey_2019,Siegle2019,optimal,optimal
0.3584708678460439,VISrl,,RS,siegle_survey_2019,Siegle2019,optimal,optimal
0.1805591815886277,VISrl,,RS,siegle_survey_2019,Siegle2019,optimal,optimal
0.2107406283644393,VISrl,,RS,siegle_survey_2019,Siegle2019,optimal,optimal
0.0381239327694463,VISrl,,RS,siegle_survey_2019,Siegle2019,optimal,optimal
1.1241262483642953,APN,,FS,siegle_survey_2019,Siegle2019,optimal,optimal
0.0661873674260654,DG,,FS,siegle_survey_2019,Siegle2019,optimal,optimal
1.643035208984648,VISam,L5,RS,siegle_survey_2019,Siegle2019,optimal,optimal
1.461946571706933,VISam,L5,RS,siegle_survey_2019,Siegle2019,optimal,optimal
2.4314591297639394,VISam,L5,RS,siegle_survey_2019,Siegle2019,optimal,optimal
2.466406059764902,VISam,L5,RS,siegle_survey_2019,Siegle2019,optimal,optimal
10.021826426185122,VISam,L4,RS,siegle_survey_2019,Siegle2019,optimal,optimal
1.221024554276055,VISam,L4,RS,siegle_survey_2019,Siegle2019,optimal,optimal
0.2557479877343168,VISam,L4,RS,siegle_survey_2019,Siegle2019,optimal,optimal
1.2803284354898097,VISam,L3,RS,siegle_survey_2019,Siegle2019,optimal,optimal
0.0931918133359001,VISam,L3,RS,siegle_survey_2019,Siegle2019,optimal,optimal
0.1773821447018553,VISam,L3,RS,siegle_survey_2019,Siegle2019,optimal,optimal
0.2774574442500662,VISam,L2,RS,siegle_survey_2019,Siegle2019,optimal,optimal
5.854140274100635,PO,,RS,siegle_survey_2019,Siegle2019,optimal,optimal
0.824429848659071,PO,,RS,siegle_survey_2019,Siegle2019,optimal,optimal
6.841126297158122,Eth,,RS,siegle_survey_2019,Siegle2019,optimal,optimal
7.958369059310107,Eth,,RS,siegle_survey_2019,Siegle2019,optimal,optimal
2.366330760216691,LP,,RS,siegle_survey_2019,Siegle2019,optimal,optimal
0.1763231468230383,LP,,RS,siegle_survey_2019,Siegle2019,optimal,optimal
0.1186077624275092,LP,,RS,siegle_survey_2019,Siegle2019,optimal,optimal
2.687736616437665,LP,,RS,siegle_survey_2019,Siegle2019,optimal,optimal
1.8304778335352652,LP,,RS,siegle_survey_2019,Siegle2019,optimal,optimal
1.8712492518697217,LP,,FS,siegle_survey_2019,Siegle2019,optimal,optimal
1.6335042280752947,LP,,RS,siegle_survey_2019,Siegle2019,optimal,optimal
0.521026956377987,LP,,RS,siegle_survey_2019,Siegle2019,optimal,optimal
10.964864037271704,LP,,RS,siegle_survey_2019,Siegle2019,optimal,optimal
3.676311136313378,LP,,RS,siegle_survey_2019,Siegle2019,optimal,optimal
0.5294989394085234,LP,,RS,siegle_survey_2019,Siegle2019,optimal,optimal
15.434364584819049,VISmma,L5,FS,siegle_survey_2019,Siegle2019,optimal,optimal
1.708693077471305,VISmma,L5,RS,siegle_survey_2019,Siegle2019,optimal,optimal
4.931753121650987,VISmma,L4,RS,siegle_survey_2019,Siegle2019,optimal,optimal
1.3560467838252284,VISmma,L3,RS,siegle_survey_2019,Siegle2019,optimal,optimal
2.390687711429483,LP,,RS,siegle_survey_2019,Siegle2019,optimal,optimal
2.3594472740043804,LP,,RS,siegle_survey_2019,Siegle2019,optimal,optimal
1.804532385504248,LP,,RS,siegle_survey_2019,Siegle2019,optimal,optimal
0.9091496789644348,LP,,FS,siegle_survey_2019,Siegle2019,optimal,optimal
4.681829622250164,LP,,RS,siegle_survey_2019,Siegle2019,optimal,optimal
1.485244525040908,LP,,FS,siegle_survey_2019,Siegle2019,optimal,optimal
2.8412913088661367,LP,,RS,siegle_survey_2019,Siegle2019,optimal,optimal
1.834184326111125,DG,,RS,siegle_survey_2019,Siegle2019,optimal,optimal
5.354293275298989,DG,,RS,siegle_survey_2019,Siegle2019,optimal,optimal
0.916562664116154,SUB,,RS,siegle_survey_2019,Siegle2019,optimal,optimal
0.6465182050178071,SUB,,RS,siegle_survey_2019,Siegle2019,optimal,optimal
0.5824488333493758,SUB,,RS,siegle_survey_2019,Siegle2019,optimal,optimal
1.6779821389856109,VISp,L5,RS,siegle_survey_2019,Siegle2019,optimal,optimal
3.209822570694469,VISp,L5,FS,siegle_survey_2019,Siegle2019,optimal,optimal
0.0,VISp,L4,RS,siegle_survey_2019,Siegle2019,optimal,optimal
0.1509071977314291,VISp,L3,RS,siegle_survey_2019,Siegle2019,optimal,optimal
0.2409220174308781,VISp,L3,RS,siegle_survey_2019,Siegle2019,optimal,optimal
0.2112700768240008,VISp,L3,RS,siegle_survey_2019,Siegle2019,optimal,optimal
0.0942508112147171,VISp,L3,RS,siegle_survey_2019,Siegle2019,optimal,optimal
1.2427340107918043,LGd,,FS,siegle_survey_2019,Siegle2019,optimal,optimal
0.1339632316703564,VISl,L5,RS,siegle_survey_2019,Siegle2019,optimal,optimal
0.418833661072142,VISl,L5,RS,siegle_survey_2019,Siegle2019,optimal,optimal
4.118442750719495,PIL,,RS,siegle_survey_2019,Siegle2019,optimal,optimal
0.9107381757826604,VISrl,L5,RS,siegle_survey_2019,Siegle2019,optimal,optimal
7.3033788712617635,VISrl,L4,RS,siegle_survey_2019,Siegle2019,optimal,optimal
6.826300326854684,LP,,RS,siegle_survey_2019,Siegle2019,optimal,optimal
7.233485011259838,LP,,FS,siegle_survey_2019,Siegle2019,optimal,optimal
4.601874124237,VISam,L5,RS,siegle_survey_2019,Siegle2019,optimal,optimal
0.6454590446950758,VISam,L5,RS,siegle_survey_2019,Siegle2019,optimal,optimal
0.2922833409939965,VISam,L3,RS,siegle_survey_2019,Siegle2019,optimal,optimal
4.424492024177238,DG,,FS,siegle_survey_2019,Siegle2019,optimal,optimal
4.420256033728049,SUB,,RS,siegle_survey_2019,Siegle2019,optimal,optimal
10.62968853343203,VISp,L6a,RS,siegle_survey_2019,Siegle2019,optimal,optimal
9.062901566038487,VISp,L6a,RS,siegle_survey_2019,Siegle2019,optimal,optimal
0.7248838656173574,VISp,L6a,RS,siegle_survey_2019,Siegle2019,optimal,optimal
0.8281361328163236,VISp,L6a,RS,siegle_survey_2019,Siegle2019,optimal,optimal
6.278796843309441,VISp,L5,FS,siegle_survey_2019,Siegle2019,optimal,optimal
7.070927057307663,VISp,L5,FS,siegle_survey_2019,Siegle2019,optimal,optimal
2.2784333628571867,VISp,L5,RS,siegle_survey_2019,Siegle2019,optimal,optimal
1.4360007622748523,VISp,L5,FS,siegle_survey_2019,Siegle2019,optimal,optimal
0.4675474458291648,VISp,L5,RS,siegle_survey_2019,Siegle2019,optimal,optimal
6.0569368435332,VISp,L5,FS,siegle_survey_2019,Siegle2019,optimal,optimal
3.747792549919398,VISp,L5,FS,siegle_survey_2019,Siegle2019,optimal,optimal
2.6872064412038634,VISp,L5,RS,siegle_survey_2019,Siegle2019,optimal,optimal
2.0629273487547293,VISp,L5,RS,siegle_survey_2019,Siegle2019,optimal,optimal
13.377257838536828,VISp,L4,FS,siegle_survey_2019,Siegle2019,optimal,optimal
0.6872894503808107,VISp,L3,RS,siegle_survey_2019,Siegle2019,optimal,optimal
0.4003010974482996,VISp,L3,RS,siegle_survey_2019,Siegle2019,optimal,optimal
0.7105873978513467,CA3,,RS,siegle_survey_2019,Siegle2019,optimal,optimal
0.1000752743620749,VISl,L6a,RS,siegle_survey_2019,Siegle2019,optimal,optimal
1.3496924568726398,LGv,,FS,siegle_survey_2019,Siegle2019,optimal,optimal
14.437843947252365,CA3,,FS,siegle_survey_2019,Siegle2019,optimal,optimal
5.103309493659672,CA3,,RS,siegle_survey_2019,Siegle2019,optimal,optimal
1.1701923615882832,CA3,,RS,siegle_survey_2019,Siegle2019,optimal,optimal
18.98253220042532,CA3,,FS,siegle_survey_2019,Siegle2019,optimal,optimal
0.6798764670947312,VISal,L6a,FS,siegle_survey_2019,Siegle2019,optimal,optimal
0.3431152263842568,VISal,L6a,RS,siegle_survey_2019,Siegle2019,optimal,optimal
0.5247333168932076,VISal,L6a,RS,siegle_survey_2019,Siegle2019,optimal,optimal
2.558538231309767,VISal,L5,RS,siegle_survey_2019,Siegle2019,optimal,optimal
1.2829756072979233,VISal,L4,RS,siegle_survey_2019,Siegle2019,optimal,optimal
3.373966392778525,VISal,L4,RS,siegle_survey_2019,Siegle2019,optimal,optimal
0.4664884482168677,LGv,,FS,siegle_survey_2019,Siegle2019,optimal,optimal
4.648470019178072,DG,,RS,siegle_survey_2019,Siegle2019,optimal,optimal
0.7365328393526254,DG,,RS,siegle_survey_2019,Siegle2019,optimal,optimal
7.815402378752516,DG,,RS,siegle_survey_2019,Siegle2019,optimal,optimal
5.974335029774028,DG,,RS,siegle_survey_2019,Siegle2019,optimal,optimal
2.1905365610365286,DG,,RS,siegle_survey_2019,Siegle2019,optimal,optimal
0.5999221473663009,VISrl,L6a,RS,siegle_survey_2019,Siegle2019,optimal,optimal
4.403312071931296,VISrl,L5,RS,siegle_survey_2019,Siegle2019,optimal,optimal
0.6184546055815,VISrl,L5,RS,siegle_survey_2019,Siegle2019,optimal,optimal
2.7740442454122247,VISrl,L4,RS,siegle_survey_2019,Siegle2019,optimal,optimal
0.9943987579469664,VISrl,L4,FS,siegle_survey_2019,Siegle2019,optimal,optimal
2.2747268712141477,VISrl,L4,RS,siegle_survey_2019,Siegle2019,optimal,optimal
0.2928128398001451,VISrl,L4,RS,siegle_survey_2019,Siegle2019,optimal,optimal
4.141739661693915,VISrl,L4,RS,siegle_survey_2019,Siegle2019,optimal,optimal
0.8964414788094858,VISrl,L4,RS,siegle_survey_2019,Siegle2019,optimal,optimal
0.1959145582749614,VISrl,L3,RS,siegle_survey_2019,Siegle2019,optimal,optimal
0.7979475009804913,VISam,L6a,RS,siegle_survey_2019,Siegle2019,optimal,optimal
2.646411154545784,VISam,L6a,RS,siegle_survey_2019,Siegle2019,optimal,optimal
16.635113894030585,VISam,L5,RS,siegle_survey_2019,Siegle2019,optimal,optimal
14.047476576650585,VISam,L5,RS,siegle_survey_2019,Siegle2019,optimal,optimal
7.458452885740677,VISam,L5,RS,siegle_survey_2019,Siegle2019,optimal,optimal
22.30917190365696,VISam,L5,FS,siegle_survey_2019,Siegle2019,optimal,optimal
2.93392641203245,VISam,L5,RS,siegle_survey_2019,Siegle2019,optimal,optimal
0.5072552793227011,VISam,L3,RS,siegle_survey_2019,Siegle2019,optimal,optimal
0.2059731770944997,VISam,L3,RS,siegle_survey_2019,Siegle2019,optimal,optimal
5.038620777161428,VISam,L6a,RS,siegle_survey_2019,Siegle2019,optimal,optimal
0.7915935726382445,VISpm,L5,RS,siegle_survey_2019,Siegle2019,optimal,optimal
0.6062706626560468,VISpm,L5,RS,siegle_survey_2019,Siegle2019,optimal,optimal
0.8032424412656969,VISpm,L3,RS,siegle_survey_2019,Siegle2019,optimal,optimal
0.0953080853183119,VISam,L3,RS,siegle_survey_2019,Siegle2019,optimal,optimal
3.258005953685859,APN,,FS,siegle_survey_2019,Siegle2019,optimal,optimal
0.2303299024064457,LP,,RS,siegle_survey_2019,Siegle2019,optimal,optimal
0.0301811596256721,LP,,RS,siegle_survey_2019,Siegle2019,optimal,optimal
4.489050373797348,LP,,RS,siegle_survey_2019,Siegle2019,optimal,optimal
2.550572735383561,LP,,FS,siegle_survey_2019,Siegle2019,optimal,optimal
0.8948449081997546,LP,,FS,siegle_survey_2019,Siegle2019,optimal,optimal
22.24437762393114,LP,,RS,siegle_survey_2019,Siegle2019,optimal,optimal
1.6117798228165994,LP,,FS,siegle_survey_2019,Siegle2019,optimal,optimal
0.0381235700534806,LP,,FS,siegle_survey_2019,Siegle2019,optimal,optimal
5.890569162034561,LP,,RS,siegle_survey_2019,Siegle2019,optimal,optimal
64.77570296411602,NOT,,FS,siegle_survey_2019,Siegle2019,optimal,optimal
0.910200235026851,LP,,FS,siegle_survey_2019,Siegle2019,optimal,optimal
0.0397120521390423,DG,,FS,siegle_survey_2019,Siegle2019,optimal,optimal
4.01776528552973,CA1,,RS,siegle_survey_2019,Siegle2019,optimal,optimal
0.3521135289661756,SUB,,RS,siegle_survey_2019,Siegle2019,optimal,optimal
3.851539563458589,SUB,,RS,siegle_survey_2019,Siegle2019,optimal,optimal
8.478258384671284,SUB,,RS,siegle_survey_2019,Siegle2019,optimal,optimal
8.984984169965465,SUB,,RS,siegle_survey_2019,Siegle2019,optimal,optimal
11.201876961078936,VISmma,L6a,RS,siegle_survey_2019,Siegle2019,optimal,optimal
1.415325066976933,VISmma,L5,RS,siegle_survey_2019,Siegle2019,optimal,optimal
0.4664801286968492,VISmma,L5,RS,siegle_survey_2019,Siegle2019,optimal,optimal
1.5985424721035852,VISp,L6a,RS,siegle_survey_2019,Siegle2019,optimal,optimal
0.2102091293226642,VISp,L6a,RS,siegle_survey_2019,Siegle2019,optimal,optimal
0.8217747322639166,VISp,L6a,RS,siegle_survey_2019,Siegle2019,optimal,optimal
6.637207647505281,VISp,L6a,RS,siegle_survey_2019,Siegle2019,optimal,optimal
0.5167861718360713,VISp,L6a,RS,siegle_survey_2019,Siegle2019,optimal,optimal
0.9070152786126024,VISmma,L5,RS,siegle_survey_2019,Siegle2019,optimal,optimal
0.0338873192242887,VISmma,L4,RS,siegle_survey_2019,Siegle2019,optimal,optimal
18.90982024055493,VISp,L5,FS,siegle_survey_2019,Siegle2019,optimal,optimal
5.212868710784961,VISp,L5,FS,siegle_survey_2019,Siegle2019,optimal,optimal
3.3209865468809827,VISp,L5,RS,siegle_survey_2019,Siegle2019,optimal,optimal
17.31937538422083,VISam,L5,FS,siegle_survey_2019,Siegle2019,optimal,optimal
0.1424338936720319,VISp,L3,RS,siegle_survey_2019,Siegle2019,optimal,optimal
0.3764669370073323,VISmma,L3,RS,siegle_survey_2019,Siegle2019,optimal,optimal
4.215869235047426,VISam,L5,RS,siegle_survey_2019,Siegle2019,optimal,optimal
11.072348853815212,VISam,L5,RS,siegle_survey_2019,Siegle2019,optimal,optimal
0.0497724386809331,VISp,L3,RS,siegle_survey_2019,Siegle2019,optimal,optimal
0.5485607294033074,VISam,L5,RS,siegle_survey_2019,Siegle2019,optimal,optimal
2.4838564877899696,VISp,L3,RS,siegle_survey_2019,Siegle2019,optimal,optimal
0.4029485666755954,VISam,L4,RS,siegle_survey_2019,Siegle2019,optimal,optimal
14.27846392769265,VISam,L4,FS,siegle_survey_2019,Siegle2019,optimal,optimal
0.4378954857302463,VISam,L4,RS,siegle_survey_2019,Siegle2019,optimal,optimal
0.2885768315876472,VISam,L4,RS,siegle_survey_2019,Siegle2019,optimal,optimal
0.353705180734951,VISam,L3,RS,siegle_survey_2019,Siegle2019,optimal,optimal
1.9946218799828752,VISam,L3,RS,siegle_survey_2019,Siegle2019,optimal,optimal
10.118192063868532,VISam,L3,FS,siegle_survey_2019,Siegle2019,optimal,optimal
0.5517377220446392,VISam,L3,RS,siegle_survey_2019,Siegle2019,optimal,optimal
0.4098320507318145,VISam,L3,RS,siegle_survey_2019,Siegle2019,optimal,optimal
1.162779306727474,VISam,L3,RS,siegle_survey_2019,Siegle2019,optimal,optimal
17.111129025670575,CA3,,RS,siegle_survey_2019,Siegle2019,optimal,optimal
15.913802801343705,ProS,,FS,siegle_survey_2019,Siegle2019,optimal,optimal
0.8974844700807713,VISp,L6a,RS,siegle_survey_2019,Siegle2019,optimal,optimal
0.5167908029899884,LP,,RS,siegle_survey_2019,Siegle2019,optimal,optimal
4.124795445995911,LP,,RS,siegle_survey_2019,Siegle2019,optimal,optimal
4.439768307744701,VISp,L5,RS,siegle_survey_2019,Siegle2019,optimal,optimal
2.332950689661609,VISl,L4,RS,siegle_survey_2019,Siegle2019,optimal,optimal
10.224969086566238,VISp,L4,FS,siegle_survey_2019,Siegle2019,optimal,optimal
10.945604109445252,VISp,L4,FS,siegle_survey_2019,Siegle2019,optimal,optimal
2.2741568135675,VISp,L4,RS,siegle_survey_2019,Siegle2019,optimal,optimal
5.224564398670302,DG,,RS,siegle_survey_2019,Siegle2019,optimal,optimal
0.8064266321247462,DG,,RS,siegle_survey_2019,Siegle2019,optimal,optimal
0.1350221872566055,DG,,RS,siegle_survey_2019,Siegle2019,optimal,optimal
1.8092973092385145,DG,,RS,siegle_survey_2019,Siegle2019,optimal,optimal
2.908007264365795,DG,,FS,siegle_survey_2019,Siegle2019,optimal,optimal
0.5369069449198528,VISl,L3,RS,siegle_survey_2019,Siegle2019,optimal,optimal
0.2350953486631307,VISl,L3,RS,siegle_survey_2019,Siegle2019,optimal,optimal
0.1270785668449355,VISl,L3,RS,siegle_survey_2019,Siegle2019,optimal,optimal
0.0603623192513443,VISl,L3,RS,siegle_survey_2019,Siegle2019,optimal,optimal
0.3267007432836299,DG,,RS,siegle_survey_2019,Siegle2019,optimal,optimal
0.061950801336906,VISl,L3,RS,siegle_survey_2019,Siegle2019,optimal,optimal
0.434181277561199,VISp,L3,RS,siegle_survey_2019,Siegle2019,optimal,optimal
0.2086188089745273,VISp,L3,RS,siegle_survey_2019,Siegle2019,optimal,optimal
0.2922781283094901,VISp,L3,RS,siegle_survey_2019,Siegle2019,optimal,optimal
0.5617882140151612,VISp,L3,RS,siegle_survey_2019,Siegle2019,optimal,optimal
1.0727549017826643,VISl,L5,RS,siegle_survey_2019,Siegle2019,optimal,optimal
0.453772383987741,VISp,L2,RS,siegle_survey_2019,Siegle2019,optimal,optimal
3.9240802453659054,ZI,,FS,siegle_survey_2019,Siegle2019,optimal,optimal
2.151334237879055,IntG,,FS,siegle_survey_2019,Siegle2019,optimal,optimal
0.4119427243202596,VISp,L3,RS,siegle_survey_2019,Siegle2019,optimal,optimal
0.6491539588902806,VISp,L3,RS,siegle_survey_2019,Siegle2019,optimal,optimal
0.2573364039478835,CA1,,RS,siegle_survey_2019,Siegle2019,optimal,optimal
0.1297271995210524,CA1,,RS,siegle_survey_2019,Siegle2019,optimal,optimal
6.449766761409,IntG,,FS,siegle_survey_2019,Siegle2019,optimal,optimal
0.694696165418981,IntG,,FS,siegle_survey_2019,Siegle2019,optimal,optimal
14.524550696347614,IGL,,FS,siegle_survey_2019,Siegle2019,optimal,optimal
4.39960530947112,VISam,L6a,RS,siegle_survey_2019,Siegle2019,optimal,optimal
0.7831216681819154,IGL,,FS,siegle_survey_2019,Siegle2019,optimal,optimal
0.5967397701426765,IGL,,FS,siegle_survey_2019,Siegle2019,optimal,optimal
0.2853947665920565,CA2,,RS,siegle_survey_2019,Siegle2019,optimal,optimal
1.1553663238976994,VISam,L5,RS,siegle_survey_2019,Siegle2019,optimal,optimal
0.2912243254554237,VISam,L5,RS,siegle_survey_2019,Siegle2019,optimal,optimal
12.858348217017292,VISam,L5,RS,siegle_survey_2019,Siegle2019,optimal,optimal
14.997523262180769,VISam,L5,RS,siegle_survey_2019,Siegle2019,optimal,optimal
0.6105120859092793,VISam,L5,RS,siegle_survey_2019,Siegle2019,optimal,optimal
0.4553689452575717,VISam,L5,RS,siegle_survey_2019,Siegle2019,optimal,optimal
0.3319957310191831,VISam,L5,RS,siegle_survey_2019,Siegle2019,optimal,optimal
0.4278350090326953,VISam,L5,RS,siegle_survey_2019,Siegle2019,optimal,optimal
0.1540841431045969,VISam,L4,RS,siegle_survey_2019,Siegle2019,optimal,optimal
4.283115579288951,VISam,L4,RS,siegle_survey_2019,Siegle2019,optimal,optimal
3.649272844563733,CA1,,FS,siegle_survey_2019,Siegle2019,optimal,optimal
6.778053059091751,CA1,,FS,siegle_survey_2019,Siegle2019,optimal,optimal
0.4505994182710007,VISal,L6a,RS,siegle_survey_2019,Siegle2019,optimal,optimal
0.1201962215970567,VISam,L5,RS,siegle_survey_2019,Siegle2019,optimal,optimal
0.4188260860376933,VISl,L6a,RS,siegle_survey_2019,Siegle2019,optimal,optimal
3.884368193226864,VISal,L4,RS,siegle_survey_2019,Siegle2019,optimal,optimal
1.7743188550092417,VISl,L5,RS,siegle_survey_2019,Siegle2019,optimal,optimal
1.244840461051848,VISal,L3,RS,siegle_survey_2019,Siegle2019,optimal,optimal
0.1678511112170351,DG,,RS,siegle_survey_2019,Siegle2019,optimal,optimal
0.0624808552795272,DG,,RS,siegle_survey_2019,Siegle2019,optimal,optimal
0.6973374909123161,VISl,L4,RS,siegle_survey_2019,Siegle2019,optimal,optimal
0.6248085527952728,ProS,,RS,siegle_survey_2019,Siegle2019,optimal,optimal
1.6202662470792668,SUB,,RS,siegle_survey_2019,Siegle2019,optimal,optimal
0.8339530949198897,APN,,FS,siegle_survey_2019,Siegle2019,optimal,optimal
0.1313156958417183,SUB,,FS,siegle_survey_2019,Siegle2019,optimal,optimal
0.4214735328520908,VISl,L4,RS,siegle_survey_2019,Siegle2019,optimal,optimal
5.270630791969615,SUB,,RS,siegle_survey_2019,Siegle2019,optimal,optimal
0.0375937447644452,VISl,L3,RS,siegle_survey_2019,Siegle2019,optimal,optimal
0.2557433622708038,LGd,,FS,siegle_survey_2019,Siegle2019,optimal,optimal
3.831385029796142,LGd,,FS,siegle_survey_2019,Siegle2019,optimal,optimal
6.0982373750365735,SUB,,RS,siegle_survey_2019,Siegle2019,optimal,optimal
0.3860011467914918,DG,,RS,siegle_survey_2019,Siegle2019,optimal,optimal
0.0820723099010739,SUB,,RS,siegle_survey_2019,Siegle2019,optimal,optimal
0.2382723128342541,DG,,RS,siegle_survey_2019,Siegle2019,optimal,optimal
1.9120200713082456,VISp,L6a,RS,siegle_survey_2019,Siegle2019,optimal,optimal
10.34357470385125,CA3,,FS,siegle_survey_2019,Siegle2019,optimal,optimal
0.5056713287453267,VISp,L5,RS,siegle_survey_2019,Siegle2019,optimal,optimal
0.1736755977261436,VISp,L5,RS,siegle_survey_2019,Siegle2019,optimal,optimal
1.734637982167215,VISp,L5,RS,siegle_survey_2019,Siegle2019,optimal,optimal
6.628795146139,VISp,L5,RS,siegle_survey_2019,Siegle2019,optimal,optimal
8.23635342265294,VISp,L5,RS,siegle_survey_2019,Siegle2019,optimal,optimal
8.106626223131887,VISp,L5,RS,siegle_survey_2019,Siegle2019,optimal,optimal
4.778726431336726,VISp,L5,RS,siegle_survey_2019,Siegle2019,optimal,optimal
7.335016143969867,CA1,,RS,siegle_survey_2019,Siegle2019,optimal,optimal
1.712928532451447,VISp,L5,RS,siegle_survey_2019,Siegle2019,optimal,optimal
19.148793646854447,VISp,L5,FS,siegle_survey_2019,Siegle2019,optimal,optimal
3.6360680780043535,VISp,L5,RS,siegle_survey_2019,Siegle2019,optimal,optimal
3.1468112112392426,VISp,L4,RS,siegle_survey_2019,Siegle2019,optimal,optimal
1.5689048660444012,VISp,L4,RS,siegle_survey_2019,Siegle2019,optimal,optimal
12.816290028498566,VISal,L6a,FS,siegle_survey_2019,Siegle2019,optimal,optimal
1.0118721562642088,VISp,L4,RS,siegle_survey_2019,Siegle2019,optimal,optimal
1.4190314925170897,VISal,L6a,RS,siegle_survey_2019,Siegle2019,optimal,optimal
0.2509779580048882,VISal,L5,RS,siegle_survey_2019,Siegle2019,optimal,optimal
0.3108157800769704,VISp,L4,RS,siegle_survey_2019,Siegle2019,optimal,optimal
0.3473450220489593,VISal,L5,RS,siegle_survey_2019,Siegle2019,optimal,optimal
1.077510853459805,VISal,L5,RS,siegle_survey_2019,Siegle2019,optimal,optimal
0.2144470032899029,VISp,L3,RS,siegle_survey_2019,Siegle2019,optimal,optimal
1.630827237668894,VISal,L5,RS,siegle_survey_2019,Siegle2019,optimal,optimal
0.1466711602748225,VISp,L3,RS,siegle_survey_2019,Siegle2019,optimal,optimal
0.1228437154648333,VISp,L3,RS,siegle_survey_2019,Siegle2019,optimal,optimal
0.1445505960661065,VISal,L4,RS,siegle_survey_2019,Siegle2019,optimal,optimal
0.2027944259828527,VISal,L3,RS,siegle_survey_2019,Siegle2019,optimal,optimal
0.3505219582262363,VISal,L3,RS,siegle_survey_2019,Siegle2019,optimal,optimal
0.11913510664789,VISal,L3,RS,siegle_survey_2019,Siegle2019,optimal,optimal
0.1217847179177226,VISp,L3,RS,siegle_survey_2019,Siegle2019,optimal,optimal
0.3658836525267233,VISp,L3,RS,siegle_survey_2019,Siegle2019,optimal,optimal
0.167848128032805,VISal,L3,RS,siegle_survey_2019,Siegle2019,optimal,optimal
2.1619434924263548,VISp,L5,RS,siegle_survey_2019,Siegle2019,optimal,optimal
0.5432560863143784,POL,,FS,siegle_survey_2019,Siegle2019,optimal,optimal
0.4807763414945961,LP,,FS,siegle_survey_2019,Siegle2019,optimal,optimal
37.00230514610888,LP,,FS,siegle_survey_2019,Siegle2019,optimal,optimal
1.4778048117967153,DG,,RS,siegle_survey_2019,Siegle2019,optimal,optimal
0.9901451085846856,DG,,RS,siegle_survey_2019,Siegle2019,optimal,optimal
0.7058093207183883,DG,,RS,siegle_survey_2019,Siegle2019,optimal,optimal
5.162521288075233,DG,,RS,siegle_survey_2019,Siegle2019,optimal,optimal
2.888364474507733,CA1,,FS,siegle_survey_2019,Siegle2019,optimal,optimal
2.32816472858121,CA1,,RS,siegle_survey_2019,Siegle2019,optimal,optimal
0.167848128032805,VISrl,L6a,RS,siegle_survey_2019,Siegle2019,optimal,optimal
7.458916654883672,VISrl,L5,FS,siegle_survey_2019,Siegle2019,optimal,optimal
0.980084810689975,VISrl,L5,RS,siegle_survey_2019,Siegle2019,optimal,optimal
6.219382056382737,VISrl,L4,RS,siegle_survey_2019,Siegle2019,optimal,optimal
0.2875178340405365,VISl,L6a,RS,siegle_survey_2019,Siegle2019,optimal,optimal
0.5808601545901816,VISl,L6a,RS,siegle_survey_2019,Siegle2019,optimal,optimal
1.8500687148022736,VISl,L6a,RS,siegle_survey_2019,Siegle2019,optimal,optimal
0.1477301578219331,VISl,L5,RS,siegle_survey_2019,Siegle2019,optimal,optimal
0.3764736279978296,VISl,L5,RS,siegle_survey_2019,Siegle2019,optimal,optimal
8.717138309041166,VISl,L5,RS,siegle_survey_2019,Siegle2019,optimal,optimal
1.9766189216819945,VISl,L5,RS,siegle_survey_2019,Siegle2019,optimal,optimal
1.5186024825566462,VISl,L5,RS,siegle_survey_2019,Siegle2019,optimal,optimal
1.442884157938236,VISl,L5,RS,siegle_survey_2019,Siegle2019,optimal,optimal
0.1646741185757032,VISl,L5,RS,siegle_survey_2019,Siegle2019,optimal,optimal
0.5231447882726521,VISl,L5,RS,siegle_survey_2019,Siegle2019,optimal,optimal
0.1567316369723735,VISl,L5,RS,siegle_survey_2019,Siegle2019,optimal,optimal
2.150824018181693,VISl,L5,RS,siegle_survey_2019,Siegle2019,optimal,optimal
8.13892564831876,VISl,L5,RS,siegle_survey_2019,Siegle2019,optimal,optimal
3.5338748147081787,VISl,L5,RS,siegle_survey_2019,Siegle2019,optimal,optimal
0.5236742870462074,VISl,L5,RS,siegle_survey_2019,Siegle2019,optimal,optimal
2.9392476920055586,VISl,L5,FS,siegle_survey_2019,Siegle2019,optimal,optimal
2.42139789146846,VISl,L5,RS,siegle_survey_2019,Siegle2019,optimal,optimal
0.0958392780135121,VISl,L5,RS,siegle_survey_2019,Siegle2019,optimal,optimal
1.2162586828565607,LGv,,FS,siegle_survey_2019,Siegle2019,optimal,optimal
8.139984645865871,CA3,,FS,siegle_survey_2019,Siegle2019,optimal,optimal
17.274367988468626,CA3,,FS,siegle_survey_2019,Siegle2019,optimal,optimal
0.2192124922519008,CA1,,RS,siegle_survey_2019,Siegle2019,optimal,optimal
0.3272302420571852,VISal,L5,RS,siegle_survey_2019,Siegle2019,optimal,optimal
0.9562747850409006,VISal,L5,RS,siegle_survey_2019,Siegle2019,optimal,optimal
0.2425104382883346,VISal,L5,RS,siegle_survey_2019,Siegle2019,optimal,optimal
0.2822228463049834,VISal,L5,RS,siegle_survey_2019,Siegle2019,optimal,optimal
1.1018869477686124,VISal,L5,RS,siegle_survey_2019,Siegle2019,optimal,optimal
0.3076387874356385,VISal,L5,RS,siegle_survey_2019,Siegle2019,optimal,optimal
0.1879720646121371,VISal,L4,RS,siegle_survey_2019,Siegle2019,optimal,optimal
0.3807096181862721,VISal,L4,RS,siegle_survey_2019,Siegle2019,optimal,optimal
0.3780621243184955,VISal,L4,RS,siegle_survey_2019,Siegle2019,optimal,optimal
0.304991293567862,VISal,L3,RS,siegle_survey_2019,Siegle2019,optimal,optimal
0.1329041921623843,VISal,L3,RS,siegle_survey_2019,Siegle2019,optimal,optimal
0.1217847179177226,VISal,L3,RS,siegle_survey_2019,Siegle2019,optimal,optimal
0.0391829092430933,VISal,L2,RS,siegle_survey_2019,Siegle2019,optimal,optimal
0.10060476697551,VISal,L3,RS,siegle_survey_2019,Siegle2019,optimal,optimal
0.1498481529161544,VISal,L3,RS,siegle_survey_2019,Siegle2019,optimal,optimal
5.656105899117885,LP,,RS,siegle_survey_2019,Siegle2019,optimal,optimal
6.351337788796014,LP,,RS,siegle_survey_2019,Siegle2019,optimal,optimal
0.2520414162123304,LP,,FS,siegle_survey_2019,Siegle2019,optimal,optimal
0.20120953395102,VISrl,L5,RS,siegle_survey_2019,Siegle2019,optimal,optimal
16.82641202604083,VISrl,L4,RS,siegle_survey_2019,Siegle2019,optimal,optimal
11.62885206482185,VISrl,L4,RS,siegle_survey_2019,Siegle2019,optimal,optimal
3.707550412434322,VISrl,L4,FS,siegle_survey_2019,Siegle2019,optimal,optimal
22.912470929285632,VISrl,L4,RS,siegle_survey_2019,Siegle2019,optimal,optimal
9.954047444066385,VISrl,L4,RS,siegle_survey_2019,Siegle2019,optimal,optimal
3.4210915759408964,VISrl,L4,RS,siegle_survey_2019,Siegle2019,optimal,optimal
2.5415941130655164,VISrl,L4,RS,siegle_survey_2019,Siegle2019,optimal,optimal
2.709974723056107,VISrl,L4,RS,siegle_survey_2019,Siegle2019,optimal,optimal
0.5422067441206435,VISrl,L4,RS,siegle_survey_2019,Siegle2019,optimal,optimal
0.1673216124434798,VISrl,L2,RS,siegle_survey_2019,Siegle2019,optimal,optimal
0.1964440449890222,VISrl,L3,RS,siegle_survey_2019,Siegle2019,optimal,optimal
0.171028103858367,VISrl,L3,RS,siegle_survey_2019,Siegle2019,optimal,optimal
0.2478054260238878,VISrl,L3,RS,siegle_survey_2019,Siegle2019,optimal,optimal
5.905979013014914,APN,,RS,siegle_survey_2019,Siegle2019,optimal,optimal
3.8589541910393295,APN,,RS,siegle_survey_2019,Siegle2019,optimal,optimal
0.9282034435911012,APN,,RS,siegle_survey_2019,Siegle2019,optimal,optimal
3.4888377009821827,VISp,L5,FS,siegle_survey_2019,Siegle2019,optimal,optimal
12.098943916746528,CA1,,RS,siegle_survey_2019,Siegle2019,optimal,optimal
4.019390952823759,CA1,,RS,siegle_survey_2019,Siegle2019,optimal,optimal
1.4317524880036154,CA1,,RS,siegle_survey_2019,Siegle2019,optimal,optimal
0.2435673611248754,VISam,L5,RS,siegle_survey_2019,Siegle2019,optimal,optimal
5.891153173642096,VISam,L5,RS,siegle_survey_2019,Siegle2019,optimal,optimal
5.123961990801088,LP,,RS,siegle_survey_2019,Siegle2019,optimal,optimal
10.450722105243472,LGd,,RS,siegle_survey_2019,Siegle2019,optimal,optimal
13.305780806741812,LGd,,RS,siegle_survey_2019,Siegle2019,optimal,optimal
3.993481588779767,LGd,,FS,siegle_survey_2019,Siegle2019,optimal,optimal
9.219634836388035,SGN,,FS,siegle_survey_2019,Siegle2019,optimal,optimal
2.882592650400033,LGd,,FS,siegle_survey_2019,Siegle2019,optimal,optimal
8.87228355838031,SGN,,FS,siegle_survey_2019,Siegle2019,optimal,optimal
5.105428388034313,SGN,,FS,siegle_survey_2019,Siegle2019,optimal,optimal
0.35582326039816,SGN,,FS,siegle_survey_2019,Siegle2019,optimal,optimal
0.2541572463911743,MGv,,FS,siegle_survey_2019,Siegle2019,optimal,optimal
6.759582949766235,LP,,FS,siegle_survey_2019,Siegle2019,optimal,optimal
9.456850343320143,LP,,FS,siegle_survey_2019,Siegle2019,optimal,optimal
9.928017437155248,MGv,,RS,siegle_survey_2019,Siegle2019,optimal,optimal
0.2779869841036035,CA1,,RS,siegle_survey_2019,Siegle2019,optimal,optimal
3.9918930917277455,CA1,,RS,siegle_survey_2019,Siegle2019,optimal,optimal
5.442720399239886,CA1,,RS,siegle_survey_2019,Siegle2019,optimal,optimal
5.638584410040866,TH,,FS,siegle_survey_2019,Siegle2019,optimal,optimal
8.310487077154393,VISp,L4,RS,siegle_survey_2019,Siegle2019,optimal,optimal
3.475631549821054,VISp,L4,FS,siegle_survey_2019,Siegle2019,optimal,optimal
9.00352045340735,LGd,,FS,siegle_survey_2019,Siegle2019,optimal,optimal
3.080597623966359,LGd,,FS,siegle_survey_2019,Siegle2019,optimal,optimal
13.418561108646086,VISp,L6a,FS,siegle_survey_2019,Siegle2019,optimal,optimal
2.921774926900367,VISp,L5,FS,siegle_survey_2019,Siegle2019,optimal,optimal
8.966006860621558,PO,,RS,siegle_survey_2019,Siegle2019,optimal,optimal
3.079036100022768,VISp,L4,RS,siegle_survey_2019,Siegle2019,optimal,optimal
2.2789637706322083,PO,,RS,siegle_survey_2019,Siegle2019,optimal,optimal
4.5621635334031385,PO,,RS,siegle_survey_2019,Siegle2019,optimal,optimal
4.549454543662188,VISp,L4,RS,siegle_survey_2019,Siegle2019,optimal,optimal
4.910044387795648,PO,,RS,siegle_survey_2019,Siegle2019,optimal,optimal
0.1614972002887601,LP,,RS,siegle_survey_2019,Siegle2019,optimal,optimal
6.858600771607573,LP,,RS,siegle_survey_2019,Siegle2019,optimal,optimal
10.215624541544424,LP,,RS,siegle_survey_2019,Siegle2019,optimal,optimal
8.704963845072841,LP,,RS,siegle_survey_2019,Siegle2019,optimal,optimal
3.9601231506873344,LP,,RS,siegle_survey_2019,Siegle2019,optimal,optimal
6.379933659932036,LP,,RS,siegle_survey_2019,Siegle2019,optimal,optimal
0.2652790076874388,LP,,RS,siegle_survey_2019,Siegle2019,optimal,optimal
1.7325207847371251,LP,,RS,siegle_survey_2019,Siegle2019,optimal,optimal
0.7375921311548946,LP,,RS,siegle_survey_2019,Siegle2019,optimal,optimal
0.0990163162426168,LP,,RS,siegle_survey_2019,Siegle2019,optimal,optimal
7.03704194045122,LP,,RS,siegle_survey_2019,Siegle2019,optimal,optimal
24.14864486700477,DG,,FS,siegle_survey_2019,Siegle2019,optimal,optimal
6.387876145192139,LP,,RS,siegle_survey_2019,Siegle2019,optimal,optimal
0.7714731416498771,DG,,FS,siegle_survey_2019,Siegle2019,optimal,optimal
0.3447007654180302,DG,,RS,siegle_survey_2019,Siegle2019,optimal,optimal
4.903160900570225,LP,,RS,siegle_survey_2019,Siegle2019,optimal,optimal
1.877074016470999,LP,,RS,siegle_survey_2019,Siegle2019,optimal,optimal
7.983255780284256,grey,,FS,siegle_survey_2019,Siegle2019,optimal,optimal
10.944212751740428,Eth,,RS,siegle_survey_2019,Siegle2019,optimal,optimal
6.292036823053563,LP,,RS,siegle_survey_2019,Siegle2019,optimal,optimal
0.2425105224759693,grey,,FS,siegle_survey_2019,Siegle2019,optimal,optimal
1.686983869245868,DG,,RS,siegle_survey_2019,Siegle2019,optimal,optimal
12.29178745071858,Eth,,RS,siegle_survey_2019,Siegle2019,optimal,optimal
3.860046976640753,Eth,,RS,siegle_survey_2019,Siegle2019,optimal,optimal
0.1016637886851885,LP,,RS,siegle_survey_2019,Siegle2019,optimal,optimal
0.5517379760684854,CA1,,RS,siegle_survey_2019,Siegle2019,optimal,optimal
0.5300284563284832,grey,,FS,siegle_survey_2019,Siegle2019,optimal,optimal
0.8503754218483566,CA1,,RS,siegle_survey_2019,Siegle2019,optimal,optimal
12.03392416709066,CA1,,RS,siegle_survey_2019,Siegle2019,optimal,optimal
0.2944014536411496,CA1,,RS,siegle_survey_2019,Siegle2019,optimal,optimal
4.556339044212397,CA1,,RS,siegle_survey_2019,Siegle2019,optimal,optimal
0.7608900017422879,grey,,RS,siegle_survey_2019,Siegle2019,optimal,optimal
0.1911491026841305,CA1,,RS,siegle_survey_2019,Siegle2019,optimal,optimal
4.096203934222922,grey,,RS,siegle_survey_2019,Siegle2019,optimal,optimal
1.9877388683551973,CA1,,RS,siegle_survey_2019,Siegle2019,optimal,optimal
0.3267008209310487,CA1,,RS,siegle_survey_2019,Siegle2019,optimal,optimal
1.5498432785497236,CA1,,RS,siegle_survey_2019,Siegle2019,optimal,optimal
0.4749605127636153,CA1,,RS,siegle_survey_2019,Siegle2019,optimal,optimal
0.1630856610158233,CA1,,RS,siegle_survey_2019,Siegle2019,optimal,optimal
0.511495936822355,CA1,,RS,siegle_survey_2019,Siegle2019,optimal,optimal
0.5236698264184821,VISal,L5,RS,siegle_survey_2019,Siegle2019,optimal,optimal
0.2393335558377691,VISp,L6a,RS,siegle_survey_2019,Siegle2019,optimal,optimal
0.6830537323688544,VISp,L6a,RS,siegle_survey_2019,Siegle2019,optimal,optimal
3.615948379887324,grey,,RS,siegle_survey_2019,Siegle2019,optimal,optimal
0.3118721210925035,VISal,L5,RS,siegle_survey_2019,Siegle2019,optimal,optimal
18.456217748409912,VISp,L5,FS,siegle_survey_2019,Siegle2019,optimal,optimal
2.5876611213776903,CA1,,RS,siegle_survey_2019,Siegle2019,optimal,optimal
0.4738973656668771,VISal,L5,RS,siegle_survey_2019,Siegle2019,optimal,optimal
3.226766292955933,CA1,,RS,siegle_survey_2019,Siegle2019,optimal,optimal
1.294625097396782,VISp,L5,RS,siegle_survey_2019,Siegle2019,optimal,optimal
1.6292684763557863,VISp,L5,RS,siegle_survey_2019,Siegle2019,optimal,optimal
3.7414392231747,CA1,,RS,siegle_survey_2019,Siegle2019,optimal,optimal
0.2340385656643671,VISp,L4,RS,siegle_survey_2019,Siegle2019,optimal,optimal
2.193714428840437,VISp,L4,RS,siegle_survey_2019,Siegle2019,optimal,optimal
2.137058033985036,VISp,L4,RS,siegle_survey_2019,Siegle2019,optimal,optimal
2.133351540863654,VISp,L4,RS,siegle_survey_2019,Siegle2019,optimal,optimal
2.114818604211683,CA1,,RS,siegle_survey_2019,Siegle2019,optimal,optimal
0.9303297734667264,VISp,L4,RS,siegle_survey_2019,Siegle2019,optimal,optimal
1.3719317985485513,grey,,RS,siegle_survey_2019,Siegle2019,optimal,optimal
0.0503024066473187,VISp,L3,RS,siegle_survey_2019,Siegle2019,optimal,optimal
1.2655023695708367,VIS,L6a,RS,siegle_survey_2019,Siegle2019,optimal,optimal
0.1360812171463201,VIS,L6a,RS,siegle_survey_2019,Siegle2019,optimal,optimal
0.2599839596063936,VIS,L5,RS,siegle_survey_2019,Siegle2019,optimal,optimal
0.8080153204874883,VIS,L5,RS,siegle_survey_2019,Siegle2019,optimal,optimal
4.760724604523595,VIS,L5,RS,siegle_survey_2019,Siegle2019,optimal,optimal
0.0720118503186752,VIS,L5,RS,siegle_survey_2019,Siegle2019,optimal,optimal
16.071880093549627,VIS,L5,RS,siegle_survey_2019,Siegle2019,optimal,optimal
0.1159602589690432,VIS,L5,RS,siegle_survey_2019,Siegle2019,optimal,optimal
2.095227144933808,VIS,L5,RS,siegle_survey_2019,Siegle2019,optimal,optimal
0.0714823592451001,VISrl,,RS,siegle_survey_2019,Siegle2019,optimal,optimal
2.2286611115750103,VISrl,,RS,siegle_survey_2019,Siegle2019,optimal,optimal
5.056185543936748,VISrl,,RS,siegle_survey_2019,Siegle2019,optimal,optimal
0.0354764262599355,VIS,L5,RS,siegle_survey_2019,Siegle2019,optimal,optimal
3.7970366076119126,VIS,L5,RS,siegle_survey_2019,Siegle2019,optimal,optimal
17.353796929001927,VIS,L5,FS,siegle_survey_2019,Siegle2019,optimal,optimal
0.8286657775641671,VIS,L4,RS,siegle_survey_2019,Siegle2019,optimal,optimal
0.3251123242328426,VIS,L4,RS,siegle_survey_2019,Siegle2019,optimal,optimal
0.2742804298902483,VIS,L3,RS,siegle_survey_2019,Siegle2019,optimal,optimal
0.2811639463640605,VISrl,,RS,siegle_survey_2019,Siegle2019,optimal,optimal
0.4167156794510651,VISrl,,RS,siegle_survey_2019,Siegle2019,optimal,optimal
0.0762478498614401,VISrl,,RS,siegle_survey_2019,Siegle2019,optimal,optimal
0.5527968509757129,VIS,L3,RS,siegle_survey_2019,Siegle2019,optimal,optimal
1.1760171843212397,VISrl,,RS,siegle_survey_2019,Siegle2019,optimal,optimal
0.6147482895078611,VISrl,,RS,siegle_survey_2019,Siegle2019,optimal,optimal
0.3510578087370473,VISrl,,RS,siegle_survey_2019,Siegle2019,optimal,optimal
0.8122513116827045,VIS,L3,RS,siegle_survey_2019,Siegle2019,optimal,optimal
0.2388040297743715,VISrl,,RS,siegle_survey_2019,Siegle2019,optimal,optimal
1.1055939482063315,APN,,FS,siegle_survey_2019,Siegle2019,optimal,optimal
1.2925071013274212,APN,,FS,siegle_survey_2019,Siegle2019,optimal,optimal
0.2531004739141673,CA1,,RS,siegle_survey_2019,Siegle2019,optimal,optimal
0.3521167681023458,VIS,L6a,RS,siegle_survey_2019,Siegle2019,optimal,optimal
1.7547439886257328,APN,,RS,siegle_survey_2019,Siegle2019,optimal,optimal
28.90985728273277,APN,,FS,siegle_survey_2019,Siegle2019,optimal,optimal
0.3436448622537879,APN,,FS,siegle_survey_2019,Siegle2019,optimal,optimal
0.7503000225948657,VISrl,,RS,siegle_survey_2019,Siegle2019,optimal,optimal
0.1768526717916258,APN,,FS,siegle_survey_2019,Siegle2019,optimal,optimal
15.077484518762114,APN,,FS,siegle_survey_2019,Siegle2019,optimal,optimal
0.2933423902687211,Eth,,RS,siegle_survey_2019,Siegle2019,optimal,optimal
4.373131410161315,Eth,,RS,siegle_survey_2019,Siegle2019,optimal,optimal
6.94384856675814,Eth,,RS,siegle_survey_2019,Siegle2019,optimal,optimal
0.2012096265892749,POL,,FS,siegle_survey_2019,Siegle2019,optimal,optimal
0.2313910705776661,LP,,FS,siegle_survey_2019,Siegle2019,optimal,optimal
0.4701950741455474,grey,,RS,siegle_survey_2019,Siegle2019,optimal,optimal
7.567068771354322,LP,,RS,siegle_survey_2019,Siegle2019,optimal,optimal
8.423724235077485,CA1,,FS,siegle_survey_2019,Siegle2019,optimal,optimal
0.8080154089483169,grey,,RS,siegle_survey_2019,Siegle2019,optimal,optimal
0.1969736121420536,grey,,RS,siegle_survey_2019,Siegle2019,optimal,optimal
5.302885047099189,VISpm,L6a,RS,siegle_survey_2019,Siegle2019,optimal,optimal
13.96394497503017,LP,,RS,siegle_survey_2019,Siegle2019,optimal,optimal
0.2075636147973572,VISam,L6a,RS,siegle_survey_2019,Siegle2019,optimal,optimal
6.425470575423292,VISam,L5,RS,siegle_survey_2019,Siegle2019,optimal,optimal
1.0558209209979974,grey,,RS,siegle_survey_2019,Siegle2019,optimal,optimal
0.6057468758371856,VISam,L5,RS,siegle_survey_2019,Siegle2019,optimal,optimal
1.1648977062164465,grey,,RS,siegle_survey_2019,Siegle2019,optimal,optimal
0.5257924646695142,grey,,RS,siegle_survey_2019,Siegle2019,optimal,optimal
0.9816911781487256,VISam,L5,RS,siegle_survey_2019,Siegle2019,optimal,optimal
1.4831134315451653,VISpm,L5,RS,siegle_survey_2019,Siegle2019,optimal,optimal
0.319817406473479,VISam,L4,RS,siegle_survey_2019,Siegle2019,optimal,optimal
2.962547002018403,VISam,L4,FS,siegle_survey_2019,Siegle2019,optimal,optimal
0.4447791745657656,VISam,L4,RS,siegle_survey_2019,Siegle2019,optimal,optimal
2.022156747222213,VISam,L3,FS,siegle_survey_2019,Siegle2019,optimal,optimal
1.4206331084740016,VISpm,L5,RS,siegle_survey_2019,Siegle2019,optimal,optimal
11.54784276130658,VISal,,RS,siegle_survey_2019,Siegle2019,optimal,optimal
7.705268827664422,VISal,,RS,siegle_survey_2019,Siegle2019,optimal,optimal
8.333784090063933,VISal,,RS,siegle_survey_2019,Siegle2019,optimal,optimal
23.44091884281913,VISal,,FS,siegle_survey_2019,Siegle2019,optimal,optimal
0.3399383691324065,APN,,FS,siegle_survey_2019,Siegle2019,optimal,optimal
0.148258393728185,VISpm,L5,RS,siegle_survey_2019,Siegle2019,optimal,optimal
0.3738262639040051,VISal,,RS,siegle_survey_2019,Siegle2019,optimal,optimal
1.196138144701342,VISal,,RS,siegle_survey_2019,Siegle2019,optimal,optimal
0.1535533363613345,VISpm,L5,RS,siegle_survey_2019,Siegle2019,optimal,optimal
1.3735201450488497,DG,,RS,siegle_survey_2019,Siegle2019,optimal,optimal
0.973748582605475,VISal,,FS,siegle_survey_2019,Siegle2019,optimal,optimal
13.895642712058793,VPM,,FS,siegle_survey_2019,Siegle2019,optimal,optimal
6.839009307965986,VPM,,FS,siegle_survey_2019,Siegle2019,optimal,optimal
10.344821130159415,VISal,,RS,siegle_survey_2019,Siegle2019,optimal,optimal
7.9790206922994305,VPM,,RS,siegle_survey_2019,Siegle2019,optimal,optimal
6.667980370174414,VISal,,FS,siegle_survey_2019,Siegle2019,optimal,optimal
1.2125526123798465,VISal,,RS,siegle_survey_2019,Siegle2019,optimal,optimal
5.9420379725916925,VPM,,FS,siegle_survey_2019,Siegle2019,optimal,optimal
8.034088590102812,VPM,,FS,siegle_survey_2019,Siegle2019,optimal,optimal
3.7837995493739673,VISal,,RS,siegle_survey_2019,Siegle2019,optimal,optimal
8.111394527968065,VISal,,RS,siegle_survey_2019,Siegle2019,optimal,optimal
4.807850532929697,VISal,,RS,siegle_survey_2019,Siegle2019,optimal,optimal
1.0690583949322752,VISal,,RS,siegle_survey_2019,Siegle2019,optimal,optimal
1.5985571772947098,VISrl,L5,RS,siegle_survey_2019,Siegle2019,optimal,optimal
8.389911929755424,VPM,,FS,siegle_survey_2019,Siegle2019,optimal,optimal
0.1652036746997869,VISal,,RS,siegle_survey_2019,Siegle2019,optimal,optimal
26.929784524687527,VISrl,L5,RS,siegle_survey_2019,Siegle2019,optimal,optimal
0.269514969301896,VISal,,RS,siegle_survey_2019,Siegle2019,optimal,optimal
1.5937916872000917,VISrl,L4,RS,siegle_survey_2019,Siegle2019,optimal,optimal
1.8993125521550596,VISrl,L4,RS,siegle_survey_2019,Siegle2019,optimal,optimal
5.443249898257227,LGd,,RS,siegle_survey_2019,Siegle2019,optimal,optimal
9.743840917094309,LGd,,FS,siegle_survey_2019,Siegle2019,optimal,optimal
8.13628190044947,LGd,,RS,siegle_survey_2019,Siegle2019,optimal,optimal
8.506401713570266,LGd,,RS,siegle_survey_2019,Siegle2019,optimal,optimal
11.904726406859652,LGd,,RS,siegle_survey_2019,Siegle2019,optimal,optimal
5.313522639008879,LGd,,RS,siegle_survey_2019,Siegle2019,optimal,optimal
0.046066404247976,CA1,,RS,siegle_survey_2019,Siegle2019,optimal,optimal
5.977514406753485,CA3,,RS,siegle_survey_2019,Siegle2019,optimal,optimal
0.4177746773658073,grey,,RS,siegle_survey_2019,Siegle2019,optimal,optimal
14.534748025988412,CA3,,RS,siegle_survey_2019,Siegle2019,optimal,optimal
0.1736756580177247,grey,,FS,siegle_survey_2019,Siegle2019,optimal,optimal
11.25556061160057,CA1,,FS,siegle_survey_2019,Siegle2019,optimal,optimal
0.5686818802165743,grey,,FS,siegle_survey_2019,Siegle2019,optimal,optimal
0.552796911495441,grey,,FS,siegle_survey_2019,Siegle2019,optimal,optimal
0.1429647346818532,VISrl,L6a,RS,siegle_survey_2019,Siegle2019,optimal,optimal
10.089073133749167,grey,,FS,siegle_survey_2019,Siegle2019,optimal,optimal
0.8085448193868903,CA1,,RS,siegle_survey_2019,Siegle2019,optimal,optimal
1.9130799496501325,VISrl,L4,RS,siegle_survey_2019,Siegle2019,optimal,optimal
0.2721624342926402,CA1,,RS,siegle_survey_2019,Siegle2019,optimal,optimal
4.668062297128242,CA1,,FS,siegle_survey_2019,Siegle2019,optimal,optimal
2.0936391145631394,VISrl,L4,RS,siegle_survey_2019,Siegle2019,optimal,optimal
0.0545383987860403,LGd,,FS,siegle_survey_2019,Siegle2019,optimal,optimal
0.5263219060056116,VIS,L5,RS,siegle_survey_2019,Siegle2019,optimal,optimal
1.2829758332511036,VIS,L5,RS,siegle_survey_2019,Siegle2019,optimal,optimal
6.957616299856412,grey,,RS,siegle_survey_2019,Siegle2019,optimal,optimal
4.283117066174925,grey,,FS,siegle_survey_2019,Siegle2019,optimal,optimal
5.408831257391673,VIS,L4,RS,siegle_survey_2019,Siegle2019,optimal,optimal
7.189536056080678,VIS,L4,RS,siegle_survey_2019,Siegle2019,optimal,optimal
0.6444001605722629,VIS,L3,RS,siegle_survey_2019,Siegle2019,optimal,optimal
0.5157319280175712,VIS,L3,RS,siegle_survey_2019,Siegle2019,optimal,optimal
0.3642952427885924,VIS,L3,RS,siegle_survey_2019,Siegle2019,optimal,optimal
0.1111947688744249,VIS,L3,RS,siegle_survey_2019,Siegle2019,optimal,optimal
0.7232954965831645,VIS,L3,RS,siegle_survey_2019,Siegle2019,optimal,optimal
0.0577153800348205,VIS,L3,RS,siegle_survey_2019,Siegle2019,optimal,optimal
0.1111947688744249,VIS,L3,RS,siegle_survey_2019,Siegle2019,optimal,optimal
0.3600592515933761,VIS,L3,RS,siegle_survey_2019,Siegle2019,optimal,optimal
0.624279202394986,VIS,L3,RS,siegle_survey_2019,Siegle2019,optimal,optimal
6.681748099815947,Eth,,RS,siegle_survey_2019,Siegle2019,optimal,optimal
5.889617569875012,Eth,,RS,siegle_survey_2019,Siegle2019,optimal,optimal
0.5422068729876723,CA1,,RS,siegle_survey_2019,Siegle2019,optimal,optimal
2.905890607163002,LP,,RS,siegle_survey_2019,Siegle2019,optimal,optimal
10.6381647573819,LP,,RS,siegle_survey_2019,Siegle2019,optimal,optimal
0.7635374129377183,IGL,,FS,siegle_survey_2019,Siegle2019,optimal,optimal
0.6597557756058856,LP,,RS,siegle_survey_2019,Siegle2019,optimal,optimal
4.472148700455305,LP,,RS,siegle_survey_2019,Siegle2019,optimal,optimal
0.9610407164724578,LP,,RS,siegle_survey_2019,Siegle2019,optimal,optimal
6.149072088371709,LP,,RS,siegle_survey_2019,Siegle2019,optimal,optimal
1.8331255980317624,LP,,RS,siegle_survey_2019,Siegle2019,optimal,optimal
4.042195498375065,LP,,RS,siegle_survey_2019,Siegle2019,optimal,optimal
0.2345680381154026,grey,,RS,siegle_survey_2019,Siegle2019,optimal,optimal
13.572115789472672,CA1,,FS,siegle_survey_2019,Siegle2019,optimal,optimal
2.1714754701121484,DG,,FS,siegle_survey_2019,Siegle2019,optimal,optimal
0.0878968269236045,grey,,RS,siegle_survey_2019,Siegle2019,optimal,optimal
0.2700444682592671,grey,,RS,siegle_survey_2019,Siegle2019,optimal,optimal
2.4213987320580954,grey,,RS,siegle_survey_2019,Siegle2019,optimal,optimal
0.05242039677974,grey,,RS,siegle_survey_2019,Siegle2019,optimal,optimal
1.3258653892572645,grey,,RS,siegle_survey_2019,Siegle2019,optimal,optimal
16.560079891781527,grey,,FS,siegle_survey_2019,Siegle2019,optimal,optimal
0.1975030894769548,VISal,L5,RS,siegle_survey_2019,Siegle2019,optimal,optimal
1.7198126135413718,grey,,RS,siegle_survey_2019,Siegle2019,optimal,optimal
0.3420562890137073,VISal,L4,RS,siegle_survey_2019,Siegle2019,optimal,optimal
9.088319109336336,VISal,L2,RS,siegle_survey_2019,Siegle2019,optimal,optimal
11.106240630859077,grey,,FS,siegle_survey_2019,Siegle2019,optimal,optimal
1.701280150033383,grey,,RS,siegle_survey_2019,Siegle2019,optimal,optimal
11.645800068420238,grey,,FS,siegle_survey_2019,Siegle2019,optimal,optimal
1.512778521209267,grey,,RS,siegle_survey_2019,Siegle2019,optimal,optimal
7.479172772866957,grey,,FS,siegle_survey_2019,Siegle2019,optimal,optimal
1.994093073459608,VISal,,FS,siegle_survey_2019,Siegle2019,optimal,optimal
0.1249617539395824,VISal,,FS,siegle_survey_2019,Siegle2019,optimal,optimal
0.0561268894813378,VISal,,RS,siegle_survey_2019,Siegle2019,optimal,optimal
0.3600592910123562,VISal,,RS,siegle_survey_2019,Siegle2019,optimal,optimal
1.20458849042995,CA1,,FS,siegle_survey_2019,Siegle2019,optimal,optimal
0.1959146142273114,grey,,FS,siegle_survey_2019,Siegle2019,optimal,optimal
0.0693643634156156,VISal,,FS,siegle_survey_2019,Siegle2019,optimal,optimal
0.8895422698559631,VISal,L6a,RS,siegle_survey_2019,Siegle2019,optimal,optimal
0.1180761465344522,VISal,L6a,RS,siegle_survey_2019,Siegle2019,optimal,optimal
0.3266949883935293,VISal,L6a,RS,siegle_survey_2019,Siegle2019,optimal,optimal
0.7767610177849392,VISal,L6a,RS,siegle_survey_2019,Siegle2019,optimal,optimal
2.464243883279555,VISal,L5,RS,siegle_survey_2019,Siegle2019,optimal,optimal
1.667891755979931,VISal,L5,RS,siegle_survey_2019,Siegle2019,optimal,optimal
1.64724166757256,VISal,L5,RS,siegle_survey_2019,Siegle2019,optimal,optimal
1.8860414078731789,VISal,L5,FS,siegle_survey_2019,Siegle2019,optimal,optimal
6.48995214382413,VISal,L5,RS,siegle_survey_2019,Siegle2019,optimal,optimal
2.228131612617639,grey,,RS,siegle_survey_2019,Siegle2019,optimal,optimal
1.410559885057313,VISal,L5,RS,siegle_survey_2019,Siegle2019,optimal,optimal
1.8304450160071808,VISal,L4,RS,siegle_survey_2019,Siegle2019,optimal,optimal
2.0898948447151704,VISal,L4,RS,siegle_survey_2019,Siegle2019,optimal,optimal
0.5151932312915786,VISal,L3,RS,siegle_survey_2019,Siegle2019,optimal,optimal
2.357816504564645,VISal,L3,RS,siegle_survey_2019,Siegle2019,optimal,optimal
0.3325193723033005,VISal,L2,RS,siegle_survey_2019,Siegle2019,optimal,optimal
7.977431981181991,VISrl,L6a,FS,siegle_survey_2019,Siegle2019,optimal,optimal
12.65184808742535,grey,,FS,siegle_survey_2019,Siegle2019,optimal,optimal
7.207410343618672,VISam,L5,RS,siegle_survey_2019,Siegle2019,optimal,optimal
0.3738262639040051,grey,,RS,siegle_survey_2019,Siegle2019,optimal,optimal
1.8479181677364944,VISam,L3,RS,siegle_survey_2019,Siegle2019,optimal,optimal
0.7598310694939703,VISrl,L4,RS,siegle_survey_2019,Siegle2019,optimal,optimal
3.074271212182573,VISrl,L4,RS,siegle_survey_2019,Siegle2019,optimal,optimal
2.2847469609693336,MGv,,FS,siegle_survey_2019,Siegle2019,optimal,optimal
1.5768480313261628,VISrl,L4,RS,siegle_survey_2019,Siegle2019,optimal,optimal
0.2552185195094729,VISrl,L4,RS,siegle_survey_2019,Siegle2019,optimal,optimal
9.59911417274926,MGv,,FS,siegle_survey_2019,Siegle2019,optimal,optimal
0.2642152337250747,MGd,,FS,siegle_survey_2019,Siegle2019,optimal,optimal
0.1948521162541633,MGd,,FS,siegle_survey_2019,Siegle2019,optimal,optimal
0.2091483313054198,MGd,,RS,siegle_survey_2019,Siegle2019,optimal,optimal
0.1482570449759938,MGd,,FS,siegle_survey_2019,Siegle2019,optimal,optimal
0.1074863576075955,MGd,,FS,siegle_survey_2019,Siegle2019,optimal,optimal
0.0831313363072645,VISpm,,RS,siegle_survey_2019,Siegle2019,optimal,optimal
0.0534784340806263,MGd,,FS,siegle_survey_2019,Siegle2019,optimal,optimal
0.5713191126039191,MGd,,FS,siegle_survey_2019,Siegle2019,optimal,optimal
1.20937561863562,VISpm,,RS,siegle_survey_2019,Siegle2019,optimal,optimal
8.865401043264528,VISpm,,RS,siegle_survey_2019,Siegle2019,optimal,optimal
0.6825242150367441,VISrl,L5,RS,siegle_survey_2019,Siegle2019,optimal,optimal
10.800525726501151,CA3,,RS,siegle_survey_2019,Siegle2019,optimal,optimal
0.6470361034309445,DG,,FS,siegle_survey_2019,Siegle2019,optimal,optimal
0.6385757425895611,VISpm,,FS,siegle_survey_2019,Siegle2019,optimal,optimal
2.1450002763103746,VISpm,,RS,siegle_survey_2019,Siegle2019,optimal,optimal
0.6624031956712612,VISpm,,RS,siegle_survey_2019,Siegle2019,optimal,optimal
0.4516544977304383,DG,,FS,siegle_survey_2019,Siegle2019,optimal,optimal
1.803473448806008,VISpm,,RS,siegle_survey_2019,Siegle2019,optimal,optimal
1.7531395568411272,DG,,FS,siegle_survey_2019,Siegle2019,optimal,optimal
11.012519315404388,VISpm,,FS,siegle_survey_2019,Siegle2019,optimal,optimal
1.7473465593246698,VISpm,,RS,siegle_survey_2019,Siegle2019,optimal,optimal
0.3261654989471864,CA1,,RS,siegle_survey_2019,Siegle2019,optimal,optimal
0.9467441357795484,VISpm,,RS,siegle_survey_2019,Siegle2019,optimal,optimal
4.441437254428887,VISpm,,RS,siegle_survey_2019,Siegle2019,optimal,optimal
0.591450386498094,DG,,RS,siegle_survey_2019,Siegle2019,optimal,optimal
0.3542348330950983,DG,,RS,siegle_survey_2019,Siegle2019,optimal,optimal
11.777433755003685,VISal,L5,FS,siegle_survey_2019,Siegle2019,optimal,optimal
0.3446976295691857,VISal,L5,RS,siegle_survey_2019,Siegle2019,optimal,optimal
1.2093538954470355,VISal,L5,RS,siegle_survey_2019,Siegle2019,optimal,optimal
5.322957404084522,VISal,L5,RS,siegle_survey_2019,Siegle2019,optimal,optimal
12.25631236626913,grey,,FS,siegle_survey_2019,Siegle2019,optimal,optimal
4.390526489074789,VISal,L5,RS,siegle_survey_2019,Siegle2019,optimal,optimal
9.420676229331724,VISal,L5,RS,siegle_survey_2019,Siegle2019,optimal,optimal
4.168140921610799,VISal,L3,RS,siegle_survey_2019,Siegle2019,optimal,optimal
0.4956021217768937,VISal,L3,RS,siegle_survey_2019,Siegle2019,optimal,optimal
1.3157812741619457,VISal,L3,RS,siegle_survey_2019,Siegle2019,optimal,optimal
8.787564696530975,grey,,RS,siegle_survey_2019,Siegle2019,optimal,optimal
5.445367277604516,grey,,FS,siegle_survey_2019,Siegle2019,optimal,optimal
0.4188336752805496,grey,,FS,siegle_survey_2019,Siegle2019,optimal,optimal
7.159884901572177,grey,,RS,siegle_survey_2019,Siegle2019,optimal,optimal
0.9308592475055052,VISpm,L3,RS,siegle_survey_2019,Siegle2019,optimal,optimal
0.1212552717171562,VISpm,L3,RS,siegle_survey_2019,Siegle2019,optimal,optimal
0.2896307271495308,ProS,,RS,siegle_survey_2019,Siegle2019,optimal,optimal
1.2215321527129208,ProS,,RS,siegle_survey_2019,Siegle2019,optimal,optimal
4.015647961064062,CA1,,FS,siegle_survey_2019,Siegle2019,optimal,optimal
2.023708663922316,VISrl,L5,RS,siegle_survey_2019,Siegle2019,optimal,optimal
2.1095238461665105,grey,,RS,siegle_survey_2019,Siegle2019,optimal,optimal
2.4488886893356128,VISrl,L4,RS,siegle_survey_2019,Siegle2019,optimal,optimal
1.1807614653445224,VISrl,L3,RS,siegle_survey_2019,Siegle2019,optimal,optimal
0.9901452646611018,VISrl,L3,RS,siegle_survey_2019,Siegle2019,optimal,optimal
0.175264154889838,VISp,,RS,siegle_survey_2019,Siegle2019,optimal,optimal
3.5089593343375287,grey,,RS,siegle_survey_2019,Siegle2019,optimal,optimal
0.5030196721926441,grey,,FS,siegle_survey_2019,Siegle2019,optimal,optimal
21.870954434213782,VISp,,FS,siegle_survey_2019,Siegle2019,optimal,optimal
6.424410849783702,VISp,,RS,siegle_survey_2019,Siegle2019,optimal,optimal
4.36621075463215,grey,,RS,siegle_survey_2019,Siegle2019,optimal,optimal
2.496036562859078,grey,,RS,siegle_survey_2019,Siegle2019,optimal,optimal
1.8309916067812244,grey,,FS,siegle_survey_2019,Siegle2019,optimal,optimal
3.5089593343375287,grey,,RS,siegle_survey_2019,Siegle2019,optimal,optimal
2.7687261746266696,grey,,RS,siegle_survey_2019,Siegle2019,optimal,optimal
0.8726142817475926,VISp,,RS,siegle_survey_2019,Siegle2019,optimal,optimal
0.4686065772734341,VISp,,RS,siegle_survey_2019,Siegle2019,optimal,optimal
1.1548372260263953,VISp,,RS,siegle_survey_2019,Siegle2019,optimal,optimal
0.184265637165147,VISp,,RS,siegle_survey_2019,Siegle2019,optimal,optimal
0.2626314828560716,VISp,,RS,siegle_survey_2019,Siegle2019,optimal,optimal
0.2689854703445249,VISp,,RS,siegle_survey_2019,Siegle2019,optimal,optimal
0.600451817658841,VISp,,RS,siegle_survey_2019,Siegle2019,optimal,optimal
0.1636151778276736,VISp,,RS,siegle_survey_2019,Siegle2019,optimal,optimal
0.1085472862610779,VISp,,RS,siegle_survey_2019,Siegle2019,optimal,optimal
0.3844162430514273,VISp,,RS,siegle_survey_2019,Siegle2019,optimal,optimal
0.1805591444635492,VISp,,RS,siegle_survey_2019,Siegle2019,optimal,optimal
3.831950913324385,grey,,RS,siegle_survey_2019,Siegle2019,optimal,optimal
0.4214811700674051,VISp,,RS,siegle_survey_2019,Siegle2019,optimal,optimal
0.236686033944887,VISp,,RS,siegle_survey_2019,Siegle2019,optimal,optimal
3.407325790683106,VISp,,RS,siegle_survey_2019,Siegle2019,optimal,optimal
0.1297272557672632,VISl,L6a,FS,siegle_survey_2019,Siegle2019,optimal,optimal
0.9419705229796989,VIS,,FS,siegle_survey_2019,Siegle2019,optimal,optimal
0.6290393374366959,VIS,,RS,siegle_survey_2019,Siegle2019,optimal,optimal
0.9202612529166478,VIS,,RS,siegle_survey_2019,Siegle2019,optimal,optimal
2.3393062228916857,VIS,,RS,siegle_survey_2019,Siegle2019,optimal,optimal
4.232814665224669,grey,,FS,siegle_survey_2019,Siegle2019,optimal,optimal
0.1286671372029605,VIS,,RS,siegle_survey_2019,Siegle2019,optimal,optimal
0.1556713511838288,VIS,,RS,siegle_survey_2019,Siegle2019,optimal,optimal
0.4453047834884354,VIS,,RS,siegle_survey_2019,Siegle2019,optimal,optimal
0.4024192423800818,DG,,RS,siegle_survey_2019,Siegle2019,optimal,optimal
0.6068058051472943,grey,,RS,siegle_survey_2019,Siegle2019,optimal,optimal
9.139682293056044,DG,,RS,siegle_survey_2019,Siegle2019,optimal,optimal
0.1784396100304432,grey,,RS,siegle_survey_2019,Siegle2019,optimal,optimal
0.7693620515503407,DG,,RS,siegle_survey_2019,Siegle2019,optimal,optimal
0.7349446163467811,DG,,RS,siegle_survey_2019,Siegle2019,optimal,optimal
0.8281363693284192,grey,,RS,siegle_survey_2019,Siegle2019,optimal,optimal
1.0420540381631591,DG,,FS,siegle_survey_2019,Siegle2019,optimal,optimal
3.212470451999943,CA1,,RS,siegle_survey_2019,Siegle2019,optimal,optimal
3.979185008534625,CA1,,RS,siegle_survey_2019,Siegle2019,optimal,optimal
1.1172331666594515,grey,,RS,siegle_survey_2019,Siegle2019,optimal,optimal
10.289223739635448,VISam,,RS,siegle_survey_2019,Siegle2019,optimal,optimal
0.5734474203916167,CA1,,RS,siegle_survey_2019,Siegle2019,optimal,optimal
2.7327443551626347,CA1,,RS,siegle_survey_2019,Siegle2019,optimal,optimal
1.532370115063101,CA1,,RS,siegle_survey_2019,Siegle2019,optimal,optimal
3.0287342979132474,CA1,,RS,siegle_survey_2019,Siegle2019,optimal,optimal
7.3033797501953535,CA1,,FS,siegle_survey_2019,Siegle2019,optimal,optimal
0.1959146142273114,VISam,,RS,siegle_survey_2019,Siegle2019,optimal,optimal
0.1879721298667447,VISam,,RS,siegle_survey_2019,Siegle2019,optimal,optimal
17.68367820758894,CA1,,RS,siegle_survey_2019,Siegle2019,optimal,optimal
0.8302543651579036,VISam,,RS,siegle_survey_2019,Siegle2019,optimal,optimal
1.351810838168449,VISam,,RS,siegle_survey_2019,Siegle2019,optimal,optimal
0.170498664273498,VISam,,RS,siegle_survey_2019,Siegle2019,optimal,optimal
0.0751888519466979,VISam,,RS,siegle_survey_2019,Siegle2019,optimal,optimal
0.926623175399446,VISam,,RS,siegle_survey_2019,Siegle2019,optimal,optimal
0.0555973905239667,VISam,,RS,siegle_survey_2019,Siegle2019,optimal,optimal
0.1180782674937579,VISam,,RS,siegle_survey_2019,Siegle2019,optimal,optimal
9.266762053807648,CA1,,RS,siegle_survey_2019,Siegle2019,optimal,optimal
0.1096062936482591,VISp,L6a,RS,siegle_survey_2019,Siegle2019,optimal,optimal
0.1810886434209203,VISam,,RS,siegle_survey_2019,Siegle2019,optimal,optimal
4.177217635705876,VISp,L5,RS,siegle_survey_2019,Siegle2019,optimal,optimal
0.5099075400158143,VISp,L5,RS,siegle_survey_2019,Siegle2019,optimal,optimal
1.5911306473041005,VISrl,,RS,siegle_survey_2019,Siegle2019,optimal,optimal
3.7472644451629455,VISp,L5,RS,siegle_survey_2019,Siegle2019,optimal,optimal
0.4220107054959542,VISp,L5,RS,siegle_survey_2019,Siegle2019,optimal,optimal
6.086061541995607,VISp,L5,RS,siegle_survey_2019,Siegle2019,optimal,optimal
0.7132351572183819,VISp,L5,RS,siegle_survey_2019,Siegle2019,optimal,optimal
3.2108539917644143,VISrl,,RS,siegle_survey_2019,Siegle2019,optimal,optimal
1.611780928583588,VISrl,,RS,siegle_survey_2019,Siegle2019,optimal,optimal
1.192421370292457,VISrl,,RS,siegle_survey_2019,Siegle2019,optimal,optimal
1.8241240657886604,VISp,L5,RS,siegle_survey_2019,Siegle2019,optimal,optimal
0.1339632477923167,VISp,L5,RS,siegle_survey_2019,Siegle2019,optimal,optimal
0.3791212862422876,VISp,L4,RS,siegle_survey_2019,Siegle2019,optimal,optimal
4.36621075463215,VISrl,,RS,siegle_survey_2019,Siegle2019,optimal,optimal
0.4807850948435714,VISp,L4,RS,siegle_survey_2019,Siegle2019,optimal,optimal
0.6020403665607277,VISp,L4,RS,siegle_survey_2019,Siegle2019,optimal,optimal
0.3245800621622008,VISrl,,RS,siegle_survey_2019,Siegle2019,optimal,optimal
0.1307862537735266,VISp,L3,RS,siegle_survey_2019,Siegle2019,optimal,optimal
0.0778363534603579,VISp,L3,RS,siegle_survey_2019,Siegle2019,optimal,optimal
0.0974278165762303,VISp,L3,RS,siegle_survey_2019,Siegle2019,optimal,optimal
0.644924169190148,VISrl,,RS,siegle_survey_2019,Siegle2019,optimal,optimal
0.3367584331731806,VISrl,,RS,siegle_survey_2019,Siegle2019,optimal,optimal
0.2075636092276211,VISp,L3,RS,siegle_survey_2019,Siegle2019,optimal,optimal
0.7238188335656257,VISrl,,RS,siegle_survey_2019,Siegle2019,optimal,optimal
0.1350210699043413,VISrl,,RS,siegle_survey_2019,Siegle2019,optimal,optimal
0.081013347479148,VISp,L3,RS,siegle_survey_2019,Siegle2019,optimal,optimal
0.265279000568975,VISp,L3,RS,siegle_survey_2019,Siegle2019,optimal,optimal
0.3102864158351683,VISp,L3,RS,siegle_survey_2019,Siegle2019,optimal,optimal
0.3605856808033585,VISrl,,RS,siegle_survey_2019,Siegle2019,optimal,optimal
0.1810870819893518,VISrl,,RS,siegle_survey_2019,Siegle2019,optimal,optimal
0.1546136606802529,MGm,,RS,siegle_survey_2019,Siegle2019,optimal,optimal
0.1000752803718075,MGm,,FS,siegle_survey_2019,Siegle2019,optimal,optimal
0.5024945539719706,VISp,L4,RS,siegle_survey_2019,Siegle2019,optimal,optimal
0.0794248504697529,VISp,L3,RS,siegle_survey_2019,Siegle2019,optimal,optimal
10.351702281845704,SGN,,RS,siegle_survey_2019,Siegle2019,optimal,optimal
0.4686064715822736,SGN,,FS,siegle_survey_2019,Siegle2019,optimal,optimal
19.365361000201684,SGN,,FS,siegle_survey_2019,Siegle2019,optimal,optimal
0.8207231988164113,SGN,,FS,siegle_survey_2019,Siegle2019,optimal,optimal
13.271358874280343,SGN,,FS,siegle_survey_2019,Siegle2019,optimal,optimal
0.3150518085779127,SGN,,RS,siegle_survey_2019,Siegle2019,optimal,optimal
0.096368788506185,SGN,,RS,siegle_survey_2019,Siegle2019,optimal,optimal
43.921030303902775,grey,,FS,siegle_survey_2019,Siegle2019,optimal,optimal
9.538921565598484,LP,,FS,siegle_survey_2019,Siegle2019,optimal,optimal
6.989384660888148,LP,,FS,siegle_survey_2019,Siegle2019,optimal,optimal
4.2942355757426425,LP,,FS,siegle_survey_2019,Siegle2019,optimal,optimal
7.868882230716574,LP,,RS,siegle_survey_2019,Siegle2019,optimal,optimal
0.8291951802235485,LP,,FS,siegle_survey_2019,Siegle2019,optimal,optimal
0.4924337973531709,DG,,FS,siegle_survey_2019,Siegle2019,optimal,optimal
1.0436419511646235,DG,,RS,siegle_survey_2019,Siegle2019,optimal,optimal
32.48527516281117,DG,,FS,siegle_survey_2019,Siegle2019,optimal,optimal
0.6915254823575698,ProS,,FS,siegle_survey_2019,Siegle2019,optimal,optimal
1.4725359036980306,CA1,,RS,siegle_survey_2019,Siegle2019,optimal,optimal
0.2981078457636384,SUB,,RS,siegle_survey_2019,Siegle2019,optimal,optimal
7.275316303029374,VISal,L6a,RS,siegle_survey_2019,Siegle2019,optimal,optimal
0.155143159518199,SUB,,RS,siegle_survey_2019,Siegle2019,optimal,optimal
1.4402372885181876,VISal,L5,RS,siegle_survey_2019,Siegle2019,optimal,optimal
0.1376697408142385,VISal,L5,RS,siegle_survey_2019,Siegle2019,optimal,optimal
0.7169412490496704,CA1,,FS,siegle_survey_2019,Siegle2019,optimal,optimal
13.232180088260847,VISal,L5,RS,siegle_survey_2019,Siegle2019,optimal,optimal
5.524263099672886,VISal,L5,RS,siegle_survey_2019,Siegle2019,optimal,optimal
1.003929796745752,SUB,,FS,siegle_survey_2019,Siegle2019,optimal,optimal
0.3590002121274367,VISp,L6b,RS,siegle_survey_2019,Siegle2019,optimal,optimal
2.437812649903715,VISp,L6a,RS,siegle_survey_2019,Siegle2019,optimal,optimal
1.8712494770673809,VISal,L4,RS,siegle_survey_2019,Siegle2019,optimal,optimal
0.6698158641416787,CA1,,RS,siegle_survey_2019,Siegle2019,optimal,optimal
1.3925823782363358,VISal,L4,RS,siegle_survey_2019,Siegle2019,optimal,optimal
2.589778816394237,VISp,L6a,RS,siegle_survey_2019,Siegle2019,optimal,optimal
4.946047420511795,CA1,,RS,siegle_survey_2019,Siegle2019,optimal,optimal
0.6274559675951694,CA1,,RS,siegle_survey_2019,Siegle2019,optimal,optimal
0.2965194417537445,LGd,,FS,siegle_survey_2019,Siegle2019,optimal,optimal
4.138562917386498,VISp,L5,RS,siegle_survey_2019,Siegle2019,optimal,optimal
5.462308659672377,CA1,,RS,siegle_survey_2019,Siegle2019,optimal,optimal
0.2324499898583255,VISp,L5,RS,siegle_survey_2019,Siegle2019,optimal,optimal
0.9435669292199,VISp,L5,RS,siegle_survey_2019,Siegle2019,optimal,optimal
0.2769278922457955,VISp,L5,RS,siegle_survey_2019,Siegle2019,optimal,optimal
14.701535235572685,VISp,L5,RS,siegle_survey_2019,Siegle2019,optimal,optimal
1.9946221225428529,VISp,L5,RS,siegle_survey_2019,Siegle2019,optimal,optimal
7.753980982882276,VISp,L5,RS,siegle_survey_2019,Siegle2019,optimal,optimal
1.3629300088731888,VISp,L5,RS,siegle_survey_2019,Siegle2019,optimal,optimal
18.466271973369256,VISp,L4,FS,siegle_survey_2019,Siegle2019,optimal,optimal
0.3012848387913149,VISp,L4,RS,siegle_survey_2019,Siegle2019,optimal,optimal
0.8646716023659353,VISp,L4,RS,siegle_survey_2019,Siegle2019,optimal,optimal
1.191901589077406,VISl,L5,RS,siegle_survey_2019,Siegle2019,optimal,optimal
0.2107405375025366,VISp,L3,RS,siegle_survey_2019,Siegle2019,optimal,optimal
6.828415323297303,VISl,L4,RS,siegle_survey_2019,Siegle2019,optimal,optimal
0.0338879256285485,VISp,L4,RS,siegle_survey_2019,Siegle2019,optimal,optimal
0.0645988582294207,VISp,L3,RS,siegle_survey_2019,Siegle2019,optimal,optimal
3.8579297368174688,CA1,,RS,siegle_survey_2019,Siegle2019,optimal,optimal
0.1599086094630727,CA3,,FS,siegle_survey_2019,Siegle2019,optimal,optimal
0.0783658086110422,CA3,,RS,siegle_survey_2019,Siegle2019,optimal,optimal
0.4844873684802835,VISl,,RS,siegle_survey_2019,Siegle2019,optimal,optimal
4.385309375869367,DG,,RS,siegle_survey_2019,Siegle2019,optimal,optimal
1.2660321164878627,VISam,L6a,RS,siegle_survey_2019,Siegle2019,optimal,optimal
0.0391829262317448,VISam,L6a,RS,siegle_survey_2019,Siegle2019,optimal,optimal
1.0330525551099206,VISam,L5,RS,siegle_survey_2019,Siegle2019,optimal,optimal
0.1037817465389478,VPM,,FS,siegle_survey_2019,Siegle2019,optimal,optimal
2.573365155219997,VISam,L4,RS,siegle_survey_2019,Siegle2019,optimal,optimal
21.801579755074687,VPM,,RS,siegle_survey_2019,Siegle2019,optimal,optimal
4.401725213033712,VISam,L4,RS,siegle_survey_2019,Siegle2019,optimal,optimal
0.2642200025627116,VISam,L4,RS,siegle_survey_2019,Siegle2019,optimal,optimal
8.568352868676953,VISam,L4,RS,siegle_survey_2019,Siegle2019,optimal,optimal
0.2059750479610219,VISrl,L4,FS,siegle_survey_2019,Siegle2019,optimal,optimal
0.9186804838364346,VISrl,L4,RS,siegle_survey_2019,Siegle2019,optimal,optimal
1.737815186139008,VISrl,L4,RS,siegle_survey_2019,Siegle2019,optimal,optimal
0.3457628490449914,VISam,L3,RS,siegle_survey_2019,Siegle2019,optimal,optimal
0.6698160300017809,VISrl,L4,RS,siegle_survey_2019,Siegle2019,optimal,optimal
0.6687570323258888,VISrl,L3,RS,siegle_survey_2019,Siegle2019,optimal,optimal
0.231391064368547,VISam,L3,RS,siegle_survey_2019,Siegle2019,optimal,optimal
0.2663379154868741,VISrl,L3,RS,siegle_survey_2019,Siegle2019,optimal,optimal
0.4394840354952396,VISrl,L3,RS,siegle_survey_2019,Siegle2019,optimal,optimal
10.95003325727266,TH,,RS,siegle_survey_2019,Siegle2019,optimal,optimal
0.9255637395412288,TH,,FS,siegle_survey_2019,Siegle2019,optimal,optimal
9.510326273398174,TH,,RS,siegle_survey_2019,Siegle2019,optimal,optimal
0.4077140042601522,TH,,RS,siegle_survey_2019,Siegle2019,optimal,optimal
0.0762478564509628,VISam,L3,RS,siegle_survey_2019,Siegle2019,optimal,optimal
0.0481844092849834,VISam,L3,RS,siegle_survey_2019,Siegle2019,optimal,optimal
0.3568823281107568,VISam,L3,RS,siegle_survey_2019,Siegle2019,optimal,optimal
5.5623839152635055,LGd,,FS,siegle_survey_2019,Siegle2019,optimal,optimal
8.47992388970634,Eth,,RS,siegle_survey_2019,Siegle2019,optimal,optimal
5.972217393193744,Eth,,RS,siegle_survey_2019,Siegle2019,optimal,optimal
11.508657242757872,Eth,,RS,siegle_survey_2019,Siegle2019,optimal,optimal
2.896888142402959,Eth,,RS,siegle_survey_2019,Siegle2019,optimal,optimal
0.736532883582986,TH,,RS,siegle_survey_2019,Siegle2019,optimal,optimal
0.0995457568842969,LGd,,FS,siegle_survey_2019,Siegle2019,optimal,optimal
0.1037817465389478,LGd,,FS,siegle_survey_2019,Siegle2019,optimal,optimal
3.1372806148304755,TH,,RS,siegle_survey_2019,Siegle2019,optimal,optimal
1.91043239128903,grey,,FS,siegle_survey_2019,Siegle2019,optimal,optimal
8.386734657878865,grey,,RS,siegle_survey_2019,Siegle2019,optimal,optimal
8.967595060662697,grey,,RS,siegle_survey_2019,Siegle2019,optimal,optimal
5.227214126054685,grey,,FS,siegle_survey_2019,Siegle2019,optimal,optimal
0.7730685397123015,grey,,RS,siegle_survey_2019,Siegle2019,optimal,optimal
3.1664030509175096,APN,,RS,siegle_survey_2019,Siegle2019,optimal,optimal
1.0743531421925798,APN,,FS,siegle_survey_2019,Siegle2019,optimal,optimal
0.5072597611444492,LGd,,RS,siegle_survey_2019,Siegle2019,optimal,optimal
1.2316146735416529,grey,,RS,siegle_survey_2019,Siegle2019,optimal,optimal
1.7960449769236302,grey,,RS,siegle_survey_2019,Siegle2019,optimal,optimal
9.030073182332307,CA1,,FS,siegle_survey_2019,Siegle2019,optimal,optimal
20.483127975064583,CA3,,FS,siegle_survey_2019,Siegle2019,optimal,optimal
4.983115087145527,grey,,RS,siegle_survey_2019,Siegle2019,optimal,optimal
0.4188300638993489,grey,,RS,siegle_survey_2019,Siegle2019,optimal,optimal
0.3161081518936932,grey,,RS,siegle_survey_2019,Siegle2019,optimal,optimal
4.729485066239916,grey,,RS,siegle_survey_2019,Siegle2019,optimal,optimal
26.137129628273037,grey,,RS,siegle_survey_2019,Siegle2019,optimal,optimal
12.124468097487863,grey,,RS,siegle_survey_2019,Siegle2019,optimal,optimal
0.2959899408898469,grey,,RS,siegle_survey_2019,Siegle2019,optimal,optimal
0.4675435479432681,grey,,RS,siegle_survey_2019,Siegle2019,optimal,optimal
1.1993152345536733,grey,,FS,siegle_survey_2019,Siegle2019,optimal,optimal
1.186606895837147,VIS,L5,RS,siegle_survey_2019,Siegle2019,optimal,optimal
0.6751112247487564,VISpm,,RS,siegle_survey_2019,Siegle2019,optimal,optimal
1.2210243203036415,VIS,L5,RS,siegle_survey_2019,Siegle2019,optimal,optimal
2.128585328543209,VIS,L5,RS,siegle_survey_2019,Siegle2019,optimal,optimal
0.3627067039930592,VIS,L5,RS,siegle_survey_2019,Siegle2019,optimal,optimal
6.700278295369593,VIS,L5,RS,siegle_survey_2019,Siegle2019,optimal,optimal
2.383803768433216,VIS,L5,RS,siegle_survey_2019,Siegle2019,optimal,optimal
2.7751034096753626,VIS,L5,RS,siegle_survey_2019,Siegle2019,optimal,optimal
0.2631609224591977,VIS,L5,RS,siegle_survey_2019,Siegle2019,optimal,optimal
0.4394839266700343,VISal,L6a,FS,siegle_survey_2019,Siegle2019,optimal,optimal
0.2335090589130992,VISpm,,RS,siegle_survey_2019,Siegle2019,optimal,optimal
10.293454860801766,VISal,L5,FS,siegle_survey_2019,Siegle2019,optimal,optimal
0.3658836970207356,VIS,L5,RS,siegle_survey_2019,Siegle2019,optimal,optimal
17.41877700644359,VIS,,FS,siegle_survey_2019,Siegle2019,optimal,optimal
0.155143159518199,VIS,L5,RS,siegle_survey_2019,Siegle2019,optimal,optimal
0.287517797809432,VISal,L5,RS,siegle_survey_2019,Siegle2019,optimal,optimal
1.9231393032115236,VISal,L4,RS,siegle_survey_2019,Siegle2019,optimal,optimal
0.2403924724275166,CA1,,RS,siegle_survey_2019,Siegle2019,optimal,optimal
0.5903912043098701,VIS,L5,RS,siegle_survey_2019,Siegle2019,optimal,optimal
0.6433412847605797,VISpm,,RS,siegle_survey_2019,Siegle2019,optimal,optimal
0.1630856420873901,VIS,L3,RS,siegle_survey_2019,Siegle2019,optimal,optimal
0.2536278136634489,grey,,RS,siegle_survey_2019,Siegle2019,optimal,optimal
0.1286681857600221,VPM,,FS,siegle_survey_2019,Siegle2019,optimal,optimal
16.727397789554356,CA3,,FS,siegle_survey_2019,Siegle2019,optimal,optimal
0.1096062594548368,CA3,,RS,siegle_survey_2019,Siegle2019,optimal,optimal
0.1704971941537172,grey,,FS,siegle_survey_2019,Siegle2019,optimal,optimal
0.5279102107108725,POL,,FS,siegle_survey_2019,Siegle2019,optimal,optimal
0.1334337071624101,DG,,RS,siegle_survey_2019,Siegle2019,optimal,optimal
0.1900900828226397,DG,,FS,siegle_survey_2019,Siegle2019,optimal,optimal
22.66890425014723,DG,,FS,siegle_survey_2019,Siegle2019,optimal,optimal
3.035086587557393,MB,,FS,siegle_survey_2019,Siegle2019,optimal,optimal
0.2811638133274556,SCig,,FS,siegle_survey_2019,Siegle2019,optimal,optimal
0.361118207479221,CA1,,RS,siegle_survey_2019,Siegle2019,optimal,optimal
3.9331173682634217,CA1,,RS,siegle_survey_2019,Siegle2019,optimal,optimal
0.1265502609529041,CA1,,RS,siegle_survey_2019,Siegle2019,optimal,optimal
2.169868017521532,grey,,RS,siegle_survey_2019,Siegle2019,optimal,optimal
17.965901063313964,CA1,,FS,siegle_survey_2019,Siegle2019,optimal,optimal
1.0330522328327862,CA1,,RS,siegle_survey_2019,Siegle2019,optimal,optimal
2.8820630559274365,VISl,L6a,RS,siegle_survey_2019,Siegle2019,optimal,optimal
0.6904664846816777,CA1,,RS,siegle_survey_2019,Siegle2019,optimal,optimal
4.33235949207476,CA1,,RS,siegle_survey_2019,Siegle2019,optimal,optimal
8.263356818810307,VISp,L5,RS,siegle_survey_2019,Siegle2019,optimal,optimal
0.4776079518273568,VISl,L6a,RS,siegle_survey_2019,Siegle2019,optimal,optimal
13.210463236735764,VISp,L5,RS,siegle_survey_2019,Siegle2019,optimal,optimal
1.47730220945022,VISl,L5,RS,siegle_survey_2019,Siegle2019,optimal,optimal
0.6147429888585892,VISam,,FS,siegle_survey_2019,Siegle2019,optimal,optimal
0.2891064538924086,VISl,L4,RS,siegle_survey_2019,Siegle2019,optimal,optimal
13.60124080793828,VISl,L4,RS,siegle_survey_2019,Siegle2019,optimal,optimal
0.6883486997438301,VISl,L4,RS,siegle_survey_2019,Siegle2019,optimal,optimal
0.2192125189096737,VISl,L5,RS,siegle_survey_2019,Siegle2019,optimal,optimal
1.3083806420926565,VISam,,RS,siegle_survey_2019,Siegle2019,optimal,optimal
9.049135140498368,VISl,L5,RS,siegle_survey_2019,Siegle2019,optimal,optimal
1.1844889004853627,VISl,L5,RS,siegle_survey_2019,Siegle2019,optimal,optimal
3.156316069410896,VISam,,RS,siegle_survey_2019,Siegle2019,optimal,optimal
7.265251756433181,VISp,L4,FS,siegle_survey_2019,Siegle2019,optimal,optimal
5.65610658693994,VISl,L5,RS,siegle_survey_2019,Siegle2019,optimal,optimal
3.3723780988785315,VISl,L5,RS,siegle_survey_2019,Siegle2019,optimal,optimal
4.127938278330372,VISam,,RS,siegle_survey_2019,Siegle2019,optimal,optimal
1.1082410678211283,VISl,L5,RS,siegle_survey_2019,Siegle2019,optimal,optimal
2.257253546164104,VISl,L5,RS,siegle_survey_2019,Siegle2019,optimal,optimal
0.3044618318189913,VISl,L5,RS,siegle_survey_2019,Siegle2019,optimal,optimal
0.2128584801462093,VISp,L3,RS,siegle_survey_2019,Siegle2019,optimal,optimal
2.9217500538515897,VISam,,RS,siegle_survey_2019,Siegle2019,optimal,optimal
0.0746593589722154,DG,,RS,siegle_survey_2019,Siegle2019,optimal,optimal
0.7741208007848902,VISam,,RS,siegle_survey_2019,Siegle2019,optimal,optimal
0.4029486156769606,VISl,L4,RS,siegle_survey_2019,Siegle2019,optimal,optimal
0.6549845626340007,VISam,,RS,siegle_survey_2019,Siegle2019,optimal,optimal
0.2938719448906352,CA1,,RS,siegle_survey_2019,Siegle2019,optimal,optimal
0.4235955134253845,VISam,,RS,siegle_survey_2019,Siegle2019,optimal,optimal
0.1837345539482605,VISam,,RS,siegle_survey_2019,Siegle2019,optimal,optimal
0.2149747230633826,VISam,,RS,siegle_survey_2019,Siegle2019,optimal,optimal
0.3097542191923124,VISam,,RS,siegle_survey_2019,Siegle2019,optimal,optimal
0.0603628525787757,VISp,L4,RS,siegle_survey_2019,Siegle2019,optimal,optimal
0.106958738779936,VISp,L3,RS,siegle_survey_2019,Siegle2019,optimal,optimal
0.4421314202041911,SCig,,FS,siegle_survey_2019,Siegle2019,optimal,optimal
12.431577517373572,grey,,RS,siegle_survey_2019,Siegle2019,optimal,optimal
0.5845667170924633,VISl,L5,RS,siegle_survey_2019,Siegle2019,optimal,optimal
7.110642068353765,grey,,FS,siegle_survey_2019,Siegle2019,optimal,optimal
0.3764705125568104,VISam,,RS,siegle_survey_2019,Siegle2019,optimal,optimal
16.123235623015113,DG,,RS,siegle_survey_2019,Siegle2019,optimal,optimal
1.1998443667857988,MB,,FS,siegle_survey_2019,Siegle2019,optimal,optimal
4.2375781507714265,DG,,RS,siegle_survey_2019,Siegle2019,optimal,optimal
2.194772683286468,APN,,FS,siegle_survey_2019,Siegle2019,optimal,optimal
7.388099544250509,grey,,FS,siegle_survey_2019,Siegle2019,optimal,optimal
2.8931816505373367,APN,,FS,siegle_survey_2019,Siegle2019,optimal,optimal
5.698468235879307,grey,,RS,siegle_survey_2019,Siegle2019,optimal,optimal
7.185768390869867,grey,,FS,siegle_survey_2019,Siegle2019,optimal,optimal
0.0582443830959903,grey,,RS,siegle_survey_2019,Siegle2019,optimal,optimal
2.043336015633891,CA1,,FS,siegle_survey_2019,Siegle2019,optimal,optimal
1.0611159956051042,grey,,RS,siegle_survey_2019,Siegle2019,optimal,optimal
0.899618525670376,CA1,,RS,siegle_survey_2019,Siegle2019,optimal,optimal
1.0192855746206717,VISp,,RS,siegle_survey_2019,Siegle2019,optimal,optimal
24.89544686371046,VISam,L6a,FS,siegle_survey_2019,Siegle2019,optimal,optimal
0.0937212943164547,VISam,L5,RS,siegle_survey_2019,Siegle2019,optimal,optimal
0.0873673349674861,VISp,,RS,siegle_survey_2019,Siegle2019,optimal,optimal
8.093389738005708,VISam,L5,RS,siegle_survey_2019,Siegle2019,optimal,optimal
0.4701951118250163,VISp,,RS,siegle_survey_2019,Siegle2019,optimal,optimal
0.3028734278872852,VISp,,RS,siegle_survey_2019,Siegle2019,optimal,optimal
0.4982585588145724,VISp,,RS,siegle_survey_2019,Siegle2019,optimal,optimal
0.9038547926636292,VISp,,RS,siegle_survey_2019,Siegle2019,optimal,optimal
4.431338564821304,grey,,RS,siegle_survey_2019,Siegle2019,optimal,optimal
1.349163039086591,VISam,L5,RS,siegle_survey_2019,Siegle2019,optimal,optimal
1.1325980143666476,VISam,L5,RS,siegle_survey_2019,Siegle2019,optimal,optimal
0.2848703748149866,VISam,L5,RS,siegle_survey_2019,Siegle2019,optimal,optimal
9.075080583557725,VISam,L4,FS,siegle_survey_2019,Siegle2019,optimal,optimal
8.17546455695749,VISp,,RS,siegle_survey_2019,Siegle2019,optimal,optimal
0.6205726380727962,VISam,L4,RS,siegle_survey_2019,Siegle2019,optimal,optimal
0.2144470293681591,VISam,L3,RS,siegle_survey_2019,Siegle2019,optimal,optimal
2.883122053927042,VISp,,RS,siegle_survey_2019,Siegle2019,optimal,optimal
0.7688325477138779,VISp,,RS,siegle_survey_2019,Siegle2019,optimal,optimal
0.0582448577514503,APN,,FS,siegle_survey_2019,Siegle2019,optimal,optimal
0.4442495250367543,VISam,L5,RS,siegle_survey_2019,Siegle2019,optimal,optimal
4.78821778488219,VISp,,RS,siegle_survey_2019,Siegle2019,optimal,optimal
0.3494693398699445,VISp,,RS,siegle_survey_2019,Siegle2019,optimal,optimal
1.0605864966053014,VISp,,FS,siegle_survey_2019,Siegle2019,optimal,optimal
0.5252584366474767,VISp,,RS,siegle_survey_2019,Siegle2019,optimal,optimal
3.06526877286981,PO,,RS,siegle_survey_2019,Siegle2019,optimal,optimal
8.50692833044159,PO,,FS,siegle_survey_2019,Siegle2019,optimal,optimal
0.4416019214973597,CA1,,RS,siegle_survey_2019,Siegle2019,optimal,optimal
4.069198569615562,PO,,RS,siegle_survey_2019,Siegle2019,optimal,optimal
0.1170192789564511,VISp,,RS,siegle_survey_2019,Siegle2019,optimal,optimal
19.312406334260437,VISam,L6a,FS,siegle_survey_2019,Siegle2019,optimal,optimal
6.065938687510199,PO,,RS,siegle_survey_2019,Siegle2019,optimal,optimal
9.33718250834103,PO,,RS,siegle_survey_2019,Siegle2019,optimal,optimal
12.830812663937676,VISam,L5,FS,siegle_survey_2019,Siegle2019,optimal,optimal
2.94083581774141,VISam,L4,RS,siegle_survey_2019,Siegle2019,optimal,optimal
3.5963552167986417,VISam,L4,RS,siegle_survey_2019,Siegle2019,optimal,optimal
1.2580896235318002,grey,,FS,siegle_survey_2019,Siegle2019,optimal,optimal
7.012153110919829,LP,,RS,siegle_survey_2019,Siegle2019,optimal,optimal
3.5354628655130345,VISam,L3,RS,siegle_survey_2019,Siegle2019,optimal,optimal
0.698938679739889,grey,,FS,siegle_survey_2019,Siegle2019,optimal,optimal
18.98677513493405,grey,,FS,siegle_survey_2019,Siegle2019,optimal,optimal
0.234038428419464,VISam,L3,RS,siegle_survey_2019,Siegle2019,optimal,optimal
0.4474264072725047,VISam,L3,RS,siegle_survey_2019,Siegle2019,optimal,optimal
0.09689826335014,VISam,L3,RS,siegle_survey_2019,Siegle2019,optimal,optimal
0.1122537258482497,VISam,L3,RS,siegle_survey_2019,Siegle2019,optimal,optimal
2.0766944424244937,LP,,RS,siegle_survey_2019,Siegle2019,optimal,optimal
11.159188009713464,LP,,RS,siegle_survey_2019,Siegle2019,optimal,optimal
0.1196667077438888,VISam,L3,RS,siegle_survey_2019,Siegle2019,optimal,optimal
0.0714823254222344,VISam,L3,RS,siegle_survey_2019,Siegle2019,optimal,optimal
0.2218599581623426,VISam,L2,RS,siegle_survey_2019,Siegle2019,optimal,optimal
15.900850103520538,LP,,FS,siegle_survey_2019,Siegle2019,optimal,optimal
0.430482448653901,VISam,L3,RS,siegle_survey_2019,Siegle2019,optimal,optimal
0.3590003218663975,grey,,RS,siegle_survey_2019,Siegle2019,optimal,optimal
0.2621020049024584,grey,,RS,siegle_survey_2019,Siegle2019,optimal,optimal
0.4580166348295484,grey,,RS,siegle_survey_2019,Siegle2019,optimal,optimal
9.946638711298345,grey,,FS,siegle_survey_2019,Siegle2019,optimal,optimal
0.2949309428902411,grey,,RS,siegle_survey_2019,Siegle2019,optimal,optimal
0.0788953509706389,grey,,RS,siegle_survey_2019,Siegle2019,optimal,optimal
2.5574801690482305,grey,,RS,siegle_survey_2019,Siegle2019,optimal,optimal
1.017167267694404,CA3,,FS,siegle_survey_2019,Siegle2019,optimal,optimal
0.4299531878399923,grey,,RS,siegle_survey_2019,Siegle2019,optimal,optimal
0.8355494216890491,grey,,RS,siegle_survey_2019,Siegle2019,optimal,optimal
2.0242746762466632,grey,,RS,siegle_survey_2019,Siegle2019,optimal,optimal
0.5835077194165712,VISal,L5,FS,siegle_survey_2019,Siegle2019,optimal,optimal
1.7976491043310026,grey,,RS,siegle_survey_2019,Siegle2019,optimal,optimal
0.7042334544682756,VISal,L5,RS,siegle_survey_2019,Siegle2019,optimal,optimal
3.9458265465315554,grey,,RS,siegle_survey_2019,Siegle2019,optimal,optimal
1.0383472212122469,VISal,L5,RS,siegle_survey_2019,Siegle2019,optimal,optimal
0.3251122864988881,VISal,L5,RS,siegle_survey_2019,Siegle2019,optimal,optimal
3.6895490306269294,VISam,,RS,siegle_survey_2019,Siegle2019,optimal,optimal
0.2758688945699034,VISal,L4,FS,siegle_survey_2019,Siegle2019,optimal,optimal
0.4950814134795772,VISal,L4,RS,siegle_survey_2019,Siegle2019,optimal,optimal
4.5738123602978495,VISam,,RS,siegle_survey_2019,Siegle2019,optimal,optimal
11.560551662697724,VISam,,RS,siegle_survey_2019,Siegle2019,optimal,optimal
0.2319204910203794,VISal,L3,RS,siegle_survey_2019,Siegle2019,optimal,optimal
4.11208923246968,VISam,,RS,siegle_survey_2019,Siegle2019,optimal,optimal
3.4878099117020067,VISam,,RS,siegle_survey_2019,Siegle2019,optimal,optimal
0.4008307428508303,VISam,,RS,siegle_survey_2019,Siegle2019,optimal,optimal
0.3182287228056513,CA1,,RS,siegle_survey_2019,Siegle2019,optimal,optimal
1.63509200669526,VISpm,L6a,RS,siegle_survey_2019,Siegle2019,optimal,optimal
0.1704986779365487,grey,,FS,siegle_survey_2019,Siegle2019,optimal,optimal
0.0624808474061012,VISpm,L5,RS,siegle_survey_2019,Siegle2019,optimal,optimal
2.7946941746559526,VISpm,L5,FS,siegle_survey_2019,Siegle2019,optimal,optimal
7.268428748674169,VISpm,L5,RS,siegle_survey_2019,Siegle2019,optimal,optimal
1.0261684938391884,VISpm,L5,FS,siegle_survey_2019,Siegle2019,optimal,optimal
5.483488607945632,VISpm,L5,RS,siegle_survey_2019,Siegle2019,optimal,optimal
0.2430399064355972,VISpm,L5,RS,siegle_survey_2019,Siegle2019,optimal,optimal
0.6343398017639296,VISam,,RS,siegle_survey_2019,Siegle2019,optimal,optimal
1.8580109622712653,VISpm,L5,RS,siegle_survey_2019,Siegle2019,optimal,optimal
9.242929426448336,VISpm,L5,RS,siegle_survey_2019,Siegle2019,optimal,optimal
2.498174898830388,VISpm,L5,RS,siegle_survey_2019,Siegle2019,optimal,optimal
0.7688321223191442,VISpm,L5,RS,siegle_survey_2019,Siegle2019,optimal,optimal
1.6245020325586326,VISpm,L5,RS,siegle_survey_2019,Siegle2019,optimal,optimal
1.2242010101941194,VISpm,L5,RS,siegle_survey_2019,Siegle2019,optimal,optimal
0.1599086094630727,VISpm,L4,RS,siegle_survey_2019,Siegle2019,optimal,optimal
0.4251874615855873,VISpm,L4,RS,siegle_survey_2019,Siegle2019,optimal,optimal
0.3976535288303563,VISpm,L4,RS,siegle_survey_2019,Siegle2019,optimal,optimal
0.2133879788530407,VISpm,L3,RS,siegle_survey_2019,Siegle2019,optimal,optimal
0.0857787905066813,VISpm,L3,RS,siegle_survey_2019,Siegle2019,optimal,optimal
0.4717836088244251,grey,,RS,siegle_survey_2019,Siegle2019,optimal,optimal
0.7365331087258982,grey,,FS,siegle_survey_2019,Siegle2019,optimal,optimal
0.4712541098246221,grey,,RS,siegle_survey_2019,Siegle2019,optimal,optimal
0.3711787988618653,VISrl,,RS,siegle_survey_2019,Siegle2019,optimal,optimal
0.3770032878596977,VISrl,,RS,siegle_survey_2019,Siegle2019,optimal,optimal
0.2271550709154639,VISrl,,RS,siegle_survey_2019,Siegle2019,optimal,optimal
11.786647735613585,grey,,FS,siegle_survey_2019,Siegle2019,optimal,optimal
0.3600593198660034,grey,,RS,siegle_survey_2019,Siegle2019,optimal,optimal
7.401866518245385,grey,,RS,siegle_survey_2019,Siegle2019,optimal,optimal
1.0309345526163365,grey,,RS,siegle_survey_2019,Siegle2019,optimal,optimal
0.3028734278872852,grey,,RS,siegle_survey_2019,Siegle2019,optimal,optimal
2.1132305082135585,grey,,RS,siegle_survey_2019,Siegle2019,optimal,optimal
0.4876685788185135,grey,,FS,siegle_survey_2019,Siegle2019,optimal,optimal
0.3531758328685651,grey,,RS,siegle_survey_2019,Siegle2019,optimal,optimal
11.650036993664424,grey,,RS,siegle_survey_2019,Siegle2019,optimal,optimal
0.2769279768969409,grey,,RS,siegle_survey_2019,Siegle2019,optimal,optimal
1.1257148735810636,VISal,,RS,siegle_survey_2019,Siegle2019,optimal,optimal
1.2437931505371207,VISal,,RS,siegle_survey_2019,Siegle2019,optimal,optimal
0.5003765548137842,VISal,,RS,siegle_survey_2019,Siegle2019,optimal,optimal
9.20904660457284,VISal,,RS,siegle_survey_2019,Siegle2019,optimal,optimal
0.4903160738175282,VISal,,RS,siegle_survey_2019,Siegle2019,optimal,optimal
4.2365214974233725,VISal,,RS,siegle_survey_2019,Siegle2019,optimal,optimal
0.4246581978419629,VISal,,RS,siegle_survey_2019,Siegle2019,optimal,optimal
1.4889511874458847,VISal,,RS,siegle_survey_2019,Siegle2019,optimal,optimal
0.2308615639140845,VISal,,RS,siegle_survey_2019,Siegle2019,optimal,optimal
0.285929459893591,VISal,,RS,siegle_survey_2019,Siegle2019,optimal,optimal
0.5575624467925023,VISal,,RS,siegle_survey_2019,Siegle2019,optimal,optimal
0.8101334696985077,VISal,,RS,siegle_survey_2019,Siegle2019,optimal,optimal
0.1429647299467955,VISal,,RS,siegle_survey_2019,Siegle2019,optimal,optimal
0.1466712229454161,VISal,,RS,siegle_survey_2019,Siegle2019,optimal,optimal
0.1726166739357604,VISal,,RS,siegle_survey_2019,Siegle2019,optimal,optimal
12.936187796199455,MGd,,RS,siegle_survey_2019,Siegle2019,optimal,optimal
2.208539940974497,MGd,,FS,siegle_survey_2019,Siegle2019,optimal,optimal
3.705962849887437,MGd,,FS,siegle_survey_2019,Siegle2019,optimal,optimal
5.291812076264473,MGd,,FS,siegle_survey_2019,Siegle2019,optimal,optimal
12.66243686129564,MGd,,FS,siegle_survey_2019,Siegle2019,optimal,optimal
8.592708262319379,SGN,,FS,siegle_survey_2019,Siegle2019,optimal,optimal
6.824711411944446,SGN,,FS,siegle_survey_2019,Siegle2019,optimal,optimal
4.9042188763619725,SGN,,RS,siegle_survey_2019,Siegle2019,optimal,optimal
4.080848076022644,LP,,FS,siegle_survey_2019,Siegle2019,optimal,optimal
0.1795001294630434,ProS,,RS,siegle_survey_2019,Siegle2019,optimal,optimal
8.60065074592394,ProS,,RS,siegle_survey_2019,Siegle2019,optimal,optimal
22.254309561068595,ProS,,FS,siegle_survey_2019,Siegle2019,optimal,optimal
0.802190844060504,ProS,,RS,siegle_survey_2019,Siegle2019,optimal,optimal
4.206339316974683,VISp,L6a,RS,siegle_survey_2019,Siegle2019,optimal,optimal
1.817769747630172,VISp,L6a,RS,siegle_survey_2019,Siegle2019,optimal,optimal
1.8839571110015003,VISp,L5,FS,siegle_survey_2019,Siegle2019,optimal,optimal
0.8683782074318328,VISp,L4,RS,siegle_survey_2019,Siegle2019,optimal,optimal
8.638774667225825,VISp,L4,RS,siegle_survey_2019,Siegle2019,optimal,optimal
8.928410569338759,VISp,L4,FS,siegle_survey_2019,Siegle2019,optimal,optimal
0.4357776004368283,VISp,L4,RS,siegle_survey_2019,Siegle2019,optimal,optimal
0.1906196065094267,VISp,L4,RS,siegle_survey_2019,Siegle2019,optimal,optimal
0.3791212173909709,VISp,L4,RS,siegle_survey_2019,Siegle2019,optimal,optimal
0.2446284950204309,VISp,L4,FS,siegle_survey_2019,Siegle2019,optimal,optimal
1.1294211685683533,VISp,L4,RS,siegle_survey_2019,Siegle2019,optimal,optimal
0.0407714158367384,VISp,L3,RS,siegle_survey_2019,Siegle2019,optimal,optimal
0.8588472271063614,VISp,L3,RS,siegle_survey_2019,Siegle2019,optimal,optimal
5.648694339562678,VPM,,RS,siegle_survey_2019,Siegle2019,optimal,optimal
6.814121433805034,VPM,,RS,siegle_survey_2019,Siegle2019,optimal,optimal
0.9615700150586636,VPM,,RS,siegle_survey_2019,Siegle2019,optimal,optimal
4.304826113671219,VPM,,FS,siegle_survey_2019,Siegle2019,optimal,optimal
5.702173729166711,LP,,RS,siegle_survey_2019,Siegle2019,optimal,optimal
6.200432200626074,LGd,,RS,siegle_survey_2019,Siegle2019,optimal,optimal
2.3477981535077723,CA1,,RS,siegle_survey_2019,Siegle2019,optimal,optimal
0.4686065326690073,VISal,L5,RS,siegle_survey_2019,Siegle2019,optimal,optimal
1.8971945836757664,VISal,L5,RS,siegle_survey_2019,Siegle2019,optimal,optimal
0.6179252244347249,VISal,L5,RS,siegle_survey_2019,Siegle2019,optimal,optimal
5.267455126543824,VISal,L5,RS,siegle_survey_2019,Siegle2019,optimal,optimal
9.421903550635385,VISal,L5,RS,siegle_survey_2019,Siegle2019,optimal,optimal
0.4077141583673849,VISal,L4,RS,siegle_survey_2019,Siegle2019,optimal,optimal
0.1164897595335385,VISal,L4,RS,siegle_survey_2019,Siegle2019,optimal,optimal
0.3780622195770296,VISal,L4,RS,siegle_survey_2019,Siegle2019,optimal,optimal
9.050724816848971,VISal,L4,FS,siegle_survey_2019,Siegle2019,optimal,optimal
0.281693418508375,VISal,L4,RS,siegle_survey_2019,Siegle2019,optimal,optimal
0.0608923743016224,VISal,L3,RS,siegle_survey_2019,Siegle2019,optimal,optimal
0.5713293206213095,DG,,RS,siegle_survey_2019,Siegle2019,optimal,optimal
8.813509306526132,CA1,,FS,siegle_survey_2019,Siegle2019,optimal,optimal
3.7975661607933566,CA1,,RS,siegle_survey_2019,Siegle2019,optimal,optimal
0.7698914107352957,CA1,,RS,siegle_survey_2019,Siegle2019,optimal,optimal
0.5231449200869822,VISli,L6a,RS,siegle_survey_2019,Siegle2019,optimal,optimal
0.0439484092785622,VISli,L6a,RS,siegle_survey_2019,Siegle2019,optimal,optimal
0.1879721119745735,VISli,L6a,RS,siegle_survey_2019,Siegle2019,optimal,optimal
1.1357751554520008,VISli,L6a,RS,siegle_survey_2019,Siegle2019,optimal,optimal
0.3711787337864114,VISli,L5,RS,siegle_survey_2019,Siegle2019,optimal,optimal
3.973889296814576,VISli,L5,FS,siegle_survey_2019,Siegle2019,optimal,optimal
0.5257924146218353,VISli,L5,RS,siegle_survey_2019,Siegle2019,optimal,optimal
0.7349444828752341,VISli,L5,RS,siegle_survey_2019,Siegle2019,optimal,optimal
0.6068057473883417,VISli,L5,RS,siegle_survey_2019,Siegle2019,optimal,optimal
0.3791212173909709,VISli,L5,RS,siegle_survey_2019,Siegle2019,optimal,optimal
1.0759417789643195,VISli,L4,RS,siegle_survey_2019,Siegle2019,optimal,optimal
0.4040076660185905,VISli,L3,RS,siegle_survey_2019,Siegle2019,optimal,optimal
0.3219353354381429,VISli,L4,RS,siegle_survey_2019,Siegle2019,optimal,optimal
3.4073254663560024,DG,,RS,siegle_survey_2019,Siegle2019,optimal,optimal
17.671496521237795,CA1,,FS,siegle_survey_2019,Siegle2019,optimal,optimal
1.5604332788424458,VISrl,L6a,RS,siegle_survey_2019,Siegle2019,optimal,optimal
0.6216317167835193,VISrl,L4,RS,siegle_survey_2019,Siegle2019,optimal,optimal
1.106652715568616,VISrl,L4,RS,siegle_survey_2019,Siegle2019,optimal,optimal
0.8959121505943055,VISrl,L3,FS,siegle_survey_2019,Siegle2019,optimal,optimal
0.802190844060504,VISrl,L4,RS,siegle_survey_2019,Siegle2019,optimal,optimal
0.2658084512992561,VISrl,L4,RS,siegle_survey_2019,Siegle2019,optimal,optimal
38.26741550567438,MRN,,FS,siegle_survey_2019,Siegle2019,optimal,optimal
2.20271545299782,MB,,FS,siegle_survey_2019,Siegle2019,optimal,optimal
0.2149765562300756,MB,,FS,siegle_survey_2019,Siegle2019,optimal,optimal
1.414291580518552,MB,,FS,siegle_survey_2019,Siegle2019,optimal,optimal
1.6282091389346864,MB,,FS,siegle_survey_2019,Siegle2019,optimal,optimal
0.2462169917413428,MB,,FS,siegle_survey_2019,Siegle2019,optimal,optimal
0.481844005343273,MB,,FS,siegle_survey_2019,Siegle2019,optimal,optimal
8.154812666254669,OP,,FS,siegle_survey_2019,Siegle2019,optimal,optimal
12.639138909388931,NOT,,FS,siegle_survey_2019,Siegle2019,optimal,optimal
0.2647494534853148,CA1,,RS,siegle_survey_2019,Siegle2019,optimal,optimal
1.4990114056338528,CA1,,RS,siegle_survey_2019,Siegle2019,optimal,optimal
1.1564256128238553,CA1,,RS,siegle_survey_2019,Siegle2019,optimal,optimal
6.3820503257170005,VISam,L6a,RS,siegle_survey_2019,Siegle2019,optimal,optimal
2.3117922278337693,VISam,L6a,FS,siegle_survey_2019,Siegle2019,optimal,optimal
0.3584707600191163,VISam,L5,RS,siegle_survey_2019,Siegle2019,optimal,optimal
0.6062762484813711,VISam,L5,RS,siegle_survey_2019,Siegle2019,optimal,optimal
3.3183696499849367,VISam,L5,RS,siegle_survey_2019,Siegle2019,optimal,optimal
3.9278228919081313,VISam,L5,RS,siegle_survey_2019,Siegle2019,optimal,optimal
0.5273808977421752,LP,,RS,siegle_survey_2019,Siegle2019,optimal,optimal
1.332748748845075,VISam,L4,RS,siegle_survey_2019,Siegle2019,optimal,optimal
0.0407714158367384,VISam,L3,RS,siegle_survey_2019,Siegle2019,optimal,optimal
0.2366860053120003,DG,,RS,siegle_survey_2019,Siegle2019,optimal,optimal
0.0889558163710658,VISam,L3,RS,siegle_survey_2019,Siegle2019,optimal,optimal
3.5841781012841927,VISam,L3,FS,siegle_survey_2019,Siegle2019,optimal,optimal
0.138199211155329,DG,,RS,siegle_survey_2019,Siegle2019,optimal,optimal
1.12730273552499,CA3,,RS,siegle_survey_2019,Siegle2019,optimal,optimal
0.3521167640547656,DG,,RS,siegle_survey_2019,Siegle2019,optimal,optimal
0.2197420407259063,DG,,RS,siegle_survey_2019,Siegle2019,optimal,optimal
0.2562774643646715,DG,,RS,siegle_survey_2019,Siegle2019,optimal,optimal
0.2276845299973708,VISam,L3,RS,siegle_survey_2019,Siegle2019,optimal,optimal
0.2239780318724298,VISpm,L6a,RS,siegle_survey_2019,Siegle2019,optimal,optimal
8.044147187248118,VISpm,L6a,RS,siegle_survey_2019,Siegle2019,optimal,optimal
11.525072911903802,VISpm,L5,RS,siegle_survey_2019,Siegle2019,optimal,optimal
1.3931115883129148,VISpm,L5,RS,siegle_survey_2019,Siegle2019,optimal,optimal
0.5596803302344169,VISpm,L4,RS,siegle_survey_2019,Siegle2019,optimal,optimal
0.3134633448427387,VISpm,L3,RS,siegle_survey_2019,Siegle2019,optimal,optimal
0.2255665285523761,VISpm,L3,RS,siegle_survey_2019,Siegle2019,optimal,optimal
0.4617228677208977,VISl,L5,RS,siegle_survey_2019,Siegle2019,optimal,optimal
1.842125982569958,VISl,L5,RS,siegle_survey_2019,Siegle2019,optimal,optimal
1.2909178342930605,VISl,L5,RS,siegle_survey_2019,Siegle2019,optimal,optimal
1.87760307569654,TH,,FS,siegle_survey_2019,Siegle2019,optimal,optimal
1.7102814254088614,PP,,FS,siegle_survey_2019,Siegle2019,optimal,optimal
8.200878859669489,CA3,,FS,siegle_survey_2019,Siegle2019,optimal,optimal
1.3872865979687523,LP,,RS,siegle_survey_2019,Siegle2019,optimal,optimal
3.263829996137172,LP,,RS,siegle_survey_2019,Siegle2019,optimal,optimal
0.2949308835766984,CA3,,RS,siegle_survey_2019,Siegle2019,optimal,optimal
6.0516428517021295,CA3,,RS,siegle_survey_2019,Siegle2019,optimal,optimal
5.718588528750346,SUB,,FS,siegle_survey_2019,Siegle2019,optimal,optimal
5.41306764161248,VISp,L6a,RS,siegle_survey_2019,Siegle2019,optimal,optimal
14.318180778327603,VISp,L6a,FS,siegle_survey_2019,Siegle2019,optimal,optimal
0.5083189375828195,CA1,,RS,siegle_survey_2019,Siegle2019,optimal,optimal
0.8058973156260951,CA1,,RS,siegle_survey_2019,Siegle2019,optimal,optimal
0.1826771335573027,VISp,L5,RS,siegle_survey_2019,Siegle2019,optimal,optimal
0.8890283198433341,ProS,,RS,siegle_survey_2019,Siegle2019,optimal,optimal
0.9207982419342216,ProS,,RS,siegle_survey_2019,Siegle2019,optimal,optimal
18.7119546128312,ProS,,RS,siegle_survey_2019,Siegle2019,optimal,optimal
4.269879434800258,VISp,L5,FS,siegle_survey_2019,Siegle2019,optimal,optimal
8.13998717152584,VISp,L5,RS,siegle_survey_2019,Siegle2019,optimal,optimal
0.5776833411913544,VISp,L5,RS,siegle_survey_2019,Siegle2019,optimal,optimal
0.1959146070034841,VISp,L4,RS,siegle_survey_2019,Siegle2019,optimal,optimal
6.602321700750184,VISal,L6a,RS,siegle_survey_2019,Siegle2019,optimal,optimal
1.252794381584324,VISal,L6a,RS,siegle_survey_2019,Siegle2019,optimal,optimal
0.919739244531192,VISp,L6a,RS,siegle_survey_2019,Siegle2019,optimal,optimal
0.281163810504354,VISp,L6a,FS,siegle_survey_2019,Siegle2019,optimal,optimal
0.2504528858164961,VISp,L6a,RS,siegle_survey_2019,Siegle2019,optimal,optimal
0.914444257516044,VISp,L5,RS,siegle_survey_2019,Siegle2019,optimal,optimal
0.8074855198100563,VISp,L5,RS,siegle_survey_2019,Siegle2019,optimal,optimal
4.013601611331012,VISal,L5,RS,siegle_survey_2019,Siegle2019,optimal,optimal
1.1564255830009145,VISal,L4,RS,siegle_survey_2019,Siegle2019,optimal,optimal
0.2631609499777722,VISal,L5,RS,siegle_survey_2019,Siegle2019,optimal,optimal
21.02639343715235,VISp,L5,FS,siegle_survey_2019,Siegle2019,optimal,optimal
6.888778106707432,VISp,L5,RS,siegle_survey_2019,Siegle2019,optimal,optimal
4.482736007024221,VISp,L5,RS,siegle_survey_2019,Siegle2019,optimal,optimal
2.7205643283829963,VISp,L5,RS,siegle_survey_2019,Siegle2019,optimal,optimal
6.076527098583742,VISp,L5,FS,siegle_survey_2019,Siegle2019,optimal,optimal
4.706713957764977,VISp,L5,FS,siegle_survey_2019,Siegle2019,optimal,optimal
1.6006745746792133,VISp,L4,RS,siegle_survey_2019,Siegle2019,optimal,optimal
1.667392015050311,TH,,FS,siegle_survey_2019,Siegle2019,optimal,optimal
0.3134632312967563,VISp,L3,RS,siegle_survey_2019,Siegle2019,optimal,optimal
0.4834323144830042,VISp,L3,RS,siegle_survey_2019,Siegle2019,optimal,optimal
0.4336594365406138,VISp,L3,RS,siegle_survey_2019,Siegle2019,optimal,optimal
41.8192966122383,CA1,,FS,siegle_survey_2019,Siegle2019,optimal,optimal
1.55831467855803,APN,,RS,siegle_survey_2019,Siegle2019,optimal,optimal
7.056099696386105,APN,,RS,siegle_survey_2019,Siegle2019,optimal,optimal
5.049301446656007,CA2,,FS,siegle_survey_2019,Siegle2019,optimal,optimal
1.43123499019448,APN,,FS,siegle_survey_2019,Siegle2019,optimal,optimal
18.54728723505313,CA1,,FS,siegle_survey_2019,Siegle2019,optimal,optimal
0.8191344912433817,APN,,FS,siegle_survey_2019,Siegle2019,optimal,optimal
2.490763003633484,VIS,L5,RS,siegle_survey_2019,Siegle2019,optimal,optimal
1.2872118096498273,VISl,L6a,RS,siegle_survey_2019,Siegle2019,optimal,optimal
9.425081093681126,VIS,L5,RS,siegle_survey_2019,Siegle2019,optimal,optimal
16.036403482951325,VISl,L6a,FS,siegle_survey_2019,Siegle2019,optimal,optimal
0.916033085435706,VISl,L5,RS,siegle_survey_2019,Siegle2019,optimal,optimal
0.6682273613116663,CA1,,RS,siegle_survey_2019,Siegle2019,optimal,optimal
2.147118192970616,VIS,L5,RS,siegle_survey_2019,Siegle2019,optimal,optimal
13.895104925151148,CA1,,FS,siegle_survey_2019,Siegle2019,optimal,optimal
1.398406070700563,CA1,,RS,siegle_survey_2019,Siegle2019,optimal,optimal
1.7600536838351657,VISpm,L6b,FS,siegle_survey_2019,Siegle2019,optimal,optimal
2.812168622398286,VISl,L5,RS,siegle_survey_2019,Siegle2019,optimal,optimal
1.9474969296141773,VISl,L5,RS,siegle_survey_2019,Siegle2019,optimal,optimal
8.701252161992562,VISpm,L5,FS,siegle_survey_2019,Siegle2019,optimal,optimal
1.976618652754715,VISpm,L5,RS,siegle_survey_2019,Siegle2019,optimal,optimal
0.1122537748236179,VIS,L5,RS,siegle_survey_2019,Siegle2019,optimal,optimal
0.3796505689861051,DG,,FS,siegle_survey_2019,Siegle2019,optimal,optimal
13.074916172638083,LGd,,FS,siegle_survey_2019,Siegle2019,optimal,optimal
18.95500138290601,LGd,,FS,siegle_survey_2019,Siegle2019,optimal,optimal
8.205644349709328,LGd,,FS,siegle_survey_2019,Siegle2019,optimal,optimal
8.273420208053702,LGd,,FS,siegle_survey_2019,Siegle2019,optimal,optimal
1.3946995797899595,CA1,,RS,siegle_survey_2019,Siegle2019,optimal,optimal
2.3181453152317557,CA1,,RS,siegle_survey_2019,Siegle2019,optimal,optimal
4.064963345853371,VISmmp,L5,RS,siegle_survey_2019,Siegle2019,optimal,optimal
4.464205169542449,DG,,RS,siegle_survey_2019,Siegle2019,optimal,optimal
5.514201474986961,DG,,FS,siegle_survey_2019,Siegle2019,optimal,optimal
1.04205382204478,CA1,,RS,siegle_survey_2019,Siegle2019,optimal,optimal
4.473734529098469,VISam,L5,RS,siegle_survey_2019,Siegle2019,optimal,optimal
3.6953727764484343,CA1,,FS,siegle_survey_2019,Siegle2019,optimal,optimal
1.304155774235921,CA1,,RS,siegle_survey_2019,Siegle2019,optimal,optimal
6.200961539617083,CA1,,RS,siegle_survey_2019,Siegle2019,optimal,optimal
5.714879485449139,VISam,L5,RS,siegle_survey_2019,Siegle2019,optimal,optimal
0.3102862390876675,VISam,L5,RS,siegle_survey_2019,Siegle2019,optimal,optimal
3.4925734351915616,VISam,L4,RS,siegle_survey_2019,Siegle2019,optimal,optimal
3.514812380655183,VISam,L4,RS,siegle_survey_2019,Siegle2019,optimal,optimal
2.58501266079521,VISam,L3,RS,siegle_survey_2019,Siegle2019,optimal,optimal
2.120642299566738,VISam,L3,RS,siegle_survey_2019,Siegle2019,optimal,optimal
4.470029657368919,VISp,L6b,FS,siegle_survey_2019,Siegle2019,optimal,optimal
0.8111923045592495,VISp,L6a,RS,siegle_survey_2019,Siegle2019,optimal,optimal
1.613912042217083,VISam,L3,FS,siegle_survey_2019,Siegle2019,optimal,optimal
2.9376587960040608,VISam,L3,FS,siegle_survey_2019,Siegle2019,optimal,optimal
1.5980270811716393,VISam,L3,RS,siegle_survey_2019,Siegle2019,optimal,optimal
1.30521429923396,VISam,L1,FS,siegle_survey_2019,Siegle2019,optimal,optimal
4.92592820451351,VISp,L4,RS,siegle_survey_2019,Siegle2019,optimal,optimal
0.2038570000831945,VISam,L2,RS,siegle_survey_2019,Siegle2019,optimal,optimal
1.1161832627931796,grey,,RS,siegle_survey_2019,Siegle2019,optimal,optimal
15.532320536515028,VISp,L3,FS,siegle_survey_2019,Siegle2019,optimal,optimal
0.5739768003539337,VISp,L3,RS,siegle_survey_2019,Siegle2019,optimal,optimal
0.1424352023018525,VISp,L3,RS,siegle_survey_2019,Siegle2019,optimal,optimal
0.3653542363876515,VISp,L3,RS,siegle_survey_2019,Siegle2019,optimal,optimal
0.4130091715208583,VIS,L6a,RS,siegle_survey_2019,Siegle2019,optimal,optimal
0.1906196176250115,VIS,L5,RS,siegle_survey_2019,Siegle2019,optimal,optimal
0.1678511632975796,VIS,L5,RS,siegle_survey_2019,Siegle2019,optimal,optimal
4.616171740152363,VIS,L5,RS,siegle_survey_2019,Siegle2019,optimal,optimal
5.787952889608336,VIS,L5,FS,siegle_survey_2019,Siegle2019,optimal,optimal
0.2366860252177226,VIS,L5,RS,siegle_survey_2019,Siegle2019,optimal,optimal
0.0873673247447969,VIS,L5,RS,siegle_survey_2019,Siegle2019,optimal,optimal
0.5707998549993402,VIS,L5,RS,siegle_survey_2019,Siegle2019,optimal,optimal
3.5042239706731286,VIS,L5,RS,siegle_survey_2019,Siegle2019,optimal,optimal
0.227155044336472,VIS,L5,RS,siegle_survey_2019,Siegle2019,optimal,optimal
16.610381680268368,VIS,L5,RS,siegle_survey_2019,Siegle2019,optimal,optimal
26.333558922435103,VISrl,,FS,siegle_survey_2019,Siegle2019,optimal,optimal
11.00668950838796,VISrl,,RS,siegle_survey_2019,Siegle2019,optimal,optimal
3.0991572832199794,VIS,L4,RS,siegle_survey_2019,Siegle2019,optimal,optimal
0.8397853154257453,VIS,L4,RS,siegle_survey_2019,Siegle2019,optimal,optimal
3.6546016994609305,CA1,,RS,siegle_survey_2019,Siegle2019,optimal,optimal
6.050581662209517,VISrl,,RS,siegle_survey_2019,Siegle2019,optimal,optimal
2.5881896530042985,VISrl,,RS,siegle_survey_2019,Siegle2019,optimal,optimal
0.9001477925751448,VISrl,,RS,siegle_survey_2019,Siegle2019,optimal,optimal
0.8069560211085415,VISrl,,RS,siegle_survey_2019,Siegle2019,optimal,optimal
3.8431033229045832,CA1,,RS,siegle_survey_2019,Siegle2019,optimal,optimal
0.4500740971701661,VIS,L3,RS,siegle_survey_2019,Siegle2019,optimal,optimal
0.8503749146327544,VISrl,,RS,siegle_survey_2019,Siegle2019,optimal,optimal
1.0187555017144578,VISrl,,RS,siegle_survey_2019,Siegle2019,optimal,optimal
0.2970489041323096,VIS,L3,RS,siegle_survey_2019,Siegle2019,optimal,optimal
5.487726530321189,CA1,,RS,siegle_survey_2019,Siegle2019,optimal,optimal
1.031993438459773,VISam,L6a,RS,siegle_survey_2019,Siegle2019,optimal,optimal
0.4728423404527084,VISrl,,RS,siegle_survey_2019,Siegle2019,optimal,optimal
0.3648247712153841,VISam,L5,RS,siegle_survey_2019,Siegle2019,optimal,optimal
2.103169604248916,VISam,L6a,FS,siegle_survey_2019,Siegle2019,optimal,optimal
1.1331277364309464,VISam,L5,RS,siegle_survey_2019,Siegle2019,optimal,optimal
0.1477301912350069,VISam,L5,RS,siegle_survey_2019,Siegle2019,optimal,optimal
0.3176993359892622,VISam,L5,RS,siegle_survey_2019,Siegle2019,optimal,optimal
5.9933985274120944,VISam,L5,FS,siegle_survey_2019,Siegle2019,optimal,optimal
0.491375018414915,VISam,L5,RS,siegle_survey_2019,Siegle2019,optimal,optimal
4.108911791917824,VISam,L4,RS,siegle_survey_2019,Siegle2019,optimal,optimal
14.176798234357015,MGv,,FS,siegle_survey_2019,Siegle2019,optimal,optimal
6.540899829125593,VISam,L5,RS,siegle_survey_2019,Siegle2019,optimal,optimal
0.4331301347665954,VISam,L4,RS,siegle_survey_2019,Siegle2019,optimal,optimal
1.190313622194751,VISam,L3,RS,siegle_survey_2019,Siegle2019,optimal,optimal
0.037594421425396,VISam,L4,RS,siegle_survey_2019,Siegle2019,optimal,optimal
3.540228318327893,MGv,,RS,siegle_survey_2019,Siegle2019,optimal,optimal
4.706675944122668,grey,,RS,siegle_survey_2019,Siegle2019,optimal,optimal
1.4561219566174517,VISam,L4,RS,siegle_survey_2019,Siegle2019,optimal,optimal
3.265947990943231,MGv,,RS,siegle_survey_2019,Siegle2019,optimal,optimal
0.1122537748236179,CA1,,RS,siegle_survey_2019,Siegle2019,optimal,optimal
0.1869131093403492,VISam,L3,RS,siegle_survey_2019,Siegle2019,optimal,optimal
3.655660666897444,VISrl,L6a,FS,siegle_survey_2019,Siegle2019,optimal,optimal
0.9928105167327216,VISam,L3,RS,siegle_survey_2019,Siegle2019,optimal,optimal
5.246230763231791,grey,,FS,siegle_survey_2019,Siegle2019,optimal,optimal
0.1254912482697992,VISrl,L5,RS,siegle_survey_2019,Siegle2019,optimal,optimal
4.761252324021001,TH,,FS,siegle_survey_2019,Siegle2019,optimal,optimal
0.6729931500038602,VISrl,L5,RS,siegle_survey_2019,Siegle2019,optimal,optimal
33.896400365369644,grey,,FS,siegle_survey_2019,Siegle2019,optimal,optimal
2.4844079075073995,LGd,,RS,siegle_survey_2019,Siegle2019,optimal,optimal
3.486221006786322,VISrl,L5,RS,siegle_survey_2019,Siegle2019,optimal,optimal
0.5162612339769213,LGd,,FS,siegle_survey_2019,Siegle2019,optimal,optimal
4.000893974373853,VISrl,L4,RS,siegle_survey_2019,Siegle2019,optimal,optimal
0.2260960464607775,VISrl,L4,RS,siegle_survey_2019,Siegle2019,optimal,optimal
16.374754652926338,VISrl,L4,FS,siegle_survey_2019,Siegle2019,optimal,optimal
0.6295742371003853,VISrl,L4,RS,siegle_survey_2019,Siegle2019,optimal,optimal
0.7026450905233064,VISrl,L3,RS,siegle_survey_2019,Siegle2019,optimal,optimal
5.732355501134375,VISrl,L3,FS,siegle_survey_2019,Siegle2019,optimal,optimal
1.0092249755368667,VISrl,L3,RS,siegle_survey_2019,Siegle2019,optimal,optimal
5.767829355600619,LGd,,FS,siegle_survey_2019,Siegle2019,optimal,optimal
0.8143692789605491,grey,,FS,siegle_survey_2019,Siegle2019,optimal,optimal
0.4034747518755172,grey,,RS,siegle_survey_2019,Siegle2019,optimal,optimal
0.8720847578980228,DG,,RS,siegle_survey_2019,Siegle2019,optimal,optimal
0.1323736062583718,grey,,RS,siegle_survey_2019,Siegle2019,optimal,optimal
6.215788083160224,DG,,RS,siegle_survey_2019,Siegle2019,optimal,optimal
17.728002844546186,grey,,RS,siegle_survey_2019,Siegle2019,optimal,optimal
0.2981053612938533,grey,,FS,siegle_survey_2019,Siegle2019,optimal,optimal
0.2112699819044016,LGd,,FS,siegle_survey_2019,Siegle2019,optimal,optimal
4.903118375810092,grey,,RS,siegle_survey_2019,Siegle2019,optimal,optimal
9.95669358328413,LGd,,FS,siegle_survey_2019,Siegle2019,optimal,optimal
0.245685413215538,grey,,FS,siegle_survey_2019,Siegle2019,optimal,optimal
5.922924638424588,grey,,RS,siegle_survey_2019,Siegle2019,optimal,optimal
3.8970789682464657,grey,,FS,siegle_survey_2019,Siegle2019,optimal,optimal
0.2229171529390981,grey,,FS,siegle_survey_2019,Siegle2019,optimal,optimal
0.3965913243500819,grey,,RS,siegle_survey_2019,Siegle2019,optimal,optimal
0.681459325018098,VISrl,,RS,siegle_survey_2019,Siegle2019,optimal,optimal
5.453307126900833,VISal,L6a,RS,siegle_survey_2019,Siegle2019,optimal,optimal
0.9181507484266476,VISal,L6a,RS,siegle_survey_2019,Siegle2019,optimal,optimal
1.0584593556419408,VISrl,,RS,siegle_survey_2019,Siegle2019,optimal,optimal
0.038123919431183,grey,,RS,siegle_survey_2019,Siegle2019,optimal,optimal
6.996739332392499,VISrl,,RS,siegle_survey_2019,Siegle2019,optimal,optimal
2.36419260777452,VISrl,,RS,siegle_survey_2019,Siegle2019,optimal,optimal
0.565504804895882,VISam,,RS,siegle_survey_2019,Siegle2019,optimal,optimal
21.99220652298273,VISam,,FS,siegle_survey_2019,Siegle2019,optimal,optimal
2.415573895070237,VISam,,RS,siegle_survey_2019,Siegle2019,optimal,optimal
5.858373633559648,VISal,L5,RS,siegle_survey_2019,Siegle2019,optimal,optimal
0.0471250038279803,VISrl,,RS,siegle_survey_2019,Siegle2019,optimal,optimal
14.111674677228605,VISam,,FS,siegle_survey_2019,Siegle2019,optimal,optimal
0.6782880665464651,VISam,,RS,siegle_survey_2019,Siegle2019,optimal,optimal
0.4945520079493355,APN,,FS,siegle_survey_2019,Siegle2019,optimal,optimal
0.1694396615223845,VISrl,L3,RS,siegle_survey_2019,Siegle2019,optimal,optimal
6.278268906054894,CA1,,FS,siegle_survey_2019,Siegle2019,optimal,optimal
0.2631609721100854,CA1,,RS,siegle_survey_2019,Siegle2019,optimal,optimal
0.3277570490957285,grey,,FS,siegle_survey_2019,Siegle2019,optimal,optimal
6.772820914004229,CA1,,RS,siegle_survey_2019,Siegle2019,optimal,optimal
9.429317085183904,CA1,,RS,siegle_survey_2019,Siegle2019,optimal,optimal
0.2276845451707041,CA3,,RS,siegle_survey_2019,Siegle2019,optimal,optimal
0.4341891290347485,CA1,,RS,siegle_survey_2019,Siegle2019,optimal,optimal
1.6959851120506173,DG,,RS,siegle_survey_2019,Siegle2019,optimal,optimal
9.822121584371189,grey,,RS,siegle_survey_2019,Siegle2019,optimal,optimal
0.4458381056673881,VISam,L5,RS,siegle_survey_2019,Siegle2019,optimal,optimal
14.76613687974638,VISam,L5,RS,siegle_survey_2019,Siegle2019,optimal,optimal
1.9829735222379672,VISam,L5,RS,siegle_survey_2019,Siegle2019,optimal,optimal
0.8239003472903277,VISam,L5,RS,siegle_survey_2019,Siegle2019,optimal,optimal
18.94954648309844,grey,,RS,siegle_survey_2019,Siegle2019,optimal,optimal
13.48369045228033,VISam,L4,RS,siegle_survey_2019,Siegle2019,optimal,optimal
2.648024210229515,CA1,,RS,siegle_survey_2019,Siegle2019,optimal,optimal
3.3040733721668665,VISam,L4,RS,siegle_survey_2019,Siegle2019,optimal,optimal
3.2749509305852675,VISam,L4,RS,siegle_survey_2019,Siegle2019,optimal,optimal
0.2716329551156414,VISam,L3,RS,siegle_survey_2019,Siegle2019,optimal,optimal
0.804308893289069,VISl,L4,RS,siegle_survey_2019,Siegle2019,optimal,optimal
0.168910162580127,DG,,RS,siegle_survey_2019,Siegle2019,optimal,optimal
0.5559738250380861,grey,,RS,siegle_survey_2019,Siegle2019,optimal,optimal
0.979572929829009,grey,,RS,siegle_survey_2019,Siegle2019,optimal,optimal
1.9993709489264475,VISpm,,RS,siegle_survey_2019,Siegle2019,optimal,optimal
0.2207991752389641,VISpm,,RS,siegle_survey_2019,Siegle2019,optimal,optimal
0.0894845578306593,VISpm,,RS,siegle_survey_2019,Siegle2019,optimal,optimal
0.1355505728085727,VISpm,,RS,siegle_survey_2019,Siegle2019,optimal,optimal
0.371708257464731,VPM,,FS,siegle_survey_2019,Siegle2019,optimal,optimal
1.3258651979955884,VIS,,RS,siegle_survey_2019,Siegle2019,optimal,optimal
4.950772874063105,grey,,FS,siegle_survey_2019,Siegle2019,optimal,optimal
8.407841975106743,grey,,FS,siegle_survey_2019,Siegle2019,optimal,optimal
6.8405384770076205,grey,,FS,siegle_survey_2019,Siegle2019,optimal,optimal
1.3936293266881383,grey,,FS,siegle_survey_2019,Siegle2019,optimal,optimal
1.28985927408836,VIS,,RS,siegle_survey_2019,Siegle2019,optimal,optimal
2.550045150961274,grey,,FS,siegle_survey_2019,Siegle2019,optimal,optimal
1.7515675580107757,grey,,FS,siegle_survey_2019,Siegle2019,optimal,optimal
1.9750142053749071,grey,,FS,siegle_survey_2019,Siegle2019,optimal,optimal
8.566160808191755,grey,,FS,siegle_survey_2019,Siegle2019,optimal,optimal
1.3878165670712608,VIS,,FS,siegle_survey_2019,Siegle2019,optimal,optimal
0.0487138970509561,VIS,,RS,siegle_survey_2019,Siegle2019,optimal,optimal
0.5798012746825756,VIS,,RS,siegle_survey_2019,Siegle2019,optimal,optimal
0.578207912136568,grey,,RS,siegle_survey_2019,Siegle2019,optimal,optimal
0.246744402065605,grey,,RS,siegle_survey_2019,Siegle2019,optimal,optimal
2.13864639802763,CA3,,RS,siegle_survey_2019,Siegle2019,optimal,optimal
0.1286682280802428,VIS,,RS,siegle_survey_2019,Siegle2019,optimal,optimal
26.21549471808565,CA3,,FS,siegle_survey_2019,Siegle2019,optimal,optimal
0.9827416528621522,grey,,RS,siegle_survey_2019,Siegle2019,optimal,optimal
6.03575844279269,CA3,,FS,siegle_survey_2019,Siegle2019,optimal,optimal
0.1143707958072332,grey,,RS,siegle_survey_2019,Siegle2019,optimal,optimal
0.1408467485001709,VPM,,RS,siegle_survey_2019,Siegle2019,optimal,optimal
0.3987093020502158,grey,,RS,siegle_survey_2019,Siegle2019,optimal,optimal
3.7753274582956298,VISal,L6a,RS,siegle_survey_2019,Siegle2019,optimal,optimal
6.329631697635504,LGd,,FS,siegle_survey_2019,Siegle2019,optimal,optimal
1.5530203976411054,VISal,L5,RS,siegle_survey_2019,Siegle2019,optimal,optimal
3.863753781652624,VISal,L5,RS,siegle_survey_2019,Siegle2019,optimal,optimal
0.2298025592334715,CA1,,RS,siegle_survey_2019,Siegle2019,optimal,optimal
14.399726787451693,LGd,,FS,siegle_survey_2019,Siegle2019,optimal,optimal
1.1235966254579228,grey,,RS,siegle_survey_2019,Siegle2019,optimal,optimal
1.3364551756153615,grey,,RS,siegle_survey_2019,Siegle2019,optimal,optimal
3.3141334961079822,grey,,RS,siegle_survey_2019,Siegle2019,optimal,optimal
5.403008352239642,LGd,,FS,siegle_survey_2019,Siegle2019,optimal,optimal
5.072069780990312,grey,,RS,siegle_survey_2019,Siegle2019,optimal,optimal
11.211081104417024,VISal,L4,RS,siegle_survey_2019,Siegle2019,optimal,optimal
1.9464378865142904,grey,,RS,siegle_survey_2019,Siegle2019,optimal,optimal
6.616089283506858,VISal,L4,RS,siegle_survey_2019,Siegle2019,optimal,optimal
4.991586926022894,VISl,L5,RS,siegle_survey_2019,Siegle2019,optimal,optimal
13.153815512185142,CA3,,FS,siegle_survey_2019,Siegle2019,optimal,optimal
15.790715628843625,grey,,FS,siegle_survey_2019,Siegle2019,optimal,optimal
0.1366095616586397,VISp,,RS,siegle_survey_2019,Siegle2019,optimal,optimal
0.3245828140460446,grey,,RS,siegle_survey_2019,Siegle2019,optimal,optimal
1.8495395912933668,grey,,RS,siegle_survey_2019,Siegle2019,optimal,optimal
0.5220858966548123,grey,,RS,siegle_survey_2019,Siegle2019,optimal,optimal
1.1834299990096406,grey,,RS,siegle_survey_2019,Siegle2019,optimal,optimal
3.010201138420495,grey,,RS,siegle_survey_2019,Siegle2019,optimal,optimal
14.755020653029192,VISal,L5,RS,siegle_survey_2019,Siegle2019,optimal,optimal
0.7974254070397221,PO,,RS,siegle_survey_2019,Siegle2019,optimal,optimal
3.671016166670912,PO,,RS,siegle_survey_2019,Siegle2019,optimal,optimal
1.4735953857914228,grey,,RS,siegle_survey_2019,Siegle2019,optimal,optimal
12.86311631585736,grey,,RS,siegle_survey_2019,Siegle2019,optimal,optimal
0.0492434016299429,LP,,RS,siegle_survey_2019,Siegle2019,optimal,optimal
2.012095980578316,LP,,RS,siegle_survey_2019,Siegle2019,optimal,optimal
0.7296494580023645,grey,,RS,siegle_survey_2019,Siegle2019,optimal,optimal
0.3124017107697574,VISp,,RS,siegle_survey_2019,Siegle2019,optimal,optimal
0.5633868745619285,LP,,RS,siegle_survey_2019,Siegle2019,optimal,optimal
2.817463545740625,grey,,RS,siegle_survey_2019,Siegle2019,optimal,optimal
0.2070323201880934,VISp,,RS,siegle_survey_2019,Siegle2019,optimal,optimal
6.65368293850342,grey,,RS,siegle_survey_2019,Siegle2019,optimal,optimal
1.300449251708133,grey,,RS,siegle_survey_2019,Siegle2019,optimal,optimal
0.5099031313072482,VISp,,RS,siegle_survey_2019,Siegle2019,optimal,optimal
5.30504928862532,grey,,FS,siegle_survey_2019,Siegle2019,optimal,optimal
4.599758286545058,CA3,,RS,siegle_survey_2019,Siegle2019,optimal,optimal
2.3165583634896545,grey,,RS,siegle_survey_2019,Siegle2019,optimal,optimal
0.1191372872651822,grey,,RS,siegle_survey_2019,Siegle2019,optimal,optimal
0.1773821251311989,VISp,,RS,siegle_survey_2019,Siegle2019,optimal,optimal
2.9588407166126145,grey,,FS,siegle_survey_2019,Siegle2019,optimal,optimal
1.5471957302488455,VISp,,RS,siegle_survey_2019,Siegle2019,optimal,optimal
0.8932570950314929,grey,,RS,siegle_survey_2019,Siegle2019,optimal,optimal
14.256757370619496,VISp,,FS,siegle_survey_2019,Siegle2019,optimal,optimal
2.272609197203301,VISp,,RS,siegle_survey_2019,Siegle2019,optimal,optimal
4.519802971109606,CA1,,RS,siegle_survey_2019,Siegle2019,optimal,optimal
9.49709192941249,VISp,,FS,siegle_survey_2019,Siegle2019,optimal,optimal
5.433719297401334,grey,,FS,siegle_survey_2019,Siegle2019,optimal,optimal
1.5890264522111706,LP,,FS,siegle_survey_2019,Siegle2019,optimal,optimal
1.086531703788717,VISp,,RS,siegle_survey_2019,Siegle2019,optimal,optimal
2.7729861813495167,LP,,FS,siegle_survey_2019,Siegle2019,optimal,optimal
1.155366558317242,VISp,,RS,siegle_survey_2019,Siegle2019,optimal,optimal
0.6634621746485868,CA1,,RS,siegle_survey_2019,Siegle2019,optimal,optimal
8.856399308198135,CA1,,FS,siegle_survey_2019,Siegle2019,optimal,optimal
0.3939472965568692,VISrl,,RS,siegle_survey_2019,Siegle2019,optimal,optimal
0.2488645556206029,VISrl,,RS,siegle_survey_2019,Siegle2019,optimal,optimal
8.679546661484146,CA1,L6b,RS,siegle_survey_2019,Siegle2019,optimal,optimal
0.4617231144045787,DG,,RS,siegle_survey_2019,Siegle2019,optimal,optimal
2.6808537129938563,VISrl,,FS,siegle_survey_2019,Siegle2019,optimal,optimal
26.42517115461974,VISp,,FS,siegle_survey_2019,Siegle2019,optimal,optimal
3.432212416938623,DG,,RS,siegle_survey_2019,Siegle2019,optimal,optimal
11.606617738243536,DG,,FS,siegle_survey_2019,Siegle2019,optimal,optimal
0.1080177717216853,VISp,,RS,siegle_survey_2019,Siegle2019,optimal,optimal
0.213917547919416,VISp,,RS,siegle_survey_2019,Siegle2019,optimal,optimal
7.2414275343129075,VISpm,L5,RS,siegle_survey_2019,Siegle2019,optimal,optimal
0.2155060445623819,VISp,,RS,siegle_survey_2019,Siegle2019,optimal,optimal
2.232897039499673,VISpm,L5,FS,siegle_survey_2019,Siegle2019,optimal,optimal
1.0023414976933558,VISpm,L5,RS,siegle_survey_2019,Siegle2019,optimal,optimal
2.3589177877569467,VISpm,L4,FS,siegle_survey_2019,Siegle2019,optimal,optimal
0.3145223717009262,VISpm,L4,RS,siegle_survey_2019,Siegle2019,optimal,optimal
0.0757183647952047,grey,,FS,siegle_survey_2019,Siegle2019,optimal,optimal
0.918151165874421,VISpm,L3,RS,siegle_survey_2019,Siegle2019,optimal,optimal
3.842541042468016,grey,,FS,siegle_survey_2019,Siegle2019,optimal,optimal
2.876767982293665,CA1,,RS,siegle_survey_2019,Siegle2019,optimal,optimal
25.490610608429844,CA1,,FS,siegle_survey_2019,Siegle2019,optimal,optimal
7.307616451319022,grey,,RS,siegle_survey_2019,Siegle2019,optimal,optimal
0.3404677804757042,grey,,RS,siegle_survey_2019,Siegle2019,optimal,optimal
1.16595691803525,grey,,RS,siegle_survey_2019,Siegle2019,optimal,optimal
4.428728797756247,CA1,,FS,siegle_survey_2019,Siegle2019,optimal,optimal
0.643341140401214,VISp,,RS,siegle_survey_2019,Siegle2019,optimal,optimal
0.139787731883955,VISrl,L6a,RS,siegle_survey_2019,Siegle2019,optimal,optimal
0.3044619563443546,grey,,RS,siegle_survey_2019,Siegle2019,optimal,optimal
14.477029418872974,VISal,L6b,FS,siegle_survey_2019,Siegle2019,optimal,optimal
7.235075080850889,grey,,RS,siegle_survey_2019,Siegle2019,optimal,optimal
4.804673402044116,LP,,FS,siegle_survey_2019,Siegle2019,optimal,optimal
0.4029486484323653,grey,,RS,siegle_survey_2019,Siegle2019,optimal,optimal
1.5530202179397208,VISp,,RS,siegle_survey_2019,Siegle2019,optimal,optimal
3.285541198257352,VISrl,L5,RS,siegle_survey_2019,Siegle2019,optimal,optimal
0.2102110800762082,LP,,RS,siegle_survey_2019,Siegle2019,optimal,optimal
2.333501568516996,VISp,,RS,siegle_survey_2019,Siegle2019,optimal,optimal
5.854671045738311,grey,,RS,siegle_survey_2019,Siegle2019,optimal,optimal
12.705328130892047,VISrl,L5,RS,siegle_survey_2019,Siegle2019,optimal,optimal
3.0763890994158283,VISrl,L5,RS,siegle_survey_2019,Siegle2019,optimal,optimal
7.473876970388502,VISal,L6a,RS,siegle_survey_2019,Siegle2019,optimal,optimal
1.1299506521295828,VISal,L5,RS,siegle_survey_2019,Siegle2019,optimal,optimal
1.88130959091678,VISal,L5,RS,siegle_survey_2019,Siegle2019,optimal,optimal
5.6211603200598175,VISal,L5,RS,siegle_survey_2019,Siegle2019,optimal,optimal
3.346433315067094,LP,,RS,siegle_survey_2019,Siegle2019,optimal,optimal
0.3727672254448108,VISal,L5,RS,siegle_survey_2019,Siegle2019,optimal,optimal
0.0916025355307932,VISmma,,RS,siegle_survey_2019,Siegle2019,optimal,optimal
0.2478054850968344,VISal,L5,RS,siegle_survey_2019,Siegle2019,optimal,optimal
0.2335090335355361,LP,,RS,siegle_survey_2019,Siegle2019,optimal,optimal
1.200903504700044,VISal,L5,RS,siegle_survey_2019,Siegle2019,optimal,optimal
0.286458950565226,VISrl,L4,RS,siegle_survey_2019,Siegle2019,optimal,optimal
6.958675099147428,LP,,RS,siegle_survey_2019,Siegle2019,optimal,optimal
0.8567293567736334,VISrl,L4,RS,siegle_survey_2019,Siegle2019,optimal,optimal
3.1055115435583187,VISrl,L4,RS,siegle_survey_2019,Siegle2019,optimal,optimal
3.5772948538913427,LP,,RS,siegle_survey_2019,Siegle2019,optimal,optimal
8.436508435538437,grey,,FS,siegle_survey_2019,Siegle2019,optimal,optimal
0.9742781313124138,VISrl,L4,RS,siegle_survey_2019,Siegle2019,optimal,optimal
1.8267712042394848,VISal,L5,RS,siegle_survey_2019,Siegle2019,optimal,optimal
0.4204221936206829,VISrl,L3,RS,siegle_survey_2019,Siegle2019,optimal,optimal
8.40526553510075,VISal,L5,FS,siegle_survey_2019,Siegle2019,optimal,optimal
2.9085376898201813,LP,,RS,siegle_survey_2019,Siegle2019,optimal,optimal
19.52898412850867,grey,,FS,siegle_survey_2019,Siegle2019,optimal,optimal
0.326700821163989,VISal,L5,RS,siegle_survey_2019,Siegle2019,optimal,optimal
0.2610429993135978,VISrl,L3,RS,siegle_survey_2019,Siegle2019,optimal,optimal
2.708363984046287,grey,,FS,siegle_survey_2019,Siegle2019,optimal,optimal
2.089402658530147,VISal,L5,FS,siegle_survey_2019,Siegle2019,optimal,optimal
0.5861503285120703,grey,,FS,siegle_survey_2019,Siegle2019,optimal,optimal
0.0354764262852305,VISal,L5,RS,siegle_survey_2019,Siegle2019,optimal,optimal
0.2843409091816242,VISal,L5,RS,siegle_survey_2019,Siegle2019,optimal,optimal
0.0916033243027432,VISrl,L3,RS,siegle_survey_2019,Siegle2019,optimal,optimal
6.61926574614429,VISal,L4,RS,siegle_survey_2019,Siegle2019,optimal,optimal
5.885380271049819,VISal,L4,RS,siegle_survey_2019,Siegle2019,optimal,optimal
7.542182328460065,VISal,L4,RS,siegle_survey_2019,Siegle2019,optimal,optimal
0.5427363722740499,VISal,L4,RS,siegle_survey_2019,Siegle2019,optimal,optimal
2.8518810742127148,VISal,L4,FS,siegle_survey_2019,Siegle2019,optimal,optimal
0.3436418818467331,grey,,FS,siegle_survey_2019,Siegle2019,optimal,optimal
2.573894151828445,VISal,L4,FS,siegle_survey_2019,Siegle2019,optimal,optimal
0.7360036857715703,VISpm,,RS,siegle_survey_2019,Siegle2019,optimal,optimal
21.71739911668937,CA1,,FS,siegle_survey_2019,Siegle2019,optimal,optimal
1.3608121724334714,VISal,L4,RS,siegle_survey_2019,Siegle2019,optimal,optimal
0.25998400134478,VISrl,L3,RS,siegle_survey_2019,Siegle2019,optimal,optimal
4.122148934783882,VISal,L3,RS,siegle_survey_2019,Siegle2019,optimal,optimal
0.491904477895212,VISal,L3,RS,siegle_survey_2019,Siegle2019,optimal,optimal
0.6025697479491402,VISal,L3,RS,siegle_survey_2019,Siegle2019,optimal,optimal
0.5819194609086012,VISpm,,RS,siegle_survey_2019,Siegle2019,optimal,optimal
0.1795001270252711,VISal,L3,RS,siegle_survey_2019,Siegle2019,optimal,optimal
0.0720118503700202,VISal,L3,RS,siegle_survey_2019,Siegle2019,optimal,optimal
1.2612664804572495,VISp,L5,RS,siegle_survey_2019,Siegle2019,optimal,optimal
8.832496503983599,grey,,RS,siegle_survey_2019,Siegle2019,optimal,optimal
2.634787295251319,VISpm,,FS,siegle_survey_2019,Siegle2019,optimal,optimal
1.2490880047853283,VISp,L5,RS,siegle_survey_2019,Siegle2019,optimal,optimal
0.1159592790823337,grey,,RS,siegle_survey_2019,Siegle2019,optimal,optimal
1.7134587135472668,PO,,FS,siegle_survey_2019,Siegle2019,optimal,optimal
2.6464359240757847,PO,,RS,siegle_survey_2019,Siegle2019,optimal,optimal
0.3547642502623978,VISl,,RS,siegle_survey_2019,Siegle2019,optimal,optimal
3.2410632835670024,PO,,RS,siegle_survey_2019,Siegle2019,optimal,optimal
4.757018115619575,LP,,RS,siegle_survey_2019,Siegle2019,optimal,optimal
0.3494692738545101,LP,,RS,siegle_survey_2019,Siegle2019,optimal,optimal
1.4698890637066857,VISp,L3,RS,siegle_survey_2019,Siegle2019,optimal,optimal
6.493774506896534,LP,,FS,siegle_survey_2019,Siegle2019,optimal,optimal
2.1614145089001675,LP,,RS,siegle_survey_2019,Siegle2019,optimal,optimal
35.585513457528165,grey,,FS,siegle_survey_2019,Siegle2019,optimal,optimal
0.3235239223067837,grey,,FS,siegle_survey_2019,Siegle2019,optimal,optimal
0.1689101983893028,grey,,FS,siegle_survey_2019,Siegle2019,optimal,optimal
6.238557860259453,grey,,FS,siegle_survey_2019,Siegle2019,optimal,optimal
4.720483446005527,PO,,RS,siegle_survey_2019,Siegle2019,optimal,optimal
4.7919648729473145,VISl,,RS,siegle_survey_2019,Siegle2019,optimal,optimal
7.548008022749162,PO,,RS,siegle_survey_2019,Siegle2019,optimal,optimal
0.4114206305281838,VISl,,RS,siegle_survey_2019,Siegle2019,optimal,optimal
10.34482165839708,PO,,RS,siegle_survey_2019,Siegle2019,optimal,optimal
0.4273056121221056,LP,,RS,siegle_survey_2019,Siegle2019,optimal,optimal
35.33663732165878,VISl,,FS,siegle_survey_2019,Siegle2019,optimal,optimal
2.9726076920299245,grey,,FS,siegle_survey_2019,Siegle2019,optimal,optimal
17.41204460330294,LP,,RS,siegle_survey_2019,Siegle2019,optimal,optimal
0.3155813442686183,LP,,FS,siegle_survey_2019,Siegle2019,optimal,optimal
0.0815428305660523,LP,,FS,siegle_survey_2019,Siegle2019,optimal,optimal
0.1572611732345295,LP,,RS,siegle_survey_2019,Siegle2019,optimal,optimal
13.69019624189264,LP,,RS,siegle_survey_2019,Siegle2019,optimal,optimal
9.831737142504837,LGd,,RS,siegle_survey_2019,Siegle2019,optimal,optimal
3.5672339612205586,VISl,,RS,siegle_survey_2019,Siegle2019,optimal,optimal
1.7176949328366715,grey,,RS,siegle_survey_2019,Siegle2019,optimal,optimal
2.151883452337888,VISl,,RS,siegle_survey_2019,Siegle2019,optimal,optimal
0.9012070954426884,VISl,,RS,siegle_survey_2019,Siegle2019,optimal,optimal
21.197962341826724,LGd,,FS,siegle_survey_2019,Siegle2019,optimal,optimal
17.781632052397214,CA1,,FS,siegle_survey_2019,Siegle2019,optimal,optimal
0.4580165320551853,VISl,,RS,siegle_survey_2019,Siegle2019,optimal,optimal
0.1678511780576278,LGd,,RS,siegle_survey_2019,Siegle2019,optimal,optimal
1.9962114355099423,grey,,RS,siegle_survey_2019,Siegle2019,optimal,optimal
19.714835686497334,LGd,,RS,siegle_survey_2019,Siegle2019,optimal,optimal
1.9321251569471949,VISl,,RS,siegle_survey_2019,Siegle2019,optimal,optimal
0.2531005480566982,VISpm,,RS,siegle_survey_2019,Siegle2019,optimal,optimal
2.286905748147923,CA1,,RS,siegle_survey_2019,Siegle2019,optimal,optimal
1.9501444478881227,CA1,,RS,siegle_survey_2019,Siegle2019,optimal,optimal
4.758078503844122,VISpm,,RS,siegle_survey_2019,Siegle2019,optimal,optimal
1.0378178435679393,CA1,,RS,siegle_survey_2019,Siegle2019,optimal,optimal
24.589399406863027,CA1,,FS,siegle_survey_2019,Siegle2019,optimal,optimal
2.789930518223312,VISpm,,RS,siegle_survey_2019,Siegle2019,optimal,optimal
0.2838114556431814,DG,,RS,siegle_survey_2019,Siegle2019,optimal,optimal
7.695209759221748,VISpm,,RS,siegle_survey_2019,Siegle2019,optimal,optimal
2.661791747031427,VISpm,,RS,siegle_survey_2019,Siegle2019,optimal,optimal
30.034245370025182,VISpm,,FS,siegle_survey_2019,Siegle2019,optimal,optimal
0.1906196596242915,VISpm,,RS,siegle_survey_2019,Siegle2019,optimal,optimal
0.381768818303095,VISpm,,RS,siegle_survey_2019,Siegle2019,optimal,optimal
0.5512085157469098,VISpm,,RS,siegle_survey_2019,Siegle2019,optimal,optimal
0.1652037050077193,VISpm,,RS,siegle_survey_2019,Siegle2019,optimal,optimal
0.4029486627322458,VISpm,L5,FS,siegle_survey_2019,Siegle2019,optimal,optimal
0.2356270020399508,VISl,,RS,siegle_survey_2019,Siegle2019,optimal,optimal
0.2509824695886217,VISl,,RS,siegle_survey_2019,Siegle2019,optimal,optimal
0.2329795839852452,VISpm,,RS,siegle_survey_2019,Siegle2019,optimal,optimal
0.6232203871605311,VISpm,,RS,siegle_survey_2019,Siegle2019,optimal,optimal
12.35585638787023,grey,,RS,siegle_survey_2019,Siegle2019,optimal,optimal
6.684394110817176,VISpm,L5,RS,siegle_survey_2019,Siegle2019,optimal,optimal
11.822121515833668,grey,,RS,siegle_survey_2019,Siegle2019,optimal,optimal
16.451000733436477,grey,,RS,siegle_survey_2019,Siegle2019,optimal,optimal
0.0942508317031219,VISpm,,RS,siegle_survey_2019,Siegle2019,optimal,optimal
2.1428823899029013,VISrl,L5,RS,siegle_survey_2019,Siegle2019,optimal,optimal
0.0778363507081113,VISrl,L5,RS,siegle_survey_2019,Siegle2019,optimal,optimal
1.3735203655567398,VISrl,L4,RS,siegle_survey_2019,Siegle2019,optimal,optimal
0.3939472965568692,grey,,FS,siegle_survey_2019,Siegle2019,optimal,optimal
0.2313910561866982,VISrl,L3,RS,siegle_survey_2019,Siegle2019,optimal,optimal
9.96834593349239,grey,,FS,siegle_survey_2019,Siegle2019,optimal,optimal
2.096815568715068,grey,,FS,siegle_survey_2019,Siegle2019,optimal,optimal
6.205726885187019,grey,,FS,siegle_survey_2019,Siegle2019,optimal,optimal
8.579470368659152,grey,,FS,siegle_survey_2019,Siegle2019,optimal,optimal
0.3754147066209553,grey,,FS,siegle_survey_2019,Siegle2019,optimal,optimal
20.61922268174872,VISl,,RS,siegle_survey_2019,Siegle2019,optimal,optimal
1.648859515398667,grey,,RS,siegle_survey_2019,Siegle2019,optimal,optimal
11.562137565268236,grey,,RS,siegle_survey_2019,Siegle2019,optimal,optimal
0.2176241114043995,grey,,RS,siegle_survey_2019,Siegle2019,optimal,optimal
5.407772071537118,grey,,RS,siegle_survey_2019,Siegle2019,optimal,optimal
0.6131599051248046,grey,,FS,siegle_survey_2019,Siegle2019,optimal,optimal
4.242346424749512,grey,,FS,siegle_survey_2019,Siegle2019,optimal,optimal
0.2038571359870896,grey,,RS,siegle_survey_2019,Siegle2019,optimal,optimal
14.453730954347275,grey,,FS,siegle_survey_2019,Siegle2019,optimal,optimal
0.2425104960990388,VISrl,L5,RS,siegle_survey_2019,Siegle2019,optimal,optimal
1.662626545307821,VISrl,L5,FS,siegle_survey_2019,Siegle2019,optimal,optimal
2.593486368999389,grey,,RS,siegle_survey_2019,Siegle2019,optimal,optimal
11.24338292350613,grey,,FS,siegle_survey_2019,Siegle2019,optimal,optimal
6.434999900655106,VISal,,RS,siegle_survey_2019,Siegle2019,optimal,optimal
3.4692778051621067,grey,,RS,siegle_survey_2019,Siegle2019,optimal,optimal
1.5720826928458935,grey,,RS,siegle_survey_2019,Siegle2019,optimal,optimal
14.786261097245395,grey,,FS,siegle_survey_2019,Siegle2019,optimal,optimal
5.100662901576509,VISrl,L4,RS,siegle_survey_2019,Siegle2019,optimal,optimal
0.7953073192449576,VISal,,RS,siegle_survey_2019,Siegle2019,optimal,optimal
0.5676228004198366,VISal,,RS,siegle_survey_2019,Siegle2019,optimal,optimal
4.910574231543555,grey,,RS,siegle_survey_2019,Siegle2019,optimal,optimal
2.2614904618204146,grey,,RS,siegle_survey_2019,Siegle2019,optimal,optimal
0.0873673153631278,VISal,,RS,siegle_survey_2019,Siegle2019,optimal,optimal
5.49355089025728,VISal,,RS,siegle_survey_2019,Siegle2019,optimal,optimal
4.180395035371617,grey,,RS,siegle_survey_2019,Siegle2019,optimal,optimal
0.1699691407973577,VISal,,RS,siegle_survey_2019,Siegle2019,optimal,optimal
0.0333584295022851,VISal,,RS,siegle_survey_2019,Siegle2019,optimal,optimal
1.018756180880936,grey,,RS,siegle_survey_2019,Siegle2019,optimal,optimal
2.335619646927643,VISrl,L4,RS,siegle_survey_2019,Siegle2019,optimal,optimal
0.723825207517796,grey,,FS,siegle_survey_2019,Siegle2019,optimal,optimal
2.1259380826149368,VISrl,L3,RS,siegle_survey_2019,Siegle2019,optimal,optimal
0.483432495498739,VISrl,L3,RS,siegle_survey_2019,Siegle2019,optimal,optimal
15.415833432081312,VISam,L5,FS,siegle_survey_2019,Siegle2019,optimal,optimal
0.0852493228645093,VISrl,L3,RS,siegle_survey_2019,Siegle2019,optimal,optimal
0.1800296259250506,VISrl,L3,RS,siegle_survey_2019,Siegle2019,optimal,optimal
4.470559052187202,VISal,,RS,siegle_survey_2019,Siegle2019,optimal,optimal
0.293342380067714,VISal,,RS,siegle_survey_2019,Siegle2019,optimal,optimal
0.1472006889148456,VISal,,RS,siegle_survey_2019,Siegle2019,optimal,optimal
3.40944329468594,VISal,,RS,siegle_survey_2019,Siegle2019,optimal,optimal
0.1985621454419703,grey,,RS,siegle_survey_2019,Siegle2019,optimal,optimal
0.1360812172433471,VISrl,L3,RS,siegle_survey_2019,Siegle2019,optimal,optimal
6.316392151313647,VISal,,RS,siegle_survey_2019,Siegle2019,optimal,optimal
2.990610263941583,VISam,L5,RS,siegle_survey_2019,Siegle2019,optimal,optimal
5.397183862640011,grey,,FS,siegle_survey_2019,Siegle2019,optimal,optimal
9.392252985445433,VISam,L5,RS,siegle_survey_2019,Siegle2019,optimal,optimal
5.231448944167896,VISal,,RS,siegle_survey_2019,Siegle2019,optimal,optimal
1.8966653621527532,VISam,L5,RS,siegle_survey_2019,Siegle2019,optimal,optimal
1.1167131400050705,VISal,,RS,siegle_survey_2019,Siegle2019,optimal,optimal
2.3186755998493136,VISal,,RS,siegle_survey_2019,Siegle2019,optimal,optimal
0.7270019635974213,VISal,,RS,siegle_survey_2019,Siegle2019,optimal,optimal
2.1089947341209814,grey,,RS,siegle_survey_2019,Siegle2019,optimal,optimal
0.2102110632124856,VISrl,L3,RS,siegle_survey_2019,Siegle2019,optimal,optimal
0.2022685797157922,VISrl,L3,RS,siegle_survey_2019,Siegle2019,optimal,optimal
3.053090547780576,VISal,,RS,siegle_survey_2019,Siegle2019,optimal,optimal
0.1360812172433471,VISrl,L2,RS,siegle_survey_2019,Siegle2019,optimal,optimal
2.2000682802190648,VISam,L3,FS,siegle_survey_2019,Siegle2019,optimal,optimal
0.0979572964592187,VISrl,L3,RS,siegle_survey_2019,Siegle2019,optimal,optimal
3.498399106692033,VISal,,RS,siegle_survey_2019,Siegle2019,optimal,optimal
0.0550678943785277,VISam,L3,RS,siegle_survey_2019,Siegle2019,optimal,optimal
0.1646741519874712,VISal,,RS,siegle_survey_2019,Siegle2019,optimal,optimal
0.4971995463599764,VISam,L3,RS,siegle_survey_2019,Siegle2019,optimal,optimal
0.3351728571308467,VISam,L3,RS,siegle_survey_2019,Siegle2019,optimal,optimal
4.818969486893783,DG,,RS,siegle_survey_2019,Siegle2019,optimal,optimal
9.91221940387338,DG,,RS,siegle_survey_2019,Siegle2019,optimal,optimal
0.2853998968528842,VISal,,RS,siegle_survey_2019,Siegle2019,optimal,optimal
0.5665638227641301,DG,,RS,siegle_survey_2019,Siegle2019,optimal,optimal
0.1281387711918848,VISp,,RS,siegle_survey_2019,Siegle2019,optimal,optimal
0.1562022210810167,grey,,FS,siegle_survey_2019,Siegle2019,optimal,optimal
0.0857788354742451,VISam,L6a,RS,siegle_survey_2019,Siegle2019,optimal,optimal
0.0698938522905022,VISal,,RS,siegle_survey_2019,Siegle2019,optimal,optimal
3.2368267743524552,VISrl,L6a,RS,siegle_survey_2019,Siegle2019,optimal,optimal
9.510860757953033,SGN,,RS,siegle_survey_2019,Siegle2019,optimal,optimal
1.4031720844158362,VISrl,L5,RS,siegle_survey_2019,Siegle2019,optimal,optimal
10.554503256223011,SGN,,FS,siegle_survey_2019,Siegle2019,optimal,optimal
4.2947662625407546,SGN,,FS,siegle_survey_2019,Siegle2019,optimal,optimal
9.599816587333727,SGN,,FS,siegle_survey_2019,Siegle2019,optimal,optimal
3.653013493437143,SGN,,FS,siegle_survey_2019,Siegle2019,optimal,optimal
3.859517480493219,VISrl,L4,RS,siegle_survey_2019,Siegle2019,optimal,optimal
0.4310121044205625,VISrl,L4,RS,siegle_survey_2019,Siegle2019,optimal,optimal
5.32940642628128,VISrl,L4,RS,siegle_survey_2019,Siegle2019,optimal,optimal
1.5238980771288733,LP,,FS,siegle_survey_2019,Siegle2019,optimal,optimal
2.743334238222617,LP,,RS,siegle_survey_2019,Siegle2019,optimal,optimal
0.1636151600318843,VISrl,L3,RS,siegle_survey_2019,Siegle2019,optimal,optimal
11.984680013111507,LP,,RS,siegle_survey_2019,Siegle2019,optimal,optimal
0.1244322414481968,VISrl,L3,RS,siegle_survey_2019,Siegle2019,optimal,optimal
1.2136114782947534,VISrl,L5,RS,siegle_survey_2019,Siegle2019,optimal,optimal
2.3573291018186047,ZI,,FS,siegle_survey_2019,Siegle2019,optimal,optimal
12.935660189109928,DG,,FS,siegle_survey_2019,Siegle2019,optimal,optimal
1.8415971734333123,ZI,,FS,siegle_survey_2019,Siegle2019,optimal,optimal
4.534628577712159,ZI,,FS,siegle_survey_2019,Siegle2019,optimal,optimal
16.704633960132625,DG,,FS,siegle_survey_2019,Siegle2019,optimal,optimal
0.3775327155428268,ZI,,FS,siegle_survey_2019,Siegle2019,optimal,optimal
1.88130959091678,CA3,,FS,siegle_survey_2019,Siegle2019,optimal,optimal
15.098663540420368,SUB,,RS,siegle_survey_2019,Siegle2019,optimal,optimal
0.2822229586899546,VISp,L6a,RS,siegle_survey_2019,Siegle2019,optimal,optimal
2.2551361745975926,VISp,L6a,RS,siegle_survey_2019,Siegle2019,optimal,optimal
6.600733284652005,VISal,L6a,FS,siegle_survey_2019,Siegle2019,optimal,optimal
0.2986373794756723,VISal,L6a,RS,siegle_survey_2019,Siegle2019,optimal,optimal
3.719729770951415,VISal,L6a,FS,siegle_survey_2019,Siegle2019,optimal,optimal
0.0810133446145648,VISp,L6a,RS,siegle_survey_2019,Siegle2019,optimal,optimal
1.0081659051802838,VISal,L6a,RS,siegle_survey_2019,Siegle2019,optimal,optimal
0.6618736247244511,VISal,L5,RS,siegle_survey_2019,Siegle2019,optimal,optimal
1.1119476895370777,VISal,L5,RS,siegle_survey_2019,Siegle2019,optimal,optimal
12.87106131301204,VISp,L5,RS,siegle_survey_2019,Siegle2019,optimal,optimal
2.695678898777744,VISal,L5,FS,siegle_survey_2019,Siegle2019,optimal,optimal
2.6024875083698444,VISp,L5,RS,siegle_survey_2019,Siegle2019,optimal,optimal
5.353234732374187,VISp,L5,RS,siegle_survey_2019,Siegle2019,optimal,optimal
0.6115712292453928,VISal,L5,RS,siegle_survey_2019,Siegle2019,optimal,optimal
6.204138608717114,VISal,L5,RS,siegle_survey_2019,Siegle2019,optimal,optimal
0.2319205181034476,VISal,L5,RS,siegle_survey_2019,Siegle2019,optimal,optimal
1.425411038206578,VISal,L4,RS,siegle_survey_2019,Siegle2019,optimal,optimal
0.1588496953226761,VISp,L3,RS,siegle_survey_2019,Siegle2019,optimal,optimal
0.1720871699328991,VISp,L3,RS,siegle_survey_2019,Siegle2019,optimal,optimal
0.5067304470890397,VISal,L3,RS,siegle_survey_2019,Siegle2019,optimal,optimal
0.1318452471178212,VISp,L3,RS,siegle_survey_2019,Siegle2019,optimal,optimal
0.106429295866193,VISp,L5,RS,siegle_survey_2019,Siegle2019,optimal,optimal
3.7986251070185695,LGd,,FS,siegle_survey_2019,Siegle2019,optimal,optimal
11.974617618514769,LGd,,FS,siegle_survey_2019,Siegle2019,optimal,optimal
13.104570365136372,Eth,,RS,siegle_survey_2019,Siegle2019,optimal,optimal
17.623841380262903,LGd,,FS,siegle_survey_2019,Siegle2019,optimal,optimal
14.105323445669232,Eth,,RS,siegle_survey_2019,Siegle2019,optimal,optimal
1.2279081448442868,Eth,,RS,siegle_survey_2019,Siegle2019,optimal,optimal
10.878027135696865,Eth,,RS,siegle_survey_2019,Siegle2019,optimal,optimal
5.704291647325209,DG,,RS,siegle_survey_2019,Siegle2019,optimal,optimal
11.407526120105784,LP,,FS,siegle_survey_2019,Siegle2019,optimal,optimal
0.4781375065009434,DG,,RS,siegle_survey_2019,Siegle2019,optimal,optimal
1.1161836807353145,DG,,RS,siegle_survey_2019,Siegle2019,optimal,optimal
2.862471052208306,DG,,RS,siegle_survey_2019,Siegle2019,optimal,optimal
0.5988632556506833,DG,,RS,siegle_survey_2019,Siegle2019,optimal,optimal
8.050501272248443,CA1,,FS,siegle_survey_2019,Siegle2019,optimal,optimal
16.11847858439195,LP,,RS,siegle_survey_2019,Siegle2019,optimal,optimal
10.948979999607658,LP,,RS,siegle_survey_2019,Siegle2019,optimal,optimal
1.333278442741662,LP,,RS,siegle_survey_2019,Siegle2019,optimal,optimal
6.5266044818243545,LP,,RS,siegle_survey_2019,Siegle2019,optimal,optimal
1.7272254110809275,CA1,,RS,siegle_survey_2019,Siegle2019,optimal,optimal
2.7422748019583456,CA1,,RS,siegle_survey_2019,Siegle2019,optimal,optimal
0.5686818183632484,CA1,,RS,siegle_survey_2019,Siegle2019,optimal,optimal
0.1673216523303412,CA1,,RS,siegle_survey_2019,Siegle2019,optimal,optimal
28.57864411780224,CA1,,FS,siegle_survey_2019,Siegle2019,optimal,optimal
2.0952271464277223,CA1,,RS,siegle_survey_2019,Siegle2019,optimal,optimal
0.731767479495353,VISp,L6a,RS,siegle_survey_2019,Siegle2019,optimal,optimal
1.976089893977321,VISp,L6a,RS,siegle_survey_2019,Siegle2019,optimal,optimal
4.413373329662639,VISp,L5,FS,siegle_survey_2019,Siegle2019,optimal,optimal
2.4182214752932545,VISp,L5,FS,siegle_survey_2019,Siegle2019,optimal,optimal
1.1818415443079795,VISp,L5,RS,siegle_survey_2019,Siegle2019,optimal,optimal
0.2647494498897804,VISp,L5,RS,siegle_survey_2019,Siegle2019,optimal,optimal
3.5301697290542733,VISpm,L6a,RS,siegle_survey_2019,Siegle2019,optimal,optimal
1.1378933174947703,VISpm,L6a,RS,siegle_survey_2019,Siegle2019,optimal,optimal
0.09319182125597,VISpm,L5,RS,siegle_survey_2019,Siegle2019,optimal,optimal
0.1503777115721334,VISpm,L4,RS,siegle_survey_2019,Siegle2019,optimal,optimal
0.1482597156344977,VISpm,L4,RS,siegle_survey_2019,Siegle2019,optimal,optimal
11.2608519994412,MGd,,FS,siegle_survey_2019,Siegle2019,optimal,optimal
5.982277984186141,MGd,,RS,siegle_survey_2019,Siegle2019,optimal,optimal
6.838477621328024,MGd,,FS,siegle_survey_2019,Siegle2019,optimal,optimal
8.793387367974796,MGd,,FS,siegle_survey_2019,Siegle2019,optimal,optimal
1.0658811809317317,DG,,RS,siegle_survey_2019,Siegle2019,optimal,optimal
9.388544073075275,DG,,RS,siegle_survey_2019,Siegle2019,optimal,optimal
1.1950788998325474,DG,,RS,siegle_survey_2019,Siegle2019,optimal,optimal
6.039993358613145,DG,,RS,siegle_survey_2019,Siegle2019,optimal,optimal
30.184611326475054,DG,,FS,siegle_survey_2019,Siegle2019,optimal,optimal
6.124183675437857,DG,,FS,siegle_survey_2019,Siegle2019,optimal,optimal
12.132407103173753,CA1,,RS,siegle_survey_2019,Siegle2019,optimal,optimal
0.5776832431179926,CA1,,RS,siegle_survey_2019,Siegle2019,optimal,optimal
22.6175432903621,VISal,L6a,RS,siegle_survey_2019,Siegle2019,optimal,optimal
1.0552912039726483,VISal,L6a,RS,siegle_survey_2019,Siegle2019,optimal,optimal
2.4441666821564194,VISal,L6a,RS,siegle_survey_2019,Siegle2019,optimal,optimal
1.746816699400786,VISal,L5,RS,siegle_survey_2019,Siegle2019,optimal,optimal
3.367083174140527,VISal,L5,RS,siegle_survey_2019,Siegle2019,optimal,optimal
13.254415161988623,VISal,L5,RS,siegle_survey_2019,Siegle2019,optimal,optimal
2.766631480560505,VISal,L4,RS,siegle_survey_2019,Siegle2019,optimal,optimal
2.358387868787845,VISal,L4,RS,siegle_survey_2019,Siegle2019,optimal,optimal
3.0493838653680285,VISal,L4,RS,siegle_survey_2019,Siegle2019,optimal,optimal
4.1459759794811015,VISal,L4,RS,siegle_survey_2019,Siegle2019,optimal,optimal
4.103616071644768,VISal,L4,RS,siegle_survey_2019,Siegle2019,optimal,optimal
0.9493914343818156,VISal,L3,RS,siegle_survey_2019,Siegle2019,optimal,optimal
1.9787371948047097,VISal,L3,FS,siegle_survey_2019,Siegle2019,optimal,optimal
0.2673969182168526,APN,,RS,siegle_survey_2019,Siegle2019,optimal,optimal
12.692087385461305,APN,,FS,siegle_survey_2019,Siegle2019,optimal,optimal
1.827830023137773,APN,,FS,siegle_survey_2019,Siegle2019,optimal,optimal
7.285374649001338,APN,,RS,siegle_survey_2019,Siegle2019,optimal,optimal
6.241732419683681,APN,,FS,siegle_survey_2019,Siegle2019,optimal,optimal
0.6772290265333754,APN,,FS,siegle_survey_2019,Siegle2019,optimal,optimal
7.553830564914099,APN,,FS,siegle_survey_2019,Siegle2019,optimal,optimal
0.1027227765031077,APN,,FS,siegle_survey_2019,Siegle2019,optimal,optimal
0.1519661693628449,CA1,,RS,siegle_survey_2019,Siegle2019,optimal,optimal
7.914419280370884,VISpm,L5,RS,siegle_survey_2019,Siegle2019,optimal,optimal
0.1932670795032697,VISpm,L4,RS,siegle_survey_2019,Siegle2019,optimal,optimal
0.1191372407896868,APN,,RS,siegle_survey_2019,Siegle2019,optimal,optimal
0.0529498847954163,APN,,FS,siegle_survey_2019,Siegle2019,optimal,optimal
0.226625506924382,SGN,,RS,siegle_survey_2019,Siegle2019,optimal,optimal
2.932894118818113,LP,,FS,siegle_survey_2019,Siegle2019,optimal,optimal
0.4712539746792056,SUB,,RS,siegle_survey_2019,Siegle2019,optimal,optimal
27.2591301915283,SUB,,FS,siegle_survey_2019,Siegle2019,optimal,optimal
26.005806418420796,VISp,L6a,FS,siegle_survey_2019,Siegle2019,optimal,optimal
8.055265973926693,VISp,L5,RS,siegle_survey_2019,Siegle2019,optimal,optimal
2.1365278514950505,VISp,L4,RS,siegle_survey_2019,Siegle2019,optimal,optimal
1.77276214295054,MB,,FS,siegle_survey_2019,Siegle2019,optimal,optimal
3.522755835439051,MB,,FS,siegle_survey_2019,Siegle2019,optimal,optimal
0.1376697004680825,PPT,,FS,siegle_survey_2019,Siegle2019,optimal,optimal
1.4767722869441624,APN,,FS,siegle_survey_2019,Siegle2019,optimal,optimal
1.0012823214813236,NOT,,FS,siegle_survey_2019,Siegle2019,optimal,optimal
5.734472523343593,CA1,,RS,siegle_survey_2019,Siegle2019,optimal,optimal
1.4905392569909708,CA1,,RS,siegle_survey_2019,Siegle2019,optimal,optimal
8.890815155998363,CA1,,FS,siegle_survey_2019,Siegle2019,optimal,optimal
3.3273707605439644,CA1,,RS,siegle_survey_2019,Siegle2019,optimal,optimal
2.2170116763840837,CA1,,RS,siegle_survey_2019,Siegle2019,optimal,optimal
1.688571826125828,CA1,,RS,siegle_survey_2019,Siegle2019,optimal,optimal
18.714077783244008,CA1,,RS,siegle_survey_2019,Siegle2019,optimal,optimal
7.660259833352886,VISam,L5,FS,siegle_survey_2019,Siegle2019,optimal,optimal
0.7640668375978582,VISam,L5,RS,siegle_survey_2019,Siegle2019,optimal,optimal
5.379178796366348,VISam,L5,FS,siegle_survey_2019,Siegle2019,optimal,optimal
