firing rate (Hz),region,layer,spiking class,citation,dataset,stimulus orientation (degrees),temporal frequency (Hz)
0.1779789102146071,grey,,FS,siegle_survey_2019,Siegle2019,optimal,optimal
0.0910323871541139,grey,,FS,siegle_survey_2019,Siegle2019,optimal,optimal
0.4118032494138171,grey,,FS,siegle_survey_2019,Siegle2019,optimal,optimal
0.0964938030080471,grey,,RS,siegle_survey_2019,Siegle2019,optimal,optimal
0.2421700626987109,grey,,RS,siegle_survey_2019,Siegle2019,optimal,optimal
0.2486755118223086,grey,,RS,siegle_survey_2019,Siegle2019,optimal,optimal
0.4493199858295073,grey,,RS,siegle_survey_2019,Siegle2019,optimal,optimal
0.0247271263792807,grey,,RS,siegle_survey_2019,Siegle2019,optimal,optimal
0.094723977326286,grey,,RS,siegle_survey_2019,Siegle2019,optimal,optimal
0.3435667006153473,grey,,RS,siegle_survey_2019,Siegle2019,optimal,optimal
0.0195358610699267,grey,,RS,siegle_survey_2019,Siegle2019,optimal,optimal
0.1843754896982356,grey,,RS,siegle_survey_2019,Siegle2019,optimal,optimal
0.0930239338803695,VISpm,,RS,siegle_survey_2019,Siegle2019,optimal,optimal
0.0924589586036541,VISpm,,RS,siegle_survey_2019,Siegle2019,optimal,optimal
0.094021761326312,VISpm,,RS,siegle_survey_2019,Siegle2019,optimal,optimal
0.0346922136601641,VISpm,,RS,siegle_survey_2019,Siegle2019,optimal,optimal
0.3439334775493696,VISpm,,RS,siegle_survey_2019,Siegle2019,optimal,optimal
0.388809833313219,VISpm,,RS,siegle_survey_2019,Siegle2019,optimal,optimal
0.4451588753204671,grey,,RS,siegle_survey_2019,Siegle2019,optimal,optimal
0.5081151656182842,VISpm,,RS,siegle_survey_2019,Siegle2019,optimal,optimal
0.2579722516361269,VISpm,,RS,siegle_survey_2019,Siegle2019,optimal,optimal
0.1277122894827746,grey,,FS,siegle_survey_2019,Siegle2019,optimal,optimal
0.2356651886997478,grey,,FS,siegle_survey_2019,Siegle2019,optimal,optimal
0.0484880883362237,grey,,RS,siegle_survey_2019,Siegle2019,optimal,optimal
0.4176981746368189,grey,,RS,siegle_survey_2019,Siegle2019,optimal,optimal
0.1010139117616292,grey,,RS,siegle_survey_2019,Siegle2019,optimal,optimal
0.2222222222222221,VISp,,RS,siegle_survey_2019,Siegle2019,optimal,optimal
0.255731622634234,VISp,,RS,siegle_survey_2019,Siegle2019,optimal,optimal
0.1986670447263779,VISp,,RS,siegle_survey_2019,Siegle2019,optimal,optimal
0.0866838681298765,VISp,,RS,siegle_survey_2019,Siegle2019,optimal,optimal
0.0819625710511419,VISp,,RS,siegle_survey_2019,Siegle2019,optimal,optimal
0.0908341368492918,VISp,,RS,siegle_survey_2019,Siegle2019,optimal,optimal
0.4610520976322781,VISp,,RS,siegle_survey_2019,Siegle2019,optimal,optimal
0.7508302040037094,VISp,,RS,siegle_survey_2019,Siegle2019,optimal,optimal
0.4740762328438114,VISp,,RS,siegle_survey_2019,Siegle2019,optimal,optimal
0.4877041511606472,VISp,,RS,siegle_survey_2019,Siegle2019,optimal,optimal
0.1317203421780392,VISp,,RS,siegle_survey_2019,Siegle2019,optimal,optimal
0.4686977211677349,VISp,,RS,siegle_survey_2019,Siegle2019,optimal,optimal
0.464665098256419,VISp,,RS,siegle_survey_2019,Siegle2019,optimal,optimal
0.2124230949893013,VISp,,RS,siegle_survey_2019,Siegle2019,optimal,optimal
0.3035905267086525,VISp,,RS,siegle_survey_2019,Siegle2019,optimal,optimal
0.0697334215713385,grey,,RS,siegle_survey_2019,Siegle2019,optimal,optimal
0.0651101415322671,grey,,RS,siegle_survey_2019,Siegle2019,optimal,optimal
0.1530787219263381,grey,,RS,siegle_survey_2019,Siegle2019,optimal,optimal
0.1810570749192752,grey,,RS,siegle_survey_2019,Siegle2019,optimal,optimal
0.1633505713203961,grey,,RS,siegle_survey_2019,Siegle2019,optimal,optimal
0.0310333062204013,grey,,RS,siegle_survey_2019,Siegle2019,optimal,optimal
0.0895924382230274,VISl,,FS,siegle_survey_2019,Siegle2019,optimal,optimal
0.181130608293279,VISl,,RS,siegle_survey_2019,Siegle2019,optimal,optimal
0.4136522393360825,VISl,,RS,siegle_survey_2019,Siegle2019,optimal,optimal
0.2554124751623861,grey,,RS,siegle_survey_2019,Siegle2019,optimal,optimal
0.0385929913540731,VISl,,RS,siegle_survey_2019,Siegle2019,optimal,optimal
0.142946249251481,grey,,RS,siegle_survey_2019,Siegle2019,optimal,optimal
0.0418653220685543,grey,,FS,siegle_survey_2019,Siegle2019,optimal,optimal
0.0514119139614618,grey,,FS,siegle_survey_2019,Siegle2019,optimal,optimal
0.0190150731267984,VISal,,RS,siegle_survey_2019,Siegle2019,optimal,optimal
0.3852571956260265,VISal,,RS,siegle_survey_2019,Siegle2019,optimal,optimal
0.0298012666557653,VISal,,FS,siegle_survey_2019,Siegle2019,optimal,optimal
0.227094383688814,VISal,,RS,siegle_survey_2019,Siegle2019,optimal,optimal
0.2055789040913521,VISal,,RS,siegle_survey_2019,Siegle2019,optimal,optimal
0.0887344525421901,VISal,,RS,siegle_survey_2019,Siegle2019,optimal,optimal
0.1415843687134363,VISal,,RS,siegle_survey_2019,Siegle2019,optimal,optimal
0.0634818793008581,VISal,,RS,siegle_survey_2019,Siegle2019,optimal,optimal
0.1891822903664562,VISal,,RS,siegle_survey_2019,Siegle2019,optimal,optimal
0.3461751760375352,VISal,,RS,siegle_survey_2019,Siegle2019,optimal,optimal
0.0745668040976383,VISal,,RS,siegle_survey_2019,Siegle2019,optimal,optimal
0.1535447532518736,VISal,,RS,siegle_survey_2019,Siegle2019,optimal,optimal
0.295723301845853,VISal,,RS,siegle_survey_2019,Siegle2019,optimal,optimal
0.3171282118449732,VISal,,RS,siegle_survey_2019,Siegle2019,optimal,optimal
0.1056095660280139,VISal,,RS,siegle_survey_2019,Siegle2019,optimal,optimal
0.3362350615573852,VISal,,RS,siegle_survey_2019,Siegle2019,optimal,optimal
0.3896896879034687,grey,,RS,siegle_survey_2019,Siegle2019,optimal,optimal
0.2303806817655538,grey,,RS,siegle_survey_2019,Siegle2019,optimal,optimal
0.0344794101117012,grey,,FS,siegle_survey_2019,Siegle2019,optimal,optimal
0.1490711987662682,grey,,RS,siegle_survey_2019,Siegle2019,optimal,optimal
0.0746326131050415,grey,,RS,siegle_survey_2019,Siegle2019,optimal,optimal
0.1132780015772815,VISrl,,RS,siegle_survey_2019,Siegle2019,optimal,optimal
0.0970410402238101,VISrl,,FS,siegle_survey_2019,Siegle2019,optimal,optimal
0.2189058058601667,VISrl,,RS,siegle_survey_2019,Siegle2019,optimal,optimal
0.0822997502327416,VISrl,,RS,siegle_survey_2019,Siegle2019,optimal,optimal
0.1977087423703196,VISrl,,RS,siegle_survey_2019,Siegle2019,optimal,optimal
0.0701823221154536,VISrl,,RS,siegle_survey_2019,Siegle2019,optimal,optimal
0.1309345410654898,VISrl,,RS,siegle_survey_2019,Siegle2019,optimal,optimal
0.0696130416457175,VISrl,,RS,siegle_survey_2019,Siegle2019,optimal,optimal
0.1330742635979684,VISrl,,RS,siegle_survey_2019,Siegle2019,optimal,optimal
0.0605094498541505,VISrl,,RS,siegle_survey_2019,Siegle2019,optimal,optimal
0.2018081046610287,VISrl,,RS,siegle_survey_2019,Siegle2019,optimal,optimal
0.4591794316002257,VISrl,,RS,siegle_survey_2019,Siegle2019,optimal,optimal
0.4685636345574852,VISrl,,RS,siegle_survey_2019,Siegle2019,optimal,optimal
0.0633212459055826,VISrl,,RS,siegle_survey_2019,Siegle2019,optimal,optimal
0.2645575420316636,MB,,FS,siegle_survey_2019,Siegle2019,optimal,optimal
0.1000158733557207,MB,,FS,siegle_survey_2019,Siegle2019,optimal,optimal
0.1031400397329704,SCig,,FS,siegle_survey_2019,Siegle2019,optimal,optimal
0.2263033438453715,DG,,FS,siegle_survey_2019,Siegle2019,optimal,optimal
0.0128613537272373,CA1,,FS,siegle_survey_2019,Siegle2019,optimal,optimal
0.0221796428360027,CA1,,RS,siegle_survey_2019,Siegle2019,optimal,optimal
0.0395511068929436,VISam,L5,FS,siegle_survey_2019,Siegle2019,optimal,optimal
0.6645174749684738,VISam,L5,RS,siegle_survey_2019,Siegle2019,optimal,optimal
0.2669839395038618,VISam,L3,RS,siegle_survey_2019,Siegle2019,optimal,optimal
0.1361804136480471,MB,,FS,siegle_survey_2019,Siegle2019,optimal,optimal
0.0561492029748362,VIS,L5,RS,siegle_survey_2019,Siegle2019,optimal,optimal
0.1275600537362869,VIS,L4,RS,siegle_survey_2019,Siegle2019,optimal,optimal
0.170305772771051,VIS,L2,RS,siegle_survey_2019,Siegle2019,optimal,optimal
0.1497133409196261,LP,,FS,siegle_survey_2019,Siegle2019,optimal,optimal
0.0969871875065414,DG,,RS,siegle_survey_2019,Siegle2019,optimal,optimal
0.0741310065957492,DG,,RS,siegle_survey_2019,Siegle2019,optimal,optimal
0.0670060265044868,DG,,FS,siegle_survey_2019,Siegle2019,optimal,optimal
0.0941978281522904,DG,,FS,siegle_survey_2019,Siegle2019,optimal,optimal
0.0360211929499931,DG,,RS,siegle_survey_2019,Siegle2019,optimal,optimal
0.1921670481020192,CA1,,RS,siegle_survey_2019,Siegle2019,optimal,optimal
0.0884176941113008,CA1,,RS,siegle_survey_2019,Siegle2019,optimal,optimal
0.1200506271102886,CA1,,RS,siegle_survey_2019,Siegle2019,optimal,optimal
0.014643070840583,CA1,,RS,siegle_survey_2019,Siegle2019,optimal,optimal
0.0934567661198027,VISp,L5,RS,siegle_survey_2019,Siegle2019,optimal,optimal
0.042018164556545,CA1,,RS,siegle_survey_2019,Siegle2019,optimal,optimal
0.378562687126662,VISl,L5,RS,siegle_survey_2019,Siegle2019,optimal,optimal
0.2026052404500407,APN,,FS,siegle_survey_2019,Siegle2019,optimal,optimal
0.1042722455652514,CA3,,RS,siegle_survey_2019,Siegle2019,optimal,optimal
0.0843976708893008,VISal,L5,RS,siegle_survey_2019,Siegle2019,optimal,optimal
0.1098700943658885,VISal,L5,RS,siegle_survey_2019,Siegle2019,optimal,optimal
0.0850894794546959,VISal,L3,RS,siegle_survey_2019,Siegle2019,optimal,optimal
0.1514923466425956,VISal,L3,RS,siegle_survey_2019,Siegle2019,optimal,optimal
0.0355357186343306,CA1,,RS,siegle_survey_2019,Siegle2019,optimal,optimal
0.0754949036776367,CA1,,FS,siegle_survey_2019,Siegle2019,optimal,optimal
0.2298776389632506,CA1,,RS,siegle_survey_2019,Siegle2019,optimal,optimal
0.162005915314679,CA1,,RS,siegle_survey_2019,Siegle2019,optimal,optimal
0.0757926751041515,LP,,FS,siegle_survey_2019,Siegle2019,optimal,optimal
0.1527678585422454,LP,,RS,siegle_survey_2019,Siegle2019,optimal,optimal
0.072142350197974,DG,,RS,siegle_survey_2019,Siegle2019,optimal,optimal
0.0519632690820434,DG,,RS,siegle_survey_2019,Siegle2019,optimal,optimal
0.1972354319600901,VISrl,L5,RS,siegle_survey_2019,Siegle2019,optimal,optimal
0.0979471815006117,VISrl,L5,RS,siegle_survey_2019,Siegle2019,optimal,optimal
0.3740181951547134,VISam,L3,RS,siegle_survey_2019,Siegle2019,optimal,optimal
0.0512029559677508,VISrl,L4,RS,siegle_survey_2019,Siegle2019,optimal,optimal
0.1283653202742089,VISrl,L3,RS,siegle_survey_2019,Siegle2019,optimal,optimal
0.5058409892844276,VISrl,L3,RS,siegle_survey_2019,Siegle2019,optimal,optimal
0.0571514412296083,VISrl,L2,RS,siegle_survey_2019,Siegle2019,optimal,optimal
0.0732422770655065,grey,,RS,siegle_survey_2019,Siegle2019,optimal,optimal
0.1029571480800963,grey,,RS,siegle_survey_2019,Siegle2019,optimal,optimal
0.0399055479333187,grey,,RS,siegle_survey_2019,Siegle2019,optimal,optimal
0.1203646980266504,grey,,RS,siegle_survey_2019,Siegle2019,optimal,optimal
0.0645418182050652,grey,,RS,siegle_survey_2019,Siegle2019,optimal,optimal
0.047178952007326,grey,,RS,siegle_survey_2019,Siegle2019,optimal,optimal
0.1185344893191712,APN,,FS,siegle_survey_2019,Siegle2019,optimal,optimal
0.0447646634524596,APN,,FS,siegle_survey_2019,Siegle2019,optimal,optimal
0.0191348574567936,grey,,RS,siegle_survey_2019,Siegle2019,optimal,optimal
0.3275889616182246,grey,,FS,siegle_survey_2019,Siegle2019,optimal,optimal
0.2417619040020871,grey,,RS,siegle_survey_2019,Siegle2019,optimal,optimal
0.3305823628399018,APN,,FS,siegle_survey_2019,Siegle2019,optimal,optimal
0.1858026914073648,CA1,,RS,siegle_survey_2019,Siegle2019,optimal,optimal
0.0462724499690933,grey,,RS,siegle_survey_2019,Siegle2019,optimal,optimal
0.1942183806605889,VISam,L5,RS,siegle_survey_2019,Siegle2019,optimal,optimal
0.1846626023812965,VISpm,,RS,siegle_survey_2019,Siegle2019,optimal,optimal
0.2985593169655915,VISpm,,RS,siegle_survey_2019,Siegle2019,optimal,optimal
0.1149177119270075,VISam,L4,RS,siegle_survey_2019,Siegle2019,optimal,optimal
0.027906621971726,VISpm,,RS,siegle_survey_2019,Siegle2019,optimal,optimal
0.1852397799063485,VISpm,,RS,siegle_survey_2019,Siegle2019,optimal,optimal
0.049691818346498,VISam,L3,RS,siegle_survey_2019,Siegle2019,optimal,optimal
0.1151396855622913,VISpm,,RS,siegle_survey_2019,Siegle2019,optimal,optimal
0.1328087655576704,VISam,L3,RS,siegle_survey_2019,Siegle2019,optimal,optimal
0.1565162323133168,VISpm,,RS,siegle_survey_2019,Siegle2019,optimal,optimal
0.1469248677967789,VISam,L3,RS,siegle_survey_2019,Siegle2019,optimal,optimal
0.1606678208172094,VISam,L3,RS,siegle_survey_2019,Siegle2019,optimal,optimal
0.1844386220806303,VISam,L2,FS,siegle_survey_2019,Siegle2019,optimal,optimal
0.2157368140064067,VISpm,,RS,siegle_survey_2019,Siegle2019,optimal,optimal
0.5120643896772997,VISam,L3,RS,siegle_survey_2019,Siegle2019,optimal,optimal
0.3209868097553163,grey,,FS,siegle_survey_2019,Siegle2019,optimal,optimal
0.0280136469111261,APN,,RS,siegle_survey_2019,Siegle2019,optimal,optimal
0.026757190523476,APN,,RS,siegle_survey_2019,Siegle2019,optimal,optimal
0.0734607422322682,PO,,FS,siegle_survey_2019,Siegle2019,optimal,optimal
0.0417727528276005,grey,,FS,siegle_survey_2019,Siegle2019,optimal,optimal
0.1156729335631509,grey,,FS,siegle_survey_2019,Siegle2019,optimal,optimal
0.1118988631752404,PO,,RS,siegle_survey_2019,Siegle2019,optimal,optimal
0.0499354445945706,POL,,RS,siegle_survey_2019,Siegle2019,optimal,optimal
0.0858862738474829,LP,,RS,siegle_survey_2019,Siegle2019,optimal,optimal
0.0368153720710591,LP,,FS,siegle_survey_2019,Siegle2019,optimal,optimal
0.0775841705450518,grey,,FS,siegle_survey_2019,Siegle2019,optimal,optimal
0.2477324635748281,POL,,RS,siegle_survey_2019,Siegle2019,optimal,optimal
0.0224062228953315,LP,,FS,siegle_survey_2019,Siegle2019,optimal,optimal
0.2151579820885958,TH,,FS,siegle_survey_2019,Siegle2019,optimal,optimal
0.0914616947019531,LP,,RS,siegle_survey_2019,Siegle2019,optimal,optimal
0.2313412559348492,LP,,RS,siegle_survey_2019,Siegle2019,optimal,optimal
0.1097480643742703,LGd,,FS,siegle_survey_2019,Siegle2019,optimal,optimal
0.2195295994989641,grey,,RS,siegle_survey_2019,Siegle2019,optimal,optimal
0.1707106781186547,grey,,RS,siegle_survey_2019,Siegle2019,optimal,optimal
0.3409514563236463,grey,,RS,siegle_survey_2019,Siegle2019,optimal,optimal
0.0240565533479216,DG,,RS,siegle_survey_2019,Siegle2019,optimal,optimal
0.1684110470398394,grey,,RS,siegle_survey_2019,Siegle2019,optimal,optimal
0.0555716500314977,LGd,,FS,siegle_survey_2019,Siegle2019,optimal,optimal
0.3816145533305389,grey,,RS,siegle_survey_2019,Siegle2019,optimal,optimal
0.0835004433502616,LP,,FS,siegle_survey_2019,Siegle2019,optimal,optimal
0.1026394767374691,LP,,FS,siegle_survey_2019,Siegle2019,optimal,optimal
0.0139617178636392,LP,,FS,siegle_survey_2019,Siegle2019,optimal,optimal
0.0802956651855803,CA1,,RS,siegle_survey_2019,Siegle2019,optimal,optimal
0.2419949725038645,grey,,RS,siegle_survey_2019,Siegle2019,optimal,optimal
0.0153234701908011,LGd,,FS,siegle_survey_2019,Siegle2019,optimal,optimal
0.1869663651270358,CA1,,FS,siegle_survey_2019,Siegle2019,optimal,optimal
0.0916654074326401,LGd,,FS,siegle_survey_2019,Siegle2019,optimal,optimal
0.0591427918967977,grey,,RS,siegle_survey_2019,Siegle2019,optimal,optimal
0.0585268360583354,VIS,,FS,siegle_survey_2019,Siegle2019,optimal,optimal
0.4584631359159133,VIS,,RS,siegle_survey_2019,Siegle2019,optimal,optimal
0.1801467048399602,VIS,,RS,siegle_survey_2019,Siegle2019,optimal,optimal
0.2280630623014843,VIS,,RS,siegle_survey_2019,Siegle2019,optimal,optimal
0.286313078552142,DG,,RS,siegle_survey_2019,Siegle2019,optimal,optimal
0.0375358979362395,VISpm,L5,FS,siegle_survey_2019,Siegle2019,optimal,optimal
0.2436142522651632,VIS,,RS,siegle_survey_2019,Siegle2019,optimal,optimal
0.1108966473867645,VIS,,RS,siegle_survey_2019,Siegle2019,optimal,optimal
0.3211966374935879,DG,,FS,siegle_survey_2019,Siegle2019,optimal,optimal
0.1115444515357608,DG,,RS,siegle_survey_2019,Siegle2019,optimal,optimal
0.0870792207752445,DG,,FS,siegle_survey_2019,Siegle2019,optimal,optimal
0.1439649073908467,DG,,RS,siegle_survey_2019,Siegle2019,optimal,optimal
0.3367294377139196,DG,,FS,siegle_survey_2019,Siegle2019,optimal,optimal
0.083140818109795,VIS,,RS,siegle_survey_2019,Siegle2019,optimal,optimal
0.1696814049364051,VISpm,L4,RS,siegle_survey_2019,Siegle2019,optimal,optimal
0.5251652331863296,CA1,,RS,siegle_survey_2019,Siegle2019,optimal,optimal
0.2993118261335258,VIS,,RS,siegle_survey_2019,Siegle2019,optimal,optimal
0.098084470159452,CA1,,RS,siegle_survey_2019,Siegle2019,optimal,optimal
0.1767167524839324,CA1,,RS,siegle_survey_2019,Siegle2019,optimal,optimal
0.0561743936862193,CA1,,RS,siegle_survey_2019,Siegle2019,optimal,optimal
0.0987810357878923,VIS,,FS,siegle_survey_2019,Siegle2019,optimal,optimal
0.1907583404914764,CA1,,RS,siegle_survey_2019,Siegle2019,optimal,optimal
0.133840308845953,VIS,,RS,siegle_survey_2019,Siegle2019,optimal,optimal
0.1009611836607904,CA1,,RS,siegle_survey_2019,Siegle2019,optimal,optimal
0.3445759065283132,CA1,,RS,siegle_survey_2019,Siegle2019,optimal,optimal
0.2427780927493746,CA1,,RS,siegle_survey_2019,Siegle2019,optimal,optimal
0.2152997957476611,VIS,,RS,siegle_survey_2019,Siegle2019,optimal,optimal
0.2640315175392018,CA1,,RS,siegle_survey_2019,Siegle2019,optimal,optimal
0.285834662589653,VIS,,RS,siegle_survey_2019,Siegle2019,optimal,optimal
0.4172184823492112,VIS,,RS,siegle_survey_2019,Siegle2019,optimal,optimal
0.2348935400636133,VIS,,RS,siegle_survey_2019,Siegle2019,optimal,optimal
0.1020775513453598,VIS,,RS,siegle_survey_2019,Siegle2019,optimal,optimal
0.2314759498362371,VIS,,RS,siegle_survey_2019,Siegle2019,optimal,optimal
0.0541607374384577,CA1,,RS,siegle_survey_2019,Siegle2019,optimal,optimal
0.2513965750868001,CA1,,RS,siegle_survey_2019,Siegle2019,optimal,optimal
0.6186743258607171,VIS,,RS,siegle_survey_2019,Siegle2019,optimal,optimal
0.3549328381834351,VIS,,RS,siegle_survey_2019,Siegle2019,optimal,optimal
0.239505974495422,VIS,,RS,siegle_survey_2019,Siegle2019,optimal,optimal
0.3142176618788518,VIS,,RS,siegle_survey_2019,Siegle2019,optimal,optimal
0.1560064970572761,CA1,,RS,siegle_survey_2019,Siegle2019,optimal,optimal
0.2093889530697296,VIS,,RS,siegle_survey_2019,Siegle2019,optimal,optimal
0.0491663415993719,VISp,L6a,RS,siegle_survey_2019,Siegle2019,optimal,optimal
0.0181919795742839,APN,,RS,siegle_survey_2019,Siegle2019,optimal,optimal
0.0378057249411804,VISp,L6a,RS,siegle_survey_2019,Siegle2019,optimal,optimal
0.0397608501701404,VISp,L5,FS,siegle_survey_2019,Siegle2019,optimal,optimal
0.3506246666590938,VISp,L5,RS,siegle_survey_2019,Siegle2019,optimal,optimal
0.0755246685822521,APN,,RS,siegle_survey_2019,Siegle2019,optimal,optimal
0.0110405379501632,VISp,L5,RS,siegle_survey_2019,Siegle2019,optimal,optimal
0.1519557555570011,APN,,RS,siegle_survey_2019,Siegle2019,optimal,optimal
0.1387338009060811,APN,,RS,siegle_survey_2019,Siegle2019,optimal,optimal
0.3173281109478703,VIS,,RS,siegle_survey_2019,Siegle2019,optimal,optimal
0.4903212209481035,VIS,,RS,siegle_survey_2019,Siegle2019,optimal,optimal
0.072759149145235,VIS,,RS,siegle_survey_2019,Siegle2019,optimal,optimal
0.1458506474903476,APN,,RS,siegle_survey_2019,Siegle2019,optimal,optimal
0.1347183476769671,VIS,,RS,siegle_survey_2019,Siegle2019,optimal,optimal
0.2647475557650343,APN,,RS,siegle_survey_2019,Siegle2019,optimal,optimal
0.4476762464592884,VISp,L4,RS,siegle_survey_2019,Siegle2019,optimal,optimal
0.1930394287602176,VIS,,RS,siegle_survey_2019,Siegle2019,optimal,optimal
0.0946028762950557,APN,,FS,siegle_survey_2019,Siegle2019,optimal,optimal
0.0525373054665966,APN,,FS,siegle_survey_2019,Siegle2019,optimal,optimal
0.0788448802350954,grey,,FS,siegle_survey_2019,Siegle2019,optimal,optimal
0.29751394978129,NOT,,RS,siegle_survey_2019,Siegle2019,optimal,optimal
0.4366024301002089,VISp,L2,RS,siegle_survey_2019,Siegle2019,optimal,optimal
0.0632105775216172,SUB,,RS,siegle_survey_2019,Siegle2019,optimal,optimal
0.4534019130966558,SUB,,RS,siegle_survey_2019,Siegle2019,optimal,optimal
0.1259746536232495,SUB,,RS,siegle_survey_2019,Siegle2019,optimal,optimal
0.0671398124306509,grey,,FS,siegle_survey_2019,Siegle2019,optimal,optimal
0.0354762587198626,grey,,RS,siegle_survey_2019,Siegle2019,optimal,optimal
0.0198783544811003,grey,,RS,siegle_survey_2019,Siegle2019,optimal,optimal
0.0465110918672052,SUB,,RS,siegle_survey_2019,Siegle2019,optimal,optimal
0.0290764021762689,grey,,RS,siegle_survey_2019,Siegle2019,optimal,optimal
0.132373151206548,grey,,RS,siegle_survey_2019,Siegle2019,optimal,optimal
0.1191317476756956,SUB,,FS,siegle_survey_2019,Siegle2019,optimal,optimal
0.0239375223138748,grey,,RS,siegle_survey_2019,Siegle2019,optimal,optimal
0.1774615652441492,CA1,,RS,siegle_survey_2019,Siegle2019,optimal,optimal
0.0696653689503289,grey,,RS,siegle_survey_2019,Siegle2019,optimal,optimal
0.0229339718944758,grey,,RS,siegle_survey_2019,Siegle2019,optimal,optimal
0.0781833457600382,grey,,RS,siegle_survey_2019,Siegle2019,optimal,optimal
0.1120356483288975,VISp,L4,RS,siegle_survey_2019,Siegle2019,optimal,optimal
0.0831615949600821,LGd,,FS,siegle_survey_2019,Siegle2019,optimal,optimal
0.0370547211073447,LGd,,FS,siegle_survey_2019,Siegle2019,optimal,optimal
0.1595628576355885,VISp,L3,RS,siegle_survey_2019,Siegle2019,optimal,optimal
0.2093426278655989,CA3,,RS,siegle_survey_2019,Siegle2019,optimal,optimal
0.0246298107988977,CA3,,FS,siegle_survey_2019,Siegle2019,optimal,optimal
0.1488349620354015,VISl,L6a,RS,siegle_survey_2019,Siegle2019,optimal,optimal
0.2940080457147304,VISpm,,RS,siegle_survey_2019,Siegle2019,optimal,optimal
0.1318048309873511,VISl,L6a,RS,siegle_survey_2019,Siegle2019,optimal,optimal
0.0679787708662235,VISl,L5,RS,siegle_survey_2019,Siegle2019,optimal,optimal
0.0509878794710534,VISl,L5,FS,siegle_survey_2019,Siegle2019,optimal,optimal
0.260024334289275,CA1,,RS,siegle_survey_2019,Siegle2019,optimal,optimal
0.0833009102303407,CA1,,FS,siegle_survey_2019,Siegle2019,optimal,optimal
0.0862584002255278,ZI,,FS,siegle_survey_2019,Siegle2019,optimal,optimal
0.0345685798498619,VISl,L5,RS,siegle_survey_2019,Siegle2019,optimal,optimal
0.0207285061292242,MB,,FS,siegle_survey_2019,Siegle2019,optimal,optimal
0.2054120685172281,VISl,L5,RS,siegle_survey_2019,Siegle2019,optimal,optimal
0.2070295838765394,VISl,L5,FS,siegle_survey_2019,Siegle2019,optimal,optimal
0.0431088705281256,VISl,L5,RS,siegle_survey_2019,Siegle2019,optimal,optimal
0.1271639501927429,VISl,L5,RS,siegle_survey_2019,Siegle2019,optimal,optimal
0.0769471452321815,VISl,L4,RS,siegle_survey_2019,Siegle2019,optimal,optimal
0.0741662090408633,grey,,FS,siegle_survey_2019,Siegle2019,optimal,optimal
0.0525692572420428,VISl,L3,RS,siegle_survey_2019,Siegle2019,optimal,optimal
0.2042446736503443,VISl,L3,RS,siegle_survey_2019,Siegle2019,optimal,optimal
0.0625875735599221,grey,,RS,siegle_survey_2019,Siegle2019,optimal,optimal
0.1173114688029156,grey,,RS,siegle_survey_2019,Siegle2019,optimal,optimal
0.1142015560220014,grey,,RS,siegle_survey_2019,Siegle2019,optimal,optimal
0.0485568772088745,grey,,RS,siegle_survey_2019,Siegle2019,optimal,optimal
0.0593603781105399,grey,,RS,siegle_survey_2019,Siegle2019,optimal,optimal
0.0286554406914176,CA3,,FS,siegle_survey_2019,Siegle2019,optimal,optimal
0.0145973550837847,CA3,,RS,siegle_survey_2019,Siegle2019,optimal,optimal
0.0246990981020916,CA1,,FS,siegle_survey_2019,Siegle2019,optimal,optimal
0.2099456557603894,CA1,L1,RS,siegle_survey_2019,Siegle2019,optimal,optimal
0.1243002312614431,grey,,RS,siegle_survey_2019,Siegle2019,optimal,optimal
0.0269300661846238,grey,,RS,siegle_survey_2019,Siegle2019,optimal,optimal
0.111884725762461,CA1,L1,RS,siegle_survey_2019,Siegle2019,optimal,optimal
0.0446794333754291,grey,,RS,siegle_survey_2019,Siegle2019,optimal,optimal
0.0361881752748152,grey,,RS,siegle_survey_2019,Siegle2019,optimal,optimal
0.0484757945894541,CA1,,RS,siegle_survey_2019,Siegle2019,optimal,optimal
0.0558619472008356,CA1,,RS,siegle_survey_2019,Siegle2019,optimal,optimal
0.0530996835610195,grey,,RS,siegle_survey_2019,Siegle2019,optimal,optimal
0.0751899352484593,grey,,RS,siegle_survey_2019,Siegle2019,optimal,optimal
0.0473542746088499,CA3,,RS,siegle_survey_2019,Siegle2019,optimal,optimal
0.0475803785212649,VISl,L6a,RS,siegle_survey_2019,Siegle2019,optimal,optimal
0.0224657332732245,grey,,RS,siegle_survey_2019,Siegle2019,optimal,optimal
0.0206328047028095,grey,,RS,siegle_survey_2019,Siegle2019,optimal,optimal
0.1372173359163893,VISl,L6a,RS,siegle_survey_2019,Siegle2019,optimal,optimal
0.0344760621706657,CA3,,FS,siegle_survey_2019,Siegle2019,optimal,optimal
0.0382841635585389,grey,,RS,siegle_survey_2019,Siegle2019,optimal,optimal
0.0293788611138188,VISl,L6a,RS,siegle_survey_2019,Siegle2019,optimal,optimal
0.2325645426798142,VISl,L5,RS,siegle_survey_2019,Siegle2019,optimal,optimal
0.2131058203854419,VISl,L5,RS,siegle_survey_2019,Siegle2019,optimal,optimal
0.0227849240683629,grey,,RS,siegle_survey_2019,Siegle2019,optimal,optimal
0.0205938424415025,grey,,RS,siegle_survey_2019,Siegle2019,optimal,optimal
0.3555411159640621,VISl,L5,RS,siegle_survey_2019,Siegle2019,optimal,optimal
0.2242499889840798,VISl,L5,RS,siegle_survey_2019,Siegle2019,optimal,optimal
0.0969172161175318,VISl,L5,RS,siegle_survey_2019,Siegle2019,optimal,optimal
0.0823476221590879,grey,,RS,siegle_survey_2019,Siegle2019,optimal,optimal
0.0614140703250998,grey,,RS,siegle_survey_2019,Siegle2019,optimal,optimal
0.1254395742881848,grey,,RS,siegle_survey_2019,Siegle2019,optimal,optimal
0.1378254338621245,grey,,RS,siegle_survey_2019,Siegle2019,optimal,optimal
0.0331578721770455,CA1,,FS,siegle_survey_2019,Siegle2019,optimal,optimal
0.1633577223085848,grey,,RS,siegle_survey_2019,Siegle2019,optimal,optimal
0.0485922784357479,grey,,RS,siegle_survey_2019,Siegle2019,optimal,optimal
0.0687336500841078,grey,,RS,siegle_survey_2019,Siegle2019,optimal,optimal
0.3545656055847551,grey,,FS,siegle_survey_2019,Siegle2019,optimal,optimal
0.2902992665634232,grey,,FS,siegle_survey_2019,Siegle2019,optimal,optimal
0.258299969852133,CA3,,RS,siegle_survey_2019,Siegle2019,optimal,optimal
0.1123614851684632,PO,,RS,siegle_survey_2019,Siegle2019,optimal,optimal
0.104226943915384,CA1,,RS,siegle_survey_2019,Siegle2019,optimal,optimal
0.0319009109101207,PO,,RS,siegle_survey_2019,Siegle2019,optimal,optimal
0.1424088739729823,PO,,RS,siegle_survey_2019,Siegle2019,optimal,optimal
0.1498992979615077,CA1,,RS,siegle_survey_2019,Siegle2019,optimal,optimal
0.0305385936385787,CA1,,FS,siegle_survey_2019,Siegle2019,optimal,optimal
0.3414204076249063,VISp,,RS,siegle_survey_2019,Siegle2019,optimal,optimal
0.1875799711397136,VIS,L5,RS,siegle_survey_2019,Siegle2019,optimal,optimal
0.1750398686140528,VIS,L5,RS,siegle_survey_2019,Siegle2019,optimal,optimal
0.0009009601345193,VIS,L5,FS,siegle_survey_2019,Siegle2019,optimal,optimal
0.2064390146832775,VIS,L5,RS,siegle_survey_2019,Siegle2019,optimal,optimal
0.0509837451320365,PO,,RS,siegle_survey_2019,Siegle2019,optimal,optimal
0.0665045394712422,VIS,L4,RS,siegle_survey_2019,Siegle2019,optimal,optimal
0.1803828766564342,VPM,,RS,siegle_survey_2019,Siegle2019,optimal,optimal
0.1011810225548788,VIS,L4,RS,siegle_survey_2019,Siegle2019,optimal,optimal
0.0950784631812538,VIS,L3,RS,siegle_survey_2019,Siegle2019,optimal,optimal
0.061563297404942,VIS,L3,RS,siegle_survey_2019,Siegle2019,optimal,optimal
0.1926340624206996,LGd,,FS,siegle_survey_2019,Siegle2019,optimal,optimal
0.0199374117364129,VPM,,RS,siegle_survey_2019,Siegle2019,optimal,optimal
0.0436296741197068,VPM,,RS,siegle_survey_2019,Siegle2019,optimal,optimal
0.2727818818268235,VISp,,RS,siegle_survey_2019,Siegle2019,optimal,optimal
0.056944440500507,LGd,,RS,siegle_survey_2019,Siegle2019,optimal,optimal
0.0375779697211127,DG,,FS,siegle_survey_2019,Siegle2019,optimal,optimal
0.0670760143332415,grey,,FS,siegle_survey_2019,Siegle2019,optimal,optimal
0.0495497353696631,CA1,,RS,siegle_survey_2019,Siegle2019,optimal,optimal
0.0704497937964414,grey,,RS,siegle_survey_2019,Siegle2019,optimal,optimal
0.2186610617361342,VISrl,L5,RS,siegle_survey_2019,Siegle2019,optimal,optimal
0.0244158928882212,CA3,L3,FS,siegle_survey_2019,Siegle2019,optimal,optimal
0.2031640815607613,VISrl,L4,RS,siegle_survey_2019,Siegle2019,optimal,optimal
0.3285961140786174,VISrl,L3,RS,siegle_survey_2019,Siegle2019,optimal,optimal
0.0273413186412866,CA1,,FS,siegle_survey_2019,Siegle2019,optimal,optimal
0.196580106892461,VISrl,L3,RS,siegle_survey_2019,Siegle2019,optimal,optimal
0.0219589141385436,CA1,,FS,siegle_survey_2019,Siegle2019,optimal,optimal
0.0650752442676093,grey,,RS,siegle_survey_2019,Siegle2019,optimal,optimal
0.1466614685764723,grey,,RS,siegle_survey_2019,Siegle2019,optimal,optimal
0.2102525014673198,DG,,FS,siegle_survey_2019,Siegle2019,optimal,optimal
0.1052279062299061,VISrl,L5,RS,siegle_survey_2019,Siegle2019,optimal,optimal
0.0159055113198474,CA1,,RS,siegle_survey_2019,Siegle2019,optimal,optimal
0.0397677621322235,VISrl,L6b,FS,siegle_survey_2019,Siegle2019,optimal,optimal
0.3605155784835945,VISrl,L4,FS,siegle_survey_2019,Siegle2019,optimal,optimal
0.4816586976536178,VISrl,L4,RS,siegle_survey_2019,Siegle2019,optimal,optimal
0.107439628811719,VISrl,L4,RS,siegle_survey_2019,Siegle2019,optimal,optimal
0.1215426040265854,grey,,RS,siegle_survey_2019,Siegle2019,optimal,optimal
0.0820777233405068,VISrl,L4,RS,siegle_survey_2019,Siegle2019,optimal,optimal
0.1681527242381112,grey,,RS,siegle_survey_2019,Siegle2019,optimal,optimal
0.3349694340297477,grey,,RS,siegle_survey_2019,Siegle2019,optimal,optimal
0.0937441553586942,VISrl,L3,RS,siegle_survey_2019,Siegle2019,optimal,optimal
0.0634401453880246,VISl,,RS,siegle_survey_2019,Siegle2019,optimal,optimal
0.3720938046727759,VISrl,L3,RS,siegle_survey_2019,Siegle2019,optimal,optimal
0.575983578566901,VISl,,RS,siegle_survey_2019,Siegle2019,optimal,optimal
0.1000703072512257,VISl,,FS,siegle_survey_2019,Siegle2019,optimal,optimal
0.1204007769873921,VISl,,RS,siegle_survey_2019,Siegle2019,optimal,optimal
0.0676176943554701,VISl,,RS,siegle_survey_2019,Siegle2019,optimal,optimal
0.327593676904411,VISrl,L4,RS,siegle_survey_2019,Siegle2019,optimal,optimal
0.154793004198092,VISl,,RS,siegle_survey_2019,Siegle2019,optimal,optimal
0.0370142246243333,VISl,,RS,siegle_survey_2019,Siegle2019,optimal,optimal
0.1104437174067951,VISl,,RS,siegle_survey_2019,Siegle2019,optimal,optimal
0.1111589726136771,VISl,,RS,siegle_survey_2019,Siegle2019,optimal,optimal
0.2370337847383418,VISal,,RS,siegle_survey_2019,Siegle2019,optimal,optimal
0.2910113313620321,VISal,,RS,siegle_survey_2019,Siegle2019,optimal,optimal
0.2258108431112806,VISal,,RS,siegle_survey_2019,Siegle2019,optimal,optimal
0.3212988787038206,VISal,,RS,siegle_survey_2019,Siegle2019,optimal,optimal
0.0816580103722058,VISal,,FS,siegle_survey_2019,Siegle2019,optimal,optimal
0.1816919401444455,grey,,FS,siegle_survey_2019,Siegle2019,optimal,optimal
0.2768889882625835,grey,,FS,siegle_survey_2019,Siegle2019,optimal,optimal
0.5703649159683081,grey,,FS,siegle_survey_2019,Siegle2019,optimal,optimal
0.1935588174828428,grey,,FS,siegle_survey_2019,Siegle2019,optimal,optimal
0.029667610722823,grey,,RS,siegle_survey_2019,Siegle2019,optimal,optimal
0.1771100314993595,grey,,FS,siegle_survey_2019,Siegle2019,optimal,optimal
0.170917931305018,grey,,RS,siegle_survey_2019,Siegle2019,optimal,optimal
0.1563224141170557,grey,,FS,siegle_survey_2019,Siegle2019,optimal,optimal
0.2794711099518542,grey,,RS,siegle_survey_2019,Siegle2019,optimal,optimal
0.1420009248038136,grey,,RS,siegle_survey_2019,Siegle2019,optimal,optimal
0.178178590699904,grey,,RS,siegle_survey_2019,Siegle2019,optimal,optimal
0.0440771311616508,grey,,RS,siegle_survey_2019,Siegle2019,optimal,optimal
0.0318866017181685,grey,,RS,siegle_survey_2019,Siegle2019,optimal,optimal
0.0981275218788528,grey,,RS,siegle_survey_2019,Siegle2019,optimal,optimal
0.2136804345403777,grey,,RS,siegle_survey_2019,Siegle2019,optimal,optimal
0.1556327134981246,VISrl,,RS,siegle_survey_2019,Siegle2019,optimal,optimal
0.0299353143430099,VISrl,,FS,siegle_survey_2019,Siegle2019,optimal,optimal
0.1165576368642655,VISrl,,RS,siegle_survey_2019,Siegle2019,optimal,optimal
0.048241611653762,VISrl,,RS,siegle_survey_2019,Siegle2019,optimal,optimal
0.1235891040699379,VISrl,,RS,siegle_survey_2019,Siegle2019,optimal,optimal
0.1038722072749436,VISrl,,RS,siegle_survey_2019,Siegle2019,optimal,optimal
0.1539249564369897,VISrl,,RS,siegle_survey_2019,Siegle2019,optimal,optimal
0.042140157029313,VISrl,,RS,siegle_survey_2019,Siegle2019,optimal,optimal
0.1313293413854914,VISrl,,RS,siegle_survey_2019,Siegle2019,optimal,optimal
0.0137490179505632,VISrl,,RS,siegle_survey_2019,Siegle2019,optimal,optimal
0.2006571388716715,VISrl,,FS,siegle_survey_2019,Siegle2019,optimal,optimal
0.0451492905862211,VISrl,,RS,siegle_survey_2019,Siegle2019,optimal,optimal
0.1422533614658688,VISrl,,RS,siegle_survey_2019,Siegle2019,optimal,optimal
0.2554345280189083,VISrl,,RS,siegle_survey_2019,Siegle2019,optimal,optimal
0.2450917327851906,VISrl,,RS,siegle_survey_2019,Siegle2019,optimal,optimal
0.1986781335424549,VISrl,,RS,siegle_survey_2019,Siegle2019,optimal,optimal
0.1455063024707316,VISrl,,RS,siegle_survey_2019,Siegle2019,optimal,optimal
0.1826238128325839,VISrl,,RS,siegle_survey_2019,Siegle2019,optimal,optimal
0.1813486805648075,VISrl,,RS,siegle_survey_2019,Siegle2019,optimal,optimal
0.5319118932260093,VISrl,,RS,siegle_survey_2019,Siegle2019,optimal,optimal
0.0507305936177288,VISrl,,RS,siegle_survey_2019,Siegle2019,optimal,optimal
0.0854410755723174,APN,,FS,siegle_survey_2019,Siegle2019,optimal,optimal
0.2478269441541847,DG,,FS,siegle_survey_2019,Siegle2019,optimal,optimal
0.1220825803113221,VISam,L5,RS,siegle_survey_2019,Siegle2019,optimal,optimal
0.2521206672406235,VISam,L5,RS,siegle_survey_2019,Siegle2019,optimal,optimal
0.0553047154073411,VISam,L5,RS,siegle_survey_2019,Siegle2019,optimal,optimal
0.0484610909630511,VISam,L5,RS,siegle_survey_2019,Siegle2019,optimal,optimal
0.1056325220635784,VISam,L4,RS,siegle_survey_2019,Siegle2019,optimal,optimal
0.2894868598437006,VISam,L4,RS,siegle_survey_2019,Siegle2019,optimal,optimal
0.0672019024247642,VISam,L4,RS,siegle_survey_2019,Siegle2019,optimal,optimal
0.2364437283553308,VISam,L3,RS,siegle_survey_2019,Siegle2019,optimal,optimal
0.3549724290485586,VISam,L3,RS,siegle_survey_2019,Siegle2019,optimal,optimal
0.1955622062423677,VISam,L3,RS,siegle_survey_2019,Siegle2019,optimal,optimal
0.0578930912094454,VISam,L2,RS,siegle_survey_2019,Siegle2019,optimal,optimal
0.138135220777285,PO,,RS,siegle_survey_2019,Siegle2019,optimal,optimal
0.0302661304593337,PO,,RS,siegle_survey_2019,Siegle2019,optimal,optimal
0.0582285614348538,Eth,,RS,siegle_survey_2019,Siegle2019,optimal,optimal
0.1371953689291516,Eth,,RS,siegle_survey_2019,Siegle2019,optimal,optimal
0.1668312518552553,LP,,RS,siegle_survey_2019,Siegle2019,optimal,optimal
0.038536657915475,LP,,RS,siegle_survey_2019,Siegle2019,optimal,optimal
0.0909090909090909,LP,,RS,siegle_survey_2019,Siegle2019,optimal,optimal
0.0777264254059344,LP,,RS,siegle_survey_2019,Siegle2019,optimal,optimal
0.0964919264587971,LP,,RS,siegle_survey_2019,Siegle2019,optimal,optimal
0.1244848002324007,LP,,FS,siegle_survey_2019,Siegle2019,optimal,optimal
0.0630743624800727,LP,,RS,siegle_survey_2019,Siegle2019,optimal,optimal
0.1502351287245869,LP,,RS,siegle_survey_2019,Siegle2019,optimal,optimal
0.0297394061592627,LP,,RS,siegle_survey_2019,Siegle2019,optimal,optimal
0.1090245516688432,LP,,RS,siegle_survey_2019,Siegle2019,optimal,optimal
0.1034561172563968,LP,,RS,siegle_survey_2019,Siegle2019,optimal,optimal
0.0220566354904808,VISmma,L5,FS,siegle_survey_2019,Siegle2019,optimal,optimal
0.079472339295635,VISmma,L5,RS,siegle_survey_2019,Siegle2019,optimal,optimal
0.0513578259901886,VISmma,L4,RS,siegle_survey_2019,Siegle2019,optimal,optimal
0.1869912768808715,VISmma,L3,RS,siegle_survey_2019,Siegle2019,optimal,optimal
0.0540534097421476,LP,,RS,siegle_survey_2019,Siegle2019,optimal,optimal
0.2014232980983859,LP,,RS,siegle_survey_2019,Siegle2019,optimal,optimal
0.1536033468650436,LP,,RS,siegle_survey_2019,Siegle2019,optimal,optimal
0.1706515991266148,LP,,FS,siegle_survey_2019,Siegle2019,optimal,optimal
0.0541236069346973,LP,,RS,siegle_survey_2019,Siegle2019,optimal,optimal
0.1514549400542358,LP,,FS,siegle_survey_2019,Siegle2019,optimal,optimal
0.1307145989700939,LP,,RS,siegle_survey_2019,Siegle2019,optimal,optimal
0.1020278707105703,DG,,RS,siegle_survey_2019,Siegle2019,optimal,optimal
0.0683177727423947,DG,,RS,siegle_survey_2019,Siegle2019,optimal,optimal
0.1250325031140867,SUB,,RS,siegle_survey_2019,Siegle2019,optimal,optimal
0.1512761497833328,SUB,,RS,siegle_survey_2019,Siegle2019,optimal,optimal
0.2350102649113118,SUB,,RS,siegle_survey_2019,Siegle2019,optimal,optimal
0.3496940878454388,VISp,L5,RS,siegle_survey_2019,Siegle2019,optimal,optimal
0.0947025083243461,VISp,L5,FS,siegle_survey_2019,Siegle2019,optimal,optimal
0.2656911946329242,VISp,L4,RS,siegle_survey_2019,Siegle2019,optimal,optimal
0.7092577717575644,VISp,L3,RS,siegle_survey_2019,Siegle2019,optimal,optimal
0.3449825594514098,VISp,L3,RS,siegle_survey_2019,Siegle2019,optimal,optimal
0.1138938465505904,VISp,L3,RS,siegle_survey_2019,Siegle2019,optimal,optimal
0.7036560765882767,VISp,L3,RS,siegle_survey_2019,Siegle2019,optimal,optimal
0.1462885509934634,LGd,,FS,siegle_survey_2019,Siegle2019,optimal,optimal
0.1255429218062364,VISl,L5,RS,siegle_survey_2019,Siegle2019,optimal,optimal
0.5333216162109568,VISl,L5,RS,siegle_survey_2019,Siegle2019,optimal,optimal
0.1385648663720534,PIL,,RS,siegle_survey_2019,Siegle2019,optimal,optimal
0.2755876203471005,VISrl,L5,RS,siegle_survey_2019,Siegle2019,optimal,optimal
0.0954309315246194,VISrl,L4,RS,siegle_survey_2019,Siegle2019,optimal,optimal
0.1133954218794972,LP,,RS,siegle_survey_2019,Siegle2019,optimal,optimal
0.0223412362194175,LP,,FS,siegle_survey_2019,Siegle2019,optimal,optimal
0.1257942662532523,VISam,L5,RS,siegle_survey_2019,Siegle2019,optimal,optimal
0.2085958517450441,VISam,L5,RS,siegle_survey_2019,Siegle2019,optimal,optimal
0.3961819022099859,VISam,L3,RS,siegle_survey_2019,Siegle2019,optimal,optimal
0.0992341548647924,DG,,FS,siegle_survey_2019,Siegle2019,optimal,optimal
0.0147483149634565,SUB,,RS,siegle_survey_2019,Siegle2019,optimal,optimal
0.0281227769542166,VISp,L6a,RS,siegle_survey_2019,Siegle2019,optimal,optimal
0.0318990230718909,VISp,L6a,RS,siegle_survey_2019,Siegle2019,optimal,optimal
0.0981479147349494,VISp,L6a,RS,siegle_survey_2019,Siegle2019,optimal,optimal
0.0208612039328438,VISp,L6a,RS,siegle_survey_2019,Siegle2019,optimal,optimal
0.1283163462362804,VISp,L5,FS,siegle_survey_2019,Siegle2019,optimal,optimal
0.0792590058351892,VISp,L5,FS,siegle_survey_2019,Siegle2019,optimal,optimal
0.1844315392866765,VISp,L5,RS,siegle_survey_2019,Siegle2019,optimal,optimal
0.3444907447253515,VISp,L5,FS,siegle_survey_2019,Siegle2019,optimal,optimal
0.4423377645635278,VISp,L5,RS,siegle_survey_2019,Siegle2019,optimal,optimal
0.1958944978559864,VISp,L5,FS,siegle_survey_2019,Siegle2019,optimal,optimal
0.1228579580994474,VISp,L5,FS,siegle_survey_2019,Siegle2019,optimal,optimal
0.1244747711490048,VISp,L5,RS,siegle_survey_2019,Siegle2019,optimal,optimal
0.0990918844383608,VISp,L5,RS,siegle_survey_2019,Siegle2019,optimal,optimal
0.0454471022569556,VISp,L4,FS,siegle_survey_2019,Siegle2019,optimal,optimal
0.2887609079663131,VISp,L3,RS,siegle_survey_2019,Siegle2019,optimal,optimal
0.2492815936090515,VISp,L3,RS,siegle_survey_2019,Siegle2019,optimal,optimal
0.0744314820147308,CA3,,RS,siegle_survey_2019,Siegle2019,optimal,optimal
0.0883883476483183,VISl,L6a,RS,siegle_survey_2019,Siegle2019,optimal,optimal
0.0529236436462132,LGv,,FS,siegle_survey_2019,Siegle2019,optimal,optimal
0.0586714210706227,CA3,,FS,siegle_survey_2019,Siegle2019,optimal,optimal
0.1157675526454423,CA3,,RS,siegle_survey_2019,Siegle2019,optimal,optimal
0.0968690138517555,CA3,,RS,siegle_survey_2019,Siegle2019,optimal,optimal
0.0322759193468424,CA3,,FS,siegle_survey_2019,Siegle2019,optimal,optimal
0.1522384152751413,VISal,L6a,FS,siegle_survey_2019,Siegle2019,optimal,optimal
0.1623062997548689,VISal,L6a,RS,siegle_survey_2019,Siegle2019,optimal,optimal
0.0550861546343566,VISal,L6a,RS,siegle_survey_2019,Siegle2019,optimal,optimal
0.2073165560684404,VISal,L5,RS,siegle_survey_2019,Siegle2019,optimal,optimal
0.3414052776228802,VISal,L4,RS,siegle_survey_2019,Siegle2019,optimal,optimal
0.0706835012244074,VISal,L4,RS,siegle_survey_2019,Siegle2019,optimal,optimal
0.1631375305106443,LGv,,FS,siegle_survey_2019,Siegle2019,optimal,optimal
0.0467151044017897,DG,,RS,siegle_survey_2019,Siegle2019,optimal,optimal
0.0918544238730021,DG,,RS,siegle_survey_2019,Siegle2019,optimal,optimal
0.0656802374241113,DG,,RS,siegle_survey_2019,Siegle2019,optimal,optimal
0.1239101654751173,DG,,RS,siegle_survey_2019,Siegle2019,optimal,optimal
0.043184441762492,DG,,RS,siegle_survey_2019,Siegle2019,optimal,optimal
0.0818703689906164,VISrl,L6a,RS,siegle_survey_2019,Siegle2019,optimal,optimal
0.0949821963238035,VISrl,L5,RS,siegle_survey_2019,Siegle2019,optimal,optimal
0.1026827813444632,VISrl,L5,RS,siegle_survey_2019,Siegle2019,optimal,optimal
0.0514295152993038,VISrl,L4,RS,siegle_survey_2019,Siegle2019,optimal,optimal
0.1452136248321441,VISrl,L4,FS,siegle_survey_2019,Siegle2019,optimal,optimal
0.1790153130272066,VISrl,L4,RS,siegle_survey_2019,Siegle2019,optimal,optimal
0.1718673142549277,VISrl,L4,RS,siegle_survey_2019,Siegle2019,optimal,optimal
0.1861740045369435,VISrl,L4,RS,siegle_survey_2019,Siegle2019,optimal,optimal
0.1282231011204948,VISrl,L4,RS,siegle_survey_2019,Siegle2019,optimal,optimal
0.1992369770619081,VISrl,L3,RS,siegle_survey_2019,Siegle2019,optimal,optimal
0.1126825205136514,VISam,L6a,RS,siegle_survey_2019,Siegle2019,optimal,optimal
0.0829770304923823,VISam,L6a,RS,siegle_survey_2019,Siegle2019,optimal,optimal
0.0287467335964919,VISam,L5,RS,siegle_survey_2019,Siegle2019,optimal,optimal
0.122306728226829,VISam,L5,RS,siegle_survey_2019,Siegle2019,optimal,optimal
0.0445946944662319,VISam,L5,RS,siegle_survey_2019,Siegle2019,optimal,optimal
0.0416774000390573,VISam,L5,FS,siegle_survey_2019,Siegle2019,optimal,optimal
0.0067342866772269,VISam,L5,RS,siegle_survey_2019,Siegle2019,optimal,optimal
0.4677688262358406,VISam,L3,RS,siegle_survey_2019,Siegle2019,optimal,optimal
0.084352491822148,VISam,L3,RS,siegle_survey_2019,Siegle2019,optimal,optimal
0.2280500966652701,VISam,L6a,RS,siegle_survey_2019,Siegle2019,optimal,optimal
0.0564843937985491,VISpm,L5,RS,siegle_survey_2019,Siegle2019,optimal,optimal
0.2215187365837048,VISpm,L5,RS,siegle_survey_2019,Siegle2019,optimal,optimal
0.1196869122897583,VISpm,L3,RS,siegle_survey_2019,Siegle2019,optimal,optimal
0.3640912033239962,VISam,L3,RS,siegle_survey_2019,Siegle2019,optimal,optimal
0.082884641036384,APN,,FS,siegle_survey_2019,Siegle2019,optimal,optimal
0.2256779237215574,LP,,RS,siegle_survey_2019,Siegle2019,optimal,optimal
0.0226446668258724,LP,,RS,siegle_survey_2019,Siegle2019,optimal,optimal
0.0351208641311003,LP,,RS,siegle_survey_2019,Siegle2019,optimal,optimal
0.0274706920160998,LP,,FS,siegle_survey_2019,Siegle2019,optimal,optimal
0.0450709915040881,LP,,FS,siegle_survey_2019,Siegle2019,optimal,optimal
0.0550943013032403,LP,,RS,siegle_survey_2019,Siegle2019,optimal,optimal
0.1047413431566485,LP,,FS,siegle_survey_2019,Siegle2019,optimal,optimal
0.0226446668258724,LP,,FS,siegle_survey_2019,Siegle2019,optimal,optimal
0.0442359936717687,LP,,RS,siegle_survey_2019,Siegle2019,optimal,optimal
0.0143307357793027,NOT,,FS,siegle_survey_2019,Siegle2019,optimal,optimal
0.140876598252596,LP,,FS,siegle_survey_2019,Siegle2019,optimal,optimal
0.4483405480573992,DG,,FS,siegle_survey_2019,Siegle2019,optimal,optimal
0.0929139998250988,CA1,,RS,siegle_survey_2019,Siegle2019,optimal,optimal
0.3556809419589599,SUB,,RS,siegle_survey_2019,Siegle2019,optimal,optimal
0.0515592269821365,SUB,,RS,siegle_survey_2019,Siegle2019,optimal,optimal
0.0303614617865022,SUB,,RS,siegle_survey_2019,Siegle2019,optimal,optimal
0.0504105047180248,SUB,,RS,siegle_survey_2019,Siegle2019,optimal,optimal
0.0681927049882869,VISmma,L6a,RS,siegle_survey_2019,Siegle2019,optimal,optimal
0.2211773520042097,VISmma,L5,RS,siegle_survey_2019,Siegle2019,optimal,optimal
0.3816778880854318,VISmma,L5,RS,siegle_survey_2019,Siegle2019,optimal,optimal
0.1536256082528793,VISp,L6a,RS,siegle_survey_2019,Siegle2019,optimal,optimal
0.2256268701092464,VISp,L6a,RS,siegle_survey_2019,Siegle2019,optimal,optimal
0.6047955181753529,VISp,L6a,RS,siegle_survey_2019,Siegle2019,optimal,optimal
0.0179820730480606,VISp,L6a,RS,siegle_survey_2019,Siegle2019,optimal,optimal
0.2386681496400844,VISp,L6a,RS,siegle_survey_2019,Siegle2019,optimal,optimal
0.1387393603828013,VISmma,L5,RS,siegle_survey_2019,Siegle2019,optimal,optimal
0.2551249838734922,VISmma,L4,RS,siegle_survey_2019,Siegle2019,optimal,optimal
0.0755095557899283,VISp,L5,FS,siegle_survey_2019,Siegle2019,optimal,optimal
0.0504900966763796,VISp,L5,FS,siegle_survey_2019,Siegle2019,optimal,optimal
0.0359227055192591,VISp,L5,RS,siegle_survey_2019,Siegle2019,optimal,optimal
0.0835758035762392,VISam,L5,FS,siegle_survey_2019,Siegle2019,optimal,optimal
0.1629135436912929,VISp,L3,RS,siegle_survey_2019,Siegle2019,optimal,optimal
0.1402652763529907,VISmma,L3,RS,siegle_survey_2019,Siegle2019,optimal,optimal
0.0394268997120831,VISam,L5,RS,siegle_survey_2019,Siegle2019,optimal,optimal
0.0261104072743827,VISam,L5,RS,siegle_survey_2019,Siegle2019,optimal,optimal
0.3517146533299614,VISp,L3,RS,siegle_survey_2019,Siegle2019,optimal,optimal
0.0637804389284253,VISam,L5,RS,siegle_survey_2019,Siegle2019,optimal,optimal
0.0842691923959381,VISp,L3,RS,siegle_survey_2019,Siegle2019,optimal,optimal
0.0339986789724888,VISam,L4,RS,siegle_survey_2019,Siegle2019,optimal,optimal
0.0347877715048214,VISam,L4,FS,siegle_survey_2019,Siegle2019,optimal,optimal
0.0874230139470092,VISam,L4,RS,siegle_survey_2019,Siegle2019,optimal,optimal
0.5631909504350535,VISam,L4,RS,siegle_survey_2019,Siegle2019,optimal,optimal
0.5461973347509816,VISam,L3,RS,siegle_survey_2019,Siegle2019,optimal,optimal
0.046962120653565,VISam,L3,RS,siegle_survey_2019,Siegle2019,optimal,optimal
0.0589545091730862,VISam,L3,FS,siegle_survey_2019,Siegle2019,optimal,optimal
0.1923210109885979,VISam,L3,RS,siegle_survey_2019,Siegle2019,optimal,optimal
0.3135165715494182,VISam,L3,RS,siegle_survey_2019,Siegle2019,optimal,optimal
0.0887357857246291,VISam,L3,RS,siegle_survey_2019,Siegle2019,optimal,optimal
0.0116227558319078,CA3,,RS,siegle_survey_2019,Siegle2019,optimal,optimal
0.0528493521134905,ProS,,FS,siegle_survey_2019,Siegle2019,optimal,optimal
0.3174855238388657,VISp,L6a,RS,siegle_survey_2019,Siegle2019,optimal,optimal
0.0889194342252522,LP,,RS,siegle_survey_2019,Siegle2019,optimal,optimal
0.0451523880885418,LP,,RS,siegle_survey_2019,Siegle2019,optimal,optimal
0.2286075354144765,VISp,L5,RS,siegle_survey_2019,Siegle2019,optimal,optimal
0.1388197793061886,VISl,L4,RS,siegle_survey_2019,Siegle2019,optimal,optimal
0.0482805178573244,VISp,L4,FS,siegle_survey_2019,Siegle2019,optimal,optimal
0.0929146600357916,VISp,L4,FS,siegle_survey_2019,Siegle2019,optimal,optimal
0.3445821082109767,VISp,L4,RS,siegle_survey_2019,Siegle2019,optimal,optimal
0.0671557700799891,DG,,RS,siegle_survey_2019,Siegle2019,optimal,optimal
0.106565682776963,DG,,RS,siegle_survey_2019,Siegle2019,optimal,optimal
0.0815892439830631,DG,,RS,siegle_survey_2019,Siegle2019,optimal,optimal
0.1443692133304454,DG,,RS,siegle_survey_2019,Siegle2019,optimal,optimal
0.205507755836065,DG,,FS,siegle_survey_2019,Siegle2019,optimal,optimal
0.0512086145780912,VISl,L3,RS,siegle_survey_2019,Siegle2019,optimal,optimal
0.3977134422250469,VISl,L3,RS,siegle_survey_2019,Siegle2019,optimal,optimal
0.1443220938833658,VISl,L3,RS,siegle_survey_2019,Siegle2019,optimal,optimal
0.0558726066957702,VISl,L3,RS,siegle_survey_2019,Siegle2019,optimal,optimal
0.1088521553694878,DG,,RS,siegle_survey_2019,Siegle2019,optimal,optimal
0.1093381235328828,VISl,L3,RS,siegle_survey_2019,Siegle2019,optimal,optimal
0.3701675697571819,VISp,L3,RS,siegle_survey_2019,Siegle2019,optimal,optimal
0.5580122432627378,VISp,L3,RS,siegle_survey_2019,Siegle2019,optimal,optimal
0.3431146704767112,VISp,L3,RS,siegle_survey_2019,Siegle2019,optimal,optimal
0.2541043886728805,VISp,L3,RS,siegle_survey_2019,Siegle2019,optimal,optimal
0.1405668306559607,VISl,L5,RS,siegle_survey_2019,Siegle2019,optimal,optimal
0.0777978677675454,VISp,L2,RS,siegle_survey_2019,Siegle2019,optimal,optimal
0.0448158951388349,ZI,,FS,siegle_survey_2019,Siegle2019,optimal,optimal
0.0367629875970778,IntG,,FS,siegle_survey_2019,Siegle2019,optimal,optimal
0.5481423334317991,VISp,L3,RS,siegle_survey_2019,Siegle2019,optimal,optimal
0.1148315793088498,VISp,L3,RS,siegle_survey_2019,Siegle2019,optimal,optimal
0.4095525316198191,CA1,,RS,siegle_survey_2019,Siegle2019,optimal,optimal
0.5260720260771525,CA1,,RS,siegle_survey_2019,Siegle2019,optimal,optimal
0.0310148967033332,IntG,,FS,siegle_survey_2019,Siegle2019,optimal,optimal
0.0691264298599199,IntG,,FS,siegle_survey_2019,Siegle2019,optimal,optimal
0.1045067545814416,IGL,,FS,siegle_survey_2019,Siegle2019,optimal,optimal
0.1865365475838799,VISam,L6a,RS,siegle_survey_2019,Siegle2019,optimal,optimal
0.0791656892606745,IGL,,FS,siegle_survey_2019,Siegle2019,optimal,optimal
0.2140942935486863,IGL,,FS,siegle_survey_2019,Siegle2019,optimal,optimal
0.2218716969515289,CA2,,RS,siegle_survey_2019,Siegle2019,optimal,optimal
0.0471123354375582,VISam,L5,RS,siegle_survey_2019,Siegle2019,optimal,optimal
0.1891117442598111,VISam,L5,RS,siegle_survey_2019,Siegle2019,optimal,optimal
0.0099725975158044,VISam,L5,RS,siegle_survey_2019,Siegle2019,optimal,optimal
0.035867482058842,VISam,L5,RS,siegle_survey_2019,Siegle2019,optimal,optimal
0.1190207008504181,VISam,L5,RS,siegle_survey_2019,Siegle2019,optimal,optimal
0.3454699890715242,VISam,L5,RS,siegle_survey_2019,Siegle2019,optimal,optimal
0.2986552705253171,VISam,L5,RS,siegle_survey_2019,Siegle2019,optimal,optimal
0.0756344543177924,VISam,L5,RS,siegle_survey_2019,Siegle2019,optimal,optimal
0.2353063220143181,VISam,L4,RS,siegle_survey_2019,Siegle2019,optimal,optimal
0.127587418179861,VISam,L4,RS,siegle_survey_2019,Siegle2019,optimal,optimal
0.1879876182759973,CA1,,FS,siegle_survey_2019,Siegle2019,optimal,optimal
0.0735980879189228,CA1,,FS,siegle_survey_2019,Siegle2019,optimal,optimal
0.1265197755873122,VISal,L6a,RS,siegle_survey_2019,Siegle2019,optimal,optimal
0.4057009275730459,VISam,L5,RS,siegle_survey_2019,Siegle2019,optimal,optimal
0.3519863948191981,VISl,L6a,RS,siegle_survey_2019,Siegle2019,optimal,optimal
0.0933169663587806,VISal,L4,RS,siegle_survey_2019,Siegle2019,optimal,optimal
0.2992353285339691,VISl,L5,RS,siegle_survey_2019,Siegle2019,optimal,optimal
0.1422264606310487,VISal,L3,RS,siegle_survey_2019,Siegle2019,optimal,optimal
0.348037562396761,DG,,RS,siegle_survey_2019,Siegle2019,optimal,optimal
0.2904806849515974,DG,,RS,siegle_survey_2019,Siegle2019,optimal,optimal
0.1512603862922917,VISl,L4,RS,siegle_survey_2019,Siegle2019,optimal,optimal
0.2051850769517464,ProS,,RS,siegle_survey_2019,Siegle2019,optimal,optimal
0.0834662372059087,SUB,,RS,siegle_survey_2019,Siegle2019,optimal,optimal
0.0952131385978982,APN,,FS,siegle_survey_2019,Siegle2019,optimal,optimal
0.0751339444013765,SUB,,FS,siegle_survey_2019,Siegle2019,optimal,optimal
0.4868948954157976,VISl,L4,RS,siegle_survey_2019,Siegle2019,optimal,optimal
0.1373143872365033,SUB,,RS,siegle_survey_2019,Siegle2019,optimal,optimal
0.5983516452371671,VISl,L3,RS,siegle_survey_2019,Siegle2019,optimal,optimal
0.1657597237751719,LGd,,FS,siegle_survey_2019,Siegle2019,optimal,optimal
0.0124204012747949,LGd,,FS,siegle_survey_2019,Siegle2019,optimal,optimal
0.0775289418451743,SUB,,RS,siegle_survey_2019,Siegle2019,optimal,optimal
0.0857893562034823,DG,,RS,siegle_survey_2019,Siegle2019,optimal,optimal
0.1572632771573866,SUB,,RS,siegle_survey_2019,Siegle2019,optimal,optimal
0.1398365040064726,DG,,RS,siegle_survey_2019,Siegle2019,optimal,optimal
0.1401317336385499,VISp,L6a,RS,siegle_survey_2019,Siegle2019,optimal,optimal
0.0066964798122801,CA3,,FS,siegle_survey_2019,Siegle2019,optimal,optimal
0.3645020864087963,VISp,L5,RS,siegle_survey_2019,Siegle2019,optimal,optimal
0.052645114239501,VISp,L5,RS,siegle_survey_2019,Siegle2019,optimal,optimal
0.2660534363601537,VISp,L5,RS,siegle_survey_2019,Siegle2019,optimal,optimal
0.0407456942160504,VISp,L5,RS,siegle_survey_2019,Siegle2019,optimal,optimal
0.0103039290504482,VISp,L5,RS,siegle_survey_2019,Siegle2019,optimal,optimal
0.0394918759884193,VISp,L5,RS,siegle_survey_2019,Siegle2019,optimal,optimal
0.0531908591878316,VISp,L5,RS,siegle_survey_2019,Siegle2019,optimal,optimal
0.0484069828566781,CA1,,RS,siegle_survey_2019,Siegle2019,optimal,optimal
0.0439375500220479,VISp,L5,RS,siegle_survey_2019,Siegle2019,optimal,optimal
0.0636647847222706,VISp,L5,FS,siegle_survey_2019,Siegle2019,optimal,optimal
0.0359439029670384,VISp,L5,RS,siegle_survey_2019,Siegle2019,optimal,optimal
0.0255718329960626,VISp,L4,RS,siegle_survey_2019,Siegle2019,optimal,optimal
0.0754689899098655,VISp,L4,RS,siegle_survey_2019,Siegle2019,optimal,optimal
0.0614285068476224,VISal,L6a,FS,siegle_survey_2019,Siegle2019,optimal,optimal
0.3186870741926339,VISp,L4,RS,siegle_survey_2019,Siegle2019,optimal,optimal
0.0389807256221219,VISal,L6a,RS,siegle_survey_2019,Siegle2019,optimal,optimal
0.0592625304470841,VISal,L5,RS,siegle_survey_2019,Siegle2019,optimal,optimal
0.0511487008319763,VISp,L4,RS,siegle_survey_2019,Siegle2019,optimal,optimal
0.5917839693843586,VISal,L5,RS,siegle_survey_2019,Siegle2019,optimal,optimal
0.1114688124918125,VISal,L5,RS,siegle_survey_2019,Siegle2019,optimal,optimal
0.2770275791247464,VISp,L3,RS,siegle_survey_2019,Siegle2019,optimal,optimal
0.091211342632852,VISal,L5,RS,siegle_survey_2019,Siegle2019,optimal,optimal
0.1585878450267641,VISp,L3,RS,siegle_survey_2019,Siegle2019,optimal,optimal
0.3327920443790269,VISp,L3,RS,siegle_survey_2019,Siegle2019,optimal,optimal
0.7130879135396732,VISal,L4,RS,siegle_survey_2019,Siegle2019,optimal,optimal
0.3420614553099861,VISal,L3,RS,siegle_survey_2019,Siegle2019,optimal,optimal
0.4536403248534652,VISal,L3,RS,siegle_survey_2019,Siegle2019,optimal,optimal
0.3917549044359862,VISal,L3,RS,siegle_survey_2019,Siegle2019,optimal,optimal
0.0407023767196819,VISp,L3,RS,siegle_survey_2019,Siegle2019,optimal,optimal
0.3090441738172026,VISp,L3,RS,siegle_survey_2019,Siegle2019,optimal,optimal
0.0794190167721973,VISal,L3,RS,siegle_survey_2019,Siegle2019,optimal,optimal
0.0995511696410114,VISp,L5,RS,siegle_survey_2019,Siegle2019,optimal,optimal
0.0965967269827435,POL,,FS,siegle_survey_2019,Siegle2019,optimal,optimal
0.14470988191036,LP,,FS,siegle_survey_2019,Siegle2019,optimal,optimal
0.0136964426205764,LP,,FS,siegle_survey_2019,Siegle2019,optimal,optimal
0.1592506098702128,DG,,RS,siegle_survey_2019,Siegle2019,optimal,optimal
0.1346251226624496,DG,,RS,siegle_survey_2019,Siegle2019,optimal,optimal
0.3711246339006611,DG,,RS,siegle_survey_2019,Siegle2019,optimal,optimal
0.0175628063909993,DG,,RS,siegle_survey_2019,Siegle2019,optimal,optimal
0.1654401676791858,CA1,,FS,siegle_survey_2019,Siegle2019,optimal,optimal
0.1026777512067973,CA1,,RS,siegle_survey_2019,Siegle2019,optimal,optimal
0.1082967919198343,VISrl,L6a,RS,siegle_survey_2019,Siegle2019,optimal,optimal
0.1016947759237689,VISrl,L5,FS,siegle_survey_2019,Siegle2019,optimal,optimal
0.5607071925998899,VISrl,L5,RS,siegle_survey_2019,Siegle2019,optimal,optimal
0.0169467761978255,VISrl,L4,RS,siegle_survey_2019,Siegle2019,optimal,optimal
0.1820573105826214,VISl,L6a,RS,siegle_survey_2019,Siegle2019,optimal,optimal
0.0597771262215803,VISl,L6a,RS,siegle_survey_2019,Siegle2019,optimal,optimal
0.1294587964109368,VISl,L6a,RS,siegle_survey_2019,Siegle2019,optimal,optimal
0.1522782370398506,VISl,L5,RS,siegle_survey_2019,Siegle2019,optimal,optimal
0.0138573558628912,VISl,L5,RS,siegle_survey_2019,Siegle2019,optimal,optimal
0.0323592114860021,VISl,L5,RS,siegle_survey_2019,Siegle2019,optimal,optimal
0.1606446006686268,VISl,L5,RS,siegle_survey_2019,Siegle2019,optimal,optimal
0.2999580642944117,VISl,L5,RS,siegle_survey_2019,Siegle2019,optimal,optimal
0.1875870572021224,VISl,L5,RS,siegle_survey_2019,Siegle2019,optimal,optimal
0.1860396860184205,VISl,L5,RS,siegle_survey_2019,Siegle2019,optimal,optimal
0.4281209002454933,VISl,L5,RS,siegle_survey_2019,Siegle2019,optimal,optimal
0.1372940922177326,VISl,L5,RS,siegle_survey_2019,Siegle2019,optimal,optimal
0.1333796886333192,VISl,L5,RS,siegle_survey_2019,Siegle2019,optimal,optimal
0.0295153668018177,VISl,L5,RS,siegle_survey_2019,Siegle2019,optimal,optimal
0.1397327993675703,VISl,L5,RS,siegle_survey_2019,Siegle2019,optimal,optimal
0.1571342699861767,VISl,L5,RS,siegle_survey_2019,Siegle2019,optimal,optimal
0.0037754463617424,VISl,L5,FS,siegle_survey_2019,Siegle2019,optimal,optimal
0.0726908616742633,VISl,L5,RS,siegle_survey_2019,Siegle2019,optimal,optimal
0.2882049895494032,VISl,L5,RS,siegle_survey_2019,Siegle2019,optimal,optimal
0.1077850581411262,LGv,,FS,siegle_survey_2019,Siegle2019,optimal,optimal
0.0143353472515722,CA3,,FS,siegle_survey_2019,Siegle2019,optimal,optimal
0.0129360628809292,CA3,,FS,siegle_survey_2019,Siegle2019,optimal,optimal
0.2570348940923603,CA1,,RS,siegle_survey_2019,Siegle2019,optimal,optimal
0.2937667318840546,VISal,L5,RS,siegle_survey_2019,Siegle2019,optimal,optimal
0.108788950753873,VISal,L5,RS,siegle_survey_2019,Siegle2019,optimal,optimal
0.3027220491736335,VISal,L5,RS,siegle_survey_2019,Siegle2019,optimal,optimal
0.0723424911212603,VISal,L5,RS,siegle_survey_2019,Siegle2019,optimal,optimal
0.1618352029412533,VISal,L5,RS,siegle_survey_2019,Siegle2019,optimal,optimal
0.7196053730001438,VISal,L5,RS,siegle_survey_2019,Siegle2019,optimal,optimal
0.3471134798414063,VISal,L4,RS,siegle_survey_2019,Siegle2019,optimal,optimal
0.0855619379287725,VISal,L4,RS,siegle_survey_2019,Siegle2019,optimal,optimal
0.4646567550876238,VISal,L4,RS,siegle_survey_2019,Siegle2019,optimal,optimal
0.6528097879961144,VISal,L3,RS,siegle_survey_2019,Siegle2019,optimal,optimal
0.224005957987855,VISal,L3,RS,siegle_survey_2019,Siegle2019,optimal,optimal
0.2470253073404201,VISal,L3,RS,siegle_survey_2019,Siegle2019,optimal,optimal
0.0891493577720521,VISal,L2,RS,siegle_survey_2019,Siegle2019,optimal,optimal
0.2161523120902945,VISal,L3,RS,siegle_survey_2019,Siegle2019,optimal,optimal
0.6499616487720814,VISal,L3,RS,siegle_survey_2019,Siegle2019,optimal,optimal
0.2468419318848454,LP,,RS,siegle_survey_2019,Siegle2019,optimal,optimal
0.0349450851259046,LP,,RS,siegle_survey_2019,Siegle2019,optimal,optimal
0.1201179756974192,LP,,FS,siegle_survey_2019,Siegle2019,optimal,optimal
0.4987789924125207,VISrl,L5,RS,siegle_survey_2019,Siegle2019,optimal,optimal
0.2531542388912881,VISrl,L4,RS,siegle_survey_2019,Siegle2019,optimal,optimal
0.0490230265745504,VISrl,L4,RS,siegle_survey_2019,Siegle2019,optimal,optimal
0.0091188224474185,VISrl,L4,FS,siegle_survey_2019,Siegle2019,optimal,optimal
0.0260693763311435,VISrl,L4,RS,siegle_survey_2019,Siegle2019,optimal,optimal
0.1028677901426605,VISrl,L4,RS,siegle_survey_2019,Siegle2019,optimal,optimal
0.1375644700472576,VISrl,L4,RS,siegle_survey_2019,Siegle2019,optimal,optimal
0.0638900933589693,VISrl,L4,RS,siegle_survey_2019,Siegle2019,optimal,optimal
0.0714675943625806,VISrl,L4,RS,siegle_survey_2019,Siegle2019,optimal,optimal
0.2415993342071253,VISrl,L4,RS,siegle_survey_2019,Siegle2019,optimal,optimal
0.2814825159728188,VISrl,L2,RS,siegle_survey_2019,Siegle2019,optimal,optimal
0.1564839557164755,VISrl,L3,RS,siegle_survey_2019,Siegle2019,optimal,optimal
0.049278026345103,VISrl,L3,RS,siegle_survey_2019,Siegle2019,optimal,optimal
0.2580216971728699,VISrl,L3,RS,siegle_survey_2019,Siegle2019,optimal,optimal
0.1109557008914937,APN,,RS,siegle_survey_2019,Siegle2019,optimal,optimal
0.0301482975050803,APN,,RS,siegle_survey_2019,Siegle2019,optimal,optimal
0.055515756299385,APN,,RS,siegle_survey_2019,Siegle2019,optimal,optimal
0.0607311982253616,VISp,L5,FS,siegle_survey_2019,Siegle2019,optimal,optimal
0.0607608244320676,CA1,,RS,siegle_survey_2019,Siegle2019,optimal,optimal
0.0963631801955836,CA1,,RS,siegle_survey_2019,Siegle2019,optimal,optimal
0.0027583922812974,CA1,,RS,siegle_survey_2019,Siegle2019,optimal,optimal
0.590808192346535,VISam,L5,RS,siegle_survey_2019,Siegle2019,optimal,optimal
0.0457841916675877,VISam,L5,RS,siegle_survey_2019,Siegle2019,optimal,optimal
0.0380745931432181,LP,,RS,siegle_survey_2019,Siegle2019,optimal,optimal
0.0435159381351756,LGd,,RS,siegle_survey_2019,Siegle2019,optimal,optimal
0.0179936419593348,LGd,,RS,siegle_survey_2019,Siegle2019,optimal,optimal
0.0421398553175145,LGd,,FS,siegle_survey_2019,Siegle2019,optimal,optimal
0.0428993923202813,SGN,,FS,siegle_survey_2019,Siegle2019,optimal,optimal
0.1464078084292266,LGd,,FS,siegle_survey_2019,Siegle2019,optimal,optimal
0.0710242505539679,SGN,,FS,siegle_survey_2019,Siegle2019,optimal,optimal
0.022167364805289,SGN,,FS,siegle_survey_2019,Siegle2019,optimal,optimal
0.0700721499946566,SGN,,FS,siegle_survey_2019,Siegle2019,optimal,optimal
0.1803455379394066,MGv,,FS,siegle_survey_2019,Siegle2019,optimal,optimal
0.0509937027426755,LP,,FS,siegle_survey_2019,Siegle2019,optimal,optimal
0.0490355329377132,LP,,FS,siegle_survey_2019,Siegle2019,optimal,optimal
0.0613248387882633,MGv,,RS,siegle_survey_2019,Siegle2019,optimal,optimal
0.0859853258129271,CA1,,RS,siegle_survey_2019,Siegle2019,optimal,optimal
0.0316934841958875,CA1,,RS,siegle_survey_2019,Siegle2019,optimal,optimal
0.0586804802532432,CA1,,RS,siegle_survey_2019,Siegle2019,optimal,optimal
0.0408969486646077,TH,,FS,siegle_survey_2019,Siegle2019,optimal,optimal
0.0720542703837949,VISp,L4,RS,siegle_survey_2019,Siegle2019,optimal,optimal
0.2056803580055461,VISp,L4,FS,siegle_survey_2019,Siegle2019,optimal,optimal
0.0197347981705126,LGd,,FS,siegle_survey_2019,Siegle2019,optimal,optimal
0.0425262737992511,LGd,,FS,siegle_survey_2019,Siegle2019,optimal,optimal
0.0344791276090891,VISp,L6a,FS,siegle_survey_2019,Siegle2019,optimal,optimal
0.054122553921342,VISp,L5,FS,siegle_survey_2019,Siegle2019,optimal,optimal
0.0374176268720227,PO,,RS,siegle_survey_2019,Siegle2019,optimal,optimal
0.1442510281751347,VISp,L4,RS,siegle_survey_2019,Siegle2019,optimal,optimal
0.0879357933595944,PO,,RS,siegle_survey_2019,Siegle2019,optimal,optimal
0.1357144363224107,PO,,RS,siegle_survey_2019,Siegle2019,optimal,optimal
0.2771139864933164,VISp,L4,RS,siegle_survey_2019,Siegle2019,optimal,optimal
0.0499389352082365,PO,,RS,siegle_survey_2019,Siegle2019,optimal,optimal
0.1118440606526355,LP,,RS,siegle_survey_2019,Siegle2019,optimal,optimal
0.040345409799834,LP,,RS,siegle_survey_2019,Siegle2019,optimal,optimal
0.0711771945760771,LP,,RS,siegle_survey_2019,Siegle2019,optimal,optimal
0.0103828541999308,LP,,RS,siegle_survey_2019,Siegle2019,optimal,optimal
0.0576542681534573,LP,,RS,siegle_survey_2019,Siegle2019,optimal,optimal
0.0548324321466968,LP,,RS,siegle_survey_2019,Siegle2019,optimal,optimal
0.1325785378022253,LP,,RS,siegle_survey_2019,Siegle2019,optimal,optimal
0.0575246229602853,LP,,RS,siegle_survey_2019,Siegle2019,optimal,optimal
0.185325079179627,LP,,RS,siegle_survey_2019,Siegle2019,optimal,optimal
0.3798217572825301,LP,,RS,siegle_survey_2019,Siegle2019,optimal,optimal
0.0339013501760434,LP,,RS,siegle_survey_2019,Siegle2019,optimal,optimal
0.0287272627640761,DG,,FS,siegle_survey_2019,Siegle2019,optimal,optimal
0.0551755668754971,LP,,RS,siegle_survey_2019,Siegle2019,optimal,optimal
0.2616843655719748,DG,,FS,siegle_survey_2019,Siegle2019,optimal,optimal
0.2239634933945566,DG,,RS,siegle_survey_2019,Siegle2019,optimal,optimal
0.1216196318812189,LP,,RS,siegle_survey_2019,Siegle2019,optimal,optimal
0.0202867533362689,LP,,RS,siegle_survey_2019,Siegle2019,optimal,optimal
0.0084319356484881,grey,,FS,siegle_survey_2019,Siegle2019,optimal,optimal
0.0504926674138289,Eth,,RS,siegle_survey_2019,Siegle2019,optimal,optimal
0.1008898281468147,LP,,RS,siegle_survey_2019,Siegle2019,optimal,optimal
0.0343447639548792,grey,,FS,siegle_survey_2019,Siegle2019,optimal,optimal
0.0722667024306138,DG,,RS,siegle_survey_2019,Siegle2019,optimal,optimal
0.0717639506153691,Eth,,RS,siegle_survey_2019,Siegle2019,optimal,optimal
0.2490444278420606,Eth,,RS,siegle_survey_2019,Siegle2019,optimal,optimal
0.1093836321356054,LP,,RS,siegle_survey_2019,Siegle2019,optimal,optimal
0.149775434580675,CA1,,RS,siegle_survey_2019,Siegle2019,optimal,optimal
0.7045670413204104,grey,,FS,siegle_survey_2019,Siegle2019,optimal,optimal
0.2984853884042516,CA1,,RS,siegle_survey_2019,Siegle2019,optimal,optimal
0.0535379243712709,CA1,,RS,siegle_survey_2019,Siegle2019,optimal,optimal
0.1607964495324236,CA1,,RS,siegle_survey_2019,Siegle2019,optimal,optimal
0.0804145432796628,CA1,,RS,siegle_survey_2019,Siegle2019,optimal,optimal
0.1240238463325214,grey,,RS,siegle_survey_2019,Siegle2019,optimal,optimal
0.3606184690091922,CA1,,RS,siegle_survey_2019,Siegle2019,optimal,optimal
0.0380001315644982,grey,,RS,siegle_survey_2019,Siegle2019,optimal,optimal
0.1816727295693579,CA1,,RS,siegle_survey_2019,Siegle2019,optimal,optimal
0.1597332501726642,CA1,,RS,siegle_survey_2019,Siegle2019,optimal,optimal
0.1356115331812574,CA1,,RS,siegle_survey_2019,Siegle2019,optimal,optimal
0.2423627214472256,CA1,,RS,siegle_survey_2019,Siegle2019,optimal,optimal
0.2416556742893732,CA1,,RS,siegle_survey_2019,Siegle2019,optimal,optimal
0.1004455913394568,CA1,,RS,siegle_survey_2019,Siegle2019,optimal,optimal
0.0412283518850966,VISal,L5,RS,siegle_survey_2019,Siegle2019,optimal,optimal
0.1252941024429078,VISp,L6a,RS,siegle_survey_2019,Siegle2019,optimal,optimal
0.2093727417895668,VISp,L6a,RS,siegle_survey_2019,Siegle2019,optimal,optimal
0.1009481700604559,grey,,RS,siegle_survey_2019,Siegle2019,optimal,optimal
0.2034052986573941,VISal,L5,RS,siegle_survey_2019,Siegle2019,optimal,optimal
0.0204202539900554,VISp,L5,FS,siegle_survey_2019,Siegle2019,optimal,optimal
0.1533412836787551,CA1,,RS,siegle_survey_2019,Siegle2019,optimal,optimal
0.5379918938009713,VISal,L5,RS,siegle_survey_2019,Siegle2019,optimal,optimal
0.1011981441475453,CA1,,RS,siegle_survey_2019,Siegle2019,optimal,optimal
0.2045585641933342,VISp,L5,RS,siegle_survey_2019,Siegle2019,optimal,optimal
0.1126190602986991,VISp,L5,RS,siegle_survey_2019,Siegle2019,optimal,optimal
0.0390643065648252,CA1,,RS,siegle_survey_2019,Siegle2019,optimal,optimal
0.1185765047170854,VISp,L4,RS,siegle_survey_2019,Siegle2019,optimal,optimal
0.1421954989519221,VISp,L4,RS,siegle_survey_2019,Siegle2019,optimal,optimal
0.017165102266796,VISp,L4,RS,siegle_survey_2019,Siegle2019,optimal,optimal
0.0249474731335612,VISp,L4,RS,siegle_survey_2019,Siegle2019,optimal,optimal
0.139919995228381,CA1,,RS,siegle_survey_2019,Siegle2019,optimal,optimal
0.2504978511203535,VISp,L4,RS,siegle_survey_2019,Siegle2019,optimal,optimal
0.0603318815122545,grey,,RS,siegle_survey_2019,Siegle2019,optimal,optimal
0.3416821180320297,VISp,L3,RS,siegle_survey_2019,Siegle2019,optimal,optimal
0.1882965400533524,VIS,L6a,RS,siegle_survey_2019,Siegle2019,optimal,optimal
0.2206278650450719,VIS,L6a,RS,siegle_survey_2019,Siegle2019,optimal,optimal
0.2501202090247276,VIS,L5,RS,siegle_survey_2019,Siegle2019,optimal,optimal
0.1114074528669724,VIS,L5,RS,siegle_survey_2019,Siegle2019,optimal,optimal
0.1080805148016745,VIS,L5,RS,siegle_survey_2019,Siegle2019,optimal,optimal
0.0744088255890993,VIS,L5,RS,siegle_survey_2019,Siegle2019,optimal,optimal
0.006487516648017,VIS,L5,RS,siegle_survey_2019,Siegle2019,optimal,optimal
0.1679780968202339,VIS,L5,RS,siegle_survey_2019,Siegle2019,optimal,optimal
0.1871144858203364,VIS,L5,RS,siegle_survey_2019,Siegle2019,optimal,optimal
0.1083929573395439,VISrl,,RS,siegle_survey_2019,Siegle2019,optimal,optimal
0.2218119145077497,VISrl,,RS,siegle_survey_2019,Siegle2019,optimal,optimal
0.0391908846232026,VISrl,,RS,siegle_survey_2019,Siegle2019,optimal,optimal
0.2399449793782047,VIS,L5,RS,siegle_survey_2019,Siegle2019,optimal,optimal
0.0415258786962411,VIS,L5,RS,siegle_survey_2019,Siegle2019,optimal,optimal
0.0237595994280332,VIS,L5,FS,siegle_survey_2019,Siegle2019,optimal,optimal
0.19428311353936,VIS,L4,RS,siegle_survey_2019,Siegle2019,optimal,optimal
0.228471410510678,VIS,L4,RS,siegle_survey_2019,Siegle2019,optimal,optimal
0.0792660488130318,VIS,L3,RS,siegle_survey_2019,Siegle2019,optimal,optimal
0.2698999811451996,VISrl,,RS,siegle_survey_2019,Siegle2019,optimal,optimal
0.2151513072485066,VISrl,,RS,siegle_survey_2019,Siegle2019,optimal,optimal
0.058535392889112,VISrl,,RS,siegle_survey_2019,Siegle2019,optimal,optimal
0.2040284356995619,VIS,L3,RS,siegle_survey_2019,Siegle2019,optimal,optimal
0.3049343633275066,VISrl,,RS,siegle_survey_2019,Siegle2019,optimal,optimal
0.2761571059930023,VISrl,,RS,siegle_survey_2019,Siegle2019,optimal,optimal
0.2506176288888365,VISrl,,RS,siegle_survey_2019,Siegle2019,optimal,optimal
0.3556873125389361,VIS,L3,RS,siegle_survey_2019,Siegle2019,optimal,optimal
0.4604576959160007,VISrl,,RS,siegle_survey_2019,Siegle2019,optimal,optimal
0.2262695396808654,APN,,FS,siegle_survey_2019,Siegle2019,optimal,optimal
0.1995373989765339,APN,,FS,siegle_survey_2019,Siegle2019,optimal,optimal
0.2062408012387901,CA1,,RS,siegle_survey_2019,Siegle2019,optimal,optimal
0.4994678404736584,VIS,L6a,RS,siegle_survey_2019,Siegle2019,optimal,optimal
0.2807903537200777,APN,,RS,siegle_survey_2019,Siegle2019,optimal,optimal
0.0345481964169048,APN,,FS,siegle_survey_2019,Siegle2019,optimal,optimal
0.2853285756455571,APN,,FS,siegle_survey_2019,Siegle2019,optimal,optimal
0.2620655940398439,VISrl,,RS,siegle_survey_2019,Siegle2019,optimal,optimal
0.2140788881193218,APN,,FS,siegle_survey_2019,Siegle2019,optimal,optimal
0.0324733006807278,APN,,FS,siegle_survey_2019,Siegle2019,optimal,optimal
0.055318155620776,Eth,,RS,siegle_survey_2019,Siegle2019,optimal,optimal
0.0635331418287609,Eth,,RS,siegle_survey_2019,Siegle2019,optimal,optimal
0.118996461763042,Eth,,RS,siegle_survey_2019,Siegle2019,optimal,optimal
0.4333439540817508,POL,,FS,siegle_survey_2019,Siegle2019,optimal,optimal
0.1764459498857747,LP,,FS,siegle_survey_2019,Siegle2019,optimal,optimal
0.1209243277989312,grey,,RS,siegle_survey_2019,Siegle2019,optimal,optimal
0.1289866077589201,LP,,RS,siegle_survey_2019,Siegle2019,optimal,optimal
0.0687229454756099,CA1,,FS,siegle_survey_2019,Siegle2019,optimal,optimal
0.1661525151872566,grey,,RS,siegle_survey_2019,Siegle2019,optimal,optimal
0.192384421119533,grey,,RS,siegle_survey_2019,Siegle2019,optimal,optimal
0.0946981755396519,VISpm,L6a,RS,siegle_survey_2019,Siegle2019,optimal,optimal
0.0706809716185346,LP,,RS,siegle_survey_2019,Siegle2019,optimal,optimal
0.5917470678256032,VISam,L6a,RS,siegle_survey_2019,Siegle2019,optimal,optimal
0.1211497325638751,VISam,L5,RS,siegle_survey_2019,Siegle2019,optimal,optimal
0.23020773737802,grey,,RS,siegle_survey_2019,Siegle2019,optimal,optimal
0.238136967486305,VISam,L5,RS,siegle_survey_2019,Siegle2019,optimal,optimal
0.119075134104962,grey,,RS,siegle_survey_2019,Siegle2019,optimal,optimal
0.1928789935772163,grey,,RS,siegle_survey_2019,Siegle2019,optimal,optimal
0.0558957241808267,VISam,L5,RS,siegle_survey_2019,Siegle2019,optimal,optimal
0.1602177696025774,VISpm,L5,RS,siegle_survey_2019,Siegle2019,optimal,optimal
0.1126837782266654,VISam,L4,RS,siegle_survey_2019,Siegle2019,optimal,optimal
0.052375273071235,VISam,L4,FS,siegle_survey_2019,Siegle2019,optimal,optimal
0.2749074258940276,VISam,L4,RS,siegle_survey_2019,Siegle2019,optimal,optimal
0.064839013464424,VISam,L3,FS,siegle_survey_2019,Siegle2019,optimal,optimal
0.1095085368004543,VISpm,L5,RS,siegle_survey_2019,Siegle2019,optimal,optimal
0.02251322551159,VISal,,RS,siegle_survey_2019,Siegle2019,optimal,optimal
0.0453473402167849,VISal,,RS,siegle_survey_2019,Siegle2019,optimal,optimal
0.0448270705254365,VISal,,RS,siegle_survey_2019,Siegle2019,optimal,optimal
0.0181824355968039,VISal,,FS,siegle_survey_2019,Siegle2019,optimal,optimal
0.0398358183968689,APN,,FS,siegle_survey_2019,Siegle2019,optimal,optimal
0.525359509859084,VISpm,L5,RS,siegle_survey_2019,Siegle2019,optimal,optimal
0.2863434756567122,VISal,,RS,siegle_survey_2019,Siegle2019,optimal,optimal
0.0912174818212677,VISal,,RS,siegle_survey_2019,Siegle2019,optimal,optimal
0.1834502119351238,VISpm,L5,RS,siegle_survey_2019,Siegle2019,optimal,optimal
0.2104144139923458,DG,,RS,siegle_survey_2019,Siegle2019,optimal,optimal
0.2224364929251122,VISal,,FS,siegle_survey_2019,Siegle2019,optimal,optimal
0.035363431701402,VPM,,FS,siegle_survey_2019,Siegle2019,optimal,optimal
0.0207726811624965,VPM,,FS,siegle_survey_2019,Siegle2019,optimal,optimal
0.073303869801641,VISal,,RS,siegle_survey_2019,Siegle2019,optimal,optimal
0.0513301339410363,VPM,,RS,siegle_survey_2019,Siegle2019,optimal,optimal
0.0367997958308576,VISal,,FS,siegle_survey_2019,Siegle2019,optimal,optimal
0.4260514871451815,VISal,,RS,siegle_survey_2019,Siegle2019,optimal,optimal
0.0304886631995549,VPM,,FS,siegle_survey_2019,Siegle2019,optimal,optimal
0.1220696911709851,VPM,,FS,siegle_survey_2019,Siegle2019,optimal,optimal
0.084216303981324,VISal,,RS,siegle_survey_2019,Siegle2019,optimal,optimal
0.0493038518175883,VISal,,RS,siegle_survey_2019,Siegle2019,optimal,optimal
0.0559062576631551,VISal,,RS,siegle_survey_2019,Siegle2019,optimal,optimal
0.2287075913808606,VISal,,RS,siegle_survey_2019,Siegle2019,optimal,optimal
0.085911894639121,VISrl,L5,RS,siegle_survey_2019,Siegle2019,optimal,optimal
0.016340963004814,VPM,,FS,siegle_survey_2019,Siegle2019,optimal,optimal
0.2694360680941471,VISal,,RS,siegle_survey_2019,Siegle2019,optimal,optimal
0.0559421222108623,VISrl,L5,RS,siegle_survey_2019,Siegle2019,optimal,optimal
0.0936116076438434,VISal,,RS,siegle_survey_2019,Siegle2019,optimal,optimal
0.3159653252110744,VISrl,L4,RS,siegle_survey_2019,Siegle2019,optimal,optimal
0.2842321188858702,VISrl,L4,RS,siegle_survey_2019,Siegle2019,optimal,optimal
0.0644029988752998,LGd,,RS,siegle_survey_2019,Siegle2019,optimal,optimal
0.0643121645098904,LGd,,FS,siegle_survey_2019,Siegle2019,optimal,optimal
0.1109084295994647,LGd,,RS,siegle_survey_2019,Siegle2019,optimal,optimal
0.0289443600460094,LGd,,RS,siegle_survey_2019,Siegle2019,optimal,optimal
0.0265223870978406,LGd,,RS,siegle_survey_2019,Siegle2019,optimal,optimal
0.0845633091880582,LGd,,RS,siegle_survey_2019,Siegle2019,optimal,optimal
0.1358124398653991,CA1,,RS,siegle_survey_2019,Siegle2019,optimal,optimal
0.2075212952091548,CA3,,RS,siegle_survey_2019,Siegle2019,optimal,optimal
0.2620060290344539,grey,,RS,siegle_survey_2019,Siegle2019,optimal,optimal
0.0050038414987608,CA3,,RS,siegle_survey_2019,Siegle2019,optimal,optimal
0.5304145598755108,grey,,FS,siegle_survey_2019,Siegle2019,optimal,optimal
0.08947579846835,CA1,,FS,siegle_survey_2019,Siegle2019,optimal,optimal
0.0676335797013558,grey,,FS,siegle_survey_2019,Siegle2019,optimal,optimal
0.2812259227787296,grey,,FS,siegle_survey_2019,Siegle2019,optimal,optimal
0.2700243908743106,VISrl,L6a,RS,siegle_survey_2019,Siegle2019,optimal,optimal
0.0254716997704497,grey,,FS,siegle_survey_2019,Siegle2019,optimal,optimal
0.1636697540362524,CA1,,RS,siegle_survey_2019,Siegle2019,optimal,optimal
0.0639919071294805,VISrl,L4,RS,siegle_survey_2019,Siegle2019,optimal,optimal
0.0464741001655149,CA1,,RS,siegle_survey_2019,Siegle2019,optimal,optimal
0.081350699488066,CA1,,FS,siegle_survey_2019,Siegle2019,optimal,optimal
0.10882321451488,VISrl,L4,RS,siegle_survey_2019,Siegle2019,optimal,optimal
0.2120912514978817,LGd,,FS,siegle_survey_2019,Siegle2019,optimal,optimal
0.5604398829920931,VIS,L5,RS,siegle_survey_2019,Siegle2019,optimal,optimal
0.2013832988195711,VIS,L5,RS,siegle_survey_2019,Siegle2019,optimal,optimal
0.0198279433827854,grey,,RS,siegle_survey_2019,Siegle2019,optimal,optimal
0.0968799623749162,grey,,FS,siegle_survey_2019,Siegle2019,optimal,optimal
0.0069444381988648,VIS,L4,RS,siegle_survey_2019,Siegle2019,optimal,optimal
0.0616764147052643,VIS,L4,RS,siegle_survey_2019,Siegle2019,optimal,optimal
0.2153112530645046,VIS,L3,RS,siegle_survey_2019,Siegle2019,optimal,optimal
0.4885091083882273,VIS,L3,RS,siegle_survey_2019,Siegle2019,optimal,optimal
0.2197280045628528,VIS,L3,RS,siegle_survey_2019,Siegle2019,optimal,optimal
0.38590226453119,VIS,L3,RS,siegle_survey_2019,Siegle2019,optimal,optimal
0.1587506652338735,VIS,L3,RS,siegle_survey_2019,Siegle2019,optimal,optimal
0.5017249641309528,VIS,L3,RS,siegle_survey_2019,Siegle2019,optimal,optimal
0.347625386946558,VIS,L3,RS,siegle_survey_2019,Siegle2019,optimal,optimal
0.4082256460814958,VIS,L3,RS,siegle_survey_2019,Siegle2019,optimal,optimal
0.1094628805989092,VIS,L3,RS,siegle_survey_2019,Siegle2019,optimal,optimal
0.0734825897781289,Eth,,RS,siegle_survey_2019,Siegle2019,optimal,optimal
0.0580473574795548,Eth,,RS,siegle_survey_2019,Siegle2019,optimal,optimal
0.1232828898869964,CA1,,RS,siegle_survey_2019,Siegle2019,optimal,optimal
0.1764476562328674,LP,,RS,siegle_survey_2019,Siegle2019,optimal,optimal
0.0522272092025828,LP,,RS,siegle_survey_2019,Siegle2019,optimal,optimal
0.0481334240735291,IGL,,FS,siegle_survey_2019,Siegle2019,optimal,optimal
0.1475927281018331,LP,,RS,siegle_survey_2019,Siegle2019,optimal,optimal
0.0515100595025172,LP,,RS,siegle_survey_2019,Siegle2019,optimal,optimal
0.1941214377779124,LP,,RS,siegle_survey_2019,Siegle2019,optimal,optimal
0.0428766230855729,LP,,RS,siegle_survey_2019,Siegle2019,optimal,optimal
0.0362762631720847,LP,,RS,siegle_survey_2019,Siegle2019,optimal,optimal
0.0668087479600612,LP,,RS,siegle_survey_2019,Siegle2019,optimal,optimal
0.4204545059756642,grey,,RS,siegle_survey_2019,Siegle2019,optimal,optimal
0.0386780104854852,CA1,,FS,siegle_survey_2019,Siegle2019,optimal,optimal
0.0642988345752431,DG,,FS,siegle_survey_2019,Siegle2019,optimal,optimal
0.3400076458365699,grey,,RS,siegle_survey_2019,Siegle2019,optimal,optimal
0.2377900370448648,grey,,RS,siegle_survey_2019,Siegle2019,optimal,optimal
0.1457975387839878,grey,,RS,siegle_survey_2019,Siegle2019,optimal,optimal
0.5248092256492496,grey,,RS,siegle_survey_2019,Siegle2019,optimal,optimal
0.5146145182550779,grey,,RS,siegle_survey_2019,Siegle2019,optimal,optimal
0.0528118910788882,grey,,FS,siegle_survey_2019,Siegle2019,optimal,optimal
0.4836726264029114,VISal,L5,RS,siegle_survey_2019,Siegle2019,optimal,optimal
0.117424654249301,grey,,RS,siegle_survey_2019,Siegle2019,optimal,optimal
0.3166120713252252,VISal,L4,RS,siegle_survey_2019,Siegle2019,optimal,optimal
0.0528195907837457,VISal,L2,RS,siegle_survey_2019,Siegle2019,optimal,optimal
0.0391913660052538,grey,,FS,siegle_survey_2019,Siegle2019,optimal,optimal
0.1274827566146797,grey,,RS,siegle_survey_2019,Siegle2019,optimal,optimal
0.0351925055554554,grey,,FS,siegle_survey_2019,Siegle2019,optimal,optimal
0.1195061688987332,grey,,RS,siegle_survey_2019,Siegle2019,optimal,optimal
0.0706882173902882,grey,,FS,siegle_survey_2019,Siegle2019,optimal,optimal
0.1789347606571298,VISal,,FS,siegle_survey_2019,Siegle2019,optimal,optimal
0.1800789469225822,VISal,,FS,siegle_survey_2019,Siegle2019,optimal,optimal
0.2266629363913359,VISal,,RS,siegle_survey_2019,Siegle2019,optimal,optimal
0.3770645783952026,VISal,,RS,siegle_survey_2019,Siegle2019,optimal,optimal
0.1511707529458977,CA1,,FS,siegle_survey_2019,Siegle2019,optimal,optimal
0.2497558596512054,grey,,FS,siegle_survey_2019,Siegle2019,optimal,optimal
0.4395868228812594,VISal,,FS,siegle_survey_2019,Siegle2019,optimal,optimal
0.2405680836137202,VISal,L6a,RS,siegle_survey_2019,Siegle2019,optimal,optimal
0.3042173673274573,VISal,L6a,RS,siegle_survey_2019,Siegle2019,optimal,optimal
0.1690309249845534,VISal,L6a,RS,siegle_survey_2019,Siegle2019,optimal,optimal
0.1233254421035331,VISal,L6a,RS,siegle_survey_2019,Siegle2019,optimal,optimal
0.142155183944713,VISal,L5,RS,siegle_survey_2019,Siegle2019,optimal,optimal
0.072085385602564,VISal,L5,RS,siegle_survey_2019,Siegle2019,optimal,optimal
0.2528883495380932,VISal,L5,RS,siegle_survey_2019,Siegle2019,optimal,optimal
0.0679163344717626,VISal,L5,FS,siegle_survey_2019,Siegle2019,optimal,optimal
0.0723927124008083,VISal,L5,RS,siegle_survey_2019,Siegle2019,optimal,optimal
0.1472868952706581,grey,,RS,siegle_survey_2019,Siegle2019,optimal,optimal
0.0534711552413022,VISal,L5,RS,siegle_survey_2019,Siegle2019,optimal,optimal
0.1334359033047485,VISal,L4,RS,siegle_survey_2019,Siegle2019,optimal,optimal
0.1563005315064633,VISal,L4,RS,siegle_survey_2019,Siegle2019,optimal,optimal
0.0404560556355486,VISal,L3,RS,siegle_survey_2019,Siegle2019,optimal,optimal
0.0406096949288806,VISal,L3,RS,siegle_survey_2019,Siegle2019,optimal,optimal
0.1179467970388083,VISal,L2,RS,siegle_survey_2019,Siegle2019,optimal,optimal
0.052959212997489,VISrl,L6a,FS,siegle_survey_2019,Siegle2019,optimal,optimal
0.0794160695967804,grey,,FS,siegle_survey_2019,Siegle2019,optimal,optimal
0.0037048300913992,VISam,L5,RS,siegle_survey_2019,Siegle2019,optimal,optimal
0.145612108852443,grey,,RS,siegle_survey_2019,Siegle2019,optimal,optimal
0.0265836736520773,VISam,L3,RS,siegle_survey_2019,Siegle2019,optimal,optimal
0.1464934219499942,VISrl,L4,RS,siegle_survey_2019,Siegle2019,optimal,optimal
0.0559067579885213,VISrl,L4,RS,siegle_survey_2019,Siegle2019,optimal,optimal
0.083422541560906,MGv,,FS,siegle_survey_2019,Siegle2019,optimal,optimal
0.2237072989456982,VISrl,L4,RS,siegle_survey_2019,Siegle2019,optimal,optimal
0.1648454064907635,VISrl,L4,RS,siegle_survey_2019,Siegle2019,optimal,optimal
0.0806600308259736,MGv,,FS,siegle_survey_2019,Siegle2019,optimal,optimal
0.0505526934178499,MGd,,FS,siegle_survey_2019,Siegle2019,optimal,optimal
0.117168853408013,MGd,,FS,siegle_survey_2019,Siegle2019,optimal,optimal
0.2387892031400172,MGd,,RS,siegle_survey_2019,Siegle2019,optimal,optimal
0.1594838010862247,MGd,,FS,siegle_survey_2019,Siegle2019,optimal,optimal
0.1257240799140953,MGd,,FS,siegle_survey_2019,Siegle2019,optimal,optimal
0.3248627080226237,VISpm,,RS,siegle_survey_2019,Siegle2019,optimal,optimal
0.2540798872374387,MGd,,FS,siegle_survey_2019,Siegle2019,optimal,optimal
0.1705146543960884,MGd,,FS,siegle_survey_2019,Siegle2019,optimal,optimal
0.1744586169344129,VISpm,,RS,siegle_survey_2019,Siegle2019,optimal,optimal
0.0735655768428854,VISpm,,RS,siegle_survey_2019,Siegle2019,optimal,optimal
0.4181437033475995,VISrl,L5,RS,siegle_survey_2019,Siegle2019,optimal,optimal
0.026540635537377,CA3,,RS,siegle_survey_2019,Siegle2019,optimal,optimal
0.0905498755045042,DG,,FS,siegle_survey_2019,Siegle2019,optimal,optimal
0.0395689170808622,VISpm,,FS,siegle_survey_2019,Siegle2019,optimal,optimal
0.1721132408784423,VISpm,,RS,siegle_survey_2019,Siegle2019,optimal,optimal
0.0490804502408853,VISpm,,RS,siegle_survey_2019,Siegle2019,optimal,optimal
0.1777400589398186,DG,,FS,siegle_survey_2019,Siegle2019,optimal,optimal
0.152089498498482,VISpm,,RS,siegle_survey_2019,Siegle2019,optimal,optimal
0.0319766879459538,DG,,FS,siegle_survey_2019,Siegle2019,optimal,optimal
0.0394656016872228,VISpm,,FS,siegle_survey_2019,Siegle2019,optimal,optimal
0.1749462241381887,VISpm,,RS,siegle_survey_2019,Siegle2019,optimal,optimal
0.082877870062157,CA1,,RS,siegle_survey_2019,Siegle2019,optimal,optimal
0.3985747648180257,VISpm,,RS,siegle_survey_2019,Siegle2019,optimal,optimal
0.1369920450047082,VISpm,,RS,siegle_survey_2019,Siegle2019,optimal,optimal
0.0848016289863755,DG,,RS,siegle_survey_2019,Siegle2019,optimal,optimal
0.2225643243118659,DG,,RS,siegle_survey_2019,Siegle2019,optimal,optimal
0.0227668136504905,VISal,L5,FS,siegle_survey_2019,Siegle2019,optimal,optimal
0.2109419594897879,VISal,L5,RS,siegle_survey_2019,Siegle2019,optimal,optimal
0.2435509476887556,VISal,L5,RS,siegle_survey_2019,Siegle2019,optimal,optimal
0.0969923775435261,VISal,L5,RS,siegle_survey_2019,Siegle2019,optimal,optimal
0.0251282904377624,grey,,FS,siegle_survey_2019,Siegle2019,optimal,optimal
0.0598995468366722,VISal,L5,RS,siegle_survey_2019,Siegle2019,optimal,optimal
0.0171896848271102,VISal,L5,RS,siegle_survey_2019,Siegle2019,optimal,optimal
0.1120197854070944,VISal,L3,RS,siegle_survey_2019,Siegle2019,optimal,optimal
0.2098667844438039,VISal,L3,RS,siegle_survey_2019,Siegle2019,optimal,optimal
0.1012722336448844,VISal,L3,RS,siegle_survey_2019,Siegle2019,optimal,optimal
0.054369784385523,grey,,RS,siegle_survey_2019,Siegle2019,optimal,optimal
0.0652372625707454,grey,,FS,siegle_survey_2019,Siegle2019,optimal,optimal
0.266690378828368,grey,,FS,siegle_survey_2019,Siegle2019,optimal,optimal
0.0835356087497136,grey,,RS,siegle_survey_2019,Siegle2019,optimal,optimal
0.1528568441474626,VISpm,L3,RS,siegle_survey_2019,Siegle2019,optimal,optimal
0.1160515065488259,VISpm,L3,RS,siegle_survey_2019,Siegle2019,optimal,optimal
0.2199467716475127,ProS,,RS,siegle_survey_2019,Siegle2019,optimal,optimal
0.1171711313306972,ProS,,RS,siegle_survey_2019,Siegle2019,optimal,optimal
0.0153900223444577,CA1,,FS,siegle_survey_2019,Siegle2019,optimal,optimal
0.2066519816636708,VISrl,L5,RS,siegle_survey_2019,Siegle2019,optimal,optimal
0.219867614932873,grey,,RS,siegle_survey_2019,Siegle2019,optimal,optimal
0.0524485458389636,VISrl,L4,RS,siegle_survey_2019,Siegle2019,optimal,optimal
0.0503178456645974,VISrl,L3,RS,siegle_survey_2019,Siegle2019,optimal,optimal
0.1825056074998781,VISrl,L3,RS,siegle_survey_2019,Siegle2019,optimal,optimal
0.4719769026783694,VISp,,RS,siegle_survey_2019,Siegle2019,optimal,optimal
0.0669733311970776,grey,,RS,siegle_survey_2019,Siegle2019,optimal,optimal
0.0910211355353107,grey,,FS,siegle_survey_2019,Siegle2019,optimal,optimal
0.0208977607180859,VISp,,FS,siegle_survey_2019,Siegle2019,optimal,optimal
0.0499056518701065,VISp,,RS,siegle_survey_2019,Siegle2019,optimal,optimal
0.1567961478574452,grey,,RS,siegle_survey_2019,Siegle2019,optimal,optimal
0.0459684756022673,grey,,RS,siegle_survey_2019,Siegle2019,optimal,optimal
0.031011288511591,grey,,FS,siegle_survey_2019,Siegle2019,optimal,optimal
0.1628140482627126,grey,,RS,siegle_survey_2019,Siegle2019,optimal,optimal
0.0842239740998668,grey,,RS,siegle_survey_2019,Siegle2019,optimal,optimal
0.2020267651329285,VISp,,RS,siegle_survey_2019,Siegle2019,optimal,optimal
0.72392586438175,VISp,,RS,siegle_survey_2019,Siegle2019,optimal,optimal
0.1372361450614602,VISp,,RS,siegle_survey_2019,Siegle2019,optimal,optimal
0.0862832883308711,VISp,,RS,siegle_survey_2019,Siegle2019,optimal,optimal
0.2849320430901549,VISp,,RS,siegle_survey_2019,Siegle2019,optimal,optimal
0.2068976546452973,VISp,,RS,siegle_survey_2019,Siegle2019,optimal,optimal
0.1193411810863862,VISp,,RS,siegle_survey_2019,Siegle2019,optimal,optimal
0.5547335349107532,VISp,,RS,siegle_survey_2019,Siegle2019,optimal,optimal
0.2550106721477828,VISp,,RS,siegle_survey_2019,Siegle2019,optimal,optimal
0.3622595117663395,VISp,,RS,siegle_survey_2019,Siegle2019,optimal,optimal
0.3809818712978535,VISp,,RS,siegle_survey_2019,Siegle2019,optimal,optimal
0.0738501150538873,grey,,RS,siegle_survey_2019,Siegle2019,optimal,optimal
0.3750149311760212,VISp,,RS,siegle_survey_2019,Siegle2019,optimal,optimal
0.1354546580731732,VISp,,RS,siegle_survey_2019,Siegle2019,optimal,optimal
0.0277646442414601,VISp,,RS,siegle_survey_2019,Siegle2019,optimal,optimal
0.1204469733968075,VISl,L6a,FS,siegle_survey_2019,Siegle2019,optimal,optimal
0.1419013805781748,VIS,,FS,siegle_survey_2019,Siegle2019,optimal,optimal
0.3703485347398647,VIS,,RS,siegle_survey_2019,Siegle2019,optimal,optimal
0.3913713322897173,VIS,,RS,siegle_survey_2019,Siegle2019,optimal,optimal
0.0374420285260403,VIS,,RS,siegle_survey_2019,Siegle2019,optimal,optimal
0.040392378141641,grey,,FS,siegle_survey_2019,Siegle2019,optimal,optimal
0.4386270611965763,VIS,,RS,siegle_survey_2019,Siegle2019,optimal,optimal
0.188572896092056,VIS,,RS,siegle_survey_2019,Siegle2019,optimal,optimal
0.1459789454079771,VIS,,RS,siegle_survey_2019,Siegle2019,optimal,optimal
0.2008979672912697,DG,,RS,siegle_survey_2019,Siegle2019,optimal,optimal
0.1356042951082739,grey,,RS,siegle_survey_2019,Siegle2019,optimal,optimal
0.0332774792285356,DG,,RS,siegle_survey_2019,Siegle2019,optimal,optimal
0.2845223375507634,grey,,RS,siegle_survey_2019,Siegle2019,optimal,optimal
0.2076739736975137,DG,,RS,siegle_survey_2019,Siegle2019,optimal,optimal
0.1809954885517235,DG,,RS,siegle_survey_2019,Siegle2019,optimal,optimal
0.2168843178852251,grey,,RS,siegle_survey_2019,Siegle2019,optimal,optimal
0.1651129246379499,DG,,FS,siegle_survey_2019,Siegle2019,optimal,optimal
0.128756485806539,CA1,,RS,siegle_survey_2019,Siegle2019,optimal,optimal
0.1382950347399976,CA1,,RS,siegle_survey_2019,Siegle2019,optimal,optimal
0.2409262215247447,grey,,RS,siegle_survey_2019,Siegle2019,optimal,optimal
0.086778083287853,VISam,,RS,siegle_survey_2019,Siegle2019,optimal,optimal
0.1525549835496269,CA1,,RS,siegle_survey_2019,Siegle2019,optimal,optimal
0.0726243485980161,CA1,,RS,siegle_survey_2019,Siegle2019,optimal,optimal
0.0808143148352008,CA1,,RS,siegle_survey_2019,Siegle2019,optimal,optimal
0.0230321020065908,CA1,,RS,siegle_survey_2019,Siegle2019,optimal,optimal
0.0226046205996363,CA1,,FS,siegle_survey_2019,Siegle2019,optimal,optimal
0.832488051314917,VISam,,RS,siegle_survey_2019,Siegle2019,optimal,optimal
0.2024147719111847,VISam,,RS,siegle_survey_2019,Siegle2019,optimal,optimal
0.0288963370919798,CA1,,RS,siegle_survey_2019,Siegle2019,optimal,optimal
0.0673130950483802,VISam,,RS,siegle_survey_2019,Siegle2019,optimal,optimal
0.0404629449177154,VISam,,RS,siegle_survey_2019,Siegle2019,optimal,optimal
0.1876647806513604,VISam,,RS,siegle_survey_2019,Siegle2019,optimal,optimal
0.2400907840375722,VISam,,RS,siegle_survey_2019,Siegle2019,optimal,optimal
0.0839891840851802,VISam,,RS,siegle_survey_2019,Siegle2019,optimal,optimal
0.2277956244882746,VISam,,RS,siegle_survey_2019,Siegle2019,optimal,optimal
0.2552679853135597,VISam,,RS,siegle_survey_2019,Siegle2019,optimal,optimal
0.0139659358163852,CA1,,RS,siegle_survey_2019,Siegle2019,optimal,optimal
0.2507133585987119,VISp,L6a,RS,siegle_survey_2019,Siegle2019,optimal,optimal
0.0249005225759911,VISam,,RS,siegle_survey_2019,Siegle2019,optimal,optimal
0.074814737985156,VISp,L5,RS,siegle_survey_2019,Siegle2019,optimal,optimal
0.5094403359538004,VISp,L5,RS,siegle_survey_2019,Siegle2019,optimal,optimal
0.0786922827893767,VISrl,,RS,siegle_survey_2019,Siegle2019,optimal,optimal
0.0546691064598546,VISp,L5,RS,siegle_survey_2019,Siegle2019,optimal,optimal
0.0688916781254959,VISp,L5,RS,siegle_survey_2019,Siegle2019,optimal,optimal
0.0555586230544673,VISp,L5,RS,siegle_survey_2019,Siegle2019,optimal,optimal
0.1239006285592462,VISp,L5,RS,siegle_survey_2019,Siegle2019,optimal,optimal
0.0237136152297286,VISrl,,RS,siegle_survey_2019,Siegle2019,optimal,optimal
0.1824911435851346,VISrl,,RS,siegle_survey_2019,Siegle2019,optimal,optimal
0.2518831351204259,VISrl,,RS,siegle_survey_2019,Siegle2019,optimal,optimal
0.1341895610452515,VISp,L5,RS,siegle_survey_2019,Siegle2019,optimal,optimal
0.1896423323818834,VISp,L5,RS,siegle_survey_2019,Siegle2019,optimal,optimal
0.7129069273577215,VISp,L4,RS,siegle_survey_2019,Siegle2019,optimal,optimal
0.1320866026842685,VISrl,,RS,siegle_survey_2019,Siegle2019,optimal,optimal
0.7170794135160818,VISp,L4,RS,siegle_survey_2019,Siegle2019,optimal,optimal
0.4403105550761016,VISp,L4,RS,siegle_survey_2019,Siegle2019,optimal,optimal
0.2181699471097196,VISrl,,RS,siegle_survey_2019,Siegle2019,optimal,optimal
0.5680426500543716,VISp,L3,RS,siegle_survey_2019,Siegle2019,optimal,optimal
0.3546620867920919,VISp,L3,RS,siegle_survey_2019,Siegle2019,optimal,optimal
0.5083210911664886,VISp,L3,RS,siegle_survey_2019,Siegle2019,optimal,optimal
0.2676919618486036,VISrl,,RS,siegle_survey_2019,Siegle2019,optimal,optimal
0.0332462041777171,VISrl,,RS,siegle_survey_2019,Siegle2019,optimal,optimal
0.1966626410741579,VISp,L3,RS,siegle_survey_2019,Siegle2019,optimal,optimal
0.0185357305872339,VISrl,,RS,siegle_survey_2019,Siegle2019,optimal,optimal
0.2806324387200161,VISrl,,RS,siegle_survey_2019,Siegle2019,optimal,optimal
0.0772627767357785,VISp,L3,RS,siegle_survey_2019,Siegle2019,optimal,optimal
0.0898775135909825,VISp,L3,RS,siegle_survey_2019,Siegle2019,optimal,optimal
0.149363429784184,VISp,L3,RS,siegle_survey_2019,Siegle2019,optimal,optimal
0.0664131221989251,VISrl,,RS,siegle_survey_2019,Siegle2019,optimal,optimal
0.1766966365267472,VISrl,,RS,siegle_survey_2019,Siegle2019,optimal,optimal
0.2067323594094057,MGm,,RS,siegle_survey_2019,Siegle2019,optimal,optimal
0.1835597973546309,MGm,,FS,siegle_survey_2019,Siegle2019,optimal,optimal
0.0989477320994177,VISp,L4,RS,siegle_survey_2019,Siegle2019,optimal,optimal
0.5622808791537105,VISp,L3,RS,siegle_survey_2019,Siegle2019,optimal,optimal
0.0611096997331847,SGN,,RS,siegle_survey_2019,Siegle2019,optimal,optimal
0.0490482974460616,SGN,,FS,siegle_survey_2019,Siegle2019,optimal,optimal
0.067262462567167,SGN,,FS,siegle_survey_2019,Siegle2019,optimal,optimal
0.060573310312148,SGN,,FS,siegle_survey_2019,Siegle2019,optimal,optimal
0.0309793647017221,SGN,,FS,siegle_survey_2019,Siegle2019,optimal,optimal
0.1589131965282484,SGN,,RS,siegle_survey_2019,Siegle2019,optimal,optimal
0.1289153992654048,SGN,,RS,siegle_survey_2019,Siegle2019,optimal,optimal
0.0113952321771592,grey,,FS,siegle_survey_2019,Siegle2019,optimal,optimal
0.0513356692043858,LP,,FS,siegle_survey_2019,Siegle2019,optimal,optimal
0.0726164435661224,LP,,FS,siegle_survey_2019,Siegle2019,optimal,optimal
0.1551316908903137,LP,,FS,siegle_survey_2019,Siegle2019,optimal,optimal
0.0256186248076611,LP,,RS,siegle_survey_2019,Siegle2019,optimal,optimal
0.2840276839087393,LP,,FS,siegle_survey_2019,Siegle2019,optimal,optimal
0.0889014890553717,DG,,FS,siegle_survey_2019,Siegle2019,optimal,optimal
0.1674350565606421,DG,,RS,siegle_survey_2019,Siegle2019,optimal,optimal
0.0155432892129924,DG,,FS,siegle_survey_2019,Siegle2019,optimal,optimal
0.0463360338105516,ProS,,FS,siegle_survey_2019,Siegle2019,optimal,optimal
0.0506261147152418,CA1,,RS,siegle_survey_2019,Siegle2019,optimal,optimal
0.0541679765960382,SUB,,RS,siegle_survey_2019,Siegle2019,optimal,optimal
0.117822609121207,VISal,L6a,RS,siegle_survey_2019,Siegle2019,optimal,optimal
0.2253061491654923,SUB,,RS,siegle_survey_2019,Siegle2019,optimal,optimal
0.0925335104927879,VISal,L5,RS,siegle_survey_2019,Siegle2019,optimal,optimal
0.1316858808072645,VISal,L5,RS,siegle_survey_2019,Siegle2019,optimal,optimal
0.0295426774234186,CA1,,FS,siegle_survey_2019,Siegle2019,optimal,optimal
0.0259926223404589,VISal,L5,RS,siegle_survey_2019,Siegle2019,optimal,optimal
0.2212610568732112,VISal,L5,RS,siegle_survey_2019,Siegle2019,optimal,optimal
0.3802462186764647,SUB,,FS,siegle_survey_2019,Siegle2019,optimal,optimal
0.142160731500032,VISp,L6b,RS,siegle_survey_2019,Siegle2019,optimal,optimal
0.1794424521153308,VISp,L6a,RS,siegle_survey_2019,Siegle2019,optimal,optimal
0.1404021288133249,VISal,L4,RS,siegle_survey_2019,Siegle2019,optimal,optimal
0.1396923641681728,CA1,,RS,siegle_survey_2019,Siegle2019,optimal,optimal
0.3484473486765015,VISal,L4,RS,siegle_survey_2019,Siegle2019,optimal,optimal
0.0658592967390171,VISp,L6a,RS,siegle_survey_2019,Siegle2019,optimal,optimal
0.1335947360599904,CA1,,RS,siegle_survey_2019,Siegle2019,optimal,optimal
0.0551793211481209,CA1,,RS,siegle_survey_2019,Siegle2019,optimal,optimal
0.0267773456823498,LGd,,FS,siegle_survey_2019,Siegle2019,optimal,optimal
0.4317354832768038,VISp,L5,RS,siegle_survey_2019,Siegle2019,optimal,optimal
0.0453879340314967,CA1,,RS,siegle_survey_2019,Siegle2019,optimal,optimal
0.408762832810477,VISp,L5,RS,siegle_survey_2019,Siegle2019,optimal,optimal
0.0991052503118249,VISp,L5,RS,siegle_survey_2019,Siegle2019,optimal,optimal
0.1095949727631734,VISp,L5,RS,siegle_survey_2019,Siegle2019,optimal,optimal
0.0417498602311768,VISp,L5,RS,siegle_survey_2019,Siegle2019,optimal,optimal
0.0482435440016209,VISp,L5,RS,siegle_survey_2019,Siegle2019,optimal,optimal
0.054044434230204,VISp,L5,RS,siegle_survey_2019,Siegle2019,optimal,optimal
0.0999031905256601,VISp,L5,RS,siegle_survey_2019,Siegle2019,optimal,optimal
0.0672482261583772,VISp,L4,FS,siegle_survey_2019,Siegle2019,optimal,optimal
0.3877199423346003,VISp,L4,RS,siegle_survey_2019,Siegle2019,optimal,optimal
0.2607673732338124,VISp,L4,RS,siegle_survey_2019,Siegle2019,optimal,optimal
0.2976181432543163,VISl,L5,RS,siegle_survey_2019,Siegle2019,optimal,optimal
0.288448213783585,VISp,L3,RS,siegle_survey_2019,Siegle2019,optimal,optimal
0.1334965506321193,VISl,L4,RS,siegle_survey_2019,Siegle2019,optimal,optimal
0.2132627834360856,VISp,L4,RS,siegle_survey_2019,Siegle2019,optimal,optimal
0.1635872471639385,VISp,L3,RS,siegle_survey_2019,Siegle2019,optimal,optimal
0.0849436439485956,CA1,,RS,siegle_survey_2019,Siegle2019,optimal,optimal
0.395891514849965,CA3,,FS,siegle_survey_2019,Siegle2019,optimal,optimal
0.1730152112561904,CA3,,RS,siegle_survey_2019,Siegle2019,optimal,optimal
0.0814951463097024,VISl,,RS,siegle_survey_2019,Siegle2019,optimal,optimal
0.1051822145397499,DG,,RS,siegle_survey_2019,Siegle2019,optimal,optimal
0.0716577971140196,VISam,L6a,RS,siegle_survey_2019,Siegle2019,optimal,optimal
0.31943828249997,VISam,L6a,RS,siegle_survey_2019,Siegle2019,optimal,optimal
0.0660759403829258,VISam,L5,RS,siegle_survey_2019,Siegle2019,optimal,optimal
0.0183058261758408,VPM,,FS,siegle_survey_2019,Siegle2019,optimal,optimal
0.0951426203922506,VISam,L4,RS,siegle_survey_2019,Siegle2019,optimal,optimal
0.0061444915347008,VPM,,RS,siegle_survey_2019,Siegle2019,optimal,optimal
0.0422072287922618,VISam,L4,RS,siegle_survey_2019,Siegle2019,optimal,optimal
0.2558375965793724,VISam,L4,RS,siegle_survey_2019,Siegle2019,optimal,optimal
0.0503925382678028,VISam,L4,RS,siegle_survey_2019,Siegle2019,optimal,optimal
0.0835744623045395,VISrl,L4,FS,siegle_survey_2019,Siegle2019,optimal,optimal
0.0488791510088967,VISrl,L4,RS,siegle_survey_2019,Siegle2019,optimal,optimal
0.0410418865482697,VISrl,L4,RS,siegle_survey_2019,Siegle2019,optimal,optimal
0.2753104893749086,VISam,L3,RS,siegle_survey_2019,Siegle2019,optimal,optimal
0.345850040518216,VISrl,L4,RS,siegle_survey_2019,Siegle2019,optimal,optimal
0.2883180069079932,VISrl,L3,RS,siegle_survey_2019,Siegle2019,optimal,optimal
0.1674923060582712,VISam,L3,RS,siegle_survey_2019,Siegle2019,optimal,optimal
0.3016814181225695,VISrl,L3,RS,siegle_survey_2019,Siegle2019,optimal,optimal
0.0257301770143723,VISrl,L3,RS,siegle_survey_2019,Siegle2019,optimal,optimal
0.0155680742385611,TH,,RS,siegle_survey_2019,Siegle2019,optimal,optimal
0.0170326596436113,TH,,FS,siegle_survey_2019,Siegle2019,optimal,optimal
0.0227597147553009,TH,,RS,siegle_survey_2019,Siegle2019,optimal,optimal
0.0331895323284338,TH,,RS,siegle_survey_2019,Siegle2019,optimal,optimal
0.4340835476912007,VISam,L3,RS,siegle_survey_2019,Siegle2019,optimal,optimal
0.395294143480872,VISam,L3,RS,siegle_survey_2019,Siegle2019,optimal,optimal
0.222554919016679,VISam,L3,RS,siegle_survey_2019,Siegle2019,optimal,optimal
0.0907369322723657,LGd,,FS,siegle_survey_2019,Siegle2019,optimal,optimal
0.0897640315829834,Eth,,RS,siegle_survey_2019,Siegle2019,optimal,optimal
0.0486445230971906,Eth,,RS,siegle_survey_2019,Siegle2019,optimal,optimal
0.0613178143136002,Eth,,RS,siegle_survey_2019,Siegle2019,optimal,optimal
0.1229427649892001,Eth,,RS,siegle_survey_2019,Siegle2019,optimal,optimal
0.2655875422760846,TH,,RS,siegle_survey_2019,Siegle2019,optimal,optimal
0.0582080958420095,LGd,,FS,siegle_survey_2019,Siegle2019,optimal,optimal
0.1433051237716914,LGd,,FS,siegle_survey_2019,Siegle2019,optimal,optimal
0.0619810055290439,TH,,RS,siegle_survey_2019,Siegle2019,optimal,optimal
0.0573498950258208,grey,,FS,siegle_survey_2019,Siegle2019,optimal,optimal
0.0207508458568475,grey,,RS,siegle_survey_2019,Siegle2019,optimal,optimal
0.0430875679584141,grey,,RS,siegle_survey_2019,Siegle2019,optimal,optimal
0.0713048181000994,grey,,FS,siegle_survey_2019,Siegle2019,optimal,optimal
0.0665652891622492,grey,,RS,siegle_survey_2019,Siegle2019,optimal,optimal
0.1566756462379726,APN,,RS,siegle_survey_2019,Siegle2019,optimal,optimal
0.3418631492785744,APN,,FS,siegle_survey_2019,Siegle2019,optimal,optimal
0.0937255373520431,LGd,,RS,siegle_survey_2019,Siegle2019,optimal,optimal
0.1004557838012382,grey,,RS,siegle_survey_2019,Siegle2019,optimal,optimal
0.0750756968741345,grey,,RS,siegle_survey_2019,Siegle2019,optimal,optimal
0.0331877276545529,CA1,,FS,siegle_survey_2019,Siegle2019,optimal,optimal
0.0207995374474121,CA3,,FS,siegle_survey_2019,Siegle2019,optimal,optimal
0.0509547050099544,grey,,RS,siegle_survey_2019,Siegle2019,optimal,optimal
0.0152839078228885,grey,,RS,siegle_survey_2019,Siegle2019,optimal,optimal
0.1585106910047051,grey,,RS,siegle_survey_2019,Siegle2019,optimal,optimal
0.0307598282935744,grey,,RS,siegle_survey_2019,Siegle2019,optimal,optimal
0.040523544552388,grey,,RS,siegle_survey_2019,Siegle2019,optimal,optimal
0.0394346761634178,grey,,RS,siegle_survey_2019,Siegle2019,optimal,optimal
0.0452328224432977,grey,,RS,siegle_survey_2019,Siegle2019,optimal,optimal
0.0634805433708148,grey,,RS,siegle_survey_2019,Siegle2019,optimal,optimal
0.1702966047854675,grey,,FS,siegle_survey_2019,Siegle2019,optimal,optimal
0.1720116172061254,VIS,L5,RS,siegle_survey_2019,Siegle2019,optimal,optimal
0.2482292478986067,VISpm,,RS,siegle_survey_2019,Siegle2019,optimal,optimal
0.1778529140851356,VIS,L5,RS,siegle_survey_2019,Siegle2019,optimal,optimal
0.0862978035238874,VIS,L5,RS,siegle_survey_2019,Siegle2019,optimal,optimal
0.1996804594692291,VIS,L5,RS,siegle_survey_2019,Siegle2019,optimal,optimal
0.0473389237441853,VIS,L5,RS,siegle_survey_2019,Siegle2019,optimal,optimal
0.0163340271590512,VIS,L5,RS,siegle_survey_2019,Siegle2019,optimal,optimal
0.0771147620720288,VIS,L5,RS,siegle_survey_2019,Siegle2019,optimal,optimal
0.2328615258866407,VIS,L5,RS,siegle_survey_2019,Siegle2019,optimal,optimal
0.556899419312668,VISal,L6a,FS,siegle_survey_2019,Siegle2019,optimal,optimal
0.1216116347019975,VISpm,,RS,siegle_survey_2019,Siegle2019,optimal,optimal
0.0232428374167869,VISal,L5,FS,siegle_survey_2019,Siegle2019,optimal,optimal
0.3442282763336877,VIS,L5,RS,siegle_survey_2019,Siegle2019,optimal,optimal
0.0146677884502324,VIS,,FS,siegle_survey_2019,Siegle2019,optimal,optimal
0.251439188755966,VIS,L5,RS,siegle_survey_2019,Siegle2019,optimal,optimal
0.0360105542178554,VISal,L5,RS,siegle_survey_2019,Siegle2019,optimal,optimal
0.2434061159855247,VISal,L4,RS,siegle_survey_2019,Siegle2019,optimal,optimal
0.2532524343856512,CA1,,RS,siegle_survey_2019,Siegle2019,optimal,optimal
0.1200759981229889,VIS,L5,RS,siegle_survey_2019,Siegle2019,optimal,optimal
0.0598424721260182,VISpm,,RS,siegle_survey_2019,Siegle2019,optimal,optimal
0.6457581046564537,VIS,L3,RS,siegle_survey_2019,Siegle2019,optimal,optimal
0.1312012490623526,grey,,RS,siegle_survey_2019,Siegle2019,optimal,optimal
0.3020261212493237,VPM,,FS,siegle_survey_2019,Siegle2019,optimal,optimal
0.0581993039597881,CA3,,FS,siegle_survey_2019,Siegle2019,optimal,optimal
0.0443386771002109,CA3,,RS,siegle_survey_2019,Siegle2019,optimal,optimal
0.1001450938759909,grey,,FS,siegle_survey_2019,Siegle2019,optimal,optimal
0.0632143996491395,POL,,FS,siegle_survey_2019,Siegle2019,optimal,optimal
0.0239177145228181,DG,,RS,siegle_survey_2019,Siegle2019,optimal,optimal
0.150908678493786,DG,,FS,siegle_survey_2019,Siegle2019,optimal,optimal
0.0295374516111769,DG,,FS,siegle_survey_2019,Siegle2019,optimal,optimal
0.0640872300067889,MB,,FS,siegle_survey_2019,Siegle2019,optimal,optimal
0.2383860068282883,SCig,,FS,siegle_survey_2019,Siegle2019,optimal,optimal
0.1433795461410908,CA1,,RS,siegle_survey_2019,Siegle2019,optimal,optimal
0.068117369933362,CA1,,RS,siegle_survey_2019,Siegle2019,optimal,optimal
0.5651283115224739,CA1,,RS,siegle_survey_2019,Siegle2019,optimal,optimal
0.1140016064236885,grey,,RS,siegle_survey_2019,Siegle2019,optimal,optimal
0.0388023189787423,CA1,,FS,siegle_survey_2019,Siegle2019,optimal,optimal
0.0358531955874417,CA1,,RS,siegle_survey_2019,Siegle2019,optimal,optimal
0.0767935417856272,VISl,L6a,RS,siegle_survey_2019,Siegle2019,optimal,optimal
0.0726554881568462,CA1,,RS,siegle_survey_2019,Siegle2019,optimal,optimal
0.1201527689415967,CA1,,RS,siegle_survey_2019,Siegle2019,optimal,optimal
0.0876532684081319,VISp,L5,RS,siegle_survey_2019,Siegle2019,optimal,optimal
0.2086510581667445,VISl,L6a,RS,siegle_survey_2019,Siegle2019,optimal,optimal
0.0578976062173503,VISp,L5,RS,siegle_survey_2019,Siegle2019,optimal,optimal
0.0295671187544074,VISl,L5,RS,siegle_survey_2019,Siegle2019,optimal,optimal
0.1624699187251118,VISam,,FS,siegle_survey_2019,Siegle2019,optimal,optimal
0.1299629738965816,VISl,L4,RS,siegle_survey_2019,Siegle2019,optimal,optimal
0.0170727128466272,VISl,L4,RS,siegle_survey_2019,Siegle2019,optimal,optimal
0.117857089763728,VISl,L4,RS,siegle_survey_2019,Siegle2019,optimal,optimal
0.3969196558698369,VISl,L5,RS,siegle_survey_2019,Siegle2019,optimal,optimal
0.255910271625802,VISam,,RS,siegle_survey_2019,Siegle2019,optimal,optimal
0.0653006727138302,VISl,L5,RS,siegle_survey_2019,Siegle2019,optimal,optimal
0.2207875240829046,VISl,L5,RS,siegle_survey_2019,Siegle2019,optimal,optimal
0.025162369593794,VISam,,RS,siegle_survey_2019,Siegle2019,optimal,optimal
0.0273953920289531,VISp,L4,FS,siegle_survey_2019,Siegle2019,optimal,optimal
0.0451196019895557,VISl,L5,RS,siegle_survey_2019,Siegle2019,optimal,optimal
0.0457057938350048,VISl,L5,RS,siegle_survey_2019,Siegle2019,optimal,optimal
0.0808455742882974,VISam,,RS,siegle_survey_2019,Siegle2019,optimal,optimal
0.1817633452625811,VISl,L5,RS,siegle_survey_2019,Siegle2019,optimal,optimal
0.1226266190990324,VISl,L5,RS,siegle_survey_2019,Siegle2019,optimal,optimal
0.0703335989793117,VISl,L5,RS,siegle_survey_2019,Siegle2019,optimal,optimal
0.8582456943090079,VISp,L3,RS,siegle_survey_2019,Siegle2019,optimal,optimal
0.1387234443102978,VISam,,RS,siegle_survey_2019,Siegle2019,optimal,optimal
0.200515870035242,DG,,RS,siegle_survey_2019,Siegle2019,optimal,optimal
0.1263372171994469,VISam,,RS,siegle_survey_2019,Siegle2019,optimal,optimal
0.1444175419767342,VISl,L4,RS,siegle_survey_2019,Siegle2019,optimal,optimal
0.241764108947828,VISam,,RS,siegle_survey_2019,Siegle2019,optimal,optimal
0.2290685543166004,CA1,,RS,siegle_survey_2019,Siegle2019,optimal,optimal
0.2911488598472279,VISam,,RS,siegle_survey_2019,Siegle2019,optimal,optimal
0.188519946752341,VISam,,RS,siegle_survey_2019,Siegle2019,optimal,optimal
0.1878865974947189,VISam,,RS,siegle_survey_2019,Siegle2019,optimal,optimal
0.2551390066971653,VISam,,RS,siegle_survey_2019,Siegle2019,optimal,optimal
0.3130852707014603,VISp,L4,RS,siegle_survey_2019,Siegle2019,optimal,optimal
0.4250444309109998,VISp,L3,RS,siegle_survey_2019,Siegle2019,optimal,optimal
0.1441012091660109,SCig,,FS,siegle_survey_2019,Siegle2019,optimal,optimal
0.0093910905858184,grey,,RS,siegle_survey_2019,Siegle2019,optimal,optimal
0.0673920161201322,VISl,L5,RS,siegle_survey_2019,Siegle2019,optimal,optimal
0.0856361814959789,grey,,FS,siegle_survey_2019,Siegle2019,optimal,optimal
0.1312273525145468,VISam,,RS,siegle_survey_2019,Siegle2019,optimal,optimal
0.0209134648336496,DG,,RS,siegle_survey_2019,Siegle2019,optimal,optimal
0.1226275421236805,MB,,FS,siegle_survey_2019,Siegle2019,optimal,optimal
0.0480192109816851,DG,,RS,siegle_survey_2019,Siegle2019,optimal,optimal
0.0466610697931718,APN,,FS,siegle_survey_2019,Siegle2019,optimal,optimal
0.0742152224313584,grey,,FS,siegle_survey_2019,Siegle2019,optimal,optimal
0.0559710299624269,APN,,FS,siegle_survey_2019,Siegle2019,optimal,optimal
0.0190171371383838,grey,,RS,siegle_survey_2019,Siegle2019,optimal,optimal
0.0378626627255945,grey,,FS,siegle_survey_2019,Siegle2019,optimal,optimal
0.2348044417127538,grey,,RS,siegle_survey_2019,Siegle2019,optimal,optimal
0.1126716765484482,CA1,,FS,siegle_survey_2019,Siegle2019,optimal,optimal
0.0726934389614264,grey,,RS,siegle_survey_2019,Siegle2019,optimal,optimal
0.1006461408448323,CA1,,RS,siegle_survey_2019,Siegle2019,optimal,optimal
0.0888702120499739,VISp,,RS,siegle_survey_2019,Siegle2019,optimal,optimal
0.0582804967754805,VISam,L6a,FS,siegle_survey_2019,Siegle2019,optimal,optimal
0.9008284668945796,VISam,L5,RS,siegle_survey_2019,Siegle2019,optimal,optimal
0.5911530267796711,VISp,,RS,siegle_survey_2019,Siegle2019,optimal,optimal
0.009075432947615,VISam,L5,RS,siegle_survey_2019,Siegle2019,optimal,optimal
0.3414187281082139,VISp,,RS,siegle_survey_2019,Siegle2019,optimal,optimal
0.0830470297142506,VISp,,RS,siegle_survey_2019,Siegle2019,optimal,optimal
0.1495391905742487,VISp,,RS,siegle_survey_2019,Siegle2019,optimal,optimal
0.3090272961999514,VISp,,RS,siegle_survey_2019,Siegle2019,optimal,optimal
0.0398390100245964,grey,,RS,siegle_survey_2019,Siegle2019,optimal,optimal
0.0266680013818616,VISam,L5,RS,siegle_survey_2019,Siegle2019,optimal,optimal
0.0753464631932949,VISam,L5,RS,siegle_survey_2019,Siegle2019,optimal,optimal
0.2966853780305965,VISam,L5,RS,siegle_survey_2019,Siegle2019,optimal,optimal
0.0432657680536107,VISam,L4,FS,siegle_survey_2019,Siegle2019,optimal,optimal
0.0471697150846093,VISp,,RS,siegle_survey_2019,Siegle2019,optimal,optimal
0.0999887017403619,VISam,L4,RS,siegle_survey_2019,Siegle2019,optimal,optimal
0.3631683100565078,VISam,L3,RS,siegle_survey_2019,Siegle2019,optimal,optimal
0.0379468965926781,VISp,,RS,siegle_survey_2019,Siegle2019,optimal,optimal
0.6061574694379361,VISp,,RS,siegle_survey_2019,Siegle2019,optimal,optimal
0.1361236339070424,APN,,FS,siegle_survey_2019,Siegle2019,optimal,optimal
0.036551030816365,VISam,L5,RS,siegle_survey_2019,Siegle2019,optimal,optimal
0.0297397052077064,VISp,,RS,siegle_survey_2019,Siegle2019,optimal,optimal
0.5819743708981235,VISp,,RS,siegle_survey_2019,Siegle2019,optimal,optimal
0.2988583104697768,VISp,,FS,siegle_survey_2019,Siegle2019,optimal,optimal
0.2497219666611559,VISp,,RS,siegle_survey_2019,Siegle2019,optimal,optimal
0.0896042223182729,PO,,RS,siegle_survey_2019,Siegle2019,optimal,optimal
0.1070235582049015,PO,,FS,siegle_survey_2019,Siegle2019,optimal,optimal
0.1159130724066808,CA1,,RS,siegle_survey_2019,Siegle2019,optimal,optimal
0.0403185336090476,PO,,RS,siegle_survey_2019,Siegle2019,optimal,optimal
0.2844622234927377,VISp,,RS,siegle_survey_2019,Siegle2019,optimal,optimal
0.0266857310345601,VISam,L6a,FS,siegle_survey_2019,Siegle2019,optimal,optimal
0.0479727780039633,PO,,RS,siegle_survey_2019,Siegle2019,optimal,optimal
0.0497575541978868,PO,,RS,siegle_survey_2019,Siegle2019,optimal,optimal
0.0623180399127288,VISam,L5,FS,siegle_survey_2019,Siegle2019,optimal,optimal
0.1340454120803972,VISam,L4,RS,siegle_survey_2019,Siegle2019,optimal,optimal
0.0506715204333366,VISam,L4,RS,siegle_survey_2019,Siegle2019,optimal,optimal
0.0914852144289471,grey,,FS,siegle_survey_2019,Siegle2019,optimal,optimal
0.0935152305959265,LP,,RS,siegle_survey_2019,Siegle2019,optimal,optimal
0.1682401322089241,VISam,L3,RS,siegle_survey_2019,Siegle2019,optimal,optimal
0.2326000260156036,grey,,FS,siegle_survey_2019,Siegle2019,optimal,optimal
0.0011538018812093,grey,,FS,siegle_survey_2019,Siegle2019,optimal,optimal
0.1470515454815131,VISam,L3,RS,siegle_survey_2019,Siegle2019,optimal,optimal
0.2252021766300602,VISam,L3,RS,siegle_survey_2019,Siegle2019,optimal,optimal
0.2348139530260952,VISam,L3,RS,siegle_survey_2019,Siegle2019,optimal,optimal
0.3407954450106033,VISam,L3,RS,siegle_survey_2019,Siegle2019,optimal,optimal
0.2665912305493171,LP,,RS,siegle_survey_2019,Siegle2019,optimal,optimal
0.0316792486568881,LP,,RS,siegle_survey_2019,Siegle2019,optimal,optimal
0.1405084185465276,VISam,L3,RS,siegle_survey_2019,Siegle2019,optimal,optimal
0.2503393896595381,VISam,L3,RS,siegle_survey_2019,Siegle2019,optimal,optimal
0.1738486182346052,VISam,L2,RS,siegle_survey_2019,Siegle2019,optimal,optimal
0.0749018470297841,LP,,FS,siegle_survey_2019,Siegle2019,optimal,optimal
0.1388882459312736,VISam,L3,RS,siegle_survey_2019,Siegle2019,optimal,optimal
0.0836523497242969,grey,,RS,siegle_survey_2019,Siegle2019,optimal,optimal
0.1792374454961564,grey,,RS,siegle_survey_2019,Siegle2019,optimal,optimal
0.0405319269300041,grey,,RS,siegle_survey_2019,Siegle2019,optimal,optimal
0.0957577611577196,grey,,FS,siegle_survey_2019,Siegle2019,optimal,optimal
0.2110706712717922,grey,,RS,siegle_survey_2019,Siegle2019,optimal,optimal
0.2089828763566,grey,,RS,siegle_survey_2019,Siegle2019,optimal,optimal
0.0306203416005934,grey,,RS,siegle_survey_2019,Siegle2019,optimal,optimal
0.1258432864822926,CA3,,FS,siegle_survey_2019,Siegle2019,optimal,optimal
0.0706074723502146,grey,,RS,siegle_survey_2019,Siegle2019,optimal,optimal
0.1730350231735891,grey,,RS,siegle_survey_2019,Siegle2019,optimal,optimal
0.0407750683255067,grey,,RS,siegle_survey_2019,Siegle2019,optimal,optimal
0.2100260407429115,VISal,L5,FS,siegle_survey_2019,Siegle2019,optimal,optimal
0.0414539070595036,grey,,RS,siegle_survey_2019,Siegle2019,optimal,optimal
0.0340717831866666,VISal,L5,RS,siegle_survey_2019,Siegle2019,optimal,optimal
0.0597929508776238,grey,,RS,siegle_survey_2019,Siegle2019,optimal,optimal
0.2629945495261689,VISal,L5,RS,siegle_survey_2019,Siegle2019,optimal,optimal
0.1307671184386948,VISal,L5,RS,siegle_survey_2019,Siegle2019,optimal,optimal
0.0463593428187766,VISam,,RS,siegle_survey_2019,Siegle2019,optimal,optimal
0.2260942678753247,VISal,L4,FS,siegle_survey_2019,Siegle2019,optimal,optimal
0.2139172141814949,VISal,L4,RS,siegle_survey_2019,Siegle2019,optimal,optimal
0.2065295460860292,VISam,,RS,siegle_survey_2019,Siegle2019,optimal,optimal
0.0188226191072138,VISam,,RS,siegle_survey_2019,Siegle2019,optimal,optimal
0.155068816666254,VISal,L3,RS,siegle_survey_2019,Siegle2019,optimal,optimal
0.0470810635288469,VISam,,RS,siegle_survey_2019,Siegle2019,optimal,optimal
0.1545321246518664,VISam,,RS,siegle_survey_2019,Siegle2019,optimal,optimal
0.4143347717687024,VISam,,RS,siegle_survey_2019,Siegle2019,optimal,optimal
0.2664837446052052,CA1,,RS,siegle_survey_2019,Siegle2019,optimal,optimal
0.0942928244643464,VISpm,L6a,RS,siegle_survey_2019,Siegle2019,optimal,optimal
0.4578952189032504,grey,,FS,siegle_survey_2019,Siegle2019,optimal,optimal
0.3333934756263449,VISpm,L5,RS,siegle_survey_2019,Siegle2019,optimal,optimal
0.0784434726254176,VISpm,L5,FS,siegle_survey_2019,Siegle2019,optimal,optimal
0.0550587279323046,VISpm,L5,RS,siegle_survey_2019,Siegle2019,optimal,optimal
0.2580240368386511,VISpm,L5,FS,siegle_survey_2019,Siegle2019,optimal,optimal
0.0693915359106552,VISpm,L5,RS,siegle_survey_2019,Siegle2019,optimal,optimal
0.0710850226782395,VISpm,L5,RS,siegle_survey_2019,Siegle2019,optimal,optimal
0.0470629496833915,VISam,,RS,siegle_survey_2019,Siegle2019,optimal,optimal
0.0599125107740675,VISpm,L5,RS,siegle_survey_2019,Siegle2019,optimal,optimal
0.0277029023396307,VISpm,L5,RS,siegle_survey_2019,Siegle2019,optimal,optimal
0.1025686735971522,VISpm,L5,RS,siegle_survey_2019,Siegle2019,optimal,optimal
0.2649738377708701,VISpm,L5,RS,siegle_survey_2019,Siegle2019,optimal,optimal
0.0216999745227886,VISpm,L5,RS,siegle_survey_2019,Siegle2019,optimal,optimal
0.2475035298801386,VISpm,L5,RS,siegle_survey_2019,Siegle2019,optimal,optimal
0.0999898721822163,VISpm,L4,RS,siegle_survey_2019,Siegle2019,optimal,optimal
0.160673998441748,VISpm,L4,RS,siegle_survey_2019,Siegle2019,optimal,optimal
0.204694515027983,VISpm,L4,RS,siegle_survey_2019,Siegle2019,optimal,optimal
0.1648587773151197,VISpm,L3,RS,siegle_survey_2019,Siegle2019,optimal,optimal
0.215661649409587,VISpm,L3,RS,siegle_survey_2019,Siegle2019,optimal,optimal
0.1143357005782398,grey,,RS,siegle_survey_2019,Siegle2019,optimal,optimal
0.0747096486111014,grey,,FS,siegle_survey_2019,Siegle2019,optimal,optimal
0.201379789476977,grey,,RS,siegle_survey_2019,Siegle2019,optimal,optimal
0.1258885136906329,VISrl,,RS,siegle_survey_2019,Siegle2019,optimal,optimal
0.1291320121878386,VISrl,,RS,siegle_survey_2019,Siegle2019,optimal,optimal
0.0442970540782469,VISrl,,RS,siegle_survey_2019,Siegle2019,optimal,optimal
0.0999341503653711,grey,,FS,siegle_survey_2019,Siegle2019,optimal,optimal
0.1300795719584829,grey,,RS,siegle_survey_2019,Siegle2019,optimal,optimal
0.1171173295916738,grey,,RS,siegle_survey_2019,Siegle2019,optimal,optimal
0.1103147536088135,grey,,RS,siegle_survey_2019,Siegle2019,optimal,optimal
0.1498560656120338,grey,,RS,siegle_survey_2019,Siegle2019,optimal,optimal
0.0819048086291174,grey,,RS,siegle_survey_2019,Siegle2019,optimal,optimal
0.1407115870853564,grey,,FS,siegle_survey_2019,Siegle2019,optimal,optimal
0.2334758668994598,grey,,RS,siegle_survey_2019,Siegle2019,optimal,optimal
0.0437151391587295,grey,,RS,siegle_survey_2019,Siegle2019,optimal,optimal
0.4163632142192713,grey,,RS,siegle_survey_2019,Siegle2019,optimal,optimal
0.1743782389089948,VISal,,RS,siegle_survey_2019,Siegle2019,optimal,optimal
0.1148905340814521,VISal,,RS,siegle_survey_2019,Siegle2019,optimal,optimal
0.2341220845344469,VISal,,RS,siegle_survey_2019,Siegle2019,optimal,optimal
0.0232459767086987,VISal,,RS,siegle_survey_2019,Siegle2019,optimal,optimal
0.1010615457569217,VISal,,RS,siegle_survey_2019,Siegle2019,optimal,optimal
0.096268662024753,VISal,,RS,siegle_survey_2019,Siegle2019,optimal,optimal
0.0529988961423886,VISal,,RS,siegle_survey_2019,Siegle2019,optimal,optimal
0.2502808609463632,VISal,,RS,siegle_survey_2019,Siegle2019,optimal,optimal
0.1333200261257147,VISal,,RS,siegle_survey_2019,Siegle2019,optimal,optimal
0.1812619972659789,VISal,,RS,siegle_survey_2019,Siegle2019,optimal,optimal
0.1032066805943055,VISal,,RS,siegle_survey_2019,Siegle2019,optimal,optimal
0.36726211299345,VISal,,RS,siegle_survey_2019,Siegle2019,optimal,optimal
0.2123324494477167,VISal,,RS,siegle_survey_2019,Siegle2019,optimal,optimal
0.0117978124692392,VISal,,RS,siegle_survey_2019,Siegle2019,optimal,optimal
0.1985664033101188,VISal,,RS,siegle_survey_2019,Siegle2019,optimal,optimal
0.0479141382710474,MGd,,RS,siegle_survey_2019,Siegle2019,optimal,optimal
0.1358675619616212,MGd,,FS,siegle_survey_2019,Siegle2019,optimal,optimal
0.1223545094009686,MGd,,FS,siegle_survey_2019,Siegle2019,optimal,optimal
0.0745924304572307,MGd,,FS,siegle_survey_2019,Siegle2019,optimal,optimal
0.0533235429976595,MGd,,FS,siegle_survey_2019,Siegle2019,optimal,optimal
0.0359743804548518,SGN,,FS,siegle_survey_2019,Siegle2019,optimal,optimal
0.0578105098052326,SGN,,FS,siegle_survey_2019,Siegle2019,optimal,optimal
0.0788268379213641,SGN,,RS,siegle_survey_2019,Siegle2019,optimal,optimal
0.0864246028784887,LP,,FS,siegle_survey_2019,Siegle2019,optimal,optimal
0.0991681126927943,ProS,,RS,siegle_survey_2019,Siegle2019,optimal,optimal
0.0171532958883905,ProS,,RS,siegle_survey_2019,Siegle2019,optimal,optimal
0.015567630180152,ProS,,FS,siegle_survey_2019,Siegle2019,optimal,optimal
0.1748812607861077,ProS,,RS,siegle_survey_2019,Siegle2019,optimal,optimal
0.0136063972586057,VISp,L6a,RS,siegle_survey_2019,Siegle2019,optimal,optimal
0.0377606609566936,VISp,L6a,RS,siegle_survey_2019,Siegle2019,optimal,optimal
0.2262261603991832,VISp,L5,FS,siegle_survey_2019,Siegle2019,optimal,optimal
0.1325673921504191,VISp,L4,RS,siegle_survey_2019,Siegle2019,optimal,optimal
0.0268827601640052,VISp,L4,RS,siegle_survey_2019,Siegle2019,optimal,optimal
0.0601382234849412,VISp,L4,FS,siegle_survey_2019,Siegle2019,optimal,optimal
0.2790310344127688,VISp,L4,RS,siegle_survey_2019,Siegle2019,optimal,optimal
0.2934332807298546,VISp,L4,RS,siegle_survey_2019,Siegle2019,optimal,optimal
0.3705067391295407,VISp,L4,RS,siegle_survey_2019,Siegle2019,optimal,optimal
0.6793747026464513,VISp,L4,FS,siegle_survey_2019,Siegle2019,optimal,optimal
0.4104129605012069,VISp,L4,RS,siegle_survey_2019,Siegle2019,optimal,optimal
0.3069636976493524,VISp,L3,RS,siegle_survey_2019,Siegle2019,optimal,optimal
0.0702810426700052,VISp,L3,RS,siegle_survey_2019,Siegle2019,optimal,optimal
0.033391292749892,VPM,,RS,siegle_survey_2019,Siegle2019,optimal,optimal
0.0156341669660607,VPM,,RS,siegle_survey_2019,Siegle2019,optimal,optimal
0.1293551562770329,VPM,,RS,siegle_survey_2019,Siegle2019,optimal,optimal
0.022374527328308,VPM,,FS,siegle_survey_2019,Siegle2019,optimal,optimal
0.0601318711451354,LP,,RS,siegle_survey_2019,Siegle2019,optimal,optimal
0.036905265395516,LGd,,RS,siegle_survey_2019,Siegle2019,optimal,optimal
0.0290247147854972,CA1,,RS,siegle_survey_2019,Siegle2019,optimal,optimal
0.0508223489977901,VISal,L5,RS,siegle_survey_2019,Siegle2019,optimal,optimal
0.298815870021982,VISal,L5,RS,siegle_survey_2019,Siegle2019,optimal,optimal
0.1650950658484754,VISal,L5,RS,siegle_survey_2019,Siegle2019,optimal,optimal
0.0855802317029227,VISal,L5,RS,siegle_survey_2019,Siegle2019,optimal,optimal
0.0951702454473315,VISal,L5,RS,siegle_survey_2019,Siegle2019,optimal,optimal
0.196024507357558,VISal,L4,RS,siegle_survey_2019,Siegle2019,optimal,optimal
0.3904847897194972,VISal,L4,RS,siegle_survey_2019,Siegle2019,optimal,optimal
0.1713826796501535,VISal,L4,RS,siegle_survey_2019,Siegle2019,optimal,optimal
0.0749731454009856,VISal,L4,FS,siegle_survey_2019,Siegle2019,optimal,optimal
0.1232546263933156,VISal,L4,RS,siegle_survey_2019,Siegle2019,optimal,optimal
0.4649606417856745,VISal,L3,RS,siegle_survey_2019,Siegle2019,optimal,optimal
0.1543899950288626,DG,,RS,siegle_survey_2019,Siegle2019,optimal,optimal
0.0717727718013045,CA1,,FS,siegle_survey_2019,Siegle2019,optimal,optimal
0.0218688841875249,CA1,,RS,siegle_survey_2019,Siegle2019,optimal,optimal
0.190584168644457,CA1,,RS,siegle_survey_2019,Siegle2019,optimal,optimal
0.0703944040406382,VISli,L6a,RS,siegle_survey_2019,Siegle2019,optimal,optimal
0.1683424765576772,VISli,L6a,RS,siegle_survey_2019,Siegle2019,optimal,optimal
0.570576424594572,VISli,L6a,RS,siegle_survey_2019,Siegle2019,optimal,optimal
0.285398029748711,VISli,L6a,RS,siegle_survey_2019,Siegle2019,optimal,optimal
0.4313185429318026,VISli,L5,RS,siegle_survey_2019,Siegle2019,optimal,optimal
0.0484305923867295,VISli,L5,FS,siegle_survey_2019,Siegle2019,optimal,optimal
0.198403236396,VISli,L5,RS,siegle_survey_2019,Siegle2019,optimal,optimal
0.1828449316798016,VISli,L5,RS,siegle_survey_2019,Siegle2019,optimal,optimal
0.1091319085697776,VISli,L5,RS,siegle_survey_2019,Siegle2019,optimal,optimal
0.1753898155332998,VISli,L5,RS,siegle_survey_2019,Siegle2019,optimal,optimal
0.1485732259305072,VISli,L4,RS,siegle_survey_2019,Siegle2019,optimal,optimal
0.3379095519966838,VISli,L3,RS,siegle_survey_2019,Siegle2019,optimal,optimal
0.2344977121247968,VISli,L4,RS,siegle_survey_2019,Siegle2019,optimal,optimal
0.0763103206353509,DG,,RS,siegle_survey_2019,Siegle2019,optimal,optimal
0.0142689265047393,CA1,,FS,siegle_survey_2019,Siegle2019,optimal,optimal
0.0710235611380449,VISrl,L6a,RS,siegle_survey_2019,Siegle2019,optimal,optimal
0.1423280387716721,VISrl,L4,RS,siegle_survey_2019,Siegle2019,optimal,optimal
0.1164573685459563,VISrl,L4,RS,siegle_survey_2019,Siegle2019,optimal,optimal
0.3654403821685897,VISrl,L3,FS,siegle_survey_2019,Siegle2019,optimal,optimal
0.1163716211668747,VISrl,L4,RS,siegle_survey_2019,Siegle2019,optimal,optimal
0.2033121433658854,VISrl,L4,RS,siegle_survey_2019,Siegle2019,optimal,optimal
0.0293170522915345,MRN,,FS,siegle_survey_2019,Siegle2019,optimal,optimal
0.1832607889747283,MB,,FS,siegle_survey_2019,Siegle2019,optimal,optimal
0.039037137712409,MB,,FS,siegle_survey_2019,Siegle2019,optimal,optimal
0.06629214705523,MB,,FS,siegle_survey_2019,Siegle2019,optimal,optimal
0.0905407081167325,MB,,FS,siegle_survey_2019,Siegle2019,optimal,optimal
0.1289809797171937,MB,,FS,siegle_survey_2019,Siegle2019,optimal,optimal
0.3346124208821709,MB,,FS,siegle_survey_2019,Siegle2019,optimal,optimal
0.0042307715844374,OP,,FS,siegle_survey_2019,Siegle2019,optimal,optimal
0.0468439398041901,NOT,,FS,siegle_survey_2019,Siegle2019,optimal,optimal
0.0432388061448436,CA1,,RS,siegle_survey_2019,Siegle2019,optimal,optimal
0.0382153076882143,CA1,,RS,siegle_survey_2019,Siegle2019,optimal,optimal
0.0226151480591723,CA1,,RS,siegle_survey_2019,Siegle2019,optimal,optimal
0.0881972411243,VISam,L6a,RS,siegle_survey_2019,Siegle2019,optimal,optimal
0.0601223252757442,VISam,L6a,FS,siegle_survey_2019,Siegle2019,optimal,optimal
0.1007936057312257,VISam,L5,RS,siegle_survey_2019,Siegle2019,optimal,optimal
0.2710384521142186,VISam,L5,RS,siegle_survey_2019,Siegle2019,optimal,optimal
0.1333896672411859,VISam,L5,RS,siegle_survey_2019,Siegle2019,optimal,optimal
0.0439344017760736,VISam,L5,RS,siegle_survey_2019,Siegle2019,optimal,optimal
0.1932664257614587,LP,,RS,siegle_survey_2019,Siegle2019,optimal,optimal
0.0278313747025001,VISam,L4,RS,siegle_survey_2019,Siegle2019,optimal,optimal
0.2722905353179412,VISam,L3,RS,siegle_survey_2019,Siegle2019,optimal,optimal
0.0593310022218575,DG,,RS,siegle_survey_2019,Siegle2019,optimal,optimal
0.5979519798254582,VISam,L3,RS,siegle_survey_2019,Siegle2019,optimal,optimal
0.0176057027249917,VISam,L3,FS,siegle_survey_2019,Siegle2019,optimal,optimal
0.1589509428906577,DG,,RS,siegle_survey_2019,Siegle2019,optimal,optimal
0.0505859575143951,CA3,,RS,siegle_survey_2019,Siegle2019,optimal,optimal
0.2437600450667714,DG,,RS,siegle_survey_2019,Siegle2019,optimal,optimal
0.2506949520423026,DG,,RS,siegle_survey_2019,Siegle2019,optimal,optimal
0.27568394752725,DG,,RS,siegle_survey_2019,Siegle2019,optimal,optimal
0.4576209150589986,VISam,L3,RS,siegle_survey_2019,Siegle2019,optimal,optimal
0.3282557663960818,VISpm,L6a,RS,siegle_survey_2019,Siegle2019,optimal,optimal
0.0199379450929389,VISpm,L6a,RS,siegle_survey_2019,Siegle2019,optimal,optimal
0.0819966022095949,VISpm,L5,RS,siegle_survey_2019,Siegle2019,optimal,optimal
0.0510802374649365,VISpm,L5,RS,siegle_survey_2019,Siegle2019,optimal,optimal
0.1682010362907512,VISpm,L4,RS,siegle_survey_2019,Siegle2019,optimal,optimal
0.069746495405657,VISpm,L3,RS,siegle_survey_2019,Siegle2019,optimal,optimal
0.0715684451816185,VISpm,L3,RS,siegle_survey_2019,Siegle2019,optimal,optimal
0.0594918954713442,VISl,L5,RS,siegle_survey_2019,Siegle2019,optimal,optimal
0.1043258034046955,VISl,L5,RS,siegle_survey_2019,Siegle2019,optimal,optimal
0.0961990699750557,VISl,L5,RS,siegle_survey_2019,Siegle2019,optimal,optimal
0.0119005921307557,TH,,FS,siegle_survey_2019,Siegle2019,optimal,optimal
0.1202592043841918,PP,,FS,siegle_survey_2019,Siegle2019,optimal,optimal
0.0409231499557561,CA3,,FS,siegle_survey_2019,Siegle2019,optimal,optimal
0.1006966062719121,LP,,RS,siegle_survey_2019,Siegle2019,optimal,optimal
0.0537452840858528,LP,,RS,siegle_survey_2019,Siegle2019,optimal,optimal
0.3238338050463825,CA3,,RS,siegle_survey_2019,Siegle2019,optimal,optimal
0.0718046687446844,CA3,,RS,siegle_survey_2019,Siegle2019,optimal,optimal
0.0725683540830362,SUB,,FS,siegle_survey_2019,Siegle2019,optimal,optimal
0.0427455682148215,VISp,L6a,RS,siegle_survey_2019,Siegle2019,optimal,optimal
0.0211040723239781,VISp,L6a,FS,siegle_survey_2019,Siegle2019,optimal,optimal
0.1962354394293461,CA1,,RS,siegle_survey_2019,Siegle2019,optimal,optimal
0.0918238061489626,CA1,,RS,siegle_survey_2019,Siegle2019,optimal,optimal
0.2605765315541906,VISp,L5,RS,siegle_survey_2019,Siegle2019,optimal,optimal
0.1295943579546137,ProS,,RS,siegle_survey_2019,Siegle2019,optimal,optimal
0.0909529799805656,ProS,,RS,siegle_survey_2019,Siegle2019,optimal,optimal
0.0551082627173473,ProS,,RS,siegle_survey_2019,Siegle2019,optimal,optimal
0.1459218870693253,VISp,L5,FS,siegle_survey_2019,Siegle2019,optimal,optimal
0.1175616153789442,VISp,L5,RS,siegle_survey_2019,Siegle2019,optimal,optimal
0.3593421592229665,VISp,L5,RS,siegle_survey_2019,Siegle2019,optimal,optimal
0.4808754953416677,VISp,L4,RS,siegle_survey_2019,Siegle2019,optimal,optimal
0.072984997827554,VISal,L6a,RS,siegle_survey_2019,Siegle2019,optimal,optimal
0.1850945378628625,VISal,L6a,RS,siegle_survey_2019,Siegle2019,optimal,optimal
0.1122934772463974,VISp,L6a,RS,siegle_survey_2019,Siegle2019,optimal,optimal
0.1293975459529407,VISp,L6a,FS,siegle_survey_2019,Siegle2019,optimal,optimal
0.1833285514664669,VISp,L6a,RS,siegle_survey_2019,Siegle2019,optimal,optimal
0.0608285085966123,VISp,L5,RS,siegle_survey_2019,Siegle2019,optimal,optimal
0.3761746562188724,VISp,L5,RS,siegle_survey_2019,Siegle2019,optimal,optimal
0.0861146661631939,VISal,L5,RS,siegle_survey_2019,Siegle2019,optimal,optimal
0.2112742829984879,VISal,L4,RS,siegle_survey_2019,Siegle2019,optimal,optimal
0.3182056473350826,VISal,L5,RS,siegle_survey_2019,Siegle2019,optimal,optimal
0.1632341923031799,VISp,L5,FS,siegle_survey_2019,Siegle2019,optimal,optimal
0.0253406013740033,VISp,L5,RS,siegle_survey_2019,Siegle2019,optimal,optimal
0.020617444103347,VISp,L5,RS,siegle_survey_2019,Siegle2019,optimal,optimal
0.0145468199945367,VISp,L5,RS,siegle_survey_2019,Siegle2019,optimal,optimal
0.078300379263449,VISp,L5,FS,siegle_survey_2019,Siegle2019,optimal,optimal
0.0860812101584869,VISp,L5,FS,siegle_survey_2019,Siegle2019,optimal,optimal
0.0649773159920035,VISp,L4,RS,siegle_survey_2019,Siegle2019,optimal,optimal
0.0553657833672383,TH,,FS,siegle_survey_2019,Siegle2019,optimal,optimal
0.102117489727387,VISp,L3,RS,siegle_survey_2019,Siegle2019,optimal,optimal
0.1155916002224459,VISp,L3,RS,siegle_survey_2019,Siegle2019,optimal,optimal
0.4891634174771984,VISp,L3,RS,siegle_survey_2019,Siegle2019,optimal,optimal
0.0167248152478315,CA1,,FS,siegle_survey_2019,Siegle2019,optimal,optimal
0.0104935046224974,APN,,RS,siegle_survey_2019,Siegle2019,optimal,optimal
0.054998987541534,APN,,RS,siegle_survey_2019,Siegle2019,optimal,optimal
0.0721590553319117,CA2,,FS,siegle_survey_2019,Siegle2019,optimal,optimal
0.1017679101127549,APN,,FS,siegle_survey_2019,Siegle2019,optimal,optimal
0.0585634836703792,CA1,,FS,siegle_survey_2019,Siegle2019,optimal,optimal
0.1319814960823699,APN,,FS,siegle_survey_2019,Siegle2019,optimal,optimal
0.0238718602869481,VIS,L5,RS,siegle_survey_2019,Siegle2019,optimal,optimal
0.2812395715490604,VISl,L6a,RS,siegle_survey_2019,Siegle2019,optimal,optimal
0.0021938231204932,VIS,L5,RS,siegle_survey_2019,Siegle2019,optimal,optimal
0.0622878221033409,VISl,L6a,FS,siegle_survey_2019,Siegle2019,optimal,optimal
0.27077449156515,VISl,L5,RS,siegle_survey_2019,Siegle2019,optimal,optimal
0.2526050187621048,CA1,,RS,siegle_survey_2019,Siegle2019,optimal,optimal
0.2919649337747187,VIS,L5,RS,siegle_survey_2019,Siegle2019,optimal,optimal
0.0648503472386195,CA1,,FS,siegle_survey_2019,Siegle2019,optimal,optimal
0.0070384736716567,CA1,,RS,siegle_survey_2019,Siegle2019,optimal,optimal
0.2221211933492313,VISpm,L6b,FS,siegle_survey_2019,Siegle2019,optimal,optimal
0.1436893091279462,VISl,L5,RS,siegle_survey_2019,Siegle2019,optimal,optimal
0.431460034616731,VISl,L5,RS,siegle_survey_2019,Siegle2019,optimal,optimal
0.0396447595858348,VISpm,L5,FS,siegle_survey_2019,Siegle2019,optimal,optimal
0.1232736961725242,VISpm,L5,RS,siegle_survey_2019,Siegle2019,optimal,optimal
0.1029161787543392,VIS,L5,RS,siegle_survey_2019,Siegle2019,optimal,optimal
0.3583935802374181,DG,,FS,siegle_survey_2019,Siegle2019,optimal,optimal
0.0262712948530685,LGd,,FS,siegle_survey_2019,Siegle2019,optimal,optimal
0.0287817272029024,LGd,,FS,siegle_survey_2019,Siegle2019,optimal,optimal
0.2095148960896402,LGd,,FS,siegle_survey_2019,Siegle2019,optimal,optimal
0.0535863383444745,LGd,,FS,siegle_survey_2019,Siegle2019,optimal,optimal
0.0735166852334924,CA1,,RS,siegle_survey_2019,Siegle2019,optimal,optimal
0.0187344539640795,CA1,,RS,siegle_survey_2019,Siegle2019,optimal,optimal
0.0680376009263014,VISmmp,L5,RS,siegle_survey_2019,Siegle2019,optimal,optimal
0.0360264570899177,DG,,RS,siegle_survey_2019,Siegle2019,optimal,optimal
0.11989219046849,DG,,FS,siegle_survey_2019,Siegle2019,optimal,optimal
0.2783755995262706,CA1,,RS,siegle_survey_2019,Siegle2019,optimal,optimal
0.0043758859650557,VISam,L5,RS,siegle_survey_2019,Siegle2019,optimal,optimal
0.0622179272028896,CA1,,FS,siegle_survey_2019,Siegle2019,optimal,optimal
0.0169727954363098,CA1,,RS,siegle_survey_2019,Siegle2019,optimal,optimal
0.0041631773425202,CA1,,RS,siegle_survey_2019,Siegle2019,optimal,optimal
0.0565882251241932,VISam,L5,RS,siegle_survey_2019,Siegle2019,optimal,optimal
0.0743575785222266,VISam,L5,RS,siegle_survey_2019,Siegle2019,optimal,optimal
0.1609091894379983,VISam,L4,RS,siegle_survey_2019,Siegle2019,optimal,optimal
0.0414576061511101,VISam,L4,RS,siegle_survey_2019,Siegle2019,optimal,optimal
0.1220753668944106,VISam,L3,RS,siegle_survey_2019,Siegle2019,optimal,optimal
0.1412508721164401,VISam,L3,RS,siegle_survey_2019,Siegle2019,optimal,optimal
0.0488937385632798,VISp,L6b,FS,siegle_survey_2019,Siegle2019,optimal,optimal
0.1348121331516743,VISp,L6a,RS,siegle_survey_2019,Siegle2019,optimal,optimal
0.0676300116407926,VISam,L3,FS,siegle_survey_2019,Siegle2019,optimal,optimal
0.0342483826516366,VISam,L3,FS,siegle_survey_2019,Siegle2019,optimal,optimal
0.0783237047060177,VISam,L3,RS,siegle_survey_2019,Siegle2019,optimal,optimal
0.0124574730846355,VISam,L1,FS,siegle_survey_2019,Siegle2019,optimal,optimal
0.1314319836554975,VISp,L4,RS,siegle_survey_2019,Siegle2019,optimal,optimal
0.3177450877309129,VISam,L2,RS,siegle_survey_2019,Siegle2019,optimal,optimal
0.2477374913221078,grey,,RS,siegle_survey_2019,Siegle2019,optimal,optimal
0.0429168665545418,VISp,L3,FS,siegle_survey_2019,Siegle2019,optimal,optimal
0.8879222685475481,VISp,L3,RS,siegle_survey_2019,Siegle2019,optimal,optimal
0.1121531525283212,VISp,L3,RS,siegle_survey_2019,Siegle2019,optimal,optimal
0.7660315791613457,VISp,L3,RS,siegle_survey_2019,Siegle2019,optimal,optimal
0.0274078526649234,VIS,L6a,RS,siegle_survey_2019,Siegle2019,optimal,optimal
0.1516230880761714,VIS,L5,RS,siegle_survey_2019,Siegle2019,optimal,optimal
0.4512468843935393,VIS,L5,RS,siegle_survey_2019,Siegle2019,optimal,optimal
0.0904769114970348,VIS,L5,RS,siegle_survey_2019,Siegle2019,optimal,optimal
0.0550225314430533,VIS,L5,FS,siegle_survey_2019,Siegle2019,optimal,optimal
0.2880922692419922,VIS,L5,RS,siegle_survey_2019,Siegle2019,optimal,optimal
0.1673654403137521,VIS,L5,RS,siegle_survey_2019,Siegle2019,optimal,optimal
0.2490424394769204,VIS,L5,RS,siegle_survey_2019,Siegle2019,optimal,optimal
0.2347014884207656,VIS,L5,RS,siegle_survey_2019,Siegle2019,optimal,optimal
0.1857160443375689,VIS,L5,RS,siegle_survey_2019,Siegle2019,optimal,optimal
0.0219251103290113,VIS,L5,RS,siegle_survey_2019,Siegle2019,optimal,optimal
0.0267581170384357,VISrl,,FS,siegle_survey_2019,Siegle2019,optimal,optimal
0.0164526569834685,VISrl,,RS,siegle_survey_2019,Siegle2019,optimal,optimal
0.1078602272868151,VIS,L4,RS,siegle_survey_2019,Siegle2019,optimal,optimal
0.1261807459903236,VIS,L4,RS,siegle_survey_2019,Siegle2019,optimal,optimal
0.1415996658688158,CA1,,RS,siegle_survey_2019,Siegle2019,optimal,optimal
0.1435967103542211,VISrl,,RS,siegle_survey_2019,Siegle2019,optimal,optimal
0.0482917536509982,VISrl,,RS,siegle_survey_2019,Siegle2019,optimal,optimal
0.1183173463551036,VISrl,,RS,siegle_survey_2019,Siegle2019,optimal,optimal
0.1110603164414482,VISrl,,RS,siegle_survey_2019,Siegle2019,optimal,optimal
0.1172337562170734,CA1,,RS,siegle_survey_2019,Siegle2019,optimal,optimal
0.2295048752166763,VIS,L3,RS,siegle_survey_2019,Siegle2019,optimal,optimal
0.191987466377545,VISrl,,RS,siegle_survey_2019,Siegle2019,optimal,optimal
0.0863359377029507,VISrl,,RS,siegle_survey_2019,Siegle2019,optimal,optimal
0.180053451496292,VIS,L3,RS,siegle_survey_2019,Siegle2019,optimal,optimal
0.0266163010606524,CA1,,RS,siegle_survey_2019,Siegle2019,optimal,optimal
0.0417272719993538,VISam,L6a,RS,siegle_survey_2019,Siegle2019,optimal,optimal
0.0699117477903854,VISrl,,RS,siegle_survey_2019,Siegle2019,optimal,optimal
0.4580780979792612,VISam,L5,RS,siegle_survey_2019,Siegle2019,optimal,optimal
0.0894168335098935,VISam,L6a,FS,siegle_survey_2019,Siegle2019,optimal,optimal
0.2037856532845132,VISam,L5,RS,siegle_survey_2019,Siegle2019,optimal,optimal
0.0993074223204093,VISam,L5,RS,siegle_survey_2019,Siegle2019,optimal,optimal
0.1896524440177206,VISam,L5,RS,siegle_survey_2019,Siegle2019,optimal,optimal
0.0387413107215902,VISam,L5,FS,siegle_survey_2019,Siegle2019,optimal,optimal
0.1287059623292594,VISam,L5,RS,siegle_survey_2019,Siegle2019,optimal,optimal
0.0778683716255591,VISam,L4,RS,siegle_survey_2019,Siegle2019,optimal,optimal
0.0184167185186334,MGv,,FS,siegle_survey_2019,Siegle2019,optimal,optimal
0.1351678153428824,VISam,L5,RS,siegle_survey_2019,Siegle2019,optimal,optimal
0.3067277735456983,VISam,L4,RS,siegle_survey_2019,Siegle2019,optimal,optimal
0.3348493786129585,VISam,L3,RS,siegle_survey_2019,Siegle2019,optimal,optimal
0.3483369151817649,VISam,L4,RS,siegle_survey_2019,Siegle2019,optimal,optimal
0.1023401606023193,MGv,,RS,siegle_survey_2019,Siegle2019,optimal,optimal
0.0196527889653352,grey,,RS,siegle_survey_2019,Siegle2019,optimal,optimal
0.1434333221562391,VISam,L4,RS,siegle_survey_2019,Siegle2019,optimal,optimal
0.025173413863431,MGv,,RS,siegle_survey_2019,Siegle2019,optimal,optimal
0.127652679345011,CA1,,RS,siegle_survey_2019,Siegle2019,optimal,optimal
0.4093362884415367,VISam,L3,RS,siegle_survey_2019,Siegle2019,optimal,optimal
0.0226762313062709,VISrl,L6a,FS,siegle_survey_2019,Siegle2019,optimal,optimal
0.0613157419348313,VISam,L3,RS,siegle_survey_2019,Siegle2019,optimal,optimal
0.0655491152806066,grey,,FS,siegle_survey_2019,Siegle2019,optimal,optimal
0.0950139603192474,VISrl,L5,RS,siegle_survey_2019,Siegle2019,optimal,optimal
0.0940827779160829,TH,,FS,siegle_survey_2019,Siegle2019,optimal,optimal
0.1825718159890859,VISrl,L5,RS,siegle_survey_2019,Siegle2019,optimal,optimal
0.049342287056446,grey,,FS,siegle_survey_2019,Siegle2019,optimal,optimal
0.1737629040266187,LGd,,RS,siegle_survey_2019,Siegle2019,optimal,optimal
0.3624439452918676,VISrl,L5,RS,siegle_survey_2019,Siegle2019,optimal,optimal
0.3256832832635539,LGd,,FS,siegle_survey_2019,Siegle2019,optimal,optimal
0.05241046706486,VISrl,L4,RS,siegle_survey_2019,Siegle2019,optimal,optimal
0.7988324531093263,VISrl,L4,RS,siegle_survey_2019,Siegle2019,optimal,optimal
0.0555480513278989,VISrl,L4,FS,siegle_survey_2019,Siegle2019,optimal,optimal
0.4439241074219754,VISrl,L4,RS,siegle_survey_2019,Siegle2019,optimal,optimal
0.3287929076936078,VISrl,L3,RS,siegle_survey_2019,Siegle2019,optimal,optimal
0.0337210827023692,VISrl,L3,FS,siegle_survey_2019,Siegle2019,optimal,optimal
0.3230484114445748,VISrl,L3,RS,siegle_survey_2019,Siegle2019,optimal,optimal
0.0842914977130636,LGd,,FS,siegle_survey_2019,Siegle2019,optimal,optimal
0.1576847156579391,grey,,FS,siegle_survey_2019,Siegle2019,optimal,optimal
0.0407450891009723,grey,,RS,siegle_survey_2019,Siegle2019,optimal,optimal
0.0929624606010946,DG,,RS,siegle_survey_2019,Siegle2019,optimal,optimal
0.3939031008760299,grey,,RS,siegle_survey_2019,Siegle2019,optimal,optimal
0.0561435433090554,DG,,RS,siegle_survey_2019,Siegle2019,optimal,optimal
0.056872236004507,grey,,RS,siegle_survey_2019,Siegle2019,optimal,optimal
0.1002609545974051,grey,,FS,siegle_survey_2019,Siegle2019,optimal,optimal
0.0342353021137237,LGd,,FS,siegle_survey_2019,Siegle2019,optimal,optimal
0.1485103340727031,grey,,RS,siegle_survey_2019,Siegle2019,optimal,optimal
0.1424839796130829,LGd,,FS,siegle_survey_2019,Siegle2019,optimal,optimal
0.3052683702059975,grey,,FS,siegle_survey_2019,Siegle2019,optimal,optimal
0.088304810257378,grey,,RS,siegle_survey_2019,Siegle2019,optimal,optimal
0.066037885584634,grey,,FS,siegle_survey_2019,Siegle2019,optimal,optimal
0.4120061377599786,grey,,FS,siegle_survey_2019,Siegle2019,optimal,optimal
0.1449248304242483,grey,,RS,siegle_survey_2019,Siegle2019,optimal,optimal
0.0496903994999953,VISrl,,RS,siegle_survey_2019,Siegle2019,optimal,optimal
0.0039898698847568,VISal,L6a,RS,siegle_survey_2019,Siegle2019,optimal,optimal
0.0881524315350295,VISal,L6a,RS,siegle_survey_2019,Siegle2019,optimal,optimal
0.0840174594293229,VISrl,,RS,siegle_survey_2019,Siegle2019,optimal,optimal
0.4927992798267445,grey,,RS,siegle_survey_2019,Siegle2019,optimal,optimal
0.0251337880602676,VISrl,,RS,siegle_survey_2019,Siegle2019,optimal,optimal
0.1153148383066078,VISrl,,RS,siegle_survey_2019,Siegle2019,optimal,optimal
0.1907939125466981,VISam,,RS,siegle_survey_2019,Siegle2019,optimal,optimal
0.0413288366102898,VISam,,FS,siegle_survey_2019,Siegle2019,optimal,optimal
0.0572310833498158,VISam,,RS,siegle_survey_2019,Siegle2019,optimal,optimal
0.0857139727148053,VISal,L5,RS,siegle_survey_2019,Siegle2019,optimal,optimal
0.4560061742012389,VISrl,,RS,siegle_survey_2019,Siegle2019,optimal,optimal
0.0648915915764777,VISam,,FS,siegle_survey_2019,Siegle2019,optimal,optimal
0.2856100129105512,VISam,,RS,siegle_survey_2019,Siegle2019,optimal,optimal
0.0713696020012677,APN,,FS,siegle_survey_2019,Siegle2019,optimal,optimal
0.230872115246462,VISrl,L3,RS,siegle_survey_2019,Siegle2019,optimal,optimal
0.0553449368337404,CA1,,FS,siegle_survey_2019,Siegle2019,optimal,optimal
0.2131053413722247,CA1,,RS,siegle_survey_2019,Siegle2019,optimal,optimal
0.5506615559570592,grey,,FS,siegle_survey_2019,Siegle2019,optimal,optimal
0.0325436499724932,CA1,,RS,siegle_survey_2019,Siegle2019,optimal,optimal
0.0284287314428561,CA1,,RS,siegle_survey_2019,Siegle2019,optimal,optimal
0.1569692418794462,CA3,,RS,siegle_survey_2019,Siegle2019,optimal,optimal
0.4953573563103093,CA1,,RS,siegle_survey_2019,Siegle2019,optimal,optimal
0.0626730807136427,DG,,RS,siegle_survey_2019,Siegle2019,optimal,optimal
0.0540341001993735,grey,,RS,siegle_survey_2019,Siegle2019,optimal,optimal
0.6968530369375404,VISam,L5,RS,siegle_survey_2019,Siegle2019,optimal,optimal
0.0253804458411822,VISam,L5,RS,siegle_survey_2019,Siegle2019,optimal,optimal
0.110360728226821,VISam,L5,RS,siegle_survey_2019,Siegle2019,optimal,optimal
0.1345385715798904,VISam,L5,RS,siegle_survey_2019,Siegle2019,optimal,optimal
0.0231571326713315,grey,,RS,siegle_survey_2019,Siegle2019,optimal,optimal
0.0280842034340273,VISam,L4,RS,siegle_survey_2019,Siegle2019,optimal,optimal
0.0927586852173283,CA1,,RS,siegle_survey_2019,Siegle2019,optimal,optimal
0.0851955358493076,VISam,L4,RS,siegle_survey_2019,Siegle2019,optimal,optimal
0.1045556070666778,VISam,L4,RS,siegle_survey_2019,Siegle2019,optimal,optimal
0.1144463269759731,VISam,L3,RS,siegle_survey_2019,Siegle2019,optimal,optimal
0.1012602967888201,VISl,L4,RS,siegle_survey_2019,Siegle2019,optimal,optimal
0.4322741042958712,DG,,RS,siegle_survey_2019,Siegle2019,optimal,optimal
0.1150418772436675,grey,,RS,siegle_survey_2019,Siegle2019,optimal,optimal
0.2170408474828755,grey,,RS,siegle_survey_2019,Siegle2019,optimal,optimal
0.0525180128189473,VISpm,,RS,siegle_survey_2019,Siegle2019,optimal,optimal
0.1568978393156923,VISpm,,RS,siegle_survey_2019,Siegle2019,optimal,optimal
0.5336380784136459,VISpm,,RS,siegle_survey_2019,Siegle2019,optimal,optimal
0.2203649767840513,VISpm,,RS,siegle_survey_2019,Siegle2019,optimal,optimal
0.0207514585231151,VPM,,FS,siegle_survey_2019,Siegle2019,optimal,optimal
0.0819891806124449,VIS,,RS,siegle_survey_2019,Siegle2019,optimal,optimal
0.0755808011485727,grey,,FS,siegle_survey_2019,Siegle2019,optimal,optimal
0.046580966808593,grey,,FS,siegle_survey_2019,Siegle2019,optimal,optimal
0.0463798578625539,grey,,FS,siegle_survey_2019,Siegle2019,optimal,optimal
0.0852246810389622,grey,,FS,siegle_survey_2019,Siegle2019,optimal,optimal
0.0553984344787688,VIS,,RS,siegle_survey_2019,Siegle2019,optimal,optimal
0.0960778388876614,grey,,FS,siegle_survey_2019,Siegle2019,optimal,optimal
0.2581597899998168,grey,,FS,siegle_survey_2019,Siegle2019,optimal,optimal
0.0889199195069245,grey,,FS,siegle_survey_2019,Siegle2019,optimal,optimal
0.0326358829124206,grey,,FS,siegle_survey_2019,Siegle2019,optimal,optimal
0.2008054876109327,VIS,,FS,siegle_survey_2019,Siegle2019,optimal,optimal
0.4919613540500275,VIS,,RS,siegle_survey_2019,Siegle2019,optimal,optimal
0.1377785025610535,VIS,,RS,siegle_survey_2019,Siegle2019,optimal,optimal
0.1227179690353631,grey,,RS,siegle_survey_2019,Siegle2019,optimal,optimal
0.1696217352123504,grey,,RS,siegle_survey_2019,Siegle2019,optimal,optimal
0.118384945871776,CA3,,RS,siegle_survey_2019,Siegle2019,optimal,optimal
0.3174877749708218,VIS,,RS,siegle_survey_2019,Siegle2019,optimal,optimal
0.0264859368435611,CA3,,FS,siegle_survey_2019,Siegle2019,optimal,optimal
0.225141803089917,grey,,RS,siegle_survey_2019,Siegle2019,optimal,optimal
0.0979649778638974,CA3,,FS,siegle_survey_2019,Siegle2019,optimal,optimal
0.3221054797673042,grey,,RS,siegle_survey_2019,Siegle2019,optimal,optimal
0.1764102832666727,VPM,,RS,siegle_survey_2019,Siegle2019,optimal,optimal
0.0423019953147218,grey,,RS,siegle_survey_2019,Siegle2019,optimal,optimal
0.229768893213385,VISal,L6a,RS,siegle_survey_2019,Siegle2019,optimal,optimal
0.0441640604116531,LGd,,FS,siegle_survey_2019,Siegle2019,optimal,optimal
0.2683933373530651,VISal,L5,RS,siegle_survey_2019,Siegle2019,optimal,optimal
0.1287660557769711,VISal,L5,RS,siegle_survey_2019,Siegle2019,optimal,optimal
0.2198985397901033,CA1,,RS,siegle_survey_2019,Siegle2019,optimal,optimal
0.0860059032524977,LGd,,FS,siegle_survey_2019,Siegle2019,optimal,optimal
0.3234272466647039,grey,,RS,siegle_survey_2019,Siegle2019,optimal,optimal
0.1282692342559938,grey,,RS,siegle_survey_2019,Siegle2019,optimal,optimal
0.1258023533688974,grey,,RS,siegle_survey_2019,Siegle2019,optimal,optimal
0.0554980922637,LGd,,FS,siegle_survey_2019,Siegle2019,optimal,optimal
0.0641517591568306,grey,,RS,siegle_survey_2019,Siegle2019,optimal,optimal
0.0922905380810912,VISal,L4,RS,siegle_survey_2019,Siegle2019,optimal,optimal
0.2388650852060237,grey,,RS,siegle_survey_2019,Siegle2019,optimal,optimal
0.0455922299334839,VISal,L4,RS,siegle_survey_2019,Siegle2019,optimal,optimal
0.0256021335153916,VISl,L5,RS,siegle_survey_2019,Siegle2019,optimal,optimal
0.0263110006073897,CA3,,FS,siegle_survey_2019,Siegle2019,optimal,optimal
0.0592601426617061,grey,,FS,siegle_survey_2019,Siegle2019,optimal,optimal
0.1703969086517137,VISp,,RS,siegle_survey_2019,Siegle2019,optimal,optimal
0.0511264720079263,grey,,RS,siegle_survey_2019,Siegle2019,optimal,optimal
0.0978502941926881,grey,,RS,siegle_survey_2019,Siegle2019,optimal,optimal
0.1453615877583676,grey,,RS,siegle_survey_2019,Siegle2019,optimal,optimal
0.0907832957378853,grey,,RS,siegle_survey_2019,Siegle2019,optimal,optimal
0.0755507586314726,grey,,RS,siegle_survey_2019,Siegle2019,optimal,optimal
0.0644276562128487,VISal,L5,RS,siegle_survey_2019,Siegle2019,optimal,optimal
0.087197895657998,PO,,RS,siegle_survey_2019,Siegle2019,optimal,optimal
0.0520284742712369,PO,,RS,siegle_survey_2019,Siegle2019,optimal,optimal
0.1016238862952866,grey,,RS,siegle_survey_2019,Siegle2019,optimal,optimal
0.0489904148725063,grey,,RS,siegle_survey_2019,Siegle2019,optimal,optimal
0.3379154497963546,LP,,RS,siegle_survey_2019,Siegle2019,optimal,optimal
0.0474491311939258,LP,,RS,siegle_survey_2019,Siegle2019,optimal,optimal
0.0461771037678192,grey,,RS,siegle_survey_2019,Siegle2019,optimal,optimal
0.3027878198221335,VISp,,RS,siegle_survey_2019,Siegle2019,optimal,optimal
0.1701159470198553,LP,,RS,siegle_survey_2019,Siegle2019,optimal,optimal
0.1546911194556824,grey,,RS,siegle_survey_2019,Siegle2019,optimal,optimal
0.1207831251809837,VISp,,RS,siegle_survey_2019,Siegle2019,optimal,optimal
0.0804829826665552,grey,,RS,siegle_survey_2019,Siegle2019,optimal,optimal
0.2242492620990706,grey,,RS,siegle_survey_2019,Siegle2019,optimal,optimal
0.1970893747418121,VISp,,RS,siegle_survey_2019,Siegle2019,optimal,optimal
0.0788980736441306,grey,,FS,siegle_survey_2019,Siegle2019,optimal,optimal
0.0771703370880768,CA3,,RS,siegle_survey_2019,Siegle2019,optimal,optimal
0.0748888043163913,grey,,RS,siegle_survey_2019,Siegle2019,optimal,optimal
0.4618590782247572,grey,,RS,siegle_survey_2019,Siegle2019,optimal,optimal
0.1854545720175208,VISp,,RS,siegle_survey_2019,Siegle2019,optimal,optimal
0.1849013998601256,grey,,FS,siegle_survey_2019,Siegle2019,optimal,optimal
0.113115331808866,VISp,,RS,siegle_survey_2019,Siegle2019,optimal,optimal
0.0831085866536893,grey,,RS,siegle_survey_2019,Siegle2019,optimal,optimal
0.0215419484937654,VISp,,FS,siegle_survey_2019,Siegle2019,optimal,optimal
0.1079815461536362,VISp,,RS,siegle_survey_2019,Siegle2019,optimal,optimal
0.0408112346065389,CA1,,RS,siegle_survey_2019,Siegle2019,optimal,optimal
0.0415304003051673,VISp,,FS,siegle_survey_2019,Siegle2019,optimal,optimal
0.0708645693550392,grey,,FS,siegle_survey_2019,Siegle2019,optimal,optimal
0.0370139780387158,LP,,FS,siegle_survey_2019,Siegle2019,optimal,optimal
0.2419984432207379,VISp,,RS,siegle_survey_2019,Siegle2019,optimal,optimal
0.0553938420468477,LP,,FS,siegle_survey_2019,Siegle2019,optimal,optimal
0.2502473397634601,VISp,,RS,siegle_survey_2019,Siegle2019,optimal,optimal
0.1416613676065607,CA1,,RS,siegle_survey_2019,Siegle2019,optimal,optimal
0.1007618050819939,CA1,,FS,siegle_survey_2019,Siegle2019,optimal,optimal
0.22626711406855,VISrl,,RS,siegle_survey_2019,Siegle2019,optimal,optimal
0.6061686139527062,VISrl,,RS,siegle_survey_2019,Siegle2019,optimal,optimal
0.0425363518288803,CA1,L6b,RS,siegle_survey_2019,Siegle2019,optimal,optimal
0.228179339007927,DG,,RS,siegle_survey_2019,Siegle2019,optimal,optimal
0.1069520059103312,VISrl,,FS,siegle_survey_2019,Siegle2019,optimal,optimal
0.0498389251073164,VISp,,FS,siegle_survey_2019,Siegle2019,optimal,optimal
0.1903530062424359,DG,,RS,siegle_survey_2019,Siegle2019,optimal,optimal
0.0251107035399343,DG,,FS,siegle_survey_2019,Siegle2019,optimal,optimal
0.1431411518379971,VISp,,RS,siegle_survey_2019,Siegle2019,optimal,optimal
0.5180213827079518,VISp,,RS,siegle_survey_2019,Siegle2019,optimal,optimal
0.0774333367608899,VISpm,L5,RS,siegle_survey_2019,Siegle2019,optimal,optimal
0.3523225486467107,VISp,,RS,siegle_survey_2019,Siegle2019,optimal,optimal
0.0663594294130102,VISpm,L5,FS,siegle_survey_2019,Siegle2019,optimal,optimal
0.0866138623190036,VISpm,L5,RS,siegle_survey_2019,Siegle2019,optimal,optimal
0.1878100799019733,VISpm,L4,FS,siegle_survey_2019,Siegle2019,optimal,optimal
0.3187591304199889,VISpm,L4,RS,siegle_survey_2019,Siegle2019,optimal,optimal
0.0658852538554896,grey,,FS,siegle_survey_2019,Siegle2019,optimal,optimal
0.2330432019757475,VISpm,L3,RS,siegle_survey_2019,Siegle2019,optimal,optimal
0.1437888211506556,grey,,FS,siegle_survey_2019,Siegle2019,optimal,optimal
0.0998941480342453,CA1,,RS,siegle_survey_2019,Siegle2019,optimal,optimal
0.0183817866800637,CA1,,FS,siegle_survey_2019,Siegle2019,optimal,optimal
0.071107613756487,grey,,RS,siegle_survey_2019,Siegle2019,optimal,optimal
0.2417818547504362,grey,,RS,siegle_survey_2019,Siegle2019,optimal,optimal
0.0912293877050673,grey,,RS,siegle_survey_2019,Siegle2019,optimal,optimal
0.0253923927228913,CA1,,FS,siegle_survey_2019,Siegle2019,optimal,optimal
0.3564827617602401,VISp,,RS,siegle_survey_2019,Siegle2019,optimal,optimal
0.0276142374915396,VISrl,L6a,RS,siegle_survey_2019,Siegle2019,optimal,optimal
0.0266248885085128,grey,,RS,siegle_survey_2019,Siegle2019,optimal,optimal
0.0209496123403977,VISal,L6b,FS,siegle_survey_2019,Siegle2019,optimal,optimal
0.0185003384458796,grey,,RS,siegle_survey_2019,Siegle2019,optimal,optimal
0.088243609818073,LP,,FS,siegle_survey_2019,Siegle2019,optimal,optimal
0.2096594467535023,grey,,RS,siegle_survey_2019,Siegle2019,optimal,optimal
0.3508660010991231,VISp,,RS,siegle_survey_2019,Siegle2019,optimal,optimal
0.0646219012054003,VISrl,L5,RS,siegle_survey_2019,Siegle2019,optimal,optimal
0.1811585229256764,LP,,RS,siegle_survey_2019,Siegle2019,optimal,optimal
0.1165579045008719,VISp,,RS,siegle_survey_2019,Siegle2019,optimal,optimal
0.1232034727678164,grey,,RS,siegle_survey_2019,Siegle2019,optimal,optimal
0.0418744053846189,VISrl,L5,RS,siegle_survey_2019,Siegle2019,optimal,optimal
0.187125551658757,VISrl,L5,RS,siegle_survey_2019,Siegle2019,optimal,optimal
0.0296970361002869,VISal,L6a,RS,siegle_survey_2019,Siegle2019,optimal,optimal
0.1065722742100771,VISal,L5,RS,siegle_survey_2019,Siegle2019,optimal,optimal
0.0371803030118048,VISal,L5,RS,siegle_survey_2019,Siegle2019,optimal,optimal
0.0845219967421332,VISal,L5,RS,siegle_survey_2019,Siegle2019,optimal,optimal
0.013780193320223,LP,,RS,siegle_survey_2019,Siegle2019,optimal,optimal
0.0756492693994915,VISal,L5,RS,siegle_survey_2019,Siegle2019,optimal,optimal
0.1958408971569508,VISmma,,RS,siegle_survey_2019,Siegle2019,optimal,optimal
0.3157703822771731,VISal,L5,RS,siegle_survey_2019,Siegle2019,optimal,optimal
0.1573996696126507,LP,,RS,siegle_survey_2019,Siegle2019,optimal,optimal
0.1101043757879919,VISal,L5,RS,siegle_survey_2019,Siegle2019,optimal,optimal
0.2577104380771141,VISrl,L4,RS,siegle_survey_2019,Siegle2019,optimal,optimal
0.0248911808155782,LP,,RS,siegle_survey_2019,Siegle2019,optimal,optimal
0.2836031463416454,VISrl,L4,RS,siegle_survey_2019,Siegle2019,optimal,optimal
0.189743570046358,VISrl,L4,RS,siegle_survey_2019,Siegle2019,optimal,optimal
0.0821750317473346,LP,,RS,siegle_survey_2019,Siegle2019,optimal,optimal
0.0141269800907309,grey,,FS,siegle_survey_2019,Siegle2019,optimal,optimal
0.1875913435389555,VISrl,L4,RS,siegle_survey_2019,Siegle2019,optimal,optimal
0.1171189432737109,VISal,L5,RS,siegle_survey_2019,Siegle2019,optimal,optimal
0.5812927656092508,VISrl,L3,RS,siegle_survey_2019,Siegle2019,optimal,optimal
0.0177157843567805,VISal,L5,FS,siegle_survey_2019,Siegle2019,optimal,optimal
0.0389236009641178,LP,,RS,siegle_survey_2019,Siegle2019,optimal,optimal
0.0199760956365512,grey,,FS,siegle_survey_2019,Siegle2019,optimal,optimal
0.4416484363762339,VISal,L5,RS,siegle_survey_2019,Siegle2019,optimal,optimal
0.6391430515004123,VISrl,L3,RS,siegle_survey_2019,Siegle2019,optimal,optimal
0.0148557138193086,grey,,FS,siegle_survey_2019,Siegle2019,optimal,optimal
0.0377438400984186,VISal,L5,FS,siegle_survey_2019,Siegle2019,optimal,optimal
0.5972093611168655,grey,,FS,siegle_survey_2019,Siegle2019,optimal,optimal
0.2828791798067143,VISal,L5,RS,siegle_survey_2019,Siegle2019,optimal,optimal
0.2245184112386146,VISal,L5,RS,siegle_survey_2019,Siegle2019,optimal,optimal
0.0860260360519966,VISrl,L3,RS,siegle_survey_2019,Siegle2019,optimal,optimal
0.0176260086069445,VISal,L4,RS,siegle_survey_2019,Siegle2019,optimal,optimal
0.0691771980647515,VISal,L4,RS,siegle_survey_2019,Siegle2019,optimal,optimal
0.1646388079039152,VISal,L4,RS,siegle_survey_2019,Siegle2019,optimal,optimal
0.161752078827888,VISal,L4,RS,siegle_survey_2019,Siegle2019,optimal,optimal
0.0041073687342857,VISal,L4,FS,siegle_survey_2019,Siegle2019,optimal,optimal
0.0905046009976004,grey,,FS,siegle_survey_2019,Siegle2019,optimal,optimal
0.081800813977326,VISal,L4,FS,siegle_survey_2019,Siegle2019,optimal,optimal
0.1480457048093267,VISpm,,RS,siegle_survey_2019,Siegle2019,optimal,optimal
0.053117330016484,CA1,,FS,siegle_survey_2019,Siegle2019,optimal,optimal
0.1895639525337901,VISal,L4,RS,siegle_survey_2019,Siegle2019,optimal,optimal
0.0800142364330622,VISrl,L3,RS,siegle_survey_2019,Siegle2019,optimal,optimal
0.0573082874088518,VISal,L3,RS,siegle_survey_2019,Siegle2019,optimal,optimal
0.1807463581737315,VISal,L3,RS,siegle_survey_2019,Siegle2019,optimal,optimal
0.3198908664898808,VISal,L3,RS,siegle_survey_2019,Siegle2019,optimal,optimal
0.0630073969670937,VISpm,,RS,siegle_survey_2019,Siegle2019,optimal,optimal
0.2279255656329073,VISal,L3,RS,siegle_survey_2019,Siegle2019,optimal,optimal
0.3395760728655068,VISal,L3,RS,siegle_survey_2019,Siegle2019,optimal,optimal
0.4170514803040762,VISp,L5,RS,siegle_survey_2019,Siegle2019,optimal,optimal
0.0310628583162399,grey,,RS,siegle_survey_2019,Siegle2019,optimal,optimal
0.0919115696125846,VISpm,,FS,siegle_survey_2019,Siegle2019,optimal,optimal
0.2445517459716581,VISp,L5,RS,siegle_survey_2019,Siegle2019,optimal,optimal
0.662084331053937,grey,,RS,siegle_survey_2019,Siegle2019,optimal,optimal
0.0539865582640379,PO,,FS,siegle_survey_2019,Siegle2019,optimal,optimal
0.0581483369807611,PO,,RS,siegle_survey_2019,Siegle2019,optimal,optimal
0.0768960328732879,VISl,,RS,siegle_survey_2019,Siegle2019,optimal,optimal
0.0304730743275366,PO,,RS,siegle_survey_2019,Siegle2019,optimal,optimal
0.0428939482426934,LP,,RS,siegle_survey_2019,Siegle2019,optimal,optimal
0.1971789138827352,LP,,RS,siegle_survey_2019,Siegle2019,optimal,optimal
0.0290970040949668,VISp,L3,RS,siegle_survey_2019,Siegle2019,optimal,optimal
0.0819852959016103,LP,,FS,siegle_survey_2019,Siegle2019,optimal,optimal
0.0420268308835932,LP,,RS,siegle_survey_2019,Siegle2019,optimal,optimal
0.0183292997098207,grey,,FS,siegle_survey_2019,Siegle2019,optimal,optimal
0.1998296994724171,grey,,FS,siegle_survey_2019,Siegle2019,optimal,optimal
0.0923667730734859,grey,,FS,siegle_survey_2019,Siegle2019,optimal,optimal
0.0832213105512121,grey,,FS,siegle_survey_2019,Siegle2019,optimal,optimal
0.0115860551384096,PO,,RS,siegle_survey_2019,Siegle2019,optimal,optimal
0.3183202224630969,VISl,,RS,siegle_survey_2019,Siegle2019,optimal,optimal
0.0336681293527853,PO,,RS,siegle_survey_2019,Siegle2019,optimal,optimal
0.1376985575533211,VISl,,RS,siegle_survey_2019,Siegle2019,optimal,optimal
0.0453576352595893,PO,,RS,siegle_survey_2019,Siegle2019,optimal,optimal
0.1148608308621404,LP,,RS,siegle_survey_2019,Siegle2019,optimal,optimal
0.0161120589013744,VISl,,FS,siegle_survey_2019,Siegle2019,optimal,optimal
0.0984343160689445,grey,,FS,siegle_survey_2019,Siegle2019,optimal,optimal
0.0323197860630876,LP,,RS,siegle_survey_2019,Siegle2019,optimal,optimal
0.1171711069653829,LP,,FS,siegle_survey_2019,Siegle2019,optimal,optimal
0.0972630150406975,LP,,FS,siegle_survey_2019,Siegle2019,optimal,optimal
0.1728581869131207,LP,,RS,siegle_survey_2019,Siegle2019,optimal,optimal
0.0835247692387595,LP,,RS,siegle_survey_2019,Siegle2019,optimal,optimal
0.0271553284133695,LGd,,RS,siegle_survey_2019,Siegle2019,optimal,optimal
0.215731010120171,VISl,,RS,siegle_survey_2019,Siegle2019,optimal,optimal
0.0878060990369863,grey,,RS,siegle_survey_2019,Siegle2019,optimal,optimal
0.0552321587792462,VISl,,RS,siegle_survey_2019,Siegle2019,optimal,optimal
0.2048455230485421,VISl,,RS,siegle_survey_2019,Siegle2019,optimal,optimal
0.0231309042965535,LGd,,FS,siegle_survey_2019,Siegle2019,optimal,optimal
0.0084317109108205,CA1,,FS,siegle_survey_2019,Siegle2019,optimal,optimal
0.470501957894669,VISl,,RS,siegle_survey_2019,Siegle2019,optimal,optimal
0.0766134331391372,LGd,,RS,siegle_survey_2019,Siegle2019,optimal,optimal
0.112263467462008,grey,,RS,siegle_survey_2019,Siegle2019,optimal,optimal
0.0671223187099241,LGd,,RS,siegle_survey_2019,Siegle2019,optimal,optimal
0.2780782629081521,VISl,,RS,siegle_survey_2019,Siegle2019,optimal,optimal
0.0296792264138593,VISpm,,RS,siegle_survey_2019,Siegle2019,optimal,optimal
0.1058329365095338,CA1,,RS,siegle_survey_2019,Siegle2019,optimal,optimal
0.0649572844809848,CA1,,RS,siegle_survey_2019,Siegle2019,optimal,optimal
0.0581346554224505,VISpm,,RS,siegle_survey_2019,Siegle2019,optimal,optimal
0.188815864643346,CA1,,RS,siegle_survey_2019,Siegle2019,optimal,optimal
0.048415152551574,CA1,,FS,siegle_survey_2019,Siegle2019,optimal,optimal
0.0889025394651001,VISpm,,RS,siegle_survey_2019,Siegle2019,optimal,optimal
0.1395661049743273,DG,,RS,siegle_survey_2019,Siegle2019,optimal,optimal
0.0304276396206247,VISpm,,RS,siegle_survey_2019,Siegle2019,optimal,optimal
0.0913633092609058,VISpm,,RS,siegle_survey_2019,Siegle2019,optimal,optimal
0.0388382951374803,VISpm,,FS,siegle_survey_2019,Siegle2019,optimal,optimal
0.5286300231412061,VISpm,,RS,siegle_survey_2019,Siegle2019,optimal,optimal
0.2044437781088917,VISpm,,RS,siegle_survey_2019,Siegle2019,optimal,optimal
0.2556829866114589,VISpm,,RS,siegle_survey_2019,Siegle2019,optimal,optimal
0.4672986469774465,VISpm,,RS,siegle_survey_2019,Siegle2019,optimal,optimal
0.2937028912910725,VISpm,L5,FS,siegle_survey_2019,Siegle2019,optimal,optimal
0.5466557506963682,VISl,,RS,siegle_survey_2019,Siegle2019,optimal,optimal
0.3908679799852858,VISl,,RS,siegle_survey_2019,Siegle2019,optimal,optimal
0.3469834994086947,VISpm,,RS,siegle_survey_2019,Siegle2019,optimal,optimal
0.4183819307455561,VISpm,,RS,siegle_survey_2019,Siegle2019,optimal,optimal
0.0518334462506421,grey,,RS,siegle_survey_2019,Siegle2019,optimal,optimal
0.0397231696359866,VISpm,L5,RS,siegle_survey_2019,Siegle2019,optimal,optimal
0.0985433856416276,grey,,RS,siegle_survey_2019,Siegle2019,optimal,optimal
0.0418415563132199,grey,,RS,siegle_survey_2019,Siegle2019,optimal,optimal
0.1564763784712023,VISpm,,RS,siegle_survey_2019,Siegle2019,optimal,optimal
0.0569877909768781,VISrl,L5,RS,siegle_survey_2019,Siegle2019,optimal,optimal
0.4647255149579438,VISrl,L5,RS,siegle_survey_2019,Siegle2019,optimal,optimal
0.2129594352094915,VISrl,L4,RS,siegle_survey_2019,Siegle2019,optimal,optimal
0.0547884395142964,grey,,FS,siegle_survey_2019,Siegle2019,optimal,optimal
0.3838440703549777,VISrl,L3,RS,siegle_survey_2019,Siegle2019,optimal,optimal
0.0252079296243962,grey,,FS,siegle_survey_2019,Siegle2019,optimal,optimal
0.1141698864173384,grey,,FS,siegle_survey_2019,Siegle2019,optimal,optimal
0.0262045503969125,grey,,FS,siegle_survey_2019,Siegle2019,optimal,optimal
0.0999879829017849,grey,,FS,siegle_survey_2019,Siegle2019,optimal,optimal
0.0334508704955502,grey,,FS,siegle_survey_2019,Siegle2019,optimal,optimal
0.0381937263706968,VISl,,RS,siegle_survey_2019,Siegle2019,optimal,optimal
0.069815935842706,grey,,RS,siegle_survey_2019,Siegle2019,optimal,optimal
0.0915161176165631,grey,,RS,siegle_survey_2019,Siegle2019,optimal,optimal
0.1936419569381618,grey,,RS,siegle_survey_2019,Siegle2019,optimal,optimal
0.1789671744003153,grey,,RS,siegle_survey_2019,Siegle2019,optimal,optimal
0.0842315499776367,grey,,FS,siegle_survey_2019,Siegle2019,optimal,optimal
0.013700782381972,grey,,FS,siegle_survey_2019,Siegle2019,optimal,optimal
0.0510010887368449,grey,,RS,siegle_survey_2019,Siegle2019,optimal,optimal
0.0376881771342727,grey,,FS,siegle_survey_2019,Siegle2019,optimal,optimal
0.1515576943027278,VISrl,L5,RS,siegle_survey_2019,Siegle2019,optimal,optimal
0.0170322799138875,VISrl,L5,FS,siegle_survey_2019,Siegle2019,optimal,optimal
0.0514307680381441,grey,,RS,siegle_survey_2019,Siegle2019,optimal,optimal
0.0377071911121646,grey,,FS,siegle_survey_2019,Siegle2019,optimal,optimal
0.0565099638137138,VISal,,RS,siegle_survey_2019,Siegle2019,optimal,optimal
0.040280946058511,grey,,RS,siegle_survey_2019,Siegle2019,optimal,optimal
0.0742949602328927,grey,,RS,siegle_survey_2019,Siegle2019,optimal,optimal
0.0480337443631165,grey,,FS,siegle_survey_2019,Siegle2019,optimal,optimal
0.1112238895102916,VISrl,L4,RS,siegle_survey_2019,Siegle2019,optimal,optimal
0.3899900203023006,VISal,,RS,siegle_survey_2019,Siegle2019,optimal,optimal
0.1845366637853938,VISal,,RS,siegle_survey_2019,Siegle2019,optimal,optimal
0.0475252665889846,grey,,RS,siegle_survey_2019,Siegle2019,optimal,optimal
0.0173164926247865,grey,,RS,siegle_survey_2019,Siegle2019,optimal,optimal
0.3939543120718443,VISal,,RS,siegle_survey_2019,Siegle2019,optimal,optimal
0.1927887817081714,VISal,,RS,siegle_survey_2019,Siegle2019,optimal,optimal
0.1191245176816785,grey,,RS,siegle_survey_2019,Siegle2019,optimal,optimal
0.1815766557068601,VISal,,RS,siegle_survey_2019,Siegle2019,optimal,optimal
0.3785575599243011,VISal,,RS,siegle_survey_2019,Siegle2019,optimal,optimal
0.0400630373593663,grey,,RS,siegle_survey_2019,Siegle2019,optimal,optimal
0.0408707022945981,VISrl,L4,RS,siegle_survey_2019,Siegle2019,optimal,optimal
0.1420878257636111,grey,,FS,siegle_survey_2019,Siegle2019,optimal,optimal
0.1257784476952685,VISrl,L3,RS,siegle_survey_2019,Siegle2019,optimal,optimal
0.5363446377127524,VISrl,L3,RS,siegle_survey_2019,Siegle2019,optimal,optimal
0.0117820795958754,VISam,L5,FS,siegle_survey_2019,Siegle2019,optimal,optimal
0.5199627171868545,VISrl,L3,RS,siegle_survey_2019,Siegle2019,optimal,optimal
0.5906774306155077,VISrl,L3,RS,siegle_survey_2019,Siegle2019,optimal,optimal
0.0581047638260416,VISal,,RS,siegle_survey_2019,Siegle2019,optimal,optimal
0.1658406294708437,VISal,,RS,siegle_survey_2019,Siegle2019,optimal,optimal
0.1200503981308062,VISal,,RS,siegle_survey_2019,Siegle2019,optimal,optimal
0.060838932523478,VISal,,RS,siegle_survey_2019,Siegle2019,optimal,optimal
0.1950987337444079,grey,,RS,siegle_survey_2019,Siegle2019,optimal,optimal
0.5018692394666336,VISrl,L3,RS,siegle_survey_2019,Siegle2019,optimal,optimal
0.221688275725026,VISal,,RS,siegle_survey_2019,Siegle2019,optimal,optimal
0.060516006946146,VISam,L5,RS,siegle_survey_2019,Siegle2019,optimal,optimal
0.0747811426496657,grey,,FS,siegle_survey_2019,Siegle2019,optimal,optimal
0.0865245387113594,VISam,L5,RS,siegle_survey_2019,Siegle2019,optimal,optimal
0.1119841035651293,VISal,,RS,siegle_survey_2019,Siegle2019,optimal,optimal
0.1613750925250628,VISam,L5,RS,siegle_survey_2019,Siegle2019,optimal,optimal
0.0770694117376828,VISal,,RS,siegle_survey_2019,Siegle2019,optimal,optimal
0.1340572876770384,VISal,,RS,siegle_survey_2019,Siegle2019,optimal,optimal
0.0755134274671711,VISal,,RS,siegle_survey_2019,Siegle2019,optimal,optimal
0.066852445098669,grey,,RS,siegle_survey_2019,Siegle2019,optimal,optimal
0.164099760733044,VISrl,L3,RS,siegle_survey_2019,Siegle2019,optimal,optimal
0.3661500349977813,VISrl,L3,RS,siegle_survey_2019,Siegle2019,optimal,optimal
0.1979906352722833,VISal,,RS,siegle_survey_2019,Siegle2019,optimal,optimal
0.3512065354699125,VISrl,L2,RS,siegle_survey_2019,Siegle2019,optimal,optimal
0.1920384200866488,VISam,L3,FS,siegle_survey_2019,Siegle2019,optimal,optimal
0.6714516260092351,VISrl,L3,RS,siegle_survey_2019,Siegle2019,optimal,optimal
0.2773589523039212,VISal,,RS,siegle_survey_2019,Siegle2019,optimal,optimal
0.3395127051063067,VISam,L3,RS,siegle_survey_2019,Siegle2019,optimal,optimal
0.7061975267608495,VISal,,RS,siegle_survey_2019,Siegle2019,optimal,optimal
0.1991724463075977,VISam,L3,RS,siegle_survey_2019,Siegle2019,optimal,optimal
0.5325139531447833,VISam,L3,RS,siegle_survey_2019,Siegle2019,optimal,optimal
0.0338326221781112,DG,,RS,siegle_survey_2019,Siegle2019,optimal,optimal
0.0250954375355698,DG,,RS,siegle_survey_2019,Siegle2019,optimal,optimal
0.4415159575779443,VISal,,RS,siegle_survey_2019,Siegle2019,optimal,optimal
0.1557090365634738,DG,,RS,siegle_survey_2019,Siegle2019,optimal,optimal
0.3300739769245872,VISp,,RS,siegle_survey_2019,Siegle2019,optimal,optimal
0.1581638139591174,grey,,FS,siegle_survey_2019,Siegle2019,optimal,optimal
0.1986907507144527,VISam,L6a,RS,siegle_survey_2019,Siegle2019,optimal,optimal
0.3863686660469186,VISal,,RS,siegle_survey_2019,Siegle2019,optimal,optimal
0.0892132525298932,VISrl,L6a,RS,siegle_survey_2019,Siegle2019,optimal,optimal
0.0505910972825784,SGN,,RS,siegle_survey_2019,Siegle2019,optimal,optimal
0.3584281883874279,VISrl,L5,RS,siegle_survey_2019,Siegle2019,optimal,optimal
0.0270848770467303,SGN,,FS,siegle_survey_2019,Siegle2019,optimal,optimal
0.0039458930395392,SGN,,FS,siegle_survey_2019,Siegle2019,optimal,optimal
0.0234909098775228,SGN,,FS,siegle_survey_2019,Siegle2019,optimal,optimal
0.1067308607865406,SGN,,FS,siegle_survey_2019,Siegle2019,optimal,optimal
0.074353404005883,VISrl,L4,RS,siegle_survey_2019,Siegle2019,optimal,optimal
0.0515692494612433,VISrl,L4,RS,siegle_survey_2019,Siegle2019,optimal,optimal
0.1018687426504446,VISrl,L4,RS,siegle_survey_2019,Siegle2019,optimal,optimal
0.1290123499485986,LP,,FS,siegle_survey_2019,Siegle2019,optimal,optimal
0.1913352585532531,LP,,RS,siegle_survey_2019,Siegle2019,optimal,optimal
0.1305972475716269,VISrl,L3,RS,siegle_survey_2019,Siegle2019,optimal,optimal
0.0277239279684721,LP,,RS,siegle_survey_2019,Siegle2019,optimal,optimal
0.1460221393833354,VISrl,L3,RS,siegle_survey_2019,Siegle2019,optimal,optimal
0.0496863365428187,VISrl,L5,RS,siegle_survey_2019,Siegle2019,optimal,optimal
0.0835277919195331,ZI,,FS,siegle_survey_2019,Siegle2019,optimal,optimal
0.027235041256543,DG,,FS,siegle_survey_2019,Siegle2019,optimal,optimal
0.0548646957863875,ZI,,FS,siegle_survey_2019,Siegle2019,optimal,optimal
0.0629189973094064,ZI,,FS,siegle_survey_2019,Siegle2019,optimal,optimal
0.0242330264945051,DG,,FS,siegle_survey_2019,Siegle2019,optimal,optimal
0.1673109631804521,ZI,,FS,siegle_survey_2019,Siegle2019,optimal,optimal
0.1134976360654114,CA3,,FS,siegle_survey_2019,Siegle2019,optimal,optimal
0.0097637753519618,SUB,,RS,siegle_survey_2019,Siegle2019,optimal,optimal
0.2898649977816665,VISp,L6a,RS,siegle_survey_2019,Siegle2019,optimal,optimal
0.063079283818621,VISp,L6a,RS,siegle_survey_2019,Siegle2019,optimal,optimal
0.1752777846545533,VISal,L6a,FS,siegle_survey_2019,Siegle2019,optimal,optimal
0.0010299682879053,VISal,L6a,RS,siegle_survey_2019,Siegle2019,optimal,optimal
0.1591586753681311,VISal,L6a,FS,siegle_survey_2019,Siegle2019,optimal,optimal
0.4188143883439719,VISp,L6a,RS,siegle_survey_2019,Siegle2019,optimal,optimal
0.2367707880002816,VISal,L6a,RS,siegle_survey_2019,Siegle2019,optimal,optimal
0.0916180413031008,VISal,L5,RS,siegle_survey_2019,Siegle2019,optimal,optimal
0.1490665665940295,VISal,L5,RS,siegle_survey_2019,Siegle2019,optimal,optimal
0.040844676889301,VISp,L5,RS,siegle_survey_2019,Siegle2019,optimal,optimal
0.1242783191840884,VISal,L5,FS,siegle_survey_2019,Siegle2019,optimal,optimal
0.0729004913291351,VISp,L5,RS,siegle_survey_2019,Siegle2019,optimal,optimal
0.0295414789956504,VISp,L5,RS,siegle_survey_2019,Siegle2019,optimal,optimal
0.0409832695378057,VISal,L5,RS,siegle_survey_2019,Siegle2019,optimal,optimal
0.1235290997462907,VISal,L5,RS,siegle_survey_2019,Siegle2019,optimal,optimal
0.0451684555884877,VISal,L5,RS,siegle_survey_2019,Siegle2019,optimal,optimal
0.2267703657478501,VISal,L4,RS,siegle_survey_2019,Siegle2019,optimal,optimal
0.329807555161525,VISp,L3,RS,siegle_survey_2019,Siegle2019,optimal,optimal
0.2008295863108117,VISp,L3,RS,siegle_survey_2019,Siegle2019,optimal,optimal
0.1766760232746088,VISal,L3,RS,siegle_survey_2019,Siegle2019,optimal,optimal
0.2629408604115393,VISp,L3,RS,siegle_survey_2019,Siegle2019,optimal,optimal
0.1567310498108657,VISp,L5,RS,siegle_survey_2019,Siegle2019,optimal,optimal
0.0427221679688281,LGd,,FS,siegle_survey_2019,Siegle2019,optimal,optimal
0.0569038884242106,LGd,,FS,siegle_survey_2019,Siegle2019,optimal,optimal
0.0025832614751573,Eth,,RS,siegle_survey_2019,Siegle2019,optimal,optimal
0.0195972430819007,LGd,,FS,siegle_survey_2019,Siegle2019,optimal,optimal
0.0235403984851075,Eth,,RS,siegle_survey_2019,Siegle2019,optimal,optimal
0.0700727624205618,Eth,,RS,siegle_survey_2019,Siegle2019,optimal,optimal
0.0654831313842794,Eth,,RS,siegle_survey_2019,Siegle2019,optimal,optimal
0.0445748902723372,DG,,RS,siegle_survey_2019,Siegle2019,optimal,optimal
0.0455273404058855,LP,,FS,siegle_survey_2019,Siegle2019,optimal,optimal
0.4237526165164099,DG,,RS,siegle_survey_2019,Siegle2019,optimal,optimal
0.1137537144710324,DG,,RS,siegle_survey_2019,Siegle2019,optimal,optimal
0.078499500951568,DG,,RS,siegle_survey_2019,Siegle2019,optimal,optimal
0.1243330107470705,DG,,RS,siegle_survey_2019,Siegle2019,optimal,optimal
0.0306624157138813,CA1,,FS,siegle_survey_2019,Siegle2019,optimal,optimal
0.0417106663708155,LP,,RS,siegle_survey_2019,Siegle2019,optimal,optimal
0.2352076747764939,LP,,RS,siegle_survey_2019,Siegle2019,optimal,optimal
0.4095239428624471,LP,,RS,siegle_survey_2019,Siegle2019,optimal,optimal
0.0560938278014073,LP,,RS,siegle_survey_2019,Siegle2019,optimal,optimal
0.189798595456794,CA1,,RS,siegle_survey_2019,Siegle2019,optimal,optimal
0.1731650005172745,CA1,,RS,siegle_survey_2019,Siegle2019,optimal,optimal
0.0776151477806286,CA1,,RS,siegle_survey_2019,Siegle2019,optimal,optimal
0.0632118788530538,CA1,,RS,siegle_survey_2019,Siegle2019,optimal,optimal
0.1190398618077079,CA1,,FS,siegle_survey_2019,Siegle2019,optimal,optimal
0.1034234574624254,CA1,,RS,siegle_survey_2019,Siegle2019,optimal,optimal
0.0286410060359124,VISp,L6a,RS,siegle_survey_2019,Siegle2019,optimal,optimal
0.0507144232428169,VISp,L6a,RS,siegle_survey_2019,Siegle2019,optimal,optimal
0.063173464222387,VISp,L5,FS,siegle_survey_2019,Siegle2019,optimal,optimal
0.1031913579938764,VISp,L5,FS,siegle_survey_2019,Siegle2019,optimal,optimal
0.1434443342334479,VISp,L5,RS,siegle_survey_2019,Siegle2019,optimal,optimal
0.1137569561996345,VISp,L5,RS,siegle_survey_2019,Siegle2019,optimal,optimal
0.0691535304977092,VISpm,L6a,RS,siegle_survey_2019,Siegle2019,optimal,optimal
0.0639767648732548,VISpm,L6a,RS,siegle_survey_2019,Siegle2019,optimal,optimal
0.2072414852311481,VISpm,L5,RS,siegle_survey_2019,Siegle2019,optimal,optimal
0.1159218939126112,VISpm,L4,RS,siegle_survey_2019,Siegle2019,optimal,optimal
0.1888151547470169,VISpm,L4,RS,siegle_survey_2019,Siegle2019,optimal,optimal
0.0673387374140043,MGd,,FS,siegle_survey_2019,Siegle2019,optimal,optimal
0.1121254341460004,MGd,,RS,siegle_survey_2019,Siegle2019,optimal,optimal
0.0554311753211806,MGd,,FS,siegle_survey_2019,Siegle2019,optimal,optimal
0.0477722775143102,MGd,,FS,siegle_survey_2019,Siegle2019,optimal,optimal
0.0602155770930917,DG,,RS,siegle_survey_2019,Siegle2019,optimal,optimal
0.1040709274498212,DG,,RS,siegle_survey_2019,Siegle2019,optimal,optimal
0.1349985342549865,DG,,RS,siegle_survey_2019,Siegle2019,optimal,optimal
0.0633649384613326,DG,,RS,siegle_survey_2019,Siegle2019,optimal,optimal
0.0135983390455164,DG,,FS,siegle_survey_2019,Siegle2019,optimal,optimal
0.0364116931047177,DG,,FS,siegle_survey_2019,Siegle2019,optimal,optimal
0.0550863685653736,CA1,,RS,siegle_survey_2019,Siegle2019,optimal,optimal
0.1749981079538601,CA1,,RS,siegle_survey_2019,Siegle2019,optimal,optimal
0.1437936562471646,VISal,L6a,RS,siegle_survey_2019,Siegle2019,optimal,optimal
0.0168259294032916,VISal,L6a,RS,siegle_survey_2019,Siegle2019,optimal,optimal
0.132239452267965,VISal,L6a,RS,siegle_survey_2019,Siegle2019,optimal,optimal
0.1457873273787685,VISal,L5,RS,siegle_survey_2019,Siegle2019,optimal,optimal
0.2576326618036078,VISal,L5,RS,siegle_survey_2019,Siegle2019,optimal,optimal
0.0732314957883371,VISal,L5,RS,siegle_survey_2019,Siegle2019,optimal,optimal
0.127099975348237,VISal,L4,RS,siegle_survey_2019,Siegle2019,optimal,optimal
0.0766650965378544,VISal,L4,RS,siegle_survey_2019,Siegle2019,optimal,optimal
0.2108497107470013,VISal,L4,RS,siegle_survey_2019,Siegle2019,optimal,optimal
0.1791437092361212,VISal,L4,RS,siegle_survey_2019,Siegle2019,optimal,optimal
0.1553420426338847,VISal,L4,RS,siegle_survey_2019,Siegle2019,optimal,optimal
0.0172913544120481,VISal,L3,RS,siegle_survey_2019,Siegle2019,optimal,optimal
0.0728742285517691,VISal,L3,FS,siegle_survey_2019,Siegle2019,optimal,optimal
0.0173386913414021,APN,,RS,siegle_survey_2019,Siegle2019,optimal,optimal
0.1230277541377948,APN,,FS,siegle_survey_2019,Siegle2019,optimal,optimal
0.1158441984899006,APN,,FS,siegle_survey_2019,Siegle2019,optimal,optimal
0.0524336230802353,APN,,RS,siegle_survey_2019,Siegle2019,optimal,optimal
0.0529752738991107,APN,,FS,siegle_survey_2019,Siegle2019,optimal,optimal
0.0906139487513434,APN,,FS,siegle_survey_2019,Siegle2019,optimal,optimal
0.1498533852618697,APN,,FS,siegle_survey_2019,Siegle2019,optimal,optimal
0.3057951209058398,APN,,FS,siegle_survey_2019,Siegle2019,optimal,optimal
0.2117983422678264,CA1,,RS,siegle_survey_2019,Siegle2019,optimal,optimal
0.1111844517746175,VISpm,L5,RS,siegle_survey_2019,Siegle2019,optimal,optimal
0.1471033182552401,VISpm,L4,RS,siegle_survey_2019,Siegle2019,optimal,optimal
0.0493034880615686,APN,,RS,siegle_survey_2019,Siegle2019,optimal,optimal
0.2345207879911714,APN,,FS,siegle_survey_2019,Siegle2019,optimal,optimal
0.1336165863375781,SGN,,RS,siegle_survey_2019,Siegle2019,optimal,optimal
0.0444844553240186,LP,,FS,siegle_survey_2019,Siegle2019,optimal,optimal
0.1985917948669304,SUB,,RS,siegle_survey_2019,Siegle2019,optimal,optimal
0.0228445163449035,SUB,,FS,siegle_survey_2019,Siegle2019,optimal,optimal
0.0159034006839489,VISp,L6a,FS,siegle_survey_2019,Siegle2019,optimal,optimal
0.0688430799146285,VISp,L5,RS,siegle_survey_2019,Siegle2019,optimal,optimal
0.0952259698043504,VISp,L4,RS,siegle_survey_2019,Siegle2019,optimal,optimal
0.1365154166719627,MB,,FS,siegle_survey_2019,Siegle2019,optimal,optimal
0.0646726584585022,MB,,FS,siegle_survey_2019,Siegle2019,optimal,optimal
0.2814266404974294,PPT,,FS,siegle_survey_2019,Siegle2019,optimal,optimal
0.0980182720341784,APN,,FS,siegle_survey_2019,Siegle2019,optimal,optimal
0.631822171783554,NOT,,FS,siegle_survey_2019,Siegle2019,optimal,optimal
0.1163484483143084,CA1,,RS,siegle_survey_2019,Siegle2019,optimal,optimal
0.0223432811674486,CA1,,RS,siegle_survey_2019,Siegle2019,optimal,optimal
0.0500424751947285,CA1,,FS,siegle_survey_2019,Siegle2019,optimal,optimal
0.0451321175534883,CA1,,RS,siegle_survey_2019,Siegle2019,optimal,optimal
0.107542946987492,CA1,,RS,siegle_survey_2019,Siegle2019,optimal,optimal
0.0870970857956697,CA1,,RS,siegle_survey_2019,Siegle2019,optimal,optimal
0.0457959982098488,CA1,,RS,siegle_survey_2019,Siegle2019,optimal,optimal
0.0185906024624748,VISam,L5,FS,siegle_survey_2019,Siegle2019,optimal,optimal
0.3132667180634522,VISam,L5,RS,siegle_survey_2019,Siegle2019,optimal,optimal
0.0611717523841154,VISam,L5,FS,siegle_survey_2019,Siegle2019,optimal,optimal
