orientation selectivity index,region,layer,spiking class,citation,dataset,stimulus orientation (degrees),temporal frequency (Hz)
0.3189295597188776,grey,,FS,siegle_survey_2019,Siegle2019,optimal,optimal
0.1683790286772543,grey,,FS,siegle_survey_2019,Siegle2019,optimal,optimal
0.31829663840989,grey,,FS,siegle_survey_2019,Siegle2019,optimal,optimal
0.0554705952705509,grey,,RS,siegle_survey_2019,Siegle2019,optimal,optimal
0.2235192091291682,grey,,RS,siegle_survey_2019,Siegle2019,optimal,optimal
0.2022325436212353,grey,,RS,siegle_survey_2019,Siegle2019,optimal,optimal
0.217391304347826,grey,,RS,siegle_survey_2019,Siegle2019,optimal,optimal
0.0419895636437783,grey,,RS,siegle_survey_2019,Siegle2019,optimal,optimal
0.0520833333333332,grey,,RS,siegle_survey_2019,Siegle2019,optimal,optimal
0.2727272727272727,grey,,RS,siegle_survey_2019,Siegle2019,optimal,optimal
0.1008625924700309,grey,,RS,siegle_survey_2019,Siegle2019,optimal,optimal
0.1622422055206073,grey,,RS,siegle_survey_2019,Siegle2019,optimal,optimal
0.1975013309426253,VISpm,,RS,siegle_survey_2019,Siegle2019,optimal,optimal
0.3817107871150618,VISpm,,RS,siegle_survey_2019,Siegle2019,optimal,optimal
0.2979094195460566,VISpm,,RS,siegle_survey_2019,Siegle2019,optimal,optimal
0.3925842312508633,VISpm,,RS,siegle_survey_2019,Siegle2019,optimal,optimal
0.1189964547791234,VISpm,,RS,siegle_survey_2019,Siegle2019,optimal,optimal
0.3505329455781977,VISpm,,RS,siegle_survey_2019,Siegle2019,optimal,optimal
0.2982456140350877,grey,,RS,siegle_survey_2019,Siegle2019,optimal,optimal
0.1679409383985041,VISpm,,RS,siegle_survey_2019,Siegle2019,optimal,optimal
0.2986021388258721,VISpm,,RS,siegle_survey_2019,Siegle2019,optimal,optimal
0.183385338724754,grey,,FS,siegle_survey_2019,Siegle2019,optimal,optimal
0.1071373910888708,grey,,FS,siegle_survey_2019,Siegle2019,optimal,optimal
0.0615663411827095,grey,,RS,siegle_survey_2019,Siegle2019,optimal,optimal
0.1948317127318112,grey,,RS,siegle_survey_2019,Siegle2019,optimal,optimal
0.2266140986071917,grey,,RS,siegle_survey_2019,Siegle2019,optimal,optimal
1.0,VISp,,RS,siegle_survey_2019,Siegle2019,optimal,optimal
0.7220407960448768,VISp,,RS,siegle_survey_2019,Siegle2019,optimal,optimal
0.7044008486334721,VISp,,RS,siegle_survey_2019,Siegle2019,optimal,optimal
0.5423261445466404,VISp,,RS,siegle_survey_2019,Siegle2019,optimal,optimal
0.320190386613691,VISp,,RS,siegle_survey_2019,Siegle2019,optimal,optimal
0.4283900156868343,VISp,,RS,siegle_survey_2019,Siegle2019,optimal,optimal
0.4232173931460354,VISp,,RS,siegle_survey_2019,Siegle2019,optimal,optimal
0.6851596489695082,VISp,,RS,siegle_survey_2019,Siegle2019,optimal,optimal
0.8726255296891821,VISp,,RS,siegle_survey_2019,Siegle2019,optimal,optimal
0.1414213562373095,VISp,,RS,siegle_survey_2019,Siegle2019,optimal,optimal
0.2867441755680876,VISp,,RS,siegle_survey_2019,Siegle2019,optimal,optimal
0.7148648556025549,VISp,,RS,siegle_survey_2019,Siegle2019,optimal,optimal
0.1121336902854865,VISp,,RS,siegle_survey_2019,Siegle2019,optimal,optimal
0.3839170356332643,VISp,,RS,siegle_survey_2019,Siegle2019,optimal,optimal
0.4249182927993987,VISp,,RS,siegle_survey_2019,Siegle2019,optimal,optimal
0.112248953324819,grey,,RS,siegle_survey_2019,Siegle2019,optimal,optimal
0.3731850193291697,grey,,RS,siegle_survey_2019,Siegle2019,optimal,optimal
0.2614020252613896,grey,,RS,siegle_survey_2019,Siegle2019,optimal,optimal
0.2141416995316164,grey,,RS,siegle_survey_2019,Siegle2019,optimal,optimal
0.1084897768849527,grey,,RS,siegle_survey_2019,Siegle2019,optimal,optimal
0.0819633015497365,grey,,RS,siegle_survey_2019,Siegle2019,optimal,optimal
0.1401813629645873,VISl,,FS,siegle_survey_2019,Siegle2019,optimal,optimal
0.1466475864758988,VISl,,RS,siegle_survey_2019,Siegle2019,optimal,optimal
0.6527783452741668,VISl,,RS,siegle_survey_2019,Siegle2019,optimal,optimal
0.1607349092347205,grey,,RS,siegle_survey_2019,Siegle2019,optimal,optimal
0.1656346649999844,VISl,,RS,siegle_survey_2019,Siegle2019,optimal,optimal
0.2111312271117856,grey,,RS,siegle_survey_2019,Siegle2019,optimal,optimal
0.0333005789471191,grey,,FS,siegle_survey_2019,Siegle2019,optimal,optimal
0.0177880059298349,grey,,FS,siegle_survey_2019,Siegle2019,optimal,optimal
0.3049657064738889,VISal,,RS,siegle_survey_2019,Siegle2019,optimal,optimal
0.0651528814342364,VISal,,RS,siegle_survey_2019,Siegle2019,optimal,optimal
0.1447605031317965,VISal,,FS,siegle_survey_2019,Siegle2019,optimal,optimal
0.4246177330979692,VISal,,RS,siegle_survey_2019,Siegle2019,optimal,optimal
0.2077354240553374,VISal,,RS,siegle_survey_2019,Siegle2019,optimal,optimal
0.0516806634282931,VISal,,RS,siegle_survey_2019,Siegle2019,optimal,optimal
0.6669921080659216,VISal,,RS,siegle_survey_2019,Siegle2019,optimal,optimal
0.0619554165570007,VISal,,RS,siegle_survey_2019,Siegle2019,optimal,optimal
0.2571297386132899,VISal,,RS,siegle_survey_2019,Siegle2019,optimal,optimal
0.3059901395985946,VISal,,RS,siegle_survey_2019,Siegle2019,optimal,optimal
0.0602056670911668,VISal,,RS,siegle_survey_2019,Siegle2019,optimal,optimal
0.0632514870170696,VISal,,RS,siegle_survey_2019,Siegle2019,optimal,optimal
0.3055551928359312,VISal,,RS,siegle_survey_2019,Siegle2019,optimal,optimal
0.5296702380737681,VISal,,RS,siegle_survey_2019,Siegle2019,optimal,optimal
0.7381379062594555,VISal,,RS,siegle_survey_2019,Siegle2019,optimal,optimal
0.0789473684210525,VISal,,RS,siegle_survey_2019,Siegle2019,optimal,optimal
0.2781194183507839,grey,,RS,siegle_survey_2019,Siegle2019,optimal,optimal
0.291656208759693,grey,,RS,siegle_survey_2019,Siegle2019,optimal,optimal
0.0265580591034616,grey,,FS,siegle_survey_2019,Siegle2019,optimal,optimal
0.2134282697854607,grey,,RS,siegle_survey_2019,Siegle2019,optimal,optimal
0.1247841331076646,grey,,RS,siegle_survey_2019,Siegle2019,optimal,optimal
0.3565731307993882,VISrl,,RS,siegle_survey_2019,Siegle2019,optimal,optimal
0.0800365752692346,VISrl,,FS,siegle_survey_2019,Siegle2019,optimal,optimal
0.231169524618679,VISrl,,RS,siegle_survey_2019,Siegle2019,optimal,optimal
0.3610870975487298,VISrl,,RS,siegle_survey_2019,Siegle2019,optimal,optimal
0.3956812869576762,VISrl,,RS,siegle_survey_2019,Siegle2019,optimal,optimal
0.1567161545293371,VISrl,,RS,siegle_survey_2019,Siegle2019,optimal,optimal
0.3310597506103442,VISrl,,RS,siegle_survey_2019,Siegle2019,optimal,optimal
0.1873182658405314,VISrl,,RS,siegle_survey_2019,Siegle2019,optimal,optimal
0.0350983920082845,VISrl,,RS,siegle_survey_2019,Siegle2019,optimal,optimal
0.1242259987499883,VISrl,,RS,siegle_survey_2019,Siegle2019,optimal,optimal
0.2936184088686712,VISrl,,RS,siegle_survey_2019,Siegle2019,optimal,optimal
0.3427176948763288,VISrl,,RS,siegle_survey_2019,Siegle2019,optimal,optimal
0.4532566584944456,VISrl,,RS,siegle_survey_2019,Siegle2019,optimal,optimal
0.1853081180052881,VISrl,,RS,siegle_survey_2019,Siegle2019,optimal,optimal
0.2773500981126145,MB,,FS,siegle_survey_2019,Siegle2019,optimal,optimal
0.1424786296301992,MB,,FS,siegle_survey_2019,Siegle2019,optimal,optimal
0.0971356355216692,SCig,,FS,siegle_survey_2019,Siegle2019,optimal,optimal
0.316227766016838,DG,,FS,siegle_survey_2019,Siegle2019,optimal,optimal
0.032328823814318,CA1,,FS,siegle_survey_2019,Siegle2019,optimal,optimal
0.0252351037083664,CA1,,RS,siegle_survey_2019,Siegle2019,optimal,optimal
0.0494595398517673,VISam,L5,FS,siegle_survey_2019,Siegle2019,optimal,optimal
0.3004403904460446,VISam,L5,RS,siegle_survey_2019,Siegle2019,optimal,optimal
0.3000461644997733,VISam,L3,RS,siegle_survey_2019,Siegle2019,optimal,optimal
0.2651650429449553,MB,,FS,siegle_survey_2019,Siegle2019,optimal,optimal
0.816998412069597,VIS,L5,RS,siegle_survey_2019,Siegle2019,optimal,optimal
0.2349874886509603,VIS,L4,RS,siegle_survey_2019,Siegle2019,optimal,optimal
0.1792654619833765,VIS,L2,RS,siegle_survey_2019,Siegle2019,optimal,optimal
0.052588330234457,LP,,FS,siegle_survey_2019,Siegle2019,optimal,optimal
0.1774455417651562,DG,,RS,siegle_survey_2019,Siegle2019,optimal,optimal
0.0916150563534804,DG,,RS,siegle_survey_2019,Siegle2019,optimal,optimal
0.0753907852556452,DG,,FS,siegle_survey_2019,Siegle2019,optimal,optimal
0.0795107033639143,DG,,FS,siegle_survey_2019,Siegle2019,optimal,optimal
0.047794880121984,DG,,RS,siegle_survey_2019,Siegle2019,optimal,optimal
0.0287213222968626,CA1,,RS,siegle_survey_2019,Siegle2019,optimal,optimal
0.0824621125123532,CA1,,RS,siegle_survey_2019,Siegle2019,optimal,optimal
0.0871780673765105,CA1,,RS,siegle_survey_2019,Siegle2019,optimal,optimal
0.0357826626496915,CA1,,RS,siegle_survey_2019,Siegle2019,optimal,optimal
0.0689776498630344,VISp,L5,RS,siegle_survey_2019,Siegle2019,optimal,optimal
0.0607625906423094,CA1,,RS,siegle_survey_2019,Siegle2019,optimal,optimal
0.9626757326078746,VISl,L5,RS,siegle_survey_2019,Siegle2019,optimal,optimal
0.1384035999632465,APN,,FS,siegle_survey_2019,Siegle2019,optimal,optimal
0.0511727994897893,CA3,,RS,siegle_survey_2019,Siegle2019,optimal,optimal
0.2368267418953534,VISal,L5,RS,siegle_survey_2019,Siegle2019,optimal,optimal
0.4150301193889426,VISal,L5,RS,siegle_survey_2019,Siegle2019,optimal,optimal
0.4476797705165358,VISal,L3,RS,siegle_survey_2019,Siegle2019,optimal,optimal
0.4343065993307288,VISal,L3,RS,siegle_survey_2019,Siegle2019,optimal,optimal
0.0098924555615399,CA1,,RS,siegle_survey_2019,Siegle2019,optimal,optimal
0.0136915186475135,CA1,,FS,siegle_survey_2019,Siegle2019,optimal,optimal
0.0991838259053953,CA1,,RS,siegle_survey_2019,Siegle2019,optimal,optimal
0.1527066899136175,CA1,,RS,siegle_survey_2019,Siegle2019,optimal,optimal
0.2004996065947953,LP,,FS,siegle_survey_2019,Siegle2019,optimal,optimal
0.0270270270270269,LP,,RS,siegle_survey_2019,Siegle2019,optimal,optimal
0.0905444778500367,DG,,RS,siegle_survey_2019,Siegle2019,optimal,optimal
0.0691435035829136,DG,,RS,siegle_survey_2019,Siegle2019,optimal,optimal
0.4176336808912861,VISrl,L5,RS,siegle_survey_2019,Siegle2019,optimal,optimal
0.179830356836375,VISrl,L5,RS,siegle_survey_2019,Siegle2019,optimal,optimal
0.3041381265149109,VISam,L3,RS,siegle_survey_2019,Siegle2019,optimal,optimal
0.2975327608619246,VISrl,L4,RS,siegle_survey_2019,Siegle2019,optimal,optimal
0.0936266446834156,VISrl,L3,RS,siegle_survey_2019,Siegle2019,optimal,optimal
0.2402160439462465,VISrl,L3,RS,siegle_survey_2019,Siegle2019,optimal,optimal
0.98326359832636,VISrl,L2,RS,siegle_survey_2019,Siegle2019,optimal,optimal
0.0739710713711999,grey,,RS,siegle_survey_2019,Siegle2019,optimal,optimal
0.0487800253698573,grey,,RS,siegle_survey_2019,Siegle2019,optimal,optimal
0.0506281015028317,grey,,RS,siegle_survey_2019,Siegle2019,optimal,optimal
0.1290592499948232,grey,,RS,siegle_survey_2019,Siegle2019,optimal,optimal
0.0186287251674159,grey,,RS,siegle_survey_2019,Siegle2019,optimal,optimal
0.0223674545411618,grey,,RS,siegle_survey_2019,Siegle2019,optimal,optimal
0.0519081452325505,APN,,FS,siegle_survey_2019,Siegle2019,optimal,optimal
0.0507745481135514,APN,,FS,siegle_survey_2019,Siegle2019,optimal,optimal
0.0353671868709432,grey,,RS,siegle_survey_2019,Siegle2019,optimal,optimal
0.1057206570671195,grey,,FS,siegle_survey_2019,Siegle2019,optimal,optimal
0.2181633987683423,grey,,RS,siegle_survey_2019,Siegle2019,optimal,optimal
0.4499673363462847,APN,,FS,siegle_survey_2019,Siegle2019,optimal,optimal
0.0367080977901034,CA1,,RS,siegle_survey_2019,Siegle2019,optimal,optimal
0.0358265154999738,grey,,RS,siegle_survey_2019,Siegle2019,optimal,optimal
0.2236067977499788,VISam,L5,RS,siegle_survey_2019,Siegle2019,optimal,optimal
0.1497203635596429,VISpm,,RS,siegle_survey_2019,Siegle2019,optimal,optimal
0.1791677809206182,VISpm,,RS,siegle_survey_2019,Siegle2019,optimal,optimal
0.3579076404953986,VISam,L4,RS,siegle_survey_2019,Siegle2019,optimal,optimal
0.1715213402192306,VISpm,,RS,siegle_survey_2019,Siegle2019,optimal,optimal
0.0858430582615725,VISpm,,RS,siegle_survey_2019,Siegle2019,optimal,optimal
0.4030353880606757,VISam,L3,RS,siegle_survey_2019,Siegle2019,optimal,optimal
0.1596511680418862,VISpm,,RS,siegle_survey_2019,Siegle2019,optimal,optimal
0.1285528677144141,VISam,L3,RS,siegle_survey_2019,Siegle2019,optimal,optimal
0.1684908291344549,VISpm,,RS,siegle_survey_2019,Siegle2019,optimal,optimal
0.1793816539609827,VISam,L3,RS,siegle_survey_2019,Siegle2019,optimal,optimal
0.1018816281347177,VISam,L3,RS,siegle_survey_2019,Siegle2019,optimal,optimal
0.2243894322020327,VISam,L2,FS,siegle_survey_2019,Siegle2019,optimal,optimal
0.3793103448275862,VISpm,,RS,siegle_survey_2019,Siegle2019,optimal,optimal
0.3918778401453834,VISam,L3,RS,siegle_survey_2019,Siegle2019,optimal,optimal
0.2315215366955529,grey,,FS,siegle_survey_2019,Siegle2019,optimal,optimal
0.038936480403403,APN,,RS,siegle_survey_2019,Siegle2019,optimal,optimal
0.0058721190241544,APN,,RS,siegle_survey_2019,Siegle2019,optimal,optimal
0.012561083632375,PO,,FS,siegle_survey_2019,Siegle2019,optimal,optimal
0.199450548412389,grey,,FS,siegle_survey_2019,Siegle2019,optimal,optimal
0.3030303030303029,grey,,FS,siegle_survey_2019,Siegle2019,optimal,optimal
0.0296605356001132,PO,,RS,siegle_survey_2019,Siegle2019,optimal,optimal
0.161120536788228,POL,,RS,siegle_survey_2019,Siegle2019,optimal,optimal
0.0971461820655001,LP,,RS,siegle_survey_2019,Siegle2019,optimal,optimal
0.103703711653142,LP,,FS,siegle_survey_2019,Siegle2019,optimal,optimal
0.0952466064968527,grey,,FS,siegle_survey_2019,Siegle2019,optimal,optimal
0.0713743738448034,POL,,RS,siegle_survey_2019,Siegle2019,optimal,optimal
0.0894567415461168,LP,,FS,siegle_survey_2019,Siegle2019,optimal,optimal
0.2318180583741605,TH,,FS,siegle_survey_2019,Siegle2019,optimal,optimal
0.1927686782483333,LP,,RS,siegle_survey_2019,Siegle2019,optimal,optimal
0.1316655271591799,LP,,RS,siegle_survey_2019,Siegle2019,optimal,optimal
0.1420045395619392,LGd,,FS,siegle_survey_2019,Siegle2019,optimal,optimal
0.0721312250806383,grey,,RS,siegle_survey_2019,Siegle2019,optimal,optimal
0.4123105625617659,grey,,RS,siegle_survey_2019,Siegle2019,optimal,optimal
0.2121320343559642,grey,,RS,siegle_survey_2019,Siegle2019,optimal,optimal
0.0365004046032521,DG,,RS,siegle_survey_2019,Siegle2019,optimal,optimal
0.2079725827019257,grey,,RS,siegle_survey_2019,Siegle2019,optimal,optimal
0.2049499532613625,LGd,,FS,siegle_survey_2019,Siegle2019,optimal,optimal
0.17860802458535,grey,,RS,siegle_survey_2019,Siegle2019,optimal,optimal
0.0386195399292286,LP,,FS,siegle_survey_2019,Siegle2019,optimal,optimal
0.0755615439102556,LP,,FS,siegle_survey_2019,Siegle2019,optimal,optimal
0.1574334273815725,LP,,FS,siegle_survey_2019,Siegle2019,optimal,optimal
0.1344481001660805,CA1,,RS,siegle_survey_2019,Siegle2019,optimal,optimal
0.1983847442494851,grey,,RS,siegle_survey_2019,Siegle2019,optimal,optimal
0.0720633535053591,LGd,,FS,siegle_survey_2019,Siegle2019,optimal,optimal
0.0983136829078922,CA1,,FS,siegle_survey_2019,Siegle2019,optimal,optimal
0.2074824951064742,LGd,,FS,siegle_survey_2019,Siegle2019,optimal,optimal
0.0421323373301252,grey,,RS,siegle_survey_2019,Siegle2019,optimal,optimal
0.2818956041185653,VIS,,FS,siegle_survey_2019,Siegle2019,optimal,optimal
0.3020761493398643,VIS,,RS,siegle_survey_2019,Siegle2019,optimal,optimal
0.1571348402636772,VIS,,RS,siegle_survey_2019,Siegle2019,optimal,optimal
0.3162629865733893,VIS,,RS,siegle_survey_2019,Siegle2019,optimal,optimal
0.3665567521632638,DG,,RS,siegle_survey_2019,Siegle2019,optimal,optimal
0.1176450084242362,VISpm,L5,FS,siegle_survey_2019,Siegle2019,optimal,optimal
0.1224989893875063,VIS,,RS,siegle_survey_2019,Siegle2019,optimal,optimal
0.7641989269817121,VIS,,RS,siegle_survey_2019,Siegle2019,optimal,optimal
0.1055914668065589,DG,,FS,siegle_survey_2019,Siegle2019,optimal,optimal
0.0610330522723872,DG,,RS,siegle_survey_2019,Siegle2019,optimal,optimal
0.0975175060130906,DG,,FS,siegle_survey_2019,Siegle2019,optimal,optimal
0.0282477933124642,DG,,RS,siegle_survey_2019,Siegle2019,optimal,optimal
0.1536129511971898,DG,,FS,siegle_survey_2019,Siegle2019,optimal,optimal
0.1431049438115631,VIS,,RS,siegle_survey_2019,Siegle2019,optimal,optimal
0.5228294704450878,VISpm,L4,RS,siegle_survey_2019,Siegle2019,optimal,optimal
0.073170731707317,CA1,,RS,siegle_survey_2019,Siegle2019,optimal,optimal
0.1724137931034482,VIS,,RS,siegle_survey_2019,Siegle2019,optimal,optimal
0.2719641466102107,CA1,,RS,siegle_survey_2019,Siegle2019,optimal,optimal
0.1714985851425088,CA1,,RS,siegle_survey_2019,Siegle2019,optimal,optimal
0.2021975978155151,CA1,,RS,siegle_survey_2019,Siegle2019,optimal,optimal
0.0782108987569231,VIS,,FS,siegle_survey_2019,Siegle2019,optimal,optimal
0.3600105692727775,CA1,,RS,siegle_survey_2019,Siegle2019,optimal,optimal
0.318688719599549,VIS,,RS,siegle_survey_2019,Siegle2019,optimal,optimal
0.2514498895358766,CA1,,RS,siegle_survey_2019,Siegle2019,optimal,optimal
0.3424362587563329,CA1,,RS,siegle_survey_2019,Siegle2019,optimal,optimal
0.1430875764637282,CA1,,RS,siegle_survey_2019,Siegle2019,optimal,optimal
0.1794619228730914,VIS,,RS,siegle_survey_2019,Siegle2019,optimal,optimal
0.190029237516523,CA1,,RS,siegle_survey_2019,Siegle2019,optimal,optimal
0.0951616562160496,VIS,,RS,siegle_survey_2019,Siegle2019,optimal,optimal
0.3551531878613405,VIS,,RS,siegle_survey_2019,Siegle2019,optimal,optimal
0.6128825336065632,VIS,,RS,siegle_survey_2019,Siegle2019,optimal,optimal
0.2553672722956842,VIS,,RS,siegle_survey_2019,Siegle2019,optimal,optimal
0.3859012219291612,VIS,,RS,siegle_survey_2019,Siegle2019,optimal,optimal
0.1715435500323986,CA1,,RS,siegle_survey_2019,Siegle2019,optimal,optimal
0.4303230457841728,CA1,,RS,siegle_survey_2019,Siegle2019,optimal,optimal
0.37482778414706,VIS,,RS,siegle_survey_2019,Siegle2019,optimal,optimal
0.1368421052631579,VIS,,RS,siegle_survey_2019,Siegle2019,optimal,optimal
0.3564822733389475,VIS,,RS,siegle_survey_2019,Siegle2019,optimal,optimal
0.0589255650988789,VIS,,RS,siegle_survey_2019,Siegle2019,optimal,optimal
0.1351351351351351,CA1,,RS,siegle_survey_2019,Siegle2019,optimal,optimal
0.2214380419674462,VIS,,RS,siegle_survey_2019,Siegle2019,optimal,optimal
0.4085455122795032,VISp,L6a,RS,siegle_survey_2019,Siegle2019,optimal,optimal
0.1139047060078166,APN,,RS,siegle_survey_2019,Siegle2019,optimal,optimal
0.2311901408543516,VISp,L6a,RS,siegle_survey_2019,Siegle2019,optimal,optimal
0.1443010372239754,VISp,L5,FS,siegle_survey_2019,Siegle2019,optimal,optimal
0.4522950860932302,VISp,L5,RS,siegle_survey_2019,Siegle2019,optimal,optimal
0.0745483271295753,APN,,RS,siegle_survey_2019,Siegle2019,optimal,optimal
0.1290465085370709,VISp,L5,RS,siegle_survey_2019,Siegle2019,optimal,optimal
0.0174029451137884,APN,,RS,siegle_survey_2019,Siegle2019,optimal,optimal
0.213304826009827,APN,,RS,siegle_survey_2019,Siegle2019,optimal,optimal
0.4055175020198813,VIS,,RS,siegle_survey_2019,Siegle2019,optimal,optimal
0.5050762722761054,VIS,,RS,siegle_survey_2019,Siegle2019,optimal,optimal
0.0702788504973488,VIS,,RS,siegle_survey_2019,Siegle2019,optimal,optimal
0.1428247013697596,APN,,RS,siegle_survey_2019,Siegle2019,optimal,optimal
0.5946427498927402,VIS,,RS,siegle_survey_2019,Siegle2019,optimal,optimal
0.0573744715263982,APN,,RS,siegle_survey_2019,Siegle2019,optimal,optimal
0.3579936973775524,VISp,L4,RS,siegle_survey_2019,Siegle2019,optimal,optimal
0.5472555873328807,VIS,,RS,siegle_survey_2019,Siegle2019,optimal,optimal
0.0337116597374938,APN,,FS,siegle_survey_2019,Siegle2019,optimal,optimal
0.0706199832949989,APN,,FS,siegle_survey_2019,Siegle2019,optimal,optimal
0.0294117647058822,grey,,FS,siegle_survey_2019,Siegle2019,optimal,optimal
0.2963757976063417,NOT,,RS,siegle_survey_2019,Siegle2019,optimal,optimal
0.4417675478519753,VISp,L2,RS,siegle_survey_2019,Siegle2019,optimal,optimal
0.1923076923076923,SUB,,RS,siegle_survey_2019,Siegle2019,optimal,optimal
0.1437398936440173,SUB,,RS,siegle_survey_2019,Siegle2019,optimal,optimal
0.1693374536576816,SUB,,RS,siegle_survey_2019,Siegle2019,optimal,optimal
0.1450794527565336,grey,,FS,siegle_survey_2019,Siegle2019,optimal,optimal
0.0118306717252732,grey,,RS,siegle_survey_2019,Siegle2019,optimal,optimal
0.0373702452791584,grey,,RS,siegle_survey_2019,Siegle2019,optimal,optimal
0.064712373057681,SUB,,RS,siegle_survey_2019,Siegle2019,optimal,optimal
0.0463588525491893,grey,,RS,siegle_survey_2019,Siegle2019,optimal,optimal
0.0415567272135164,grey,,RS,siegle_survey_2019,Siegle2019,optimal,optimal
0.0398743145022899,SUB,,FS,siegle_survey_2019,Siegle2019,optimal,optimal
0.0356978842044819,grey,,RS,siegle_survey_2019,Siegle2019,optimal,optimal
0.1804985922962112,CA1,,RS,siegle_survey_2019,Siegle2019,optimal,optimal
0.2511970876577459,grey,,RS,siegle_survey_2019,Siegle2019,optimal,optimal
0.0996169913981721,grey,,RS,siegle_survey_2019,Siegle2019,optimal,optimal
0.0452614606129452,grey,,RS,siegle_survey_2019,Siegle2019,optimal,optimal
0.2925332239370033,VISp,L4,RS,siegle_survey_2019,Siegle2019,optimal,optimal
0.1708329133906012,LGd,,FS,siegle_survey_2019,Siegle2019,optimal,optimal
0.1438049706406856,LGd,,FS,siegle_survey_2019,Siegle2019,optimal,optimal
0.2795119873862512,VISp,L3,RS,siegle_survey_2019,Siegle2019,optimal,optimal
0.1387574197951657,CA3,,RS,siegle_survey_2019,Siegle2019,optimal,optimal
0.0099956610624778,CA3,,FS,siegle_survey_2019,Siegle2019,optimal,optimal
0.0536514173880863,VISl,L6a,RS,siegle_survey_2019,Siegle2019,optimal,optimal
0.366457027956038,VISpm,,RS,siegle_survey_2019,Siegle2019,optimal,optimal
0.1508855408030919,VISl,L6a,RS,siegle_survey_2019,Siegle2019,optimal,optimal
0.2232021824474717,VISl,L5,RS,siegle_survey_2019,Siegle2019,optimal,optimal
0.0300761752626663,VISl,L5,FS,siegle_survey_2019,Siegle2019,optimal,optimal
0.3244777918487567,CA1,,RS,siegle_survey_2019,Siegle2019,optimal,optimal
0.1600997946201814,CA1,,FS,siegle_survey_2019,Siegle2019,optimal,optimal
0.0507824123304787,ZI,,FS,siegle_survey_2019,Siegle2019,optimal,optimal
0.9728634259015788,VISl,L5,RS,siegle_survey_2019,Siegle2019,optimal,optimal
0.1036588426845786,MB,,FS,siegle_survey_2019,Siegle2019,optimal,optimal
0.5148185227790308,VISl,L5,RS,siegle_survey_2019,Siegle2019,optimal,optimal
0.0853997038535998,VISl,L5,FS,siegle_survey_2019,Siegle2019,optimal,optimal
0.2415411283492593,VISl,L5,RS,siegle_survey_2019,Siegle2019,optimal,optimal
0.1913548165146079,VISl,L5,RS,siegle_survey_2019,Siegle2019,optimal,optimal
0.3179153261135479,VISl,L4,RS,siegle_survey_2019,Siegle2019,optimal,optimal
0.1393529500464309,grey,,FS,siegle_survey_2019,Siegle2019,optimal,optimal
0.8112324360521362,VISl,L3,RS,siegle_survey_2019,Siegle2019,optimal,optimal
0.4731832661766293,VISl,L3,RS,siegle_survey_2019,Siegle2019,optimal,optimal
0.0801526019248182,grey,,RS,siegle_survey_2019,Siegle2019,optimal,optimal
0.0566552426898161,grey,,RS,siegle_survey_2019,Siegle2019,optimal,optimal
0.1448109660327421,grey,,RS,siegle_survey_2019,Siegle2019,optimal,optimal
0.0351492489811399,grey,,RS,siegle_survey_2019,Siegle2019,optimal,optimal
0.0178304122830341,grey,,RS,siegle_survey_2019,Siegle2019,optimal,optimal
0.0241154219674574,CA3,,FS,siegle_survey_2019,Siegle2019,optimal,optimal
0.0601146565850477,CA3,,RS,siegle_survey_2019,Siegle2019,optimal,optimal
0.0311269027863588,CA1,,FS,siegle_survey_2019,Siegle2019,optimal,optimal
0.1529873093111049,CA1,L1,RS,siegle_survey_2019,Siegle2019,optimal,optimal
0.1633063238239493,grey,,RS,siegle_survey_2019,Siegle2019,optimal,optimal
0.00620450091584,grey,,RS,siegle_survey_2019,Siegle2019,optimal,optimal
0.0756085417858824,CA1,L1,RS,siegle_survey_2019,Siegle2019,optimal,optimal
0.0756421242310028,grey,,RS,siegle_survey_2019,Siegle2019,optimal,optimal
0.0125944584382871,grey,,RS,siegle_survey_2019,Siegle2019,optimal,optimal
0.0854500602627829,CA1,,RS,siegle_survey_2019,Siegle2019,optimal,optimal
0.0573673765315052,CA1,,RS,siegle_survey_2019,Siegle2019,optimal,optimal
0.150245260976337,grey,,RS,siegle_survey_2019,Siegle2019,optimal,optimal
0.0679649457328046,grey,,RS,siegle_survey_2019,Siegle2019,optimal,optimal
0.166460778179587,CA3,,RS,siegle_survey_2019,Siegle2019,optimal,optimal
0.5330214565321822,VISl,L6a,RS,siegle_survey_2019,Siegle2019,optimal,optimal
0.071930898358019,grey,,RS,siegle_survey_2019,Siegle2019,optimal,optimal
0.0386861001249122,grey,,RS,siegle_survey_2019,Siegle2019,optimal,optimal
0.1545453722494403,VISl,L6a,RS,siegle_survey_2019,Siegle2019,optimal,optimal
0.1335917081908536,CA3,,FS,siegle_survey_2019,Siegle2019,optimal,optimal
0.0427716283070649,grey,,RS,siegle_survey_2019,Siegle2019,optimal,optimal
0.0625650893758581,VISl,L6a,RS,siegle_survey_2019,Siegle2019,optimal,optimal
0.3796645121429053,VISl,L5,RS,siegle_survey_2019,Siegle2019,optimal,optimal
0.3585245905995814,VISl,L5,RS,siegle_survey_2019,Siegle2019,optimal,optimal
0.028081025694713,grey,,RS,siegle_survey_2019,Siegle2019,optimal,optimal
0.1588436114714342,grey,,RS,siegle_survey_2019,Siegle2019,optimal,optimal
0.2114890942276294,VISl,L5,RS,siegle_survey_2019,Siegle2019,optimal,optimal
0.1476959998507259,VISl,L5,RS,siegle_survey_2019,Siegle2019,optimal,optimal
0.5738671871336791,VISl,L5,RS,siegle_survey_2019,Siegle2019,optimal,optimal
0.0363654916038795,grey,,RS,siegle_survey_2019,Siegle2019,optimal,optimal
0.0799033149222518,grey,,RS,siegle_survey_2019,Siegle2019,optimal,optimal
0.1160986495890348,grey,,RS,siegle_survey_2019,Siegle2019,optimal,optimal
0.0389463636745412,grey,,RS,siegle_survey_2019,Siegle2019,optimal,optimal
0.0233880709917668,CA1,,FS,siegle_survey_2019,Siegle2019,optimal,optimal
0.0963327566303383,grey,,RS,siegle_survey_2019,Siegle2019,optimal,optimal
0.1381382826878383,grey,,RS,siegle_survey_2019,Siegle2019,optimal,optimal
0.0531265309038315,grey,,RS,siegle_survey_2019,Siegle2019,optimal,optimal
0.1416394309331329,grey,,FS,siegle_survey_2019,Siegle2019,optimal,optimal
0.2795084971874738,grey,,FS,siegle_survey_2019,Siegle2019,optimal,optimal
0.4209831511954486,CA3,,RS,siegle_survey_2019,Siegle2019,optimal,optimal
0.0363396473687217,PO,,RS,siegle_survey_2019,Siegle2019,optimal,optimal
0.0296049329695143,CA1,,RS,siegle_survey_2019,Siegle2019,optimal,optimal
0.0326588981546951,PO,,RS,siegle_survey_2019,Siegle2019,optimal,optimal
0.0545382433536534,PO,,RS,siegle_survey_2019,Siegle2019,optimal,optimal
0.0205761316872428,CA1,,RS,siegle_survey_2019,Siegle2019,optimal,optimal
0.0232729570202026,CA1,,FS,siegle_survey_2019,Siegle2019,optimal,optimal
0.4995990519515718,VISp,,RS,siegle_survey_2019,Siegle2019,optimal,optimal
0.1705214092728773,VIS,L5,RS,siegle_survey_2019,Siegle2019,optimal,optimal
0.1969510013693047,VIS,L5,RS,siegle_survey_2019,Siegle2019,optimal,optimal
0.0228301966700891,VIS,L5,FS,siegle_survey_2019,Siegle2019,optimal,optimal
0.0706470747183818,VIS,L5,RS,siegle_survey_2019,Siegle2019,optimal,optimal
0.0181082111248872,PO,,RS,siegle_survey_2019,Siegle2019,optimal,optimal
0.2965917598445565,VIS,L4,RS,siegle_survey_2019,Siegle2019,optimal,optimal
0.0359349734110044,VPM,,RS,siegle_survey_2019,Siegle2019,optimal,optimal
0.01687492070512,VIS,L4,RS,siegle_survey_2019,Siegle2019,optimal,optimal
0.0785674201318386,VIS,L3,RS,siegle_survey_2019,Siegle2019,optimal,optimal
0.1204463593521347,VIS,L3,RS,siegle_survey_2019,Siegle2019,optimal,optimal
0.2714154149418019,LGd,,FS,siegle_survey_2019,Siegle2019,optimal,optimal
0.0182232756123483,VPM,,RS,siegle_survey_2019,Siegle2019,optimal,optimal
0.0532286573363771,VPM,,RS,siegle_survey_2019,Siegle2019,optimal,optimal
0.4611761273912909,VISp,,RS,siegle_survey_2019,Siegle2019,optimal,optimal
0.0244379337108166,LGd,,RS,siegle_survey_2019,Siegle2019,optimal,optimal
0.038718079319735,DG,,FS,siegle_survey_2019,Siegle2019,optimal,optimal
0.0621129993749942,grey,,FS,siegle_survey_2019,Siegle2019,optimal,optimal
0.0632290990308883,CA1,,RS,siegle_survey_2019,Siegle2019,optimal,optimal
0.105045146287778,grey,,RS,siegle_survey_2019,Siegle2019,optimal,optimal
0.8865248226950355,VISrl,L5,RS,siegle_survey_2019,Siegle2019,optimal,optimal
0.0296084112746512,CA3,L3,FS,siegle_survey_2019,Siegle2019,optimal,optimal
0.1886508963647465,VISrl,L4,RS,siegle_survey_2019,Siegle2019,optimal,optimal
0.7192203298000772,VISrl,L3,RS,siegle_survey_2019,Siegle2019,optimal,optimal
0.0964410110844176,CA1,,FS,siegle_survey_2019,Siegle2019,optimal,optimal
0.8948139703438315,VISrl,L3,RS,siegle_survey_2019,Siegle2019,optimal,optimal
0.0830292753305403,CA1,,FS,siegle_survey_2019,Siegle2019,optimal,optimal
0.0638582800825394,grey,,RS,siegle_survey_2019,Siegle2019,optimal,optimal
0.0918274593292522,grey,,RS,siegle_survey_2019,Siegle2019,optimal,optimal
0.0311514718943332,DG,,FS,siegle_survey_2019,Siegle2019,optimal,optimal
0.1058971053739419,VISrl,L5,RS,siegle_survey_2019,Siegle2019,optimal,optimal
0.0255603011273762,CA1,,RS,siegle_survey_2019,Siegle2019,optimal,optimal
0.0584882734364412,VISrl,L6b,FS,siegle_survey_2019,Siegle2019,optimal,optimal
0.3405420158733201,VISrl,L4,FS,siegle_survey_2019,Siegle2019,optimal,optimal
0.5638517752231795,VISrl,L4,RS,siegle_survey_2019,Siegle2019,optimal,optimal
0.3689775190690713,VISrl,L4,RS,siegle_survey_2019,Siegle2019,optimal,optimal
0.1064794274999899,grey,,RS,siegle_survey_2019,Siegle2019,optimal,optimal
0.1831537527157212,VISrl,L4,RS,siegle_survey_2019,Siegle2019,optimal,optimal
0.5911691541835818,grey,,RS,siegle_survey_2019,Siegle2019,optimal,optimal
0.1780323052990771,grey,,RS,siegle_survey_2019,Siegle2019,optimal,optimal
0.2430572695215116,VISrl,L3,RS,siegle_survey_2019,Siegle2019,optimal,optimal
0.0633417143817109,VISl,,RS,siegle_survey_2019,Siegle2019,optimal,optimal
0.2914069065650078,VISrl,L3,RS,siegle_survey_2019,Siegle2019,optimal,optimal
0.4973021799857197,VISl,,RS,siegle_survey_2019,Siegle2019,optimal,optimal
0.0477966662455285,VISl,,FS,siegle_survey_2019,Siegle2019,optimal,optimal
0.2616434999389604,VISl,,RS,siegle_survey_2019,Siegle2019,optimal,optimal
0.1951196626696742,VISl,,RS,siegle_survey_2019,Siegle2019,optimal,optimal
0.4111234400020608,VISrl,L4,RS,siegle_survey_2019,Siegle2019,optimal,optimal
0.1160093742973134,VISl,,RS,siegle_survey_2019,Siegle2019,optimal,optimal
0.1633395508779744,VISl,,RS,siegle_survey_2019,Siegle2019,optimal,optimal
0.0888108139107639,VISl,,RS,siegle_survey_2019,Siegle2019,optimal,optimal
0.0934290241295176,VISl,,RS,siegle_survey_2019,Siegle2019,optimal,optimal
0.3410897774868384,VISal,,RS,siegle_survey_2019,Siegle2019,optimal,optimal
0.0642410975960043,VISal,,RS,siegle_survey_2019,Siegle2019,optimal,optimal
0.2783197837132187,VISal,,RS,siegle_survey_2019,Siegle2019,optimal,optimal
0.3060805612051889,VISal,,RS,siegle_survey_2019,Siegle2019,optimal,optimal
0.2626505427781775,VISal,,FS,siegle_survey_2019,Siegle2019,optimal,optimal
0.1918856942977829,grey,,FS,siegle_survey_2019,Siegle2019,optimal,optimal
0.1486122558633807,grey,,FS,siegle_survey_2019,Siegle2019,optimal,optimal
0.267296838300738,grey,,FS,siegle_survey_2019,Siegle2019,optimal,optimal
0.1247782747223025,grey,,FS,siegle_survey_2019,Siegle2019,optimal,optimal
0.0858253043692747,grey,,RS,siegle_survey_2019,Siegle2019,optimal,optimal
0.227348549673655,grey,,FS,siegle_survey_2019,Siegle2019,optimal,optimal
0.249582504143362,grey,,RS,siegle_survey_2019,Siegle2019,optimal,optimal
0.1914893617021275,grey,,FS,siegle_survey_2019,Siegle2019,optimal,optimal
0.2030872828230376,grey,,RS,siegle_survey_2019,Siegle2019,optimal,optimal
0.1335389361282959,grey,,RS,siegle_survey_2019,Siegle2019,optimal,optimal
0.3288368354708362,grey,,RS,siegle_survey_2019,Siegle2019,optimal,optimal
0.0115123593912807,grey,,RS,siegle_survey_2019,Siegle2019,optimal,optimal
0.1279363135192095,grey,,RS,siegle_survey_2019,Siegle2019,optimal,optimal
0.1560047426162643,grey,,RS,siegle_survey_2019,Siegle2019,optimal,optimal
0.4600573815215977,grey,,RS,siegle_survey_2019,Siegle2019,optimal,optimal
0.3669272145267294,VISrl,,RS,siegle_survey_2019,Siegle2019,optimal,optimal
0.1689409129021417,VISrl,,FS,siegle_survey_2019,Siegle2019,optimal,optimal
0.4515715686036011,VISrl,,RS,siegle_survey_2019,Siegle2019,optimal,optimal
0.854050501382281,VISrl,,RS,siegle_survey_2019,Siegle2019,optimal,optimal
0.3983328771670011,VISrl,,RS,siegle_survey_2019,Siegle2019,optimal,optimal
0.069937205287461,VISrl,,RS,siegle_survey_2019,Siegle2019,optimal,optimal
0.6372564043927709,VISrl,,RS,siegle_survey_2019,Siegle2019,optimal,optimal
0.3725068467593086,VISrl,,RS,siegle_survey_2019,Siegle2019,optimal,optimal
0.2419354838709678,VISrl,,RS,siegle_survey_2019,Siegle2019,optimal,optimal
0.042012095720666,VISrl,,RS,siegle_survey_2019,Siegle2019,optimal,optimal
0.4503621642317808,VISrl,,FS,siegle_survey_2019,Siegle2019,optimal,optimal
0.1294755170360317,VISrl,,RS,siegle_survey_2019,Siegle2019,optimal,optimal
0.3635584477053988,VISrl,,RS,siegle_survey_2019,Siegle2019,optimal,optimal
0.3653194290958179,VISrl,,RS,siegle_survey_2019,Siegle2019,optimal,optimal
0.2704654452853923,VISrl,,RS,siegle_survey_2019,Siegle2019,optimal,optimal
0.1065441789185102,VISrl,,RS,siegle_survey_2019,Siegle2019,optimal,optimal
0.0526944950869185,VISrl,,RS,siegle_survey_2019,Siegle2019,optimal,optimal
0.3241635813366464,VISrl,,RS,siegle_survey_2019,Siegle2019,optimal,optimal
0.211143597240581,VISrl,,RS,siegle_survey_2019,Siegle2019,optimal,optimal
0.4663169775439302,VISrl,,RS,siegle_survey_2019,Siegle2019,optimal,optimal
0.412310562561766,VISrl,,RS,siegle_survey_2019,Siegle2019,optimal,optimal
0.1221348881457092,APN,,FS,siegle_survey_2019,Siegle2019,optimal,optimal
0.1756820922315766,DG,,FS,siegle_survey_2019,Siegle2019,optimal,optimal
0.1405794440068155,VISam,L5,RS,siegle_survey_2019,Siegle2019,optimal,optimal
0.1345512400837406,VISam,L5,RS,siegle_survey_2019,Siegle2019,optimal,optimal
0.1295504892647482,VISam,L5,RS,siegle_survey_2019,Siegle2019,optimal,optimal
0.146483120543358,VISam,L5,RS,siegle_survey_2019,Siegle2019,optimal,optimal
0.135744347913186,VISam,L4,RS,siegle_survey_2019,Siegle2019,optimal,optimal
0.1575021857079002,VISam,L4,RS,siegle_survey_2019,Siegle2019,optimal,optimal
0.1443075063646015,VISam,L4,RS,siegle_survey_2019,Siegle2019,optimal,optimal
0.145896172122017,VISam,L3,RS,siegle_survey_2019,Siegle2019,optimal,optimal
0.2207973874976844,VISam,L3,RS,siegle_survey_2019,Siegle2019,optimal,optimal
0.3868996743662256,VISam,L3,RS,siegle_survey_2019,Siegle2019,optimal,optimal
0.4279720800693574,VISam,L2,RS,siegle_survey_2019,Siegle2019,optimal,optimal
0.063896467982899,PO,,RS,siegle_survey_2019,Siegle2019,optimal,optimal
0.0800603034100516,PO,,RS,siegle_survey_2019,Siegle2019,optimal,optimal
0.0803257449320552,Eth,,RS,siegle_survey_2019,Siegle2019,optimal,optimal
0.0222925708506022,Eth,,RS,siegle_survey_2019,Siegle2019,optimal,optimal
0.1066634888776457,LP,,RS,siegle_survey_2019,Siegle2019,optimal,optimal
0.0943396226415094,LP,,RS,siegle_survey_2019,Siegle2019,optimal,optimal
0.0677596356818117,LP,,RS,siegle_survey_2019,Siegle2019,optimal,optimal
0.1339325378747116,LP,,RS,siegle_survey_2019,Siegle2019,optimal,optimal
0.1062295731998496,LP,,RS,siegle_survey_2019,Siegle2019,optimal,optimal
0.0463098328958678,LP,,FS,siegle_survey_2019,Siegle2019,optimal,optimal
0.1915695907021867,LP,,RS,siegle_survey_2019,Siegle2019,optimal,optimal
0.0188772318087119,LP,,RS,siegle_survey_2019,Siegle2019,optimal,optimal
0.0360806517515989,LP,,RS,siegle_survey_2019,Siegle2019,optimal,optimal
0.2399947726116287,LP,,RS,siegle_survey_2019,Siegle2019,optimal,optimal
0.1801234144814173,LP,,RS,siegle_survey_2019,Siegle2019,optimal,optimal
0.1416459439397936,VISmma,L5,FS,siegle_survey_2019,Siegle2019,optimal,optimal
0.0794098599563726,VISmma,L5,RS,siegle_survey_2019,Siegle2019,optimal,optimal
0.139419516004444,VISmma,L4,RS,siegle_survey_2019,Siegle2019,optimal,optimal
0.1186533389699274,VISmma,L3,RS,siegle_survey_2019,Siegle2019,optimal,optimal
0.233722684400836,LP,,RS,siegle_survey_2019,Siegle2019,optimal,optimal
0.0458562576329058,LP,,RS,siegle_survey_2019,Siegle2019,optimal,optimal
0.2276224515317446,LP,,RS,siegle_survey_2019,Siegle2019,optimal,optimal
0.2156862745098039,LP,,FS,siegle_survey_2019,Siegle2019,optimal,optimal
0.0798527175236414,LP,,RS,siegle_survey_2019,Siegle2019,optimal,optimal
0.0855568594280983,LP,,FS,siegle_survey_2019,Siegle2019,optimal,optimal
0.1645753967775553,LP,,RS,siegle_survey_2019,Siegle2019,optimal,optimal
0.0584468696529172,DG,,RS,siegle_survey_2019,Siegle2019,optimal,optimal
0.0692493404071294,DG,,RS,siegle_survey_2019,Siegle2019,optimal,optimal
0.1762771571115292,SUB,,RS,siegle_survey_2019,Siegle2019,optimal,optimal
0.1781588683698543,SUB,,RS,siegle_survey_2019,Siegle2019,optimal,optimal
0.1342493680431278,SUB,,RS,siegle_survey_2019,Siegle2019,optimal,optimal
0.5046366095001823,VISp,L5,RS,siegle_survey_2019,Siegle2019,optimal,optimal
0.2058927461725048,VISp,L5,FS,siegle_survey_2019,Siegle2019,optimal,optimal
0.2609560522542822,VISp,L4,RS,siegle_survey_2019,Siegle2019,optimal,optimal
0.7511565157216645,VISp,L3,RS,siegle_survey_2019,Siegle2019,optimal,optimal
0.2298662185637844,VISp,L3,RS,siegle_survey_2019,Siegle2019,optimal,optimal
0.517245476154133,VISp,L3,RS,siegle_survey_2019,Siegle2019,optimal,optimal
0.8374896350934076,VISp,L3,RS,siegle_survey_2019,Siegle2019,optimal,optimal
0.2503030974332203,LGd,,FS,siegle_survey_2019,Siegle2019,optimal,optimal
0.255813953488372,VISl,L5,RS,siegle_survey_2019,Siegle2019,optimal,optimal
0.745676241978541,VISl,L5,RS,siegle_survey_2019,Siegle2019,optimal,optimal
0.0573236999155946,PIL,,RS,siegle_survey_2019,Siegle2019,optimal,optimal
0.388778306914981,VISrl,L5,RS,siegle_survey_2019,Siegle2019,optimal,optimal
0.1690585320239111,VISrl,L4,RS,siegle_survey_2019,Siegle2019,optimal,optimal
0.0982268511106174,LP,,RS,siegle_survey_2019,Siegle2019,optimal,optimal
0.0891063039603115,LP,,FS,siegle_survey_2019,Siegle2019,optimal,optimal
0.2859531800142194,VISam,L5,RS,siegle_survey_2019,Siegle2019,optimal,optimal
0.2342934422082996,VISam,L5,RS,siegle_survey_2019,Siegle2019,optimal,optimal
0.1927686782483333,VISam,L3,RS,siegle_survey_2019,Siegle2019,optimal,optimal
0.0529634585784236,DG,,FS,siegle_survey_2019,Siegle2019,optimal,optimal
0.0451300852091699,SUB,,RS,siegle_survey_2019,Siegle2019,optimal,optimal
0.5913372024181757,VISp,L6a,RS,siegle_survey_2019,Siegle2019,optimal,optimal
0.159000332852837,VISp,L6a,RS,siegle_survey_2019,Siegle2019,optimal,optimal
0.3833919760210476,VISp,L6a,RS,siegle_survey_2019,Siegle2019,optimal,optimal
0.995122039059289,VISp,L6a,RS,siegle_survey_2019,Siegle2019,optimal,optimal
0.1874142431153318,VISp,L5,FS,siegle_survey_2019,Siegle2019,optimal,optimal
0.1839127911603217,VISp,L5,FS,siegle_survey_2019,Siegle2019,optimal,optimal
0.2572887902698494,VISp,L5,RS,siegle_survey_2019,Siegle2019,optimal,optimal
0.1972260998220547,VISp,L5,FS,siegle_survey_2019,Siegle2019,optimal,optimal
0.6144127054770313,VISp,L5,RS,siegle_survey_2019,Siegle2019,optimal,optimal
0.1197668463525996,VISp,L5,FS,siegle_survey_2019,Siegle2019,optimal,optimal
0.2413305683358335,VISp,L5,FS,siegle_survey_2019,Siegle2019,optimal,optimal
0.1329200408465427,VISp,L5,RS,siegle_survey_2019,Siegle2019,optimal,optimal
0.0866739805771382,VISp,L5,RS,siegle_survey_2019,Siegle2019,optimal,optimal
0.0388308345655247,VISp,L4,FS,siegle_survey_2019,Siegle2019,optimal,optimal
0.8977452529844968,VISp,L3,RS,siegle_survey_2019,Siegle2019,optimal,optimal
0.0839694656488549,VISp,L3,RS,siegle_survey_2019,Siegle2019,optimal,optimal
0.1259531560972737,CA3,,RS,siegle_survey_2019,Siegle2019,optimal,optimal
0.1767766952966368,VISl,L6a,RS,siegle_survey_2019,Siegle2019,optimal,optimal
0.0918877310927657,LGv,,FS,siegle_survey_2019,Siegle2019,optimal,optimal
0.0538412283466189,CA3,,FS,siegle_survey_2019,Siegle2019,optimal,optimal
0.0746361766253202,CA3,,RS,siegle_survey_2019,Siegle2019,optimal,optimal
0.0658746029509292,CA3,,RS,siegle_survey_2019,Siegle2019,optimal,optimal
0.0234016071624672,CA3,,FS,siegle_survey_2019,Siegle2019,optimal,optimal
0.2151032025682139,VISal,L6a,FS,siegle_survey_2019,Siegle2019,optimal,optimal
0.343024512719617,VISal,L6a,RS,siegle_survey_2019,Siegle2019,optimal,optimal
0.407184734762553,VISal,L6a,RS,siegle_survey_2019,Siegle2019,optimal,optimal
0.4983396478748744,VISal,L5,RS,siegle_survey_2019,Siegle2019,optimal,optimal
0.1516828263779309,VISal,L4,RS,siegle_survey_2019,Siegle2019,optimal,optimal
0.2472390561240765,VISal,L4,RS,siegle_survey_2019,Siegle2019,optimal,optimal
0.3469715474004127,LGv,,FS,siegle_survey_2019,Siegle2019,optimal,optimal
0.0231940000987178,DG,,RS,siegle_survey_2019,Siegle2019,optimal,optimal
0.0156548399018236,DG,,RS,siegle_survey_2019,Siegle2019,optimal,optimal
0.011635521110168,DG,,RS,siegle_survey_2019,Siegle2019,optimal,optimal
0.0549594141365705,DG,,RS,siegle_survey_2019,Siegle2019,optimal,optimal
0.0181570547981053,DG,,RS,siegle_survey_2019,Siegle2019,optimal,optimal
0.416012646976705,VISrl,L6a,RS,siegle_survey_2019,Siegle2019,optimal,optimal
0.3031443273177335,VISrl,L5,RS,siegle_survey_2019,Siegle2019,optimal,optimal
0.3415690087743646,VISrl,L5,RS,siegle_survey_2019,Siegle2019,optimal,optimal
0.2442752536188211,VISrl,L4,RS,siegle_survey_2019,Siegle2019,optimal,optimal
0.1812230898180166,VISrl,L4,FS,siegle_survey_2019,Siegle2019,optimal,optimal
0.1079559570624622,VISrl,L4,RS,siegle_survey_2019,Siegle2019,optimal,optimal
0.1524591802840765,VISrl,L4,RS,siegle_survey_2019,Siegle2019,optimal,optimal
0.5975749976760648,VISrl,L4,RS,siegle_survey_2019,Siegle2019,optimal,optimal
0.2557690648001114,VISrl,L4,RS,siegle_survey_2019,Siegle2019,optimal,optimal
0.1561737618886061,VISrl,L3,RS,siegle_survey_2019,Siegle2019,optimal,optimal
0.1180678235763393,VISam,L6a,RS,siegle_survey_2019,Siegle2019,optimal,optimal
0.601945437806795,VISam,L6a,RS,siegle_survey_2019,Siegle2019,optimal,optimal
0.0869309591846581,VISam,L5,RS,siegle_survey_2019,Siegle2019,optimal,optimal
0.2736978624436159,VISam,L5,RS,siegle_survey_2019,Siegle2019,optimal,optimal
0.0831070124009044,VISam,L5,RS,siegle_survey_2019,Siegle2019,optimal,optimal
0.1881712106462437,VISam,L5,FS,siegle_survey_2019,Siegle2019,optimal,optimal
0.2664801974558235,VISam,L5,RS,siegle_survey_2019,Siegle2019,optimal,optimal
0.1842252476514446,VISam,L3,RS,siegle_survey_2019,Siegle2019,optimal,optimal
0.3750448829198588,VISam,L3,RS,siegle_survey_2019,Siegle2019,optimal,optimal
0.944845062571609,VISam,L6a,RS,siegle_survey_2019,Siegle2019,optimal,optimal
0.0841655620009147,VISpm,L5,RS,siegle_survey_2019,Siegle2019,optimal,optimal
0.1652428152317591,VISpm,L5,RS,siegle_survey_2019,Siegle2019,optimal,optimal
0.18010529786955,VISpm,L3,RS,siegle_survey_2019,Siegle2019,optimal,optimal
0.3811812499312437,VISam,L3,RS,siegle_survey_2019,Siegle2019,optimal,optimal
0.0066238189509649,APN,,FS,siegle_survey_2019,Siegle2019,optimal,optimal
0.133616586337578,LP,,RS,siegle_survey_2019,Siegle2019,optimal,optimal
0.2258769757263128,LP,,RS,siegle_survey_2019,Siegle2019,optimal,optimal
0.0329389560815712,LP,,RS,siegle_survey_2019,Siegle2019,optimal,optimal
0.1288630047028333,LP,,FS,siegle_survey_2019,Siegle2019,optimal,optimal
0.1228070175438596,LP,,FS,siegle_survey_2019,Siegle2019,optimal,optimal
0.0909791086120904,LP,,RS,siegle_survey_2019,Siegle2019,optimal,optimal
0.0377001200097756,LP,,FS,siegle_survey_2019,Siegle2019,optimal,optimal
0.101015254455221,LP,,FS,siegle_survey_2019,Siegle2019,optimal,optimal
0.1274151747507245,LP,,RS,siegle_survey_2019,Siegle2019,optimal,optimal
0.09069055187016,NOT,,FS,siegle_survey_2019,Siegle2019,optimal,optimal
0.095138955250384,LP,,FS,siegle_survey_2019,Siegle2019,optimal,optimal
0.2773500981126146,DG,,FS,siegle_survey_2019,Siegle2019,optimal,optimal
0.0943708842311444,CA1,,RS,siegle_survey_2019,Siegle2019,optimal,optimal
0.2618450679975467,SUB,,RS,siegle_survey_2019,Siegle2019,optimal,optimal
0.0896228204031308,SUB,,RS,siegle_survey_2019,Siegle2019,optimal,optimal
0.0092575290179751,SUB,,RS,siegle_survey_2019,Siegle2019,optimal,optimal
0.01160000427972,SUB,,RS,siegle_survey_2019,Siegle2019,optimal,optimal
0.5008617782264619,VISmma,L6a,RS,siegle_survey_2019,Siegle2019,optimal,optimal
0.1241003050607621,VISmma,L5,RS,siegle_survey_2019,Siegle2019,optimal,optimal
0.6656893878612691,VISmma,L5,RS,siegle_survey_2019,Siegle2019,optimal,optimal
0.7841456522885839,VISp,L6a,RS,siegle_survey_2019,Siegle2019,optimal,optimal
0.6095386748368669,VISp,L6a,RS,siegle_survey_2019,Siegle2019,optimal,optimal
0.6767465508135121,VISp,L6a,RS,siegle_survey_2019,Siegle2019,optimal,optimal
0.7778551892487173,VISp,L6a,RS,siegle_survey_2019,Siegle2019,optimal,optimal
0.9402624420081002,VISp,L6a,RS,siegle_survey_2019,Siegle2019,optimal,optimal
0.4369237627696404,VISmma,L5,RS,siegle_survey_2019,Siegle2019,optimal,optimal
0.6007884366082042,VISmma,L4,RS,siegle_survey_2019,Siegle2019,optimal,optimal
0.0745063643815916,VISp,L5,FS,siegle_survey_2019,Siegle2019,optimal,optimal
0.2030785905006838,VISp,L5,FS,siegle_survey_2019,Siegle2019,optimal,optimal
0.1424342788382644,VISp,L5,RS,siegle_survey_2019,Siegle2019,optimal,optimal
0.0655743862525423,VISam,L5,FS,siegle_survey_2019,Siegle2019,optimal,optimal
0.1351725006732937,VISp,L3,RS,siegle_survey_2019,Siegle2019,optimal,optimal
0.0609574811367713,VISmma,L3,RS,siegle_survey_2019,Siegle2019,optimal,optimal
0.2032448650261505,VISam,L5,RS,siegle_survey_2019,Siegle2019,optimal,optimal
0.0412498292002795,VISam,L5,RS,siegle_survey_2019,Siegle2019,optimal,optimal
0.0526315789473684,VISp,L3,RS,siegle_survey_2019,Siegle2019,optimal,optimal
0.0054054054054053,VISam,L5,RS,siegle_survey_2019,Siegle2019,optimal,optimal
0.4193583229756772,VISp,L3,RS,siegle_survey_2019,Siegle2019,optimal,optimal
0.1313998894073973,VISam,L4,RS,siegle_survey_2019,Siegle2019,optimal,optimal
0.0996534283225138,VISam,L4,FS,siegle_survey_2019,Siegle2019,optimal,optimal
0.3939203993474842,VISam,L4,RS,siegle_survey_2019,Siegle2019,optimal,optimal
0.4925480182640653,VISam,L4,RS,siegle_survey_2019,Siegle2019,optimal,optimal
0.7061659579098976,VISam,L3,RS,siegle_survey_2019,Siegle2019,optimal,optimal
0.3330557290100723,VISam,L3,RS,siegle_survey_2019,Siegle2019,optimal,optimal
0.4895708408377259,VISam,L3,FS,siegle_survey_2019,Siegle2019,optimal,optimal
0.3295413813469983,VISam,L3,RS,siegle_survey_2019,Siegle2019,optimal,optimal
0.1503063538244475,VISam,L3,RS,siegle_survey_2019,Siegle2019,optimal,optimal
0.1900368504211782,VISam,L3,RS,siegle_survey_2019,Siegle2019,optimal,optimal
0.0279895671737323,CA3,,RS,siegle_survey_2019,Siegle2019,optimal,optimal
0.0364528094472218,ProS,,FS,siegle_survey_2019,Siegle2019,optimal,optimal
0.1987485259007336,VISp,L6a,RS,siegle_survey_2019,Siegle2019,optimal,optimal
0.137616460895572,LP,,RS,siegle_survey_2019,Siegle2019,optimal,optimal
0.1717669002566406,LP,,RS,siegle_survey_2019,Siegle2019,optimal,optimal
0.4972621424806152,VISp,L5,RS,siegle_survey_2019,Siegle2019,optimal,optimal
0.1125626797256159,VISl,L4,RS,siegle_survey_2019,Siegle2019,optimal,optimal
0.0940934124774209,VISp,L4,FS,siegle_survey_2019,Siegle2019,optimal,optimal
0.0172019733843382,VISp,L4,FS,siegle_survey_2019,Siegle2019,optimal,optimal
0.2746471663596604,VISp,L4,RS,siegle_survey_2019,Siegle2019,optimal,optimal
0.030195679881008,DG,,RS,siegle_survey_2019,Siegle2019,optimal,optimal
0.1811007489959082,DG,,RS,siegle_survey_2019,Siegle2019,optimal,optimal
0.0384615384615385,DG,,RS,siegle_survey_2019,Siegle2019,optimal,optimal
0.0906065395395861,DG,,RS,siegle_survey_2019,Siegle2019,optimal,optimal
0.087047541832739,DG,,FS,siegle_survey_2019,Siegle2019,optimal,optimal
0.0677596356818118,VISl,L3,RS,siegle_survey_2019,Siegle2019,optimal,optimal
0.4736842105263157,VISl,L3,RS,siegle_survey_2019,Siegle2019,optimal,optimal
0.4530555301146003,VISl,L3,RS,siegle_survey_2019,Siegle2019,optimal,optimal
0.5633628773088057,VISl,L3,RS,siegle_survey_2019,Siegle2019,optimal,optimal
0.1206670093888621,DG,,RS,siegle_survey_2019,Siegle2019,optimal,optimal
0.7693092581620721,VISl,L3,RS,siegle_survey_2019,Siegle2019,optimal,optimal
0.6014200819334752,VISp,L3,RS,siegle_survey_2019,Siegle2019,optimal,optimal
0.4837318883352507,VISp,L3,RS,siegle_survey_2019,Siegle2019,optimal,optimal
0.2413022997301931,VISp,L3,RS,siegle_survey_2019,Siegle2019,optimal,optimal
0.7568047449244034,VISp,L3,RS,siegle_survey_2019,Siegle2019,optimal,optimal
0.2805730549931622,VISl,L5,RS,siegle_survey_2019,Siegle2019,optimal,optimal
0.5839833442410926,VISp,L2,RS,siegle_survey_2019,Siegle2019,optimal,optimal
0.0491355491748396,ZI,,FS,siegle_survey_2019,Siegle2019,optimal,optimal
0.0418384887014668,IntG,,FS,siegle_survey_2019,Siegle2019,optimal,optimal
0.4997499743669874,VISp,L3,RS,siegle_survey_2019,Siegle2019,optimal,optimal
0.4356303991241902,VISp,L3,RS,siegle_survey_2019,Siegle2019,optimal,optimal
0.3283828296474138,CA1,,RS,siegle_survey_2019,Siegle2019,optimal,optimal
0.652905054944856,CA1,,RS,siegle_survey_2019,Siegle2019,optimal,optimal
0.1526404750673382,IntG,,FS,siegle_survey_2019,Siegle2019,optimal,optimal
0.4245251543173847,IntG,,FS,siegle_survey_2019,Siegle2019,optimal,optimal
0.083465079451934,IGL,,FS,siegle_survey_2019,Siegle2019,optimal,optimal
0.4125637585719258,VISam,L6a,RS,siegle_survey_2019,Siegle2019,optimal,optimal
0.0326462326873565,IGL,,FS,siegle_survey_2019,Siegle2019,optimal,optimal
0.1126185012742946,IGL,,FS,siegle_survey_2019,Siegle2019,optimal,optimal
0.2290432046929326,CA2,,RS,siegle_survey_2019,Siegle2019,optimal,optimal
0.8739899796738511,VISam,L5,RS,siegle_survey_2019,Siegle2019,optimal,optimal
0.2055328862080698,VISam,L5,RS,siegle_survey_2019,Siegle2019,optimal,optimal
0.0375496600440431,VISam,L5,RS,siegle_survey_2019,Siegle2019,optimal,optimal
0.0809884271743199,VISam,L5,RS,siegle_survey_2019,Siegle2019,optimal,optimal
0.4172805811271874,VISam,L5,RS,siegle_survey_2019,Siegle2019,optimal,optimal
0.065766705220582,VISam,L5,RS,siegle_survey_2019,Siegle2019,optimal,optimal
0.1252363908635931,VISam,L5,RS,siegle_survey_2019,Siegle2019,optimal,optimal
0.3186887195995491,VISam,L5,RS,siegle_survey_2019,Siegle2019,optimal,optimal
0.0735826790911018,VISam,L4,RS,siegle_survey_2019,Siegle2019,optimal,optimal
0.1210352950508657,VISam,L4,RS,siegle_survey_2019,Siegle2019,optimal,optimal
0.188263859882328,CA1,,FS,siegle_survey_2019,Siegle2019,optimal,optimal
0.0539807852545142,CA1,,FS,siegle_survey_2019,Siegle2019,optimal,optimal
0.4111780427168989,VISal,L6a,RS,siegle_survey_2019,Siegle2019,optimal,optimal
0.2546416221685501,VISam,L5,RS,siegle_survey_2019,Siegle2019,optimal,optimal
0.1489470500724541,VISl,L6a,RS,siegle_survey_2019,Siegle2019,optimal,optimal
0.1752773608578008,VISal,L4,RS,siegle_survey_2019,Siegle2019,optimal,optimal
0.4930142301360349,VISl,L5,RS,siegle_survey_2019,Siegle2019,optimal,optimal
0.1216691963816088,VISal,L3,RS,siegle_survey_2019,Siegle2019,optimal,optimal
0.3061224489795918,DG,,RS,siegle_survey_2019,Siegle2019,optimal,optimal
0.8110350040397626,DG,,RS,siegle_survey_2019,Siegle2019,optimal,optimal
0.1693299326026662,VISl,L4,RS,siegle_survey_2019,Siegle2019,optimal,optimal
0.0702502672883405,ProS,,RS,siegle_survey_2019,Siegle2019,optimal,optimal
0.0839227497523673,SUB,,RS,siegle_survey_2019,Siegle2019,optimal,optimal
0.1995740198264761,APN,,FS,siegle_survey_2019,Siegle2019,optimal,optimal
0.3476604213813261,SUB,,FS,siegle_survey_2019,Siegle2019,optimal,optimal
0.2736009461896542,VISl,L4,RS,siegle_survey_2019,Siegle2019,optimal,optimal
0.0382447017554014,SUB,,RS,siegle_survey_2019,Siegle2019,optimal,optimal
0.5555555555555556,VISl,L3,RS,siegle_survey_2019,Siegle2019,optimal,optimal
0.5525300559461584,LGd,,FS,siegle_survey_2019,Siegle2019,optimal,optimal
0.1993203429721575,LGd,,FS,siegle_survey_2019,Siegle2019,optimal,optimal
0.0495362794784586,SUB,,RS,siegle_survey_2019,Siegle2019,optimal,optimal
0.0138648388467949,DG,,RS,siegle_survey_2019,Siegle2019,optimal,optimal
0.3164445831599086,SUB,,RS,siegle_survey_2019,Siegle2019,optimal,optimal
0.2304886114323222,DG,,RS,siegle_survey_2019,Siegle2019,optimal,optimal
0.2513890304484286,VISp,L6a,RS,siegle_survey_2019,Siegle2019,optimal,optimal
0.0160468889112773,CA3,,FS,siegle_survey_2019,Siegle2019,optimal,optimal
0.9330463943339536,VISp,L5,RS,siegle_survey_2019,Siegle2019,optimal,optimal
0.2040948233693609,VISp,L5,RS,siegle_survey_2019,Siegle2019,optimal,optimal
0.1856226393642003,VISp,L5,RS,siegle_survey_2019,Siegle2019,optimal,optimal
0.1170136096558863,VISp,L5,RS,siegle_survey_2019,Siegle2019,optimal,optimal
0.1056912225839382,VISp,L5,RS,siegle_survey_2019,Siegle2019,optimal,optimal
0.1843039217656704,VISp,L5,RS,siegle_survey_2019,Siegle2019,optimal,optimal
0.0929063416943192,VISp,L5,RS,siegle_survey_2019,Siegle2019,optimal,optimal
0.1667888258107298,CA1,,RS,siegle_survey_2019,Siegle2019,optimal,optimal
0.1990827389604454,VISp,L5,RS,siegle_survey_2019,Siegle2019,optimal,optimal
0.0772760998418888,VISp,L5,FS,siegle_survey_2019,Siegle2019,optimal,optimal
0.2565858509980321,VISp,L5,RS,siegle_survey_2019,Siegle2019,optimal,optimal
0.1042371988860681,VISp,L4,RS,siegle_survey_2019,Siegle2019,optimal,optimal
0.5146641772239313,VISp,L4,RS,siegle_survey_2019,Siegle2019,optimal,optimal
0.0958303239004308,VISal,L6a,FS,siegle_survey_2019,Siegle2019,optimal,optimal
0.1345525991565425,VISp,L4,RS,siegle_survey_2019,Siegle2019,optimal,optimal
0.4922806462502672,VISal,L6a,RS,siegle_survey_2019,Siegle2019,optimal,optimal
0.3687817782917155,VISal,L5,RS,siegle_survey_2019,Siegle2019,optimal,optimal
0.8771929824561403,VISp,L4,RS,siegle_survey_2019,Siegle2019,optimal,optimal
0.4315193061895574,VISal,L5,RS,siegle_survey_2019,Siegle2019,optimal,optimal
0.6313453403451318,VISal,L5,RS,siegle_survey_2019,Siegle2019,optimal,optimal
0.3314895540288579,VISp,L3,RS,siegle_survey_2019,Siegle2019,optimal,optimal
0.0491977183031719,VISal,L5,RS,siegle_survey_2019,Siegle2019,optimal,optimal
0.0482118259899918,VISp,L3,RS,siegle_survey_2019,Siegle2019,optimal,optimal
0.4164965639175214,VISp,L3,RS,siegle_survey_2019,Siegle2019,optimal,optimal
0.5110813680623112,VISal,L4,RS,siegle_survey_2019,Siegle2019,optimal,optimal
0.8412698412698412,VISal,L3,RS,siegle_survey_2019,Siegle2019,optimal,optimal
0.2333388343136872,VISal,L3,RS,siegle_survey_2019,Siegle2019,optimal,optimal
0.5429124432525001,VISal,L3,RS,siegle_survey_2019,Siegle2019,optimal,optimal
0.3886134431067269,VISp,L3,RS,siegle_survey_2019,Siegle2019,optimal,optimal
0.3924362922773045,VISp,L3,RS,siegle_survey_2019,Siegle2019,optimal,optimal
0.3902293338503264,VISal,L3,RS,siegle_survey_2019,Siegle2019,optimal,optimal
0.0491172067609712,VISp,L5,RS,siegle_survey_2019,Siegle2019,optimal,optimal
0.1150652282251256,POL,,FS,siegle_survey_2019,Siegle2019,optimal,optimal
0.1795081708196133,LP,,FS,siegle_survey_2019,Siegle2019,optimal,optimal
0.0216112722284463,LP,,FS,siegle_survey_2019,Siegle2019,optimal,optimal
0.2066683010526639,DG,,RS,siegle_survey_2019,Siegle2019,optimal,optimal
0.2808061741015568,DG,,RS,siegle_survey_2019,Siegle2019,optimal,optimal
0.2159349325902217,DG,,RS,siegle_survey_2019,Siegle2019,optimal,optimal
0.0084263975051739,DG,,RS,siegle_survey_2019,Siegle2019,optimal,optimal
0.1438756895114728,CA1,,FS,siegle_survey_2019,Siegle2019,optimal,optimal
0.1024837245704455,CA1,,RS,siegle_survey_2019,Siegle2019,optimal,optimal
0.2896553585856294,VISrl,L6a,RS,siegle_survey_2019,Siegle2019,optimal,optimal
0.1432812968095038,VISrl,L5,FS,siegle_survey_2019,Siegle2019,optimal,optimal
0.1791508468620009,VISrl,L5,RS,siegle_survey_2019,Siegle2019,optimal,optimal
0.6742408806468155,VISrl,L4,RS,siegle_survey_2019,Siegle2019,optimal,optimal
0.189487662634841,VISl,L6a,RS,siegle_survey_2019,Siegle2019,optimal,optimal
0.4978608969578752,VISl,L6a,RS,siegle_survey_2019,Siegle2019,optimal,optimal
0.4309807935911349,VISl,L6a,RS,siegle_survey_2019,Siegle2019,optimal,optimal
0.3683979260403124,VISl,L5,RS,siegle_survey_2019,Siegle2019,optimal,optimal
0.2718853771054967,VISl,L5,RS,siegle_survey_2019,Siegle2019,optimal,optimal
0.2259383213837112,VISl,L5,RS,siegle_survey_2019,Siegle2019,optimal,optimal
0.2130678856032333,VISl,L5,RS,siegle_survey_2019,Siegle2019,optimal,optimal
0.1528031170479248,VISl,L5,RS,siegle_survey_2019,Siegle2019,optimal,optimal
0.1514597170210342,VISl,L5,RS,siegle_survey_2019,Siegle2019,optimal,optimal
0.340587727318528,VISl,L5,RS,siegle_survey_2019,Siegle2019,optimal,optimal
0.3666860443324887,VISl,L5,RS,siegle_survey_2019,Siegle2019,optimal,optimal
0.2248669379827534,VISl,L5,RS,siegle_survey_2019,Siegle2019,optimal,optimal
0.2997980996294904,VISl,L5,RS,siegle_survey_2019,Siegle2019,optimal,optimal
0.1456827561517098,VISl,L5,RS,siegle_survey_2019,Siegle2019,optimal,optimal
0.2702368251097695,VISl,L5,RS,siegle_survey_2019,Siegle2019,optimal,optimal
0.793103448275862,VISl,L5,RS,siegle_survey_2019,Siegle2019,optimal,optimal
0.1496063564666727,VISl,L5,FS,siegle_survey_2019,Siegle2019,optimal,optimal
0.3050523984375706,VISl,L5,RS,siegle_survey_2019,Siegle2019,optimal,optimal
0.3056088801497968,VISl,L5,RS,siegle_survey_2019,Siegle2019,optimal,optimal
0.1900832891254087,LGv,,FS,siegle_survey_2019,Siegle2019,optimal,optimal
0.0496754841763815,CA3,,FS,siegle_survey_2019,Siegle2019,optimal,optimal
0.0252615169832768,CA3,,FS,siegle_survey_2019,Siegle2019,optimal,optimal
0.2733258700708736,CA1,,RS,siegle_survey_2019,Siegle2019,optimal,optimal
0.4232751597043705,VISal,L5,RS,siegle_survey_2019,Siegle2019,optimal,optimal
0.2189383210179954,VISal,L5,RS,siegle_survey_2019,Siegle2019,optimal,optimal
0.4500435298217029,VISal,L5,RS,siegle_survey_2019,Siegle2019,optimal,optimal
0.2921176642073613,VISal,L5,RS,siegle_survey_2019,Siegle2019,optimal,optimal
0.0470734479691994,VISal,L5,RS,siegle_survey_2019,Siegle2019,optimal,optimal
0.5591719032955093,VISal,L5,RS,siegle_survey_2019,Siegle2019,optimal,optimal
0.3939192985791677,VISal,L4,RS,siegle_survey_2019,Siegle2019,optimal,optimal
0.4360976662522061,VISal,L4,RS,siegle_survey_2019,Siegle2019,optimal,optimal
0.4499929301906187,VISal,L4,RS,siegle_survey_2019,Siegle2019,optimal,optimal
0.6444194622739899,VISal,L3,RS,siegle_survey_2019,Siegle2019,optimal,optimal
0.1192698535352592,VISal,L3,RS,siegle_survey_2019,Siegle2019,optimal,optimal
0.5282161921779872,VISal,L3,RS,siegle_survey_2019,Siegle2019,optimal,optimal
0.0769230769230768,VISal,L2,RS,siegle_survey_2019,Siegle2019,optimal,optimal
0.3814548629916782,VISal,L3,RS,siegle_survey_2019,Siegle2019,optimal,optimal
0.8729166461205674,VISal,L3,RS,siegle_survey_2019,Siegle2019,optimal,optimal
0.0813629748293912,LP,,RS,siegle_survey_2019,Siegle2019,optimal,optimal
0.1369075132579854,LP,,RS,siegle_survey_2019,Siegle2019,optimal,optimal
0.5175135243970773,LP,,FS,siegle_survey_2019,Siegle2019,optimal,optimal
0.45,VISrl,L5,RS,siegle_survey_2019,Siegle2019,optimal,optimal
0.1852390873700057,VISrl,L4,RS,siegle_survey_2019,Siegle2019,optimal,optimal
0.1619390236024741,VISrl,L4,RS,siegle_survey_2019,Siegle2019,optimal,optimal
0.0558108995403808,VISrl,L4,FS,siegle_survey_2019,Siegle2019,optimal,optimal
0.0378915983473921,VISrl,L4,RS,siegle_survey_2019,Siegle2019,optimal,optimal
0.1618210364147157,VISrl,L4,RS,siegle_survey_2019,Siegle2019,optimal,optimal
0.1019463834903237,VISrl,L4,RS,siegle_survey_2019,Siegle2019,optimal,optimal
0.1834543473847305,VISrl,L4,RS,siegle_survey_2019,Siegle2019,optimal,optimal
0.1285555953323483,VISrl,L4,RS,siegle_survey_2019,Siegle2019,optimal,optimal
0.6455431252118383,VISrl,L4,RS,siegle_survey_2019,Siegle2019,optimal,optimal
0.1489361702127658,VISrl,L2,RS,siegle_survey_2019,Siegle2019,optimal,optimal
0.3395760728655067,VISrl,L3,RS,siegle_survey_2019,Siegle2019,optimal,optimal
0.282346219657891,VISrl,L3,RS,siegle_survey_2019,Siegle2019,optimal,optimal
0.3299067007888301,VISrl,L3,RS,siegle_survey_2019,Siegle2019,optimal,optimal
0.0881670626012681,APN,,RS,siegle_survey_2019,Siegle2019,optimal,optimal
0.0413308444519235,APN,,RS,siegle_survey_2019,Siegle2019,optimal,optimal
0.2538461538461538,APN,,RS,siegle_survey_2019,Siegle2019,optimal,optimal
0.1715795375064814,VISp,L5,FS,siegle_survey_2019,Siegle2019,optimal,optimal
0.0292443814635977,CA1,,RS,siegle_survey_2019,Siegle2019,optimal,optimal
0.1715042071253046,CA1,,RS,siegle_survey_2019,Siegle2019,optimal,optimal
0.0924500327042048,CA1,,RS,siegle_survey_2019,Siegle2019,optimal,optimal
0.6115012210166876,VISam,L5,RS,siegle_survey_2019,Siegle2019,optimal,optimal
0.0608140937150347,VISam,L5,RS,siegle_survey_2019,Siegle2019,optimal,optimal
0.0743992861006798,LP,,RS,siegle_survey_2019,Siegle2019,optimal,optimal
0.0203605397952498,LGd,,RS,siegle_survey_2019,Siegle2019,optimal,optimal
0.0321470216605496,LGd,,RS,siegle_survey_2019,Siegle2019,optimal,optimal
0.0224886671617186,LGd,,FS,siegle_survey_2019,Siegle2019,optimal,optimal
0.1604284536360492,SGN,,FS,siegle_survey_2019,Siegle2019,optimal,optimal
0.2671370528060605,LGd,,FS,siegle_survey_2019,Siegle2019,optimal,optimal
0.0062220368511959,SGN,,FS,siegle_survey_2019,Siegle2019,optimal,optimal
0.1251055099836152,SGN,,FS,siegle_survey_2019,Siegle2019,optimal,optimal
0.0105263157894736,SGN,,FS,siegle_survey_2019,Siegle2019,optimal,optimal
0.0885555012309757,MGv,,FS,siegle_survey_2019,Siegle2019,optimal,optimal
0.1619634763012915,LP,,FS,siegle_survey_2019,Siegle2019,optimal,optimal
0.0735437683627249,LP,,FS,siegle_survey_2019,Siegle2019,optimal,optimal
0.0091647555509075,MGv,,RS,siegle_survey_2019,Siegle2019,optimal,optimal
0.2974046599126738,CA1,,RS,siegle_survey_2019,Siegle2019,optimal,optimal
0.0358287490837041,CA1,,RS,siegle_survey_2019,Siegle2019,optimal,optimal
0.0374194777751518,CA1,,RS,siegle_survey_2019,Siegle2019,optimal,optimal
0.1266719138996757,TH,,FS,siegle_survey_2019,Siegle2019,optimal,optimal
0.2292139153517224,VISp,L4,RS,siegle_survey_2019,Siegle2019,optimal,optimal
0.3602309112528859,VISp,L4,FS,siegle_survey_2019,Siegle2019,optimal,optimal
0.0308952429005302,LGd,,FS,siegle_survey_2019,Siegle2019,optimal,optimal
0.065263764850267,LGd,,FS,siegle_survey_2019,Siegle2019,optimal,optimal
0.0155613957399728,VISp,L6a,FS,siegle_survey_2019,Siegle2019,optimal,optimal
0.4028522923923067,VISp,L5,FS,siegle_survey_2019,Siegle2019,optimal,optimal
0.0213526725281284,PO,,RS,siegle_survey_2019,Siegle2019,optimal,optimal
0.2254616142683863,VISp,L4,RS,siegle_survey_2019,Siegle2019,optimal,optimal
0.1136613134434716,PO,,RS,siegle_survey_2019,Siegle2019,optimal,optimal
0.0996022582364202,PO,,RS,siegle_survey_2019,Siegle2019,optimal,optimal
0.0742241714473849,VISp,L4,RS,siegle_survey_2019,Siegle2019,optimal,optimal
0.0573351334800847,PO,,RS,siegle_survey_2019,Siegle2019,optimal,optimal
0.0169491525423729,LP,,RS,siegle_survey_2019,Siegle2019,optimal,optimal
0.0327998759146597,LP,,RS,siegle_survey_2019,Siegle2019,optimal,optimal
0.0627841146193062,LP,,RS,siegle_survey_2019,Siegle2019,optimal,optimal
0.0677684464497204,LP,,RS,siegle_survey_2019,Siegle2019,optimal,optimal
0.1484494181111596,LP,,RS,siegle_survey_2019,Siegle2019,optimal,optimal
0.1011705680352698,LP,,RS,siegle_survey_2019,Siegle2019,optimal,optimal
0.0657773749940974,LP,,RS,siegle_survey_2019,Siegle2019,optimal,optimal
0.2206220036371982,LP,,RS,siegle_survey_2019,Siegle2019,optimal,optimal
0.1352230560750326,LP,,RS,siegle_survey_2019,Siegle2019,optimal,optimal
0.2067245576486807,LP,,RS,siegle_survey_2019,Siegle2019,optimal,optimal
0.0734970684306289,LP,,RS,siegle_survey_2019,Siegle2019,optimal,optimal
0.042245932663227,DG,,FS,siegle_survey_2019,Siegle2019,optimal,optimal
0.0863888684760901,LP,,RS,siegle_survey_2019,Siegle2019,optimal,optimal
0.1983274246318725,DG,,FS,siegle_survey_2019,Siegle2019,optimal,optimal
0.252156234188071,DG,,RS,siegle_survey_2019,Siegle2019,optimal,optimal
0.0353446910648942,LP,,RS,siegle_survey_2019,Siegle2019,optimal,optimal
0.0624133748717442,LP,,RS,siegle_survey_2019,Siegle2019,optimal,optimal
0.0311775530404456,grey,,FS,siegle_survey_2019,Siegle2019,optimal,optimal
0.0246821821168659,Eth,,RS,siegle_survey_2019,Siegle2019,optimal,optimal
0.0822275047275476,LP,,RS,siegle_survey_2019,Siegle2019,optimal,optimal
0.2394366197183098,grey,,FS,siegle_survey_2019,Siegle2019,optimal,optimal
0.0870680695044799,DG,,RS,siegle_survey_2019,Siegle2019,optimal,optimal
0.036373670164812,Eth,,RS,siegle_survey_2019,Siegle2019,optimal,optimal
0.1545660788588566,Eth,,RS,siegle_survey_2019,Siegle2019,optimal,optimal
0.2634155559226538,LP,,RS,siegle_survey_2019,Siegle2019,optimal,optimal
0.1420526759569502,CA1,,RS,siegle_survey_2019,Siegle2019,optimal,optimal
0.5570427828791489,grey,,FS,siegle_survey_2019,Siegle2019,optimal,optimal
0.0037453183520599,CA1,,RS,siegle_survey_2019,Siegle2019,optimal,optimal
0.0604220978835619,CA1,,RS,siegle_survey_2019,Siegle2019,optimal,optimal
0.2438479148066588,CA1,,RS,siegle_survey_2019,Siegle2019,optimal,optimal
0.0679406356428046,CA1,,RS,siegle_survey_2019,Siegle2019,optimal,optimal
0.1013136753548669,grey,,RS,siegle_survey_2019,Siegle2019,optimal,optimal
0.3404588205713007,CA1,,RS,siegle_survey_2019,Siegle2019,optimal,optimal
0.0380540087394214,grey,,RS,siegle_survey_2019,Siegle2019,optimal,optimal
0.1389904970241845,CA1,,RS,siegle_survey_2019,Siegle2019,optimal,optimal
0.4384019976435729,CA1,,RS,siegle_survey_2019,Siegle2019,optimal,optimal
0.1609651458819924,CA1,,RS,siegle_survey_2019,Siegle2019,optimal,optimal
0.1813279310919979,CA1,,RS,siegle_survey_2019,Siegle2019,optimal,optimal
0.1715373988999691,CA1,,RS,siegle_survey_2019,Siegle2019,optimal,optimal
0.073249465226996,CA1,,RS,siegle_survey_2019,Siegle2019,optimal,optimal
0.0123456790123456,VISal,L5,RS,siegle_survey_2019,Siegle2019,optimal,optimal
0.5800222247897058,VISp,L6a,RS,siegle_survey_2019,Siegle2019,optimal,optimal
0.5680781549825795,VISp,L6a,RS,siegle_survey_2019,Siegle2019,optimal,optimal
0.020271010642105,grey,,RS,siegle_survey_2019,Siegle2019,optimal,optimal
0.2080063234883524,VISal,L5,RS,siegle_survey_2019,Siegle2019,optimal,optimal
0.1045216060376298,VISp,L5,FS,siegle_survey_2019,Siegle2019,optimal,optimal
0.0598086124401913,CA1,,RS,siegle_survey_2019,Siegle2019,optimal,optimal
0.2976907147193917,VISal,L5,RS,siegle_survey_2019,Siegle2019,optimal,optimal
0.0986269122769128,CA1,,RS,siegle_survey_2019,Siegle2019,optimal,optimal
0.6956603162321002,VISp,L5,RS,siegle_survey_2019,Siegle2019,optimal,optimal
0.1895315863443933,VISp,L5,RS,siegle_survey_2019,Siegle2019,optimal,optimal
0.0942987323451752,CA1,,RS,siegle_survey_2019,Siegle2019,optimal,optimal
0.1775565713360277,VISp,L4,RS,siegle_survey_2019,Siegle2019,optimal,optimal
0.1705889731160688,VISp,L4,RS,siegle_survey_2019,Siegle2019,optimal,optimal
0.363852071306166,VISp,L4,RS,siegle_survey_2019,Siegle2019,optimal,optimal
0.2004446131681419,VISp,L4,RS,siegle_survey_2019,Siegle2019,optimal,optimal
0.049337290099325,CA1,,RS,siegle_survey_2019,Siegle2019,optimal,optimal
0.3023214813095894,VISp,L4,RS,siegle_survey_2019,Siegle2019,optimal,optimal
0.046388191784888,grey,,RS,siegle_survey_2019,Siegle2019,optimal,optimal
0.3333333333333334,VISp,L3,RS,siegle_survey_2019,Siegle2019,optimal,optimal
0.2439728826295104,VIS,L6a,RS,siegle_survey_2019,Siegle2019,optimal,optimal
0.0828173324999921,VIS,L6a,RS,siegle_survey_2019,Siegle2019,optimal,optimal
0.4327873504838305,VIS,L5,RS,siegle_survey_2019,Siegle2019,optimal,optimal
0.1647083685357583,VIS,L5,RS,siegle_survey_2019,Siegle2019,optimal,optimal
0.1166704898002366,VIS,L5,RS,siegle_survey_2019,Siegle2019,optimal,optimal
0.3221256306889288,VIS,L5,RS,siegle_survey_2019,Siegle2019,optimal,optimal
0.004498452774011,VIS,L5,RS,siegle_survey_2019,Siegle2019,optimal,optimal
0.0909090909090909,VIS,L5,RS,siegle_survey_2019,Siegle2019,optimal,optimal
0.1132428164182528,VIS,L5,RS,siegle_survey_2019,Siegle2019,optimal,optimal
0.2154065922853801,VISrl,,RS,siegle_survey_2019,Siegle2019,optimal,optimal
0.2452368176336763,VISrl,,RS,siegle_survey_2019,Siegle2019,optimal,optimal
0.2511770682420622,VISrl,,RS,siegle_survey_2019,Siegle2019,optimal,optimal
0.3162277660168379,VIS,L5,RS,siegle_survey_2019,Siegle2019,optimal,optimal
0.1857443862281283,VIS,L5,RS,siegle_survey_2019,Siegle2019,optimal,optimal
0.0397569706577787,VIS,L5,FS,siegle_survey_2019,Siegle2019,optimal,optimal
0.1656346649999844,VIS,L4,RS,siegle_survey_2019,Siegle2019,optimal,optimal
0.1532584406940052,VIS,L4,RS,siegle_survey_2019,Siegle2019,optimal,optimal
0.2001699777211092,VIS,L3,RS,siegle_survey_2019,Siegle2019,optimal,optimal
0.0881559786999742,VISrl,,RS,siegle_survey_2019,Siegle2019,optimal,optimal
0.2914452130556264,VISrl,,RS,siegle_survey_2019,Siegle2019,optimal,optimal
0.2945075446869758,VISrl,,RS,siegle_survey_2019,Siegle2019,optimal,optimal
0.1212362611159106,VIS,L3,RS,siegle_survey_2019,Siegle2019,optimal,optimal
0.331688259899932,VISrl,,RS,siegle_survey_2019,Siegle2019,optimal,optimal
0.1627176983916296,VISrl,,RS,siegle_survey_2019,Siegle2019,optimal,optimal
0.2830086005277152,VISrl,,RS,siegle_survey_2019,Siegle2019,optimal,optimal
0.2733219599071438,VIS,L3,RS,siegle_survey_2019,Siegle2019,optimal,optimal
0.1392907835871075,VISrl,,RS,siegle_survey_2019,Siegle2019,optimal,optimal
0.1461399666873622,APN,,FS,siegle_survey_2019,Siegle2019,optimal,optimal
0.0737463126843657,APN,,FS,siegle_survey_2019,Siegle2019,optimal,optimal
0.2242045891567102,CA1,,RS,siegle_survey_2019,Siegle2019,optimal,optimal
0.2491768772241321,VIS,L6a,RS,siegle_survey_2019,Siegle2019,optimal,optimal
0.0818243333833984,APN,,RS,siegle_survey_2019,Siegle2019,optimal,optimal
0.0475015101451185,APN,,FS,siegle_survey_2019,Siegle2019,optimal,optimal
0.3780849653792216,APN,,FS,siegle_survey_2019,Siegle2019,optimal,optimal
0.3251109326790352,VISrl,,RS,siegle_survey_2019,Siegle2019,optimal,optimal
0.130945700219731,APN,,FS,siegle_survey_2019,Siegle2019,optimal,optimal
0.0121743235639564,APN,,FS,siegle_survey_2019,Siegle2019,optimal,optimal
0.0955813918560292,Eth,,RS,siegle_survey_2019,Siegle2019,optimal,optimal
0.0787004055256975,Eth,,RS,siegle_survey_2019,Siegle2019,optimal,optimal
0.0443606881415727,Eth,,RS,siegle_survey_2019,Siegle2019,optimal,optimal
0.3770901980074691,POL,,FS,siegle_survey_2019,Siegle2019,optimal,optimal
0.0800390529679106,LP,,FS,siegle_survey_2019,Siegle2019,optimal,optimal
0.32418953616519,grey,,RS,siegle_survey_2019,Siegle2019,optimal,optimal
0.0554755217863734,LP,,RS,siegle_survey_2019,Siegle2019,optimal,optimal
0.0766565977244631,CA1,,FS,siegle_survey_2019,Siegle2019,optimal,optimal
0.0478288961380578,grey,,RS,siegle_survey_2019,Siegle2019,optimal,optimal
0.2918769477830304,grey,,RS,siegle_survey_2019,Siegle2019,optimal,optimal
0.7307658843471198,VISpm,L6a,RS,siegle_survey_2019,Siegle2019,optimal,optimal
0.0822223712027239,LP,,RS,siegle_survey_2019,Siegle2019,optimal,optimal
0.6281172263200555,VISam,L6a,RS,siegle_survey_2019,Siegle2019,optimal,optimal
0.1654571730322056,VISam,L5,RS,siegle_survey_2019,Siegle2019,optimal,optimal
0.101799729454918,grey,,RS,siegle_survey_2019,Siegle2019,optimal,optimal
0.3032187165210534,VISam,L5,RS,siegle_survey_2019,Siegle2019,optimal,optimal
0.1519705130323003,grey,,RS,siegle_survey_2019,Siegle2019,optimal,optimal
0.2357556048027612,grey,,RS,siegle_survey_2019,Siegle2019,optimal,optimal
0.1730957239513911,VISam,L5,RS,siegle_survey_2019,Siegle2019,optimal,optimal
0.2017866043138144,VISpm,L5,RS,siegle_survey_2019,Siegle2019,optimal,optimal
0.3748277841470601,VISam,L4,RS,siegle_survey_2019,Siegle2019,optimal,optimal
0.119548950416885,VISam,L4,FS,siegle_survey_2019,Siegle2019,optimal,optimal
0.2259378046977019,VISam,L4,RS,siegle_survey_2019,Siegle2019,optimal,optimal
0.1519304075819964,VISam,L3,FS,siegle_survey_2019,Siegle2019,optimal,optimal
0.3480188606767165,VISpm,L5,RS,siegle_survey_2019,Siegle2019,optimal,optimal
0.0916065790360446,VISal,,RS,siegle_survey_2019,Siegle2019,optimal,optimal
0.1457060033586825,VISal,,RS,siegle_survey_2019,Siegle2019,optimal,optimal
0.0152389081257867,VISal,,RS,siegle_survey_2019,Siegle2019,optimal,optimal
0.0796845927504969,VISal,,FS,siegle_survey_2019,Siegle2019,optimal,optimal
0.0217391304347826,APN,,FS,siegle_survey_2019,Siegle2019,optimal,optimal
0.4056485933045991,VISpm,L5,RS,siegle_survey_2019,Siegle2019,optimal,optimal
0.2604966716781651,VISal,,RS,siegle_survey_2019,Siegle2019,optimal,optimal
0.0538077667011164,VISal,,RS,siegle_survey_2019,Siegle2019,optimal,optimal
0.2505549396395485,VISpm,L5,RS,siegle_survey_2019,Siegle2019,optimal,optimal
0.0787317677637511,DG,,RS,siegle_survey_2019,Siegle2019,optimal,optimal
0.2483014779598014,VISal,,FS,siegle_survey_2019,Siegle2019,optimal,optimal
0.0468733454612099,VPM,,FS,siegle_survey_2019,Siegle2019,optimal,optimal
0.1370132569897195,VPM,,FS,siegle_survey_2019,Siegle2019,optimal,optimal
0.1713871900004693,VISal,,RS,siegle_survey_2019,Siegle2019,optimal,optimal
0.0232265993548284,VPM,,RS,siegle_survey_2019,Siegle2019,optimal,optimal
0.0550293005295463,VISal,,FS,siegle_survey_2019,Siegle2019,optimal,optimal
0.1604859163648117,VISal,,RS,siegle_survey_2019,Siegle2019,optimal,optimal
0.0465277302539736,VPM,,FS,siegle_survey_2019,Siegle2019,optimal,optimal
0.0491653695205345,VPM,,FS,siegle_survey_2019,Siegle2019,optimal,optimal
0.234394291559241,VISal,,RS,siegle_survey_2019,Siegle2019,optimal,optimal
0.0507375565510984,VISal,,RS,siegle_survey_2019,Siegle2019,optimal,optimal
0.1306555757200484,VISal,,RS,siegle_survey_2019,Siegle2019,optimal,optimal
0.0982185528449616,VISal,,RS,siegle_survey_2019,Siegle2019,optimal,optimal
0.2452804517282207,VISrl,L5,RS,siegle_survey_2019,Siegle2019,optimal,optimal
0.0230608357804079,VPM,,FS,siegle_survey_2019,Siegle2019,optimal,optimal
0.2210387556241874,VISal,,RS,siegle_survey_2019,Siegle2019,optimal,optimal
0.2405938772209967,VISrl,L5,RS,siegle_survey_2019,Siegle2019,optimal,optimal
0.375471459174319,VISal,,RS,siegle_survey_2019,Siegle2019,optimal,optimal
0.3420177660933696,VISrl,L4,RS,siegle_survey_2019,Siegle2019,optimal,optimal
0.4372141305290303,VISrl,L4,RS,siegle_survey_2019,Siegle2019,optimal,optimal
0.0284632891293112,LGd,,RS,siegle_survey_2019,Siegle2019,optimal,optimal
0.0483540565796875,LGd,,FS,siegle_survey_2019,Siegle2019,optimal,optimal
0.0803848817875738,LGd,,RS,siegle_survey_2019,Siegle2019,optimal,optimal
0.0400155522852261,LGd,,RS,siegle_survey_2019,Siegle2019,optimal,optimal
0.0543040754199549,LGd,,RS,siegle_survey_2019,Siegle2019,optimal,optimal
0.1623426351050133,LGd,,RS,siegle_survey_2019,Siegle2019,optimal,optimal
0.1010152544552209,CA1,,RS,siegle_survey_2019,Siegle2019,optimal,optimal
0.0440409444095283,CA3,,RS,siegle_survey_2019,Siegle2019,optimal,optimal
0.0779667862153438,grey,,RS,siegle_survey_2019,Siegle2019,optimal,optimal
0.0271506151631894,CA3,,RS,siegle_survey_2019,Siegle2019,optimal,optimal
0.6716629386478861,grey,,FS,siegle_survey_2019,Siegle2019,optimal,optimal
0.1056636538539993,CA1,,FS,siegle_survey_2019,Siegle2019,optimal,optimal
0.0310157015683261,grey,,FS,siegle_survey_2019,Siegle2019,optimal,optimal
0.0570014602619952,grey,,FS,siegle_survey_2019,Siegle2019,optimal,optimal
0.3740141420453316,VISrl,L6a,RS,siegle_survey_2019,Siegle2019,optimal,optimal
0.0282390814301175,grey,,FS,siegle_survey_2019,Siegle2019,optimal,optimal
0.0571047016997039,CA1,,RS,siegle_survey_2019,Siegle2019,optimal,optimal
0.2948668157611878,VISrl,L4,RS,siegle_survey_2019,Siegle2019,optimal,optimal
0.196078431372549,CA1,,RS,siegle_survey_2019,Siegle2019,optimal,optimal
0.0701383038252728,CA1,,FS,siegle_survey_2019,Siegle2019,optimal,optimal
0.0972924736989047,VISrl,L4,RS,siegle_survey_2019,Siegle2019,optimal,optimal
0.2425356250363329,LGd,,FS,siegle_survey_2019,Siegle2019,optimal,optimal
0.7194101892579526,VIS,L5,RS,siegle_survey_2019,Siegle2019,optimal,optimal
0.183442627588044,VIS,L5,RS,siegle_survey_2019,Siegle2019,optimal,optimal
0.0478668601565838,grey,,RS,siegle_survey_2019,Siegle2019,optimal,optimal
0.1321813765784256,grey,,FS,siegle_survey_2019,Siegle2019,optimal,optimal
0.1631868123374091,VIS,L4,RS,siegle_survey_2019,Siegle2019,optimal,optimal
0.1389817239362026,VIS,L4,RS,siegle_survey_2019,Siegle2019,optimal,optimal
0.0977039247776697,VIS,L3,RS,siegle_survey_2019,Siegle2019,optimal,optimal
0.2755008723445997,VIS,L3,RS,siegle_survey_2019,Siegle2019,optimal,optimal
0.1571348402636772,VIS,L3,RS,siegle_survey_2019,Siegle2019,optimal,optimal
0.3191489361702128,VIS,L3,RS,siegle_survey_2019,Siegle2019,optimal,optimal
0.3246133183090476,VIS,L3,RS,siegle_survey_2019,Siegle2019,optimal,optimal
0.3414646095293663,VIS,L3,RS,siegle_survey_2019,Siegle2019,optimal,optimal
0.0706970838326273,VIS,L3,RS,siegle_survey_2019,Siegle2019,optimal,optimal
0.4279310692155921,VIS,L3,RS,siegle_survey_2019,Siegle2019,optimal,optimal
0.3445283455130261,VIS,L3,RS,siegle_survey_2019,Siegle2019,optimal,optimal
0.036156139672069,Eth,,RS,siegle_survey_2019,Siegle2019,optimal,optimal
0.0618643427985698,Eth,,RS,siegle_survey_2019,Siegle2019,optimal,optimal
0.0865287059112547,CA1,,RS,siegle_survey_2019,Siegle2019,optimal,optimal
0.3251987664712162,LP,,RS,siegle_survey_2019,Siegle2019,optimal,optimal
0.1369731828106211,LP,,RS,siegle_survey_2019,Siegle2019,optimal,optimal
0.3863151093559537,IGL,,FS,siegle_survey_2019,Siegle2019,optimal,optimal
0.1761750527727107,LP,,RS,siegle_survey_2019,Siegle2019,optimal,optimal
0.2487141956273553,LP,,RS,siegle_survey_2019,Siegle2019,optimal,optimal
0.3991004436467033,LP,,RS,siegle_survey_2019,Siegle2019,optimal,optimal
0.1454137404710584,LP,,RS,siegle_survey_2019,Siegle2019,optimal,optimal
0.1344127701971337,LP,,RS,siegle_survey_2019,Siegle2019,optimal,optimal
0.0727186358507914,LP,,RS,siegle_survey_2019,Siegle2019,optimal,optimal
0.6872812783391933,grey,,RS,siegle_survey_2019,Siegle2019,optimal,optimal
0.0440386887174272,CA1,,FS,siegle_survey_2019,Siegle2019,optimal,optimal
0.0788295502342866,DG,,FS,siegle_survey_2019,Siegle2019,optimal,optimal
0.291161615782696,grey,,RS,siegle_survey_2019,Siegle2019,optimal,optimal
0.1952562418976663,grey,,RS,siegle_survey_2019,Siegle2019,optimal,optimal
0.1733732671614629,grey,,RS,siegle_survey_2019,Siegle2019,optimal,optimal
0.5374838498865699,grey,,RS,siegle_survey_2019,Siegle2019,optimal,optimal
0.4339433271985678,grey,,RS,siegle_survey_2019,Siegle2019,optimal,optimal
0.046553839615938,grey,,FS,siegle_survey_2019,Siegle2019,optimal,optimal
0.4216867469879518,VISal,L5,RS,siegle_survey_2019,Siegle2019,optimal,optimal
0.1397122740474849,grey,,RS,siegle_survey_2019,Siegle2019,optimal,optimal
0.4778761879080491,VISal,L4,RS,siegle_survey_2019,Siegle2019,optimal,optimal
0.0926069699446092,VISal,L2,RS,siegle_survey_2019,Siegle2019,optimal,optimal
0.0661383535387258,grey,,FS,siegle_survey_2019,Siegle2019,optimal,optimal
0.2387110785746256,grey,,RS,siegle_survey_2019,Siegle2019,optimal,optimal
0.058284426459993,grey,,FS,siegle_survey_2019,Siegle2019,optimal,optimal
0.1201197101809899,grey,,RS,siegle_survey_2019,Siegle2019,optimal,optimal
0.0890355541219779,grey,,FS,siegle_survey_2019,Siegle2019,optimal,optimal
0.3677883551824364,VISal,,FS,siegle_survey_2019,Siegle2019,optimal,optimal
0.2607680962081059,VISal,,FS,siegle_survey_2019,Siegle2019,optimal,optimal
0.4689932286569573,VISal,,RS,siegle_survey_2019,Siegle2019,optimal,optimal
0.3987129185039828,VISal,,RS,siegle_survey_2019,Siegle2019,optimal,optimal
0.0375127556971722,CA1,,FS,siegle_survey_2019,Siegle2019,optimal,optimal
0.3898974117253633,grey,,FS,siegle_survey_2019,Siegle2019,optimal,optimal
0.5646924393157821,VISal,,FS,siegle_survey_2019,Siegle2019,optimal,optimal
0.0566194645413989,VISal,L6a,RS,siegle_survey_2019,Siegle2019,optimal,optimal
0.238299608898353,VISal,L6a,RS,siegle_survey_2019,Siegle2019,optimal,optimal
0.1493887565887071,VISal,L6a,RS,siegle_survey_2019,Siegle2019,optimal,optimal
0.2595809961240035,VISal,L6a,RS,siegle_survey_2019,Siegle2019,optimal,optimal
0.2719666858742838,VISal,L5,RS,siegle_survey_2019,Siegle2019,optimal,optimal
0.0878410461157882,VISal,L5,RS,siegle_survey_2019,Siegle2019,optimal,optimal
0.1486988847583643,VISal,L5,RS,siegle_survey_2019,Siegle2019,optimal,optimal
0.2910654013815696,VISal,L5,FS,siegle_survey_2019,Siegle2019,optimal,optimal
0.2324529174727129,VISal,L5,RS,siegle_survey_2019,Siegle2019,optimal,optimal
0.164895677437384,grey,,RS,siegle_survey_2019,Siegle2019,optimal,optimal
0.1067747386747846,VISal,L5,RS,siegle_survey_2019,Siegle2019,optimal,optimal
0.1432229162652162,VISal,L4,RS,siegle_survey_2019,Siegle2019,optimal,optimal
0.1854569634220617,VISal,L4,RS,siegle_survey_2019,Siegle2019,optimal,optimal
0.6343985461047221,VISal,L3,RS,siegle_survey_2019,Siegle2019,optimal,optimal
0.037236965201258,VISal,L3,RS,siegle_survey_2019,Siegle2019,optimal,optimal
0.0756302521008402,VISal,L2,RS,siegle_survey_2019,Siegle2019,optimal,optimal
0.6048176605250283,VISrl,L6a,FS,siegle_survey_2019,Siegle2019,optimal,optimal
0.0382428584026495,grey,,FS,siegle_survey_2019,Siegle2019,optimal,optimal
0.1694069953728194,VISam,L5,RS,siegle_survey_2019,Siegle2019,optimal,optimal
0.2645919106377211,grey,,RS,siegle_survey_2019,Siegle2019,optimal,optimal
0.3319036525892357,VISam,L3,RS,siegle_survey_2019,Siegle2019,optimal,optimal
0.4565899942133573,VISrl,L4,RS,siegle_survey_2019,Siegle2019,optimal,optimal
0.1225399218811915,VISrl,L4,RS,siegle_survey_2019,Siegle2019,optimal,optimal
0.0430493668921116,MGv,,FS,siegle_survey_2019,Siegle2019,optimal,optimal
0.4654049182250682,VISrl,L4,RS,siegle_survey_2019,Siegle2019,optimal,optimal
0.1810889557000735,VISrl,L4,RS,siegle_survey_2019,Siegle2019,optimal,optimal
0.0333854865575876,MGv,,FS,siegle_survey_2019,Siegle2019,optimal,optimal
0.1243293543263443,MGd,,FS,siegle_survey_2019,Siegle2019,optimal,optimal
0.0746268656716417,MGd,,FS,siegle_survey_2019,Siegle2019,optimal,optimal
0.2300286907607988,MGd,,RS,siegle_survey_2019,Siegle2019,optimal,optimal
0.1465865045145191,MGd,,FS,siegle_survey_2019,Siegle2019,optimal,optimal
0.1111111111111111,MGd,,FS,siegle_survey_2019,Siegle2019,optimal,optimal
0.1304347826086956,VISpm,,RS,siegle_survey_2019,Siegle2019,optimal,optimal
0.242535625036333,MGd,,FS,siegle_survey_2019,Siegle2019,optimal,optimal
0.1490174718870772,MGd,,FS,siegle_survey_2019,Siegle2019,optimal,optimal
0.422235030632814,VISpm,,RS,siegle_survey_2019,Siegle2019,optimal,optimal
0.178183568673803,VISpm,,RS,siegle_survey_2019,Siegle2019,optimal,optimal
0.2271058520647479,VISrl,L5,RS,siegle_survey_2019,Siegle2019,optimal,optimal
0.0197659832888334,CA3,,RS,siegle_survey_2019,Siegle2019,optimal,optimal
0.0759391762796464,DG,,FS,siegle_survey_2019,Siegle2019,optimal,optimal
0.2293074957991079,VISpm,,FS,siegle_survey_2019,Siegle2019,optimal,optimal
0.2967657324319773,VISpm,,RS,siegle_survey_2019,Siegle2019,optimal,optimal
0.1961997110857808,VISpm,,RS,siegle_survey_2019,Siegle2019,optimal,optimal
0.0757575757575756,DG,,FS,siegle_survey_2019,Siegle2019,optimal,optimal
0.1321987145370939,VISpm,,RS,siegle_survey_2019,Siegle2019,optimal,optimal
0.059792276758117,DG,,FS,siegle_survey_2019,Siegle2019,optimal,optimal
0.1300461138155274,VISpm,,FS,siegle_survey_2019,Siegle2019,optimal,optimal
0.1220915073178243,VISpm,,RS,siegle_survey_2019,Siegle2019,optimal,optimal
0.1110788488830467,CA1,,RS,siegle_survey_2019,Siegle2019,optimal,optimal
0.0916024206023379,VISpm,,RS,siegle_survey_2019,Siegle2019,optimal,optimal
0.1602424715312829,VISpm,,RS,siegle_survey_2019,Siegle2019,optimal,optimal
0.1185497956727638,DG,,RS,siegle_survey_2019,Siegle2019,optimal,optimal
0.1421264109916747,DG,,RS,siegle_survey_2019,Siegle2019,optimal,optimal
0.079951089985116,VISal,L5,FS,siegle_survey_2019,Siegle2019,optimal,optimal
0.0611110385671863,VISal,L5,RS,siegle_survey_2019,Siegle2019,optimal,optimal
0.382807106806047,VISal,L5,RS,siegle_survey_2019,Siegle2019,optimal,optimal
0.2498212129759304,VISal,L5,RS,siegle_survey_2019,Siegle2019,optimal,optimal
0.0761961598820529,grey,,FS,siegle_survey_2019,Siegle2019,optimal,optimal
0.0621736085674842,VISal,L5,RS,siegle_survey_2019,Siegle2019,optimal,optimal
0.1515518745342309,VISal,L5,RS,siegle_survey_2019,Siegle2019,optimal,optimal
0.0574689494722013,VISal,L3,RS,siegle_survey_2019,Siegle2019,optimal,optimal
0.739911494108337,VISal,L3,RS,siegle_survey_2019,Siegle2019,optimal,optimal
0.0966868325193379,VISal,L3,RS,siegle_survey_2019,Siegle2019,optimal,optimal
0.1150716469150485,grey,,RS,siegle_survey_2019,Siegle2019,optimal,optimal
0.0457562099001166,grey,,FS,siegle_survey_2019,Siegle2019,optimal,optimal
0.1335164828215166,grey,,FS,siegle_survey_2019,Siegle2019,optimal,optimal
0.0278895328628102,grey,,RS,siegle_survey_2019,Siegle2019,optimal,optimal
0.457525712695776,VISpm,L3,RS,siegle_survey_2019,Siegle2019,optimal,optimal
0.0798595706249924,VISpm,L3,RS,siegle_survey_2019,Siegle2019,optimal,optimal
0.0605074697430843,ProS,,RS,siegle_survey_2019,Siegle2019,optimal,optimal
0.0801888898391459,ProS,,RS,siegle_survey_2019,Siegle2019,optimal,optimal
0.059269522457594,CA1,,FS,siegle_survey_2019,Siegle2019,optimal,optimal
0.0462293532678461,VISrl,L5,RS,siegle_survey_2019,Siegle2019,optimal,optimal
0.0277736358131148,grey,,RS,siegle_survey_2019,Siegle2019,optimal,optimal
0.0678674445266351,VISrl,L4,RS,siegle_survey_2019,Siegle2019,optimal,optimal
0.2085944865233885,VISrl,L3,RS,siegle_survey_2019,Siegle2019,optimal,optimal
0.2325872122631633,VISrl,L3,RS,siegle_survey_2019,Siegle2019,optimal,optimal
0.9305232104066304,VISp,,RS,siegle_survey_2019,Siegle2019,optimal,optimal
0.1436356968984267,grey,,RS,siegle_survey_2019,Siegle2019,optimal,optimal
0.1623273372140648,grey,,FS,siegle_survey_2019,Siegle2019,optimal,optimal
0.1026173597639542,VISp,,FS,siegle_survey_2019,Siegle2019,optimal,optimal
0.9405385934207738,VISp,,RS,siegle_survey_2019,Siegle2019,optimal,optimal
0.0506594218803519,grey,,RS,siegle_survey_2019,Siegle2019,optimal,optimal
0.0073253164508107,grey,,RS,siegle_survey_2019,Siegle2019,optimal,optimal
0.0804370907520632,grey,,FS,siegle_survey_2019,Siegle2019,optimal,optimal
0.2145613206122353,grey,,RS,siegle_survey_2019,Siegle2019,optimal,optimal
0.0877815309096148,grey,,RS,siegle_survey_2019,Siegle2019,optimal,optimal
0.0944262872887552,VISp,,RS,siegle_survey_2019,Siegle2019,optimal,optimal
0.2225061087428552,VISp,,RS,siegle_survey_2019,Siegle2019,optimal,optimal
0.2819508171163847,VISp,,RS,siegle_survey_2019,Siegle2019,optimal,optimal
0.7222972143883339,VISp,,RS,siegle_survey_2019,Siegle2019,optimal,optimal
0.2055328862080699,VISp,,RS,siegle_survey_2019,Siegle2019,optimal,optimal
0.1451435351049267,VISp,,RS,siegle_survey_2019,Siegle2019,optimal,optimal
0.5571207867685362,VISp,,RS,siegle_survey_2019,Siegle2019,optimal,optimal
0.5470904481687728,VISp,,RS,siegle_survey_2019,Siegle2019,optimal,optimal
0.365744886820628,VISp,,RS,siegle_survey_2019,Siegle2019,optimal,optimal
0.528862550694971,VISp,,RS,siegle_survey_2019,Siegle2019,optimal,optimal
0.5676462121975466,VISp,,RS,siegle_survey_2019,Siegle2019,optimal,optimal
0.0980159039478713,grey,,RS,siegle_survey_2019,Siegle2019,optimal,optimal
0.4486590547317218,VISp,,RS,siegle_survey_2019,Siegle2019,optimal,optimal
0.5528934912028812,VISp,,RS,siegle_survey_2019,Siegle2019,optimal,optimal
0.0520878217926152,VISp,,RS,siegle_survey_2019,Siegle2019,optimal,optimal
0.2188635067065801,VISl,L6a,FS,siegle_survey_2019,Siegle2019,optimal,optimal
0.2009628340713265,VIS,,FS,siegle_survey_2019,Siegle2019,optimal,optimal
0.2728334514950088,VIS,,RS,siegle_survey_2019,Siegle2019,optimal,optimal
0.3419899583773431,VIS,,RS,siegle_survey_2019,Siegle2019,optimal,optimal
0.2031372793071224,VIS,,RS,siegle_survey_2019,Siegle2019,optimal,optimal
0.2745917354085632,grey,,FS,siegle_survey_2019,Siegle2019,optimal,optimal
0.2357022603955158,VIS,,RS,siegle_survey_2019,Siegle2019,optimal,optimal
0.8565705254955598,VIS,,RS,siegle_survey_2019,Siegle2019,optimal,optimal
0.3333333333333333,VIS,,RS,siegle_survey_2019,Siegle2019,optimal,optimal
0.1428027431054092,DG,,RS,siegle_survey_2019,Siegle2019,optimal,optimal
0.1162494527747755,grey,,RS,siegle_survey_2019,Siegle2019,optimal,optimal
0.0173181438740267,DG,,RS,siegle_survey_2019,Siegle2019,optimal,optimal
0.0687451665253995,grey,,RS,siegle_survey_2019,Siegle2019,optimal,optimal
0.1345811347254628,DG,,RS,siegle_survey_2019,Siegle2019,optimal,optimal
0.1882817038376274,DG,,RS,siegle_survey_2019,Siegle2019,optimal,optimal
0.1412119980821986,grey,,RS,siegle_survey_2019,Siegle2019,optimal,optimal
0.133003407277989,DG,,FS,siegle_survey_2019,Siegle2019,optimal,optimal
0.0317864849084854,CA1,,RS,siegle_survey_2019,Siegle2019,optimal,optimal
0.0427535724363319,CA1,,RS,siegle_survey_2019,Siegle2019,optimal,optimal
0.1483159528800452,grey,,RS,siegle_survey_2019,Siegle2019,optimal,optimal
0.1670938367415215,VISam,,RS,siegle_survey_2019,Siegle2019,optimal,optimal
0.1658715915699444,CA1,,RS,siegle_survey_2019,Siegle2019,optimal,optimal
0.0206212612573092,CA1,,RS,siegle_survey_2019,Siegle2019,optimal,optimal
0.0396536610573827,CA1,,RS,siegle_survey_2019,Siegle2019,optimal,optimal
0.0208457992534238,CA1,,RS,siegle_survey_2019,Siegle2019,optimal,optimal
0.0241780705629582,CA1,,FS,siegle_survey_2019,Siegle2019,optimal,optimal
0.6694298165641493,VISam,,RS,siegle_survey_2019,Siegle2019,optimal,optimal
0.1832842604508023,VISam,,RS,siegle_survey_2019,Siegle2019,optimal,optimal
0.0114031797836792,CA1,,RS,siegle_survey_2019,Siegle2019,optimal,optimal
0.1524532134003366,VISam,,RS,siegle_survey_2019,Siegle2019,optimal,optimal
0.2111906748749717,VISam,,RS,siegle_survey_2019,Siegle2019,optimal,optimal
0.2634155559226539,VISam,,RS,siegle_survey_2019,Siegle2019,optimal,optimal
0.5492293624361169,VISam,,RS,siegle_survey_2019,Siegle2019,optimal,optimal
0.291236514306952,VISam,,RS,siegle_survey_2019,Siegle2019,optimal,optimal
0.4814814814814815,VISam,,RS,siegle_survey_2019,Siegle2019,optimal,optimal
0.6650895017729719,VISam,,RS,siegle_survey_2019,Siegle2019,optimal,optimal
0.0443262411347516,CA1,,RS,siegle_survey_2019,Siegle2019,optimal,optimal
0.3691205765058349,VISp,L6a,RS,siegle_survey_2019,Siegle2019,optimal,optimal
0.7093976298916113,VISam,,RS,siegle_survey_2019,Siegle2019,optimal,optimal
0.4106781704014351,VISp,L5,RS,siegle_survey_2019,Siegle2019,optimal,optimal
0.6618985124864369,VISp,L5,RS,siegle_survey_2019,Siegle2019,optimal,optimal
0.3135214023614168,VISrl,,RS,siegle_survey_2019,Siegle2019,optimal,optimal
0.1319247350332724,VISp,L5,RS,siegle_survey_2019,Siegle2019,optimal,optimal
0.7433696810450818,VISp,L5,RS,siegle_survey_2019,Siegle2019,optimal,optimal
0.165322152932857,VISp,L5,RS,siegle_survey_2019,Siegle2019,optimal,optimal
0.5180026628419723,VISp,L5,RS,siegle_survey_2019,Siegle2019,optimal,optimal
0.1427764919555427,VISrl,,RS,siegle_survey_2019,Siegle2019,optimal,optimal
0.0893667053022969,VISrl,,RS,siegle_survey_2019,Siegle2019,optimal,optimal
0.054340453233726,VISrl,,RS,siegle_survey_2019,Siegle2019,optimal,optimal
0.3849119282318969,VISp,L5,RS,siegle_survey_2019,Siegle2019,optimal,optimal
0.4397013750565839,VISp,L5,RS,siegle_survey_2019,Siegle2019,optimal,optimal
0.4333048423682257,VISp,L4,RS,siegle_survey_2019,Siegle2019,optimal,optimal
0.2248953356461099,VISrl,,RS,siegle_survey_2019,Siegle2019,optimal,optimal
0.7540129605907965,VISp,L4,RS,siegle_survey_2019,Siegle2019,optimal,optimal
0.4212834913923683,VISp,L4,RS,siegle_survey_2019,Siegle2019,optimal,optimal
0.053763440860215,VISrl,,RS,siegle_survey_2019,Siegle2019,optimal,optimal
0.5172413793103448,VISp,L3,RS,siegle_survey_2019,Siegle2019,optimal,optimal
0.25,VISp,L3,RS,siegle_survey_2019,Siegle2019,optimal,optimal
0.4642796092394705,VISp,L3,RS,siegle_survey_2019,Siegle2019,optimal,optimal
0.2267021025668508,VISrl,,RS,siegle_survey_2019,Siegle2019,optimal,optimal
0.2171861213815346,VISrl,,RS,siegle_survey_2019,Siegle2019,optimal,optimal
0.7704579781548916,VISp,L3,RS,siegle_survey_2019,Siegle2019,optimal,optimal
0.2609305035082894,VISrl,,RS,siegle_survey_2019,Siegle2019,optimal,optimal
0.3089710957293891,VISrl,,RS,siegle_survey_2019,Siegle2019,optimal,optimal
0.0666666666666667,VISp,L3,RS,siegle_survey_2019,Siegle2019,optimal,optimal
0.2231780211373286,VISp,L3,RS,siegle_survey_2019,Siegle2019,optimal,optimal
0.2393284490169853,VISp,L3,RS,siegle_survey_2019,Siegle2019,optimal,optimal
0.3490332933976954,VISrl,,RS,siegle_survey_2019,Siegle2019,optimal,optimal
0.5367004166926894,VISrl,,RS,siegle_survey_2019,Siegle2019,optimal,optimal
0.1979898987322333,MGm,,RS,siegle_survey_2019,Siegle2019,optimal,optimal
0.5011985634456668,MGm,,FS,siegle_survey_2019,Siegle2019,optimal,optimal
0.3563350731839207,VISp,L4,RS,siegle_survey_2019,Siegle2019,optimal,optimal
0.3437339238596491,VISp,L3,RS,siegle_survey_2019,Siegle2019,optimal,optimal
0.0251512438472323,SGN,,RS,siegle_survey_2019,Siegle2019,optimal,optimal
0.0740447270135499,SGN,,FS,siegle_survey_2019,Siegle2019,optimal,optimal
0.0317045266539971,SGN,,FS,siegle_survey_2019,Siegle2019,optimal,optimal
0.111138070666783,SGN,,FS,siegle_survey_2019,Siegle2019,optimal,optimal
0.0161434346298915,SGN,,FS,siegle_survey_2019,Siegle2019,optimal,optimal
0.127254750898729,SGN,,RS,siegle_survey_2019,Siegle2019,optimal,optimal
0.1597191412499849,SGN,,RS,siegle_survey_2019,Siegle2019,optimal,optimal
0.0176378463553849,grey,,FS,siegle_survey_2019,Siegle2019,optimal,optimal
0.0231389863069971,LP,,FS,siegle_survey_2019,Siegle2019,optimal,optimal
0.0152430099636538,LP,,FS,siegle_survey_2019,Siegle2019,optimal,optimal
0.1066602250008889,LP,,FS,siegle_survey_2019,Siegle2019,optimal,optimal
0.0925216497107008,LP,,RS,siegle_survey_2019,Siegle2019,optimal,optimal
0.0165853723435404,LP,,FS,siegle_survey_2019,Siegle2019,optimal,optimal
0.1057206570671195,DG,,FS,siegle_survey_2019,Siegle2019,optimal,optimal
0.1477243554973268,DG,,RS,siegle_survey_2019,Siegle2019,optimal,optimal
0.0087151523200588,DG,,FS,siegle_survey_2019,Siegle2019,optimal,optimal
0.1338472608514109,ProS,,FS,siegle_survey_2019,Siegle2019,optimal,optimal
0.0474068813264089,CA1,,RS,siegle_survey_2019,Siegle2019,optimal,optimal
0.1938468427668811,SUB,,RS,siegle_survey_2019,Siegle2019,optimal,optimal
0.1175361429942166,VISal,L6a,RS,siegle_survey_2019,Siegle2019,optimal,optimal
0.1537188654753363,SUB,,RS,siegle_survey_2019,Siegle2019,optimal,optimal
0.3374026923034103,VISal,L5,RS,siegle_survey_2019,Siegle2019,optimal,optimal
0.3217384419058437,VISal,L5,RS,siegle_survey_2019,Siegle2019,optimal,optimal
0.0665195831613335,CA1,,FS,siegle_survey_2019,Siegle2019,optimal,optimal
0.2254974278452911,VISal,L5,RS,siegle_survey_2019,Siegle2019,optimal,optimal
0.3449240177262967,VISal,L5,RS,siegle_survey_2019,Siegle2019,optimal,optimal
0.1148313116820919,SUB,,FS,siegle_survey_2019,Siegle2019,optimal,optimal
0.3854767937472597,VISp,L6b,RS,siegle_survey_2019,Siegle2019,optimal,optimal
0.9179569842696376,VISp,L6a,RS,siegle_survey_2019,Siegle2019,optimal,optimal
0.4513497919983584,VISal,L4,RS,siegle_survey_2019,Siegle2019,optimal,optimal
0.0509283244337099,CA1,,RS,siegle_survey_2019,Siegle2019,optimal,optimal
0.2358488920876055,VISal,L4,RS,siegle_survey_2019,Siegle2019,optimal,optimal
0.5329434303498295,VISp,L6a,RS,siegle_survey_2019,Siegle2019,optimal,optimal
0.0523136119901787,CA1,,RS,siegle_survey_2019,Siegle2019,optimal,optimal
0.1600024151490224,CA1,,RS,siegle_survey_2019,Siegle2019,optimal,optimal
0.0172465068582085,LGd,,FS,siegle_survey_2019,Siegle2019,optimal,optimal
0.7758599313521506,VISp,L5,RS,siegle_survey_2019,Siegle2019,optimal,optimal
0.1021629422870158,CA1,,RS,siegle_survey_2019,Siegle2019,optimal,optimal
0.3120419161162756,VISp,L5,RS,siegle_survey_2019,Siegle2019,optimal,optimal
0.160835481631852,VISp,L5,RS,siegle_survey_2019,Siegle2019,optimal,optimal
0.3268111925187929,VISp,L5,RS,siegle_survey_2019,Siegle2019,optimal,optimal
0.0479496612736046,VISp,L5,RS,siegle_survey_2019,Siegle2019,optimal,optimal
0.2194368926883022,VISp,L5,RS,siegle_survey_2019,Siegle2019,optimal,optimal
0.04842998016291,VISp,L5,RS,siegle_survey_2019,Siegle2019,optimal,optimal
0.2763209804334294,VISp,L5,RS,siegle_survey_2019,Siegle2019,optimal,optimal
0.0570666807489986,VISp,L4,FS,siegle_survey_2019,Siegle2019,optimal,optimal
0.5632187528053908,VISp,L4,RS,siegle_survey_2019,Siegle2019,optimal,optimal
0.3732084815947119,VISp,L4,RS,siegle_survey_2019,Siegle2019,optimal,optimal
0.1735611039090368,VISl,L5,RS,siegle_survey_2019,Siegle2019,optimal,optimal
0.4339878724862487,VISp,L3,RS,siegle_survey_2019,Siegle2019,optimal,optimal
0.0965639658547741,VISl,L4,RS,siegle_survey_2019,Siegle2019,optimal,optimal
0.2773500981126145,VISp,L4,RS,siegle_survey_2019,Siegle2019,optimal,optimal
0.3173238794109962,VISp,L3,RS,siegle_survey_2019,Siegle2019,optimal,optimal
0.0323941771935849,CA1,,RS,siegle_survey_2019,Siegle2019,optimal,optimal
0.0697674418604651,CA3,,FS,siegle_survey_2019,Siegle2019,optimal,optimal
0.1963383631246506,CA3,,RS,siegle_survey_2019,Siegle2019,optimal,optimal
0.1016394535227177,VISl,,RS,siegle_survey_2019,Siegle2019,optimal,optimal
0.1000411968523278,DG,,RS,siegle_survey_2019,Siegle2019,optimal,optimal
0.0316822833583948,VISam,L6a,RS,siegle_survey_2019,Siegle2019,optimal,optimal
0.4285714285714286,VISam,L6a,RS,siegle_survey_2019,Siegle2019,optimal,optimal
0.1582478116408947,VISam,L5,RS,siegle_survey_2019,Siegle2019,optimal,optimal
0.0624999999999999,VPM,,FS,siegle_survey_2019,Siegle2019,optimal,optimal
0.1405589509203133,VISam,L4,RS,siegle_survey_2019,Siegle2019,optimal,optimal
0.0225796037855914,VPM,,RS,siegle_survey_2019,Siegle2019,optimal,optimal
0.6888002995183651,VISam,L4,RS,siegle_survey_2019,Siegle2019,optimal,optimal
0.1676280810416889,VISam,L4,RS,siegle_survey_2019,Siegle2019,optimal,optimal
0.1462400379730587,VISam,L4,RS,siegle_survey_2019,Siegle2019,optimal,optimal
0.230533398453143,VISrl,L4,FS,siegle_survey_2019,Siegle2019,optimal,optimal
0.6843830634336248,VISrl,L4,RS,siegle_survey_2019,Siegle2019,optimal,optimal
0.1065755896591549,VISrl,L4,RS,siegle_survey_2019,Siegle2019,optimal,optimal
0.1802478990778517,VISam,L3,RS,siegle_survey_2019,Siegle2019,optimal,optimal
0.6280347116384053,VISrl,L4,RS,siegle_survey_2019,Siegle2019,optimal,optimal
0.3410828764740594,VISrl,L3,RS,siegle_survey_2019,Siegle2019,optimal,optimal
0.5057389074044559,VISam,L3,RS,siegle_survey_2019,Siegle2019,optimal,optimal
0.4339622641509433,VISrl,L3,RS,siegle_survey_2019,Siegle2019,optimal,optimal
0.3318716250452939,VISrl,L3,RS,siegle_survey_2019,Siegle2019,optimal,optimal
0.059799481068262,TH,,RS,siegle_survey_2019,Siegle2019,optimal,optimal
0.0637555294512461,TH,,FS,siegle_survey_2019,Siegle2019,optimal,optimal
0.1178240426538276,TH,,RS,siegle_survey_2019,Siegle2019,optimal,optimal
0.0590559468960992,TH,,RS,siegle_survey_2019,Siegle2019,optimal,optimal
0.2425356250363329,VISam,L3,RS,siegle_survey_2019,Siegle2019,optimal,optimal
0.4006168083848875,VISam,L3,RS,siegle_survey_2019,Siegle2019,optimal,optimal
0.375,VISam,L3,RS,siegle_survey_2019,Siegle2019,optimal,optimal
0.0162315805754931,LGd,,FS,siegle_survey_2019,Siegle2019,optimal,optimal
0.0513006031345636,Eth,,RS,siegle_survey_2019,Siegle2019,optimal,optimal
0.0493030435943172,Eth,,RS,siegle_survey_2019,Siegle2019,optimal,optimal
0.0159530818597227,Eth,,RS,siegle_survey_2019,Siegle2019,optimal,optimal
0.2013445352942721,Eth,,RS,siegle_survey_2019,Siegle2019,optimal,optimal
0.0981440801668706,TH,,RS,siegle_survey_2019,Siegle2019,optimal,optimal
0.1315334104411641,LGd,,FS,siegle_survey_2019,Siegle2019,optimal,optimal
0.2082482819587607,LGd,,FS,siegle_survey_2019,Siegle2019,optimal,optimal
0.091906973957913,TH,,RS,siegle_survey_2019,Siegle2019,optimal,optimal
0.0589250223937596,grey,,FS,siegle_survey_2019,Siegle2019,optimal,optimal
0.0848856920059413,grey,,RS,siegle_survey_2019,Siegle2019,optimal,optimal
0.1298156430052731,grey,,RS,siegle_survey_2019,Siegle2019,optimal,optimal
0.0689708703311026,grey,,FS,siegle_survey_2019,Siegle2019,optimal,optimal
0.1940859486677991,grey,,RS,siegle_survey_2019,Siegle2019,optimal,optimal
0.0213116901887689,APN,,RS,siegle_survey_2019,Siegle2019,optimal,optimal
0.3874313689610266,APN,,FS,siegle_survey_2019,Siegle2019,optimal,optimal
0.0588235294117646,LGd,,RS,siegle_survey_2019,Siegle2019,optimal,optimal
0.097990937827305,grey,,RS,siegle_survey_2019,Siegle2019,optimal,optimal
0.11476611357626,grey,,RS,siegle_survey_2019,Siegle2019,optimal,optimal
0.0350026795980758,CA1,,FS,siegle_survey_2019,Siegle2019,optimal,optimal
0.0343456093292606,CA3,,FS,siegle_survey_2019,Siegle2019,optimal,optimal
0.0306036984087753,grey,,RS,siegle_survey_2019,Siegle2019,optimal,optimal
0.0714693368782394,grey,,RS,siegle_survey_2019,Siegle2019,optimal,optimal
0.1579185600394655,grey,,RS,siegle_survey_2019,Siegle2019,optimal,optimal
0.0177059748164019,grey,,RS,siegle_survey_2019,Siegle2019,optimal,optimal
0.0210609901984787,grey,,RS,siegle_survey_2019,Siegle2019,optimal,optimal
0.0558417722151369,grey,,RS,siegle_survey_2019,Siegle2019,optimal,optimal
0.1104315260748464,grey,,RS,siegle_survey_2019,Siegle2019,optimal,optimal
0.3637302658622378,grey,,RS,siegle_survey_2019,Siegle2019,optimal,optimal
0.1003850611088481,grey,,FS,siegle_survey_2019,Siegle2019,optimal,optimal
0.1226670715051334,VIS,L5,RS,siegle_survey_2019,Siegle2019,optimal,optimal
0.1441412921871615,VISpm,,RS,siegle_survey_2019,Siegle2019,optimal,optimal
0.2707302241833683,VIS,L5,RS,siegle_survey_2019,Siegle2019,optimal,optimal
0.1601343886487543,VIS,L5,RS,siegle_survey_2019,Siegle2019,optimal,optimal
0.0736569563735986,VIS,L5,RS,siegle_survey_2019,Siegle2019,optimal,optimal
0.0796961540858366,VIS,L5,RS,siegle_survey_2019,Siegle2019,optimal,optimal
0.0745735937767058,VIS,L5,RS,siegle_survey_2019,Siegle2019,optimal,optimal
0.0520060700981141,VIS,L5,RS,siegle_survey_2019,Siegle2019,optimal,optimal
0.1558283695625578,VIS,L5,RS,siegle_survey_2019,Siegle2019,optimal,optimal
0.7776318472511499,VISal,L6a,FS,siegle_survey_2019,Siegle2019,optimal,optimal
0.3031848709072404,VISpm,,RS,siegle_survey_2019,Siegle2019,optimal,optimal
0.1033712681173174,VISal,L5,FS,siegle_survey_2019,Siegle2019,optimal,optimal
0.2619227283475033,VIS,L5,RS,siegle_survey_2019,Siegle2019,optimal,optimal
0.0300918509409656,VIS,,FS,siegle_survey_2019,Siegle2019,optimal,optimal
0.347731799750887,VIS,L5,RS,siegle_survey_2019,Siegle2019,optimal,optimal
0.0493330312455731,VISal,L5,RS,siegle_survey_2019,Siegle2019,optimal,optimal
0.2917747135561263,VISal,L4,RS,siegle_survey_2019,Siegle2019,optimal,optimal
0.2425356250363329,CA1,,RS,siegle_survey_2019,Siegle2019,optimal,optimal
0.3540292336715458,VIS,L5,RS,siegle_survey_2019,Siegle2019,optimal,optimal
0.1020572623380031,VISpm,,RS,siegle_survey_2019,Siegle2019,optimal,optimal
0.4343722427630694,VIS,L3,RS,siegle_survey_2019,Siegle2019,optimal,optimal
0.0422535211267605,grey,,RS,siegle_survey_2019,Siegle2019,optimal,optimal
0.1505846504842085,VPM,,FS,siegle_survey_2019,Siegle2019,optimal,optimal
0.0402973738256876,CA3,,FS,siegle_survey_2019,Siegle2019,optimal,optimal
0.3254485021295215,CA3,,RS,siegle_survey_2019,Siegle2019,optimal,optimal
0.1698113207547169,grey,,FS,siegle_survey_2019,Siegle2019,optimal,optimal
0.3907247321664328,POL,,FS,siegle_survey_2019,Siegle2019,optimal,optimal
0.1593443597997745,DG,,RS,siegle_survey_2019,Siegle2019,optimal,optimal
0.0188679245283019,DG,,FS,siegle_survey_2019,Siegle2019,optimal,optimal
0.0359156575956447,DG,,FS,siegle_survey_2019,Siegle2019,optimal,optimal
0.1064751257571427,MB,,FS,siegle_survey_2019,Siegle2019,optimal,optimal
0.0728868986855662,SCig,,FS,siegle_survey_2019,Siegle2019,optimal,optimal
0.0277296776935901,CA1,,RS,siegle_survey_2019,Siegle2019,optimal,optimal
0.0337899543378995,CA1,,RS,siegle_survey_2019,Siegle2019,optimal,optimal
0.3648968054179484,CA1,,RS,siegle_survey_2019,Siegle2019,optimal,optimal
0.0635392262341234,grey,,RS,siegle_survey_2019,Siegle2019,optimal,optimal
0.0726267067493315,CA1,,FS,siegle_survey_2019,Siegle2019,optimal,optimal
0.1179728144121018,CA1,,RS,siegle_survey_2019,Siegle2019,optimal,optimal
0.165997875923721,VISl,L6a,RS,siegle_survey_2019,Siegle2019,optimal,optimal
0.1498291678259559,CA1,,RS,siegle_survey_2019,Siegle2019,optimal,optimal
0.0145736979374213,CA1,,RS,siegle_survey_2019,Siegle2019,optimal,optimal
0.214080632914891,VISp,L5,RS,siegle_survey_2019,Siegle2019,optimal,optimal
0.2153434909629075,VISl,L6a,RS,siegle_survey_2019,Siegle2019,optimal,optimal
0.0383462527190442,VISp,L5,RS,siegle_survey_2019,Siegle2019,optimal,optimal
0.6931429176378819,VISl,L5,RS,siegle_survey_2019,Siegle2019,optimal,optimal
0.2828550734908229,VISam,,FS,siegle_survey_2019,Siegle2019,optimal,optimal
0.0430013072596114,VISl,L4,RS,siegle_survey_2019,Siegle2019,optimal,optimal
0.281647622527667,VISl,L4,RS,siegle_survey_2019,Siegle2019,optimal,optimal
0.2470614054748178,VISl,L4,RS,siegle_survey_2019,Siegle2019,optimal,optimal
0.1961345351133747,VISl,L5,RS,siegle_survey_2019,Siegle2019,optimal,optimal
0.6378126200316241,VISam,,RS,siegle_survey_2019,Siegle2019,optimal,optimal
0.1168329184791273,VISl,L5,RS,siegle_survey_2019,Siegle2019,optimal,optimal
0.6085234055731287,VISl,L5,RS,siegle_survey_2019,Siegle2019,optimal,optimal
0.1565842486762237,VISam,,RS,siegle_survey_2019,Siegle2019,optimal,optimal
0.1084862834755922,VISp,L4,FS,siegle_survey_2019,Siegle2019,optimal,optimal
0.3594483620772252,VISl,L5,RS,siegle_survey_2019,Siegle2019,optimal,optimal
0.1912570765966674,VISl,L5,RS,siegle_survey_2019,Siegle2019,optimal,optimal
0.1661370958918904,VISam,,RS,siegle_survey_2019,Siegle2019,optimal,optimal
0.4289593820866959,VISl,L5,RS,siegle_survey_2019,Siegle2019,optimal,optimal
0.1934892878003795,VISl,L5,RS,siegle_survey_2019,Siegle2019,optimal,optimal
0.1623273372140647,VISl,L5,RS,siegle_survey_2019,Siegle2019,optimal,optimal
0.8160960580821985,VISp,L3,RS,siegle_survey_2019,Siegle2019,optimal,optimal
0.263403956538658,VISam,,RS,siegle_survey_2019,Siegle2019,optimal,optimal
0.0883883476483183,DG,,RS,siegle_survey_2019,Siegle2019,optimal,optimal
0.3028434135712174,VISam,,RS,siegle_survey_2019,Siegle2019,optimal,optimal
0.3785772231651095,VISl,L4,RS,siegle_survey_2019,Siegle2019,optimal,optimal
0.1047565601757848,VISam,,RS,siegle_survey_2019,Siegle2019,optimal,optimal
0.3249999999999999,CA1,,RS,siegle_survey_2019,Siegle2019,optimal,optimal
0.581793494189465,VISam,,RS,siegle_survey_2019,Siegle2019,optimal,optimal
0.7963664033571441,VISam,,RS,siegle_survey_2019,Siegle2019,optimal,optimal
0.3803831726360819,VISam,,RS,siegle_survey_2019,Siegle2019,optimal,optimal
0.1210828388086854,VISam,,RS,siegle_survey_2019,Siegle2019,optimal,optimal
0.5590169943749476,VISp,L4,RS,siegle_survey_2019,Siegle2019,optimal,optimal
0.3388154635894692,VISp,L3,RS,siegle_survey_2019,Siegle2019,optimal,optimal
0.1648351648351648,SCig,,FS,siegle_survey_2019,Siegle2019,optimal,optimal
0.0483568938686331,grey,,RS,siegle_survey_2019,Siegle2019,optimal,optimal
0.2433427252788037,VISl,L5,RS,siegle_survey_2019,Siegle2019,optimal,optimal
0.1282003921447002,grey,,FS,siegle_survey_2019,Siegle2019,optimal,optimal
0.2387484227008013,VISam,,RS,siegle_survey_2019,Siegle2019,optimal,optimal
0.0325614437476781,DG,,RS,siegle_survey_2019,Siegle2019,optimal,optimal
0.087236025033145,MB,,FS,siegle_survey_2019,Siegle2019,optimal,optimal
0.0614293802228655,DG,,RS,siegle_survey_2019,Siegle2019,optimal,optimal
0.0786525555198044,APN,,FS,siegle_survey_2019,Siegle2019,optimal,optimal
0.0884639669193998,grey,,FS,siegle_survey_2019,Siegle2019,optimal,optimal
0.0490781650692685,APN,,FS,siegle_survey_2019,Siegle2019,optimal,optimal
0.0349086939199401,grey,,RS,siegle_survey_2019,Siegle2019,optimal,optimal
0.0550545866964608,grey,,FS,siegle_survey_2019,Siegle2019,optimal,optimal
0.1963383631246504,grey,,RS,siegle_survey_2019,Siegle2019,optimal,optimal
0.1559065704121923,CA1,,FS,siegle_survey_2019,Siegle2019,optimal,optimal
0.1178247734138972,grey,,RS,siegle_survey_2019,Siegle2019,optimal,optimal
0.3516673851306733,CA1,,RS,siegle_survey_2019,Siegle2019,optimal,optimal
0.2143917057741274,VISp,,RS,siegle_survey_2019,Siegle2019,optimal,optimal
0.1638241134706494,VISam,L6a,FS,siegle_survey_2019,Siegle2019,optimal,optimal
0.7730673554708377,VISam,L5,RS,siegle_survey_2019,Siegle2019,optimal,optimal
0.8095238095238093,VISp,,RS,siegle_survey_2019,Siegle2019,optimal,optimal
0.1488644116894977,VISam,L5,RS,siegle_survey_2019,Siegle2019,optimal,optimal
0.7284950456920606,VISp,,RS,siegle_survey_2019,Siegle2019,optimal,optimal
0.1637440996723692,VISp,,RS,siegle_survey_2019,Siegle2019,optimal,optimal
0.0776095524428886,VISp,,RS,siegle_survey_2019,Siegle2019,optimal,optimal
0.1421760560557813,VISp,,RS,siegle_survey_2019,Siegle2019,optimal,optimal
0.0685421880860575,grey,,RS,siegle_survey_2019,Siegle2019,optimal,optimal
0.4976604415727275,VISam,L5,RS,siegle_survey_2019,Siegle2019,optimal,optimal
0.4534921454492761,VISam,L5,RS,siegle_survey_2019,Siegle2019,optimal,optimal
0.7112357570315896,VISam,L5,RS,siegle_survey_2019,Siegle2019,optimal,optimal
0.0277987403350368,VISam,L4,FS,siegle_survey_2019,Siegle2019,optimal,optimal
0.3983443661876696,VISp,,RS,siegle_survey_2019,Siegle2019,optimal,optimal
0.4868573052823428,VISam,L4,RS,siegle_survey_2019,Siegle2019,optimal,optimal
0.3944771791852592,VISam,L3,RS,siegle_survey_2019,Siegle2019,optimal,optimal
0.290816127875578,VISp,,RS,siegle_survey_2019,Siegle2019,optimal,optimal
0.3468679543162349,VISp,,RS,siegle_survey_2019,Siegle2019,optimal,optimal
0.10647942749999,APN,,FS,siegle_survey_2019,Siegle2019,optimal,optimal
0.5366665388645914,VISam,L5,RS,siegle_survey_2019,Siegle2019,optimal,optimal
0.4148826691738316,VISp,,RS,siegle_survey_2019,Siegle2019,optimal,optimal
0.322966844691013,VISp,,RS,siegle_survey_2019,Siegle2019,optimal,optimal
0.2690094972946144,VISp,,FS,siegle_survey_2019,Siegle2019,optimal,optimal
0.5661271941887266,VISp,,RS,siegle_survey_2019,Siegle2019,optimal,optimal
0.0202627350709734,PO,,RS,siegle_survey_2019,Siegle2019,optimal,optimal
0.0686103276666972,PO,,FS,siegle_survey_2019,Siegle2019,optimal,optimal
0.4209236902980905,CA1,,RS,siegle_survey_2019,Siegle2019,optimal,optimal
0.0665224735224759,PO,,RS,siegle_survey_2019,Siegle2019,optimal,optimal
0.8918918918918918,VISp,,RS,siegle_survey_2019,Siegle2019,optimal,optimal
0.0592207569933911,VISam,L6a,FS,siegle_survey_2019,Siegle2019,optimal,optimal
0.1083820054803959,PO,,RS,siegle_survey_2019,Siegle2019,optimal,optimal
0.0825801626183061,PO,,RS,siegle_survey_2019,Siegle2019,optimal,optimal
0.0639713396285027,VISam,L5,FS,siegle_survey_2019,Siegle2019,optimal,optimal
0.4746555120428894,VISam,L4,RS,siegle_survey_2019,Siegle2019,optimal,optimal
0.1949667419650916,VISam,L4,RS,siegle_survey_2019,Siegle2019,optimal,optimal
0.029662630400127,grey,,FS,siegle_survey_2019,Siegle2019,optimal,optimal
0.0960797288797785,LP,,RS,siegle_survey_2019,Siegle2019,optimal,optimal
0.3531405854340038,VISam,L3,RS,siegle_survey_2019,Siegle2019,optimal,optimal
0.1214052265141139,grey,,FS,siegle_survey_2019,Siegle2019,optimal,optimal
0.0121685437087238,grey,,FS,siegle_survey_2019,Siegle2019,optimal,optimal
0.352831115292242,VISam,L3,RS,siegle_survey_2019,Siegle2019,optimal,optimal
0.2122673844597161,VISam,L3,RS,siegle_survey_2019,Siegle2019,optimal,optimal
0.3365728004459065,VISam,L3,RS,siegle_survey_2019,Siegle2019,optimal,optimal
0.397747564417433,VISam,L3,RS,siegle_survey_2019,Siegle2019,optimal,optimal
0.0612661361934878,LP,,RS,siegle_survey_2019,Siegle2019,optimal,optimal
0.153267443846295,LP,,RS,siegle_survey_2019,Siegle2019,optimal,optimal
0.655924844081151,VISam,L3,RS,siegle_survey_2019,Siegle2019,optimal,optimal
0.0828173324999921,VISam,L3,RS,siegle_survey_2019,Siegle2019,optimal,optimal
0.2692064748577643,VISam,L2,RS,siegle_survey_2019,Siegle2019,optimal,optimal
0.173124865894795,LP,,FS,siegle_survey_2019,Siegle2019,optimal,optimal
0.1442307692307692,VISam,L3,RS,siegle_survey_2019,Siegle2019,optimal,optimal
0.0408163265306122,grey,,RS,siegle_survey_2019,Siegle2019,optimal,optimal
0.0958265957626781,grey,,RS,siegle_survey_2019,Siegle2019,optimal,optimal
0.0687184270936276,grey,,RS,siegle_survey_2019,Siegle2019,optimal,optimal
0.0696544556035839,grey,,FS,siegle_survey_2019,Siegle2019,optimal,optimal
0.1458305202717254,grey,,RS,siegle_survey_2019,Siegle2019,optimal,optimal
0.32418953616519,grey,,RS,siegle_survey_2019,Siegle2019,optimal,optimal
0.0579051715854905,grey,,RS,siegle_survey_2019,Siegle2019,optimal,optimal
0.0805023792788409,CA3,,FS,siegle_survey_2019,Siegle2019,optimal,optimal
0.3328164035831636,grey,,RS,siegle_survey_2019,Siegle2019,optimal,optimal
0.0775217091182552,grey,,RS,siegle_survey_2019,Siegle2019,optimal,optimal
0.0741565760003176,grey,,RS,siegle_survey_2019,Siegle2019,optimal,optimal
0.2549886369250518,VISal,L5,FS,siegle_survey_2019,Siegle2019,optimal,optimal
0.1370766920953896,grey,,RS,siegle_survey_2019,Siegle2019,optimal,optimal
0.3972082552312637,VISal,L5,RS,siegle_survey_2019,Siegle2019,optimal,optimal
0.0736947029332945,grey,,RS,siegle_survey_2019,Siegle2019,optimal,optimal
0.3148799686633273,VISal,L5,RS,siegle_survey_2019,Siegle2019,optimal,optimal
0.2300971007818684,VISal,L5,RS,siegle_survey_2019,Siegle2019,optimal,optimal
0.2837757844988007,VISam,,RS,siegle_survey_2019,Siegle2019,optimal,optimal
0.0194440693695634,VISal,L4,FS,siegle_survey_2019,Siegle2019,optimal,optimal
0.3794033944452826,VISal,L4,RS,siegle_survey_2019,Siegle2019,optimal,optimal
0.4256807692410335,VISam,,RS,siegle_survey_2019,Siegle2019,optimal,optimal
0.3144037842158828,VISam,,RS,siegle_survey_2019,Siegle2019,optimal,optimal
0.3674099215344428,VISal,L3,RS,siegle_survey_2019,Siegle2019,optimal,optimal
0.3202667650276095,VISam,,RS,siegle_survey_2019,Siegle2019,optimal,optimal
0.1327563835838159,VISam,,RS,siegle_survey_2019,Siegle2019,optimal,optimal
0.2198581560283688,VISam,,RS,siegle_survey_2019,Siegle2019,optimal,optimal
0.332964039954939,CA1,,RS,siegle_survey_2019,Siegle2019,optimal,optimal
0.2294358358146534,VISpm,L6a,RS,siegle_survey_2019,Siegle2019,optimal,optimal
0.4140579956922059,grey,,FS,siegle_survey_2019,Siegle2019,optimal,optimal
0.1792654619833766,VISpm,L5,RS,siegle_survey_2019,Siegle2019,optimal,optimal
0.1912416553306443,VISpm,L5,FS,siegle_survey_2019,Siegle2019,optimal,optimal
0.6087320748217462,VISpm,L5,RS,siegle_survey_2019,Siegle2019,optimal,optimal
0.048380990291711,VISpm,L5,FS,siegle_survey_2019,Siegle2019,optimal,optimal
0.2818950606028385,VISpm,L5,RS,siegle_survey_2019,Siegle2019,optimal,optimal
0.0958861773399456,VISpm,L5,RS,siegle_survey_2019,Siegle2019,optimal,optimal
0.1484509272999819,VISam,,RS,siegle_survey_2019,Siegle2019,optimal,optimal
0.0701974782340022,VISpm,L5,RS,siegle_survey_2019,Siegle2019,optimal,optimal
0.0441918244768521,VISpm,L5,RS,siegle_survey_2019,Siegle2019,optimal,optimal
0.0670803725413128,VISpm,L5,RS,siegle_survey_2019,Siegle2019,optimal,optimal
0.5848160342740596,VISpm,L5,RS,siegle_survey_2019,Siegle2019,optimal,optimal
0.4788069428512221,VISpm,L5,RS,siegle_survey_2019,Siegle2019,optimal,optimal
0.4202027001890247,VISpm,L5,RS,siegle_survey_2019,Siegle2019,optimal,optimal
0.0579434035635544,VISpm,L4,RS,siegle_survey_2019,Siegle2019,optimal,optimal
0.2104484467817105,VISpm,L4,RS,siegle_survey_2019,Siegle2019,optimal,optimal
0.0493911133625204,VISpm,L4,RS,siegle_survey_2019,Siegle2019,optimal,optimal
0.1468253777349528,VISpm,L3,RS,siegle_survey_2019,Siegle2019,optimal,optimal
0.6758625033664689,VISpm,L3,RS,siegle_survey_2019,Siegle2019,optimal,optimal
0.0669076676032383,grey,,RS,siegle_survey_2019,Siegle2019,optimal,optimal
0.1787925026469793,grey,,FS,siegle_survey_2019,Siegle2019,optimal,optimal
0.1541381633087764,grey,,RS,siegle_survey_2019,Siegle2019,optimal,optimal
0.3348665906767312,VISrl,,RS,siegle_survey_2019,Siegle2019,optimal,optimal
0.4296200629029347,VISrl,,RS,siegle_survey_2019,Siegle2019,optimal,optimal
0.4399681242189109,VISrl,,RS,siegle_survey_2019,Siegle2019,optimal,optimal
0.0748727738871065,grey,,FS,siegle_survey_2019,Siegle2019,optimal,optimal
0.1458333333333333,grey,,RS,siegle_survey_2019,Siegle2019,optimal,optimal
0.0361287909451019,grey,,RS,siegle_survey_2019,Siegle2019,optimal,optimal
0.2621589450310339,grey,,RS,siegle_survey_2019,Siegle2019,optimal,optimal
0.2293403053845938,grey,,RS,siegle_survey_2019,Siegle2019,optimal,optimal
0.2138556830132802,grey,,RS,siegle_survey_2019,Siegle2019,optimal,optimal
0.0068027210884354,grey,,FS,siegle_survey_2019,Siegle2019,optimal,optimal
0.2024498047794926,grey,,RS,siegle_survey_2019,Siegle2019,optimal,optimal
0.01845060381787,grey,,RS,siegle_survey_2019,Siegle2019,optimal,optimal
0.4308020874082164,grey,,RS,siegle_survey_2019,Siegle2019,optimal,optimal
0.0591552374999944,VISal,,RS,siegle_survey_2019,Siegle2019,optimal,optimal
0.0727627754253733,VISal,,RS,siegle_survey_2019,Siegle2019,optimal,optimal
0.5900849595991352,VISal,,RS,siegle_survey_2019,Siegle2019,optimal,optimal
0.7154571896139477,VISal,,RS,siegle_survey_2019,Siegle2019,optimal,optimal
0.3358191798771107,VISal,,RS,siegle_survey_2019,Siegle2019,optimal,optimal
0.0529971143746863,VISal,,RS,siegle_survey_2019,Siegle2019,optimal,optimal
0.4390425782504141,VISal,,RS,siegle_survey_2019,Siegle2019,optimal,optimal
0.2391522617466948,VISal,,RS,siegle_survey_2019,Siegle2019,optimal,optimal
0.6308094838498657,VISal,,RS,siegle_survey_2019,Siegle2019,optimal,optimal
0.6619172385782253,VISal,,RS,siegle_survey_2019,Siegle2019,optimal,optimal
0.9086790555466606,VISal,,RS,siegle_survey_2019,Siegle2019,optimal,optimal
0.8543659489434755,VISal,,RS,siegle_survey_2019,Siegle2019,optimal,optimal
0.1703368749342523,VISal,,RS,siegle_survey_2019,Siegle2019,optimal,optimal
0.5313330073858541,VISal,,RS,siegle_survey_2019,Siegle2019,optimal,optimal
0.6046693311223912,VISal,,RS,siegle_survey_2019,Siegle2019,optimal,optimal
0.0416384324654252,MGd,,RS,siegle_survey_2019,Siegle2019,optimal,optimal
0.2670699677588827,MGd,,FS,siegle_survey_2019,Siegle2019,optimal,optimal
0.1069473773775819,MGd,,FS,siegle_survey_2019,Siegle2019,optimal,optimal
0.043910002136721,MGd,,FS,siegle_survey_2019,Siegle2019,optimal,optimal
0.0967986959465674,MGd,,FS,siegle_survey_2019,Siegle2019,optimal,optimal
0.0544469057030329,SGN,,FS,siegle_survey_2019,Siegle2019,optimal,optimal
0.1043535514088269,SGN,,FS,siegle_survey_2019,Siegle2019,optimal,optimal
0.0312421840504918,SGN,,RS,siegle_survey_2019,Siegle2019,optimal,optimal
0.1105440702317195,LP,,FS,siegle_survey_2019,Siegle2019,optimal,optimal
0.1811077027627483,ProS,,RS,siegle_survey_2019,Siegle2019,optimal,optimal
0.0105929367703439,ProS,,RS,siegle_survey_2019,Siegle2019,optimal,optimal
0.0723496651760269,ProS,,FS,siegle_survey_2019,Siegle2019,optimal,optimal
0.2470529422006546,ProS,,RS,siegle_survey_2019,Siegle2019,optimal,optimal
0.8950066357672681,VISp,L6a,RS,siegle_survey_2019,Siegle2019,optimal,optimal
0.5054380477722789,VISp,L6a,RS,siegle_survey_2019,Siegle2019,optimal,optimal
0.1557754128389917,VISp,L5,FS,siegle_survey_2019,Siegle2019,optimal,optimal
0.2409092491110551,VISp,L4,RS,siegle_survey_2019,Siegle2019,optimal,optimal
0.0471249634224991,VISp,L4,RS,siegle_survey_2019,Siegle2019,optimal,optimal
0.0564171632455851,VISp,L4,FS,siegle_survey_2019,Siegle2019,optimal,optimal
0.4067418796334449,VISp,L4,RS,siegle_survey_2019,Siegle2019,optimal,optimal
0.4053349854832422,VISp,L4,RS,siegle_survey_2019,Siegle2019,optimal,optimal
0.2448011754885565,VISp,L4,RS,siegle_survey_2019,Siegle2019,optimal,optimal
0.784505886261764,VISp,L4,FS,siegle_survey_2019,Siegle2019,optimal,optimal
0.6576250210907304,VISp,L4,RS,siegle_survey_2019,Siegle2019,optimal,optimal
0.6289320754704402,VISp,L3,RS,siegle_survey_2019,Siegle2019,optimal,optimal
0.9206941620215168,VISp,L3,RS,siegle_survey_2019,Siegle2019,optimal,optimal
0.0292843264745642,VPM,,RS,siegle_survey_2019,Siegle2019,optimal,optimal
0.0436171459531972,VPM,,RS,siegle_survey_2019,Siegle2019,optimal,optimal
0.1424815457006453,VPM,,RS,siegle_survey_2019,Siegle2019,optimal,optimal
0.0291390003263611,VPM,,FS,siegle_survey_2019,Siegle2019,optimal,optimal
0.0488153353876248,LP,,RS,siegle_survey_2019,Siegle2019,optimal,optimal
0.1078847093927098,LGd,,RS,siegle_survey_2019,Siegle2019,optimal,optimal
0.0662595744353142,CA1,,RS,siegle_survey_2019,Siegle2019,optimal,optimal
0.9289777380136258,VISal,L5,RS,siegle_survey_2019,Siegle2019,optimal,optimal
0.3573463362451851,VISal,L5,RS,siegle_survey_2019,Siegle2019,optimal,optimal
0.223715954113693,VISal,L5,RS,siegle_survey_2019,Siegle2019,optimal,optimal
0.3226996792537754,VISal,L5,RS,siegle_survey_2019,Siegle2019,optimal,optimal
0.1303421418345427,VISal,L5,RS,siegle_survey_2019,Siegle2019,optimal,optimal
0.316227766016838,VISal,L4,RS,siegle_survey_2019,Siegle2019,optimal,optimal
0.6577935144802718,VISal,L4,RS,siegle_survey_2019,Siegle2019,optimal,optimal
0.0465040832377702,VISal,L4,RS,siegle_survey_2019,Siegle2019,optimal,optimal
0.1065312269056375,VISal,L4,FS,siegle_survey_2019,Siegle2019,optimal,optimal
0.5019253055442404,VISal,L4,RS,siegle_survey_2019,Siegle2019,optimal,optimal
0.1199999999999999,VISal,L3,RS,siegle_survey_2019,Siegle2019,optimal,optimal
0.1608966149126178,DG,,RS,siegle_survey_2019,Siegle2019,optimal,optimal
0.0822028471778565,CA1,,FS,siegle_survey_2019,Siegle2019,optimal,optimal
0.033954586595699,CA1,,RS,siegle_survey_2019,Siegle2019,optimal,optimal
0.1197191541531154,CA1,,RS,siegle_survey_2019,Siegle2019,optimal,optimal
0.1671948012424429,VISli,L6a,RS,siegle_survey_2019,Siegle2019,optimal,optimal
0.424329355173608,VISli,L6a,RS,siegle_survey_2019,Siegle2019,optimal,optimal
0.5319148936170213,VISli,L6a,RS,siegle_survey_2019,Siegle2019,optimal,optimal
0.0620335074726761,VISli,L6a,RS,siegle_survey_2019,Siegle2019,optimal,optimal
0.5971394354342818,VISli,L5,RS,siegle_survey_2019,Siegle2019,optimal,optimal
0.1405133445620023,VISli,L5,FS,siegle_survey_2019,Siegle2019,optimal,optimal
0.3764730177214135,VISli,L5,RS,siegle_survey_2019,Siegle2019,optimal,optimal
0.424513298254853,VISli,L5,RS,siegle_survey_2019,Siegle2019,optimal,optimal
0.1260986126715925,VISli,L5,RS,siegle_survey_2019,Siegle2019,optimal,optimal
0.1221554204287659,VISli,L5,RS,siegle_survey_2019,Siegle2019,optimal,optimal
0.1848412981161132,VISli,L4,RS,siegle_survey_2019,Siegle2019,optimal,optimal
0.8404619000803786,VISli,L3,RS,siegle_survey_2019,Siegle2019,optimal,optimal
0.5963575239657073,VISli,L4,RS,siegle_survey_2019,Siegle2019,optimal,optimal
0.0120418760195046,DG,,RS,siegle_survey_2019,Siegle2019,optimal,optimal
0.0243320045496352,CA1,,FS,siegle_survey_2019,Siegle2019,optimal,optimal
0.6598855723163498,VISrl,L6a,RS,siegle_survey_2019,Siegle2019,optimal,optimal
0.1495702209496811,VISrl,L4,RS,siegle_survey_2019,Siegle2019,optimal,optimal
0.1272369290383539,VISrl,L4,RS,siegle_survey_2019,Siegle2019,optimal,optimal
0.0673514451054153,VISrl,L3,FS,siegle_survey_2019,Siegle2019,optimal,optimal
0.565144012710071,VISrl,L4,RS,siegle_survey_2019,Siegle2019,optimal,optimal
0.6180830261533924,VISrl,L4,RS,siegle_survey_2019,Siegle2019,optimal,optimal
0.075438494834376,MRN,,FS,siegle_survey_2019,Siegle2019,optimal,optimal
0.0472822665662375,MB,,FS,siegle_survey_2019,Siegle2019,optimal,optimal
0.2065523947558984,MB,,FS,siegle_survey_2019,Siegle2019,optimal,optimal
0.0737108511830184,MB,,FS,siegle_survey_2019,Siegle2019,optimal,optimal
0.1685130641189534,MB,,FS,siegle_survey_2019,Siegle2019,optimal,optimal
0.2015564437074637,MB,,FS,siegle_survey_2019,Siegle2019,optimal,optimal
0.284170638278504,MB,,FS,siegle_survey_2019,Siegle2019,optimal,optimal
0.0340740712938399,OP,,FS,siegle_survey_2019,Siegle2019,optimal,optimal
0.1090860895520936,NOT,,FS,siegle_survey_2019,Siegle2019,optimal,optimal
0.0803530433166531,CA1,,RS,siegle_survey_2019,Siegle2019,optimal,optimal
0.1006153904237491,CA1,,RS,siegle_survey_2019,Siegle2019,optimal,optimal
0.086548819135352,CA1,,RS,siegle_survey_2019,Siegle2019,optimal,optimal
0.1062481120507535,VISam,L6a,RS,siegle_survey_2019,Siegle2019,optimal,optimal
0.0900759636340095,VISam,L6a,FS,siegle_survey_2019,Siegle2019,optimal,optimal
0.0803968896652978,VISam,L5,RS,siegle_survey_2019,Siegle2019,optimal,optimal
0.2012612004562755,VISam,L5,RS,siegle_survey_2019,Siegle2019,optimal,optimal
0.4394819327338277,VISam,L5,RS,siegle_survey_2019,Siegle2019,optimal,optimal
0.2294218584246375,VISam,L5,RS,siegle_survey_2019,Siegle2019,optimal,optimal
0.1275167785234899,LP,,RS,siegle_survey_2019,Siegle2019,optimal,optimal
0.7049749318859478,VISam,L4,RS,siegle_survey_2019,Siegle2019,optimal,optimal
0.3162277660168379,VISam,L3,RS,siegle_survey_2019,Siegle2019,optimal,optimal
0.0944817455281601,DG,,RS,siegle_survey_2019,Siegle2019,optimal,optimal
0.610246471635574,VISam,L3,RS,siegle_survey_2019,Siegle2019,optimal,optimal
0.283528144311601,VISam,L3,FS,siegle_survey_2019,Siegle2019,optimal,optimal
0.2427978257886174,DG,,RS,siegle_survey_2019,Siegle2019,optimal,optimal
0.0647436138718722,CA3,,RS,siegle_survey_2019,Siegle2019,optimal,optimal
0.3228346456692912,DG,,RS,siegle_survey_2019,Siegle2019,optimal,optimal
0.6005923002429444,DG,,RS,siegle_survey_2019,Siegle2019,optimal,optimal
0.2225648935471597,DG,,RS,siegle_survey_2019,Siegle2019,optimal,optimal
0.4376408258554249,VISam,L3,RS,siegle_survey_2019,Siegle2019,optimal,optimal
0.3555067391080604,VISpm,L6a,RS,siegle_survey_2019,Siegle2019,optimal,optimal
0.1547152447967905,VISpm,L6a,RS,siegle_survey_2019,Siegle2019,optimal,optimal
0.1153665905815315,VISpm,L5,RS,siegle_survey_2019,Siegle2019,optimal,optimal
0.1303465003905165,VISpm,L5,RS,siegle_survey_2019,Siegle2019,optimal,optimal
0.2543647510712757,VISpm,L4,RS,siegle_survey_2019,Siegle2019,optimal,optimal
0.4076766786908745,VISpm,L3,RS,siegle_survey_2019,Siegle2019,optimal,optimal
0.227777217854135,VISpm,L3,RS,siegle_survey_2019,Siegle2019,optimal,optimal
0.8000610194724017,VISl,L5,RS,siegle_survey_2019,Siegle2019,optimal,optimal
0.7787818275162849,VISl,L5,RS,siegle_survey_2019,Siegle2019,optimal,optimal
0.0329530469681832,VISl,L5,RS,siegle_survey_2019,Siegle2019,optimal,optimal
0.044855764264999,TH,,FS,siegle_survey_2019,Siegle2019,optimal,optimal
0.1654775792794698,PP,,FS,siegle_survey_2019,Siegle2019,optimal,optimal
0.0121080716414846,CA3,,FS,siegle_survey_2019,Siegle2019,optimal,optimal
0.0790569415042095,LP,,RS,siegle_survey_2019,Siegle2019,optimal,optimal
0.0258883555498795,LP,,RS,siegle_survey_2019,Siegle2019,optimal,optimal
0.215870331449229,CA3,,RS,siegle_survey_2019,Siegle2019,optimal,optimal
0.0173519949954942,CA3,,RS,siegle_survey_2019,Siegle2019,optimal,optimal
0.0916372409337947,SUB,,FS,siegle_survey_2019,Siegle2019,optimal,optimal
0.0434011118486069,VISp,L6a,RS,siegle_survey_2019,Siegle2019,optimal,optimal
0.1909137286883107,VISp,L6a,FS,siegle_survey_2019,Siegle2019,optimal,optimal
0.1113478049355063,CA1,,RS,siegle_survey_2019,Siegle2019,optimal,optimal
0.1239669421487603,CA1,,RS,siegle_survey_2019,Siegle2019,optimal,optimal
0.3333333333333333,VISp,L5,RS,siegle_survey_2019,Siegle2019,optimal,optimal
0.0420493207205677,ProS,,RS,siegle_survey_2019,Siegle2019,optimal,optimal
0.052968834168536,ProS,,RS,siegle_survey_2019,Siegle2019,optimal,optimal
0.0133379042503123,ProS,,RS,siegle_survey_2019,Siegle2019,optimal,optimal
0.5124664349692057,VISp,L5,FS,siegle_survey_2019,Siegle2019,optimal,optimal
0.1640373988658322,VISp,L5,RS,siegle_survey_2019,Siegle2019,optimal,optimal
0.3347665913768822,VISp,L5,RS,siegle_survey_2019,Siegle2019,optimal,optimal
0.7097748992649441,VISp,L4,RS,siegle_survey_2019,Siegle2019,optimal,optimal
0.1666472905016092,VISal,L6a,RS,siegle_survey_2019,Siegle2019,optimal,optimal
0.101309996505382,VISal,L6a,RS,siegle_survey_2019,Siegle2019,optimal,optimal
0.0404929087455806,VISp,L6a,RS,siegle_survey_2019,Siegle2019,optimal,optimal
0.3786304902183036,VISp,L6a,FS,siegle_survey_2019,Siegle2019,optimal,optimal
0.4532566584944456,VISp,L6a,RS,siegle_survey_2019,Siegle2019,optimal,optimal
0.3227327923367649,VISp,L5,RS,siegle_survey_2019,Siegle2019,optimal,optimal
0.2652838362092102,VISp,L5,RS,siegle_survey_2019,Siegle2019,optimal,optimal
0.1284129807102268,VISal,L5,RS,siegle_survey_2019,Siegle2019,optimal,optimal
0.1510856741553912,VISal,L4,RS,siegle_survey_2019,Siegle2019,optimal,optimal
0.3687817782917155,VISal,L5,RS,siegle_survey_2019,Siegle2019,optimal,optimal
0.1593734410309559,VISp,L5,FS,siegle_survey_2019,Siegle2019,optimal,optimal
0.1091819014968566,VISp,L5,RS,siegle_survey_2019,Siegle2019,optimal,optimal
0.0039874442548113,VISp,L5,RS,siegle_survey_2019,Siegle2019,optimal,optimal
0.5702345884127918,VISp,L5,RS,siegle_survey_2019,Siegle2019,optimal,optimal
0.1608054472145372,VISp,L5,FS,siegle_survey_2019,Siegle2019,optimal,optimal
0.0432835820895522,VISp,L5,FS,siegle_survey_2019,Siegle2019,optimal,optimal
0.0706119732305729,VISp,L4,RS,siegle_survey_2019,Siegle2019,optimal,optimal
0.2106297510579635,TH,,FS,siegle_survey_2019,Siegle2019,optimal,optimal
0.6341463414634146,VISp,L3,RS,siegle_survey_2019,Siegle2019,optimal,optimal
0.7358821178351062,VISp,L3,RS,siegle_survey_2019,Siegle2019,optimal,optimal
0.4473664041476499,VISp,L3,RS,siegle_survey_2019,Siegle2019,optimal,optimal
0.0177393827369694,CA1,,FS,siegle_survey_2019,Siegle2019,optimal,optimal
0.1001249219725039,APN,,RS,siegle_survey_2019,Siegle2019,optimal,optimal
0.1523636569087626,APN,,RS,siegle_survey_2019,Siegle2019,optimal,optimal
0.1225797231764741,CA2,,FS,siegle_survey_2019,Siegle2019,optimal,optimal
0.1561526184133898,APN,,FS,siegle_survey_2019,Siegle2019,optimal,optimal
0.0348682015116106,CA1,,FS,siegle_survey_2019,Siegle2019,optimal,optimal
0.133407386842699,APN,,FS,siegle_survey_2019,Siegle2019,optimal,optimal
0.2097895971537065,VIS,L5,RS,siegle_survey_2019,Siegle2019,optimal,optimal
0.1064769182936058,VISl,L6a,RS,siegle_survey_2019,Siegle2019,optimal,optimal
0.1581279369512055,VIS,L5,RS,siegle_survey_2019,Siegle2019,optimal,optimal
0.0311321801633493,VISl,L6a,FS,siegle_survey_2019,Siegle2019,optimal,optimal
0.1836247324482489,VISl,L5,RS,siegle_survey_2019,Siegle2019,optimal,optimal
0.1072040053173591,CA1,,RS,siegle_survey_2019,Siegle2019,optimal,optimal
0.1953522978652494,VIS,L5,RS,siegle_survey_2019,Siegle2019,optimal,optimal
0.0280254979929977,CA1,,FS,siegle_survey_2019,Siegle2019,optimal,optimal
0.1470310215018394,CA1,,RS,siegle_survey_2019,Siegle2019,optimal,optimal
0.1738952590716377,VISpm,L6b,FS,siegle_survey_2019,Siegle2019,optimal,optimal
0.3063002673489853,VISl,L5,RS,siegle_survey_2019,Siegle2019,optimal,optimal
0.3600067322298899,VISl,L5,RS,siegle_survey_2019,Siegle2019,optimal,optimal
0.1727747167450511,VISpm,L5,FS,siegle_survey_2019,Siegle2019,optimal,optimal
0.2164659520478218,VISpm,L5,RS,siegle_survey_2019,Siegle2019,optimal,optimal
0.3165265169252397,VIS,L5,RS,siegle_survey_2019,Siegle2019,optimal,optimal
0.1401869158878504,DG,,FS,siegle_survey_2019,Siegle2019,optimal,optimal
0.1151193931904906,LGd,,FS,siegle_survey_2019,Siegle2019,optimal,optimal
0.0874482891985995,LGd,,FS,siegle_survey_2019,Siegle2019,optimal,optimal
0.0649756212363809,LGd,,FS,siegle_survey_2019,Siegle2019,optimal,optimal
0.0266484959896249,LGd,,FS,siegle_survey_2019,Siegle2019,optimal,optimal
0.0728431359084683,CA1,,RS,siegle_survey_2019,Siegle2019,optimal,optimal
0.006019284266217,CA1,,RS,siegle_survey_2019,Siegle2019,optimal,optimal
0.3091925366365451,VISmmp,L5,RS,siegle_survey_2019,Siegle2019,optimal,optimal
0.0432590412618909,DG,,RS,siegle_survey_2019,Siegle2019,optimal,optimal
0.0359675364005117,DG,,FS,siegle_survey_2019,Siegle2019,optimal,optimal
0.1845838036111391,CA1,,RS,siegle_survey_2019,Siegle2019,optimal,optimal
0.3859960637192016,VISam,L5,RS,siegle_survey_2019,Siegle2019,optimal,optimal
0.0456536137667558,CA1,,FS,siegle_survey_2019,Siegle2019,optimal,optimal
0.1174951092829685,CA1,,RS,siegle_survey_2019,Siegle2019,optimal,optimal
0.0079155672823218,CA1,,RS,siegle_survey_2019,Siegle2019,optimal,optimal
0.3057096285133602,VISam,L5,RS,siegle_survey_2019,Siegle2019,optimal,optimal
0.3784720124791867,VISam,L5,RS,siegle_survey_2019,Siegle2019,optimal,optimal
0.1322905055948909,VISam,L4,RS,siegle_survey_2019,Siegle2019,optimal,optimal
0.0851428909895799,VISam,L4,RS,siegle_survey_2019,Siegle2019,optimal,optimal
0.1725433003406759,VISam,L3,RS,siegle_survey_2019,Siegle2019,optimal,optimal
0.2247863692549172,VISam,L3,RS,siegle_survey_2019,Siegle2019,optimal,optimal
0.1822142001985421,VISp,L6b,FS,siegle_survey_2019,Siegle2019,optimal,optimal
0.3521126760563381,VISp,L6a,RS,siegle_survey_2019,Siegle2019,optimal,optimal
0.1088485185935021,VISam,L3,FS,siegle_survey_2019,Siegle2019,optimal,optimal
0.1657259638944523,VISam,L3,FS,siegle_survey_2019,Siegle2019,optimal,optimal
0.7160782641215647,VISam,L3,RS,siegle_survey_2019,Siegle2019,optimal,optimal
0.1634933770565927,VISam,L1,FS,siegle_survey_2019,Siegle2019,optimal,optimal
0.1913490812982801,VISp,L4,RS,siegle_survey_2019,Siegle2019,optimal,optimal
0.2953340857778224,VISam,L2,RS,siegle_survey_2019,Siegle2019,optimal,optimal
0.2099904759745069,grey,,RS,siegle_survey_2019,Siegle2019,optimal,optimal
0.0872703949435937,VISp,L3,FS,siegle_survey_2019,Siegle2019,optimal,optimal
0.713017494236065,VISp,L3,RS,siegle_survey_2019,Siegle2019,optimal,optimal
0.5513731455910891,VISp,L3,RS,siegle_survey_2019,Siegle2019,optimal,optimal
0.6712988111954031,VISp,L3,RS,siegle_survey_2019,Siegle2019,optimal,optimal
0.2588409587360945,VIS,L6a,RS,siegle_survey_2019,Siegle2019,optimal,optimal
0.3166099658332454,VIS,L5,RS,siegle_survey_2019,Siegle2019,optimal,optimal
0.4006168083848876,VIS,L5,RS,siegle_survey_2019,Siegle2019,optimal,optimal
0.3229067257751812,VIS,L5,RS,siegle_survey_2019,Siegle2019,optimal,optimal
0.0907732782587561,VIS,L5,FS,siegle_survey_2019,Siegle2019,optimal,optimal
0.1540777601485322,VIS,L5,RS,siegle_survey_2019,Siegle2019,optimal,optimal
0.1916629694999819,VIS,L5,RS,siegle_survey_2019,Siegle2019,optimal,optimal
0.2954877652130147,VIS,L5,RS,siegle_survey_2019,Siegle2019,optimal,optimal
0.1600247528834045,VIS,L5,RS,siegle_survey_2019,Siegle2019,optimal,optimal
0.3182546193903738,VIS,L5,RS,siegle_survey_2019,Siegle2019,optimal,optimal
0.0455679699840833,VIS,L5,RS,siegle_survey_2019,Siegle2019,optimal,optimal
0.1309815762075847,VISrl,,FS,siegle_survey_2019,Siegle2019,optimal,optimal
0.2425351935739113,VISrl,,RS,siegle_survey_2019,Siegle2019,optimal,optimal
0.1629644376830887,VIS,L4,RS,siegle_survey_2019,Siegle2019,optimal,optimal
0.0120481927710843,VIS,L4,RS,siegle_survey_2019,Siegle2019,optimal,optimal
0.1557297438656414,CA1,,RS,siegle_survey_2019,Siegle2019,optimal,optimal
0.34627536566523,VISrl,,RS,siegle_survey_2019,Siegle2019,optimal,optimal
0.0920039381829501,VISrl,,RS,siegle_survey_2019,Siegle2019,optimal,optimal
0.1707323047646831,VISrl,,RS,siegle_survey_2019,Siegle2019,optimal,optimal
0.127516337547635,VISrl,,RS,siegle_survey_2019,Siegle2019,optimal,optimal
0.1146541074196134,CA1,,RS,siegle_survey_2019,Siegle2019,optimal,optimal
0.3463911816950332,VIS,L3,RS,siegle_survey_2019,Siegle2019,optimal,optimal
0.1163592180598424,VISrl,,RS,siegle_survey_2019,Siegle2019,optimal,optimal
0.0419182141580565,VISrl,,RS,siegle_survey_2019,Siegle2019,optimal,optimal
0.316227766016838,VIS,L3,RS,siegle_survey_2019,Siegle2019,optimal,optimal
0.017750531366425,CA1,,RS,siegle_survey_2019,Siegle2019,optimal,optimal
0.1250963280210191,VISam,L6a,RS,siegle_survey_2019,Siegle2019,optimal,optimal
0.2618307913936009,VISrl,,RS,siegle_survey_2019,Siegle2019,optimal,optimal
0.5937112722462357,VISam,L5,RS,siegle_survey_2019,Siegle2019,optimal,optimal
0.1094275013065041,VISam,L6a,FS,siegle_survey_2019,Siegle2019,optimal,optimal
0.0568754974850427,VISam,L5,RS,siegle_survey_2019,Siegle2019,optimal,optimal
0.3162676007170044,VISam,L5,RS,siegle_survey_2019,Siegle2019,optimal,optimal
0.2600156700839965,VISam,L5,RS,siegle_survey_2019,Siegle2019,optimal,optimal
0.1060654540545647,VISam,L5,FS,siegle_survey_2019,Siegle2019,optimal,optimal
0.3573466843911974,VISam,L5,RS,siegle_survey_2019,Siegle2019,optimal,optimal
0.072842378245419,VISam,L4,RS,siegle_survey_2019,Siegle2019,optimal,optimal
0.0625604144414572,MGv,,FS,siegle_survey_2019,Siegle2019,optimal,optimal
0.0951893038693881,VISam,L5,RS,siegle_survey_2019,Siegle2019,optimal,optimal
0.1728700661425208,VISam,L4,RS,siegle_survey_2019,Siegle2019,optimal,optimal
0.17877911163102,VISam,L3,RS,siegle_survey_2019,Siegle2019,optimal,optimal
0.111111111111111,VISam,L4,RS,siegle_survey_2019,Siegle2019,optimal,optimal
0.0670060502538081,MGv,,RS,siegle_survey_2019,Siegle2019,optimal,optimal
0.022468729842458,grey,,RS,siegle_survey_2019,Siegle2019,optimal,optimal
0.5416000740370921,VISam,L4,RS,siegle_survey_2019,Siegle2019,optimal,optimal
0.0973955329513142,MGv,,RS,siegle_survey_2019,Siegle2019,optimal,optimal
0.0883883476483184,CA1,,RS,siegle_survey_2019,Siegle2019,optimal,optimal
0.495042040325868,VISam,L3,RS,siegle_survey_2019,Siegle2019,optimal,optimal
0.5808059071973747,VISrl,L6a,FS,siegle_survey_2019,Siegle2019,optimal,optimal
0.1552488934443507,VISam,L3,RS,siegle_survey_2019,Siegle2019,optimal,optimal
0.0192555669743617,grey,,FS,siegle_survey_2019,Siegle2019,optimal,optimal
0.0857142857142857,VISrl,L5,RS,siegle_survey_2019,Siegle2019,optimal,optimal
0.1145307118227127,TH,,FS,siegle_survey_2019,Siegle2019,optimal,optimal
0.3922958107599459,VISrl,L5,RS,siegle_survey_2019,Siegle2019,optimal,optimal
0.0453945576724794,grey,,FS,siegle_survey_2019,Siegle2019,optimal,optimal
0.197886931842046,LGd,,RS,siegle_survey_2019,Siegle2019,optimal,optimal
0.1544895100056167,VISrl,L5,RS,siegle_survey_2019,Siegle2019,optimal,optimal
0.1362243836360597,LGd,,FS,siegle_survey_2019,Siegle2019,optimal,optimal
0.3059258774280153,VISrl,L4,RS,siegle_survey_2019,Siegle2019,optimal,optimal
0.683455737894917,VISrl,L4,RS,siegle_survey_2019,Siegle2019,optimal,optimal
0.0150761319870213,VISrl,L4,FS,siegle_survey_2019,Siegle2019,optimal,optimal
0.1018050771757446,VISrl,L4,RS,siegle_survey_2019,Siegle2019,optimal,optimal
0.4397675042854303,VISrl,L3,RS,siegle_survey_2019,Siegle2019,optimal,optimal
0.2017383516129004,VISrl,L3,FS,siegle_survey_2019,Siegle2019,optimal,optimal
0.4872098147044388,VISrl,L3,RS,siegle_survey_2019,Siegle2019,optimal,optimal
0.1647177389308987,LGd,,FS,siegle_survey_2019,Siegle2019,optimal,optimal
0.0317172762765927,grey,,FS,siegle_survey_2019,Siegle2019,optimal,optimal
0.0900491890772097,grey,,RS,siegle_survey_2019,Siegle2019,optimal,optimal
0.1382992426909145,DG,,RS,siegle_survey_2019,Siegle2019,optimal,optimal
0.1775636558361102,grey,,RS,siegle_survey_2019,Siegle2019,optimal,optimal
0.0939495186001979,DG,,RS,siegle_survey_2019,Siegle2019,optimal,optimal
0.1378739452017429,grey,,RS,siegle_survey_2019,Siegle2019,optimal,optimal
0.2173913043478261,grey,,FS,siegle_survey_2019,Siegle2019,optimal,optimal
0.444926042925641,LGd,,FS,siegle_survey_2019,Siegle2019,optimal,optimal
0.0710118489297588,grey,,RS,siegle_survey_2019,Siegle2019,optimal,optimal
0.0477466800312994,LGd,,FS,siegle_survey_2019,Siegle2019,optimal,optimal
0.2494829363647744,grey,,FS,siegle_survey_2019,Siegle2019,optimal,optimal
0.0953949981023138,grey,,RS,siegle_survey_2019,Siegle2019,optimal,optimal
0.1257711472434086,grey,,FS,siegle_survey_2019,Siegle2019,optimal,optimal
0.2258769757263128,grey,,FS,siegle_survey_2019,Siegle2019,optimal,optimal
0.361735180672788,grey,,RS,siegle_survey_2019,Siegle2019,optimal,optimal
0.4581228472908512,VISrl,,RS,siegle_survey_2019,Siegle2019,optimal,optimal
0.3530132429554615,VISal,L6a,RS,siegle_survey_2019,Siegle2019,optimal,optimal
0.8450244545650965,VISal,L6a,RS,siegle_survey_2019,Siegle2019,optimal,optimal
0.9071490218023543,VISrl,,RS,siegle_survey_2019,Siegle2019,optimal,optimal
0.1666666666666666,grey,,RS,siegle_survey_2019,Siegle2019,optimal,optimal
0.2577110873834471,VISrl,,RS,siegle_survey_2019,Siegle2019,optimal,optimal
0.4965963304316428,VISrl,,RS,siegle_survey_2019,Siegle2019,optimal,optimal
0.2341936610317726,VISam,,RS,siegle_survey_2019,Siegle2019,optimal,optimal
0.2309724372706477,VISam,,FS,siegle_survey_2019,Siegle2019,optimal,optimal
0.8814229608487082,VISam,,RS,siegle_survey_2019,Siegle2019,optimal,optimal
0.1674374824443243,VISal,L5,RS,siegle_survey_2019,Siegle2019,optimal,optimal
0.6201736729460423,VISrl,,RS,siegle_survey_2019,Siegle2019,optimal,optimal
0.0868934495903151,VISam,,FS,siegle_survey_2019,Siegle2019,optimal,optimal
0.2905977607746536,VISam,,RS,siegle_survey_2019,Siegle2019,optimal,optimal
0.1079481092586105,APN,,FS,siegle_survey_2019,Siegle2019,optimal,optimal
0.3224903099319419,VISrl,L3,RS,siegle_survey_2019,Siegle2019,optimal,optimal
0.0288775004909025,CA1,,FS,siegle_survey_2019,Siegle2019,optimal,optimal
0.1763571985683519,CA1,,RS,siegle_survey_2019,Siegle2019,optimal,optimal
0.5669952784706149,grey,,FS,siegle_survey_2019,Siegle2019,optimal,optimal
0.0344740603758822,CA1,,RS,siegle_survey_2019,Siegle2019,optimal,optimal
0.0055447405562038,CA1,,RS,siegle_survey_2019,Siegle2019,optimal,optimal
0.0847457627118644,CA3,,RS,siegle_survey_2019,Siegle2019,optimal,optimal
0.63310428240897,CA1,,RS,siegle_survey_2019,Siegle2019,optimal,optimal
0.0771239709251611,DG,,RS,siegle_survey_2019,Siegle2019,optimal,optimal
0.0271470339309318,grey,,RS,siegle_survey_2019,Siegle2019,optimal,optimal
0.896028132525976,VISam,L5,RS,siegle_survey_2019,Siegle2019,optimal,optimal
0.0946063624450363,VISam,L5,RS,siegle_survey_2019,Siegle2019,optimal,optimal
0.2254377930008614,VISam,L5,RS,siegle_survey_2019,Siegle2019,optimal,optimal
0.1823469753677799,VISam,L5,RS,siegle_survey_2019,Siegle2019,optimal,optimal
0.064561648847954,grey,,RS,siegle_survey_2019,Siegle2019,optimal,optimal
0.1122118583328677,VISam,L4,RS,siegle_survey_2019,Siegle2019,optimal,optimal
0.08654936264848,CA1,,RS,siegle_survey_2019,Siegle2019,optimal,optimal
0.2255980502588925,VISam,L4,RS,siegle_survey_2019,Siegle2019,optimal,optimal
0.2460888014644053,VISam,L4,RS,siegle_survey_2019,Siegle2019,optimal,optimal
0.2473118279569892,VISam,L3,RS,siegle_survey_2019,Siegle2019,optimal,optimal
0.7276080127395338,VISl,L4,RS,siegle_survey_2019,Siegle2019,optimal,optimal
0.2401446254686915,DG,,RS,siegle_survey_2019,Siegle2019,optimal,optimal
0.0292418838696287,grey,,RS,siegle_survey_2019,Siegle2019,optimal,optimal
0.2421602478904753,grey,,RS,siegle_survey_2019,Siegle2019,optimal,optimal
0.462315079666257,VISpm,,RS,siegle_survey_2019,Siegle2019,optimal,optimal
0.2189544928040799,VISpm,,RS,siegle_survey_2019,Siegle2019,optimal,optimal
0.3733389686810524,VISpm,,RS,siegle_survey_2019,Siegle2019,optimal,optimal
0.4716981132075472,VISpm,,RS,siegle_survey_2019,Siegle2019,optimal,optimal
0.1417606045868945,VPM,,FS,siegle_survey_2019,Siegle2019,optimal,optimal
0.129792928236177,VIS,,RS,siegle_survey_2019,Siegle2019,optimal,optimal
0.0834019372468643,grey,,FS,siegle_survey_2019,Siegle2019,optimal,optimal
0.080918909818883,grey,,FS,siegle_survey_2019,Siegle2019,optimal,optimal
0.0423309082600182,grey,,FS,siegle_survey_2019,Siegle2019,optimal,optimal
0.1951998273260242,grey,,FS,siegle_survey_2019,Siegle2019,optimal,optimal
0.1054456447395414,VIS,,RS,siegle_survey_2019,Siegle2019,optimal,optimal
0.1812426593800755,grey,,FS,siegle_survey_2019,Siegle2019,optimal,optimal
0.1467030778258796,grey,,FS,siegle_survey_2019,Siegle2019,optimal,optimal
0.1108750513713534,grey,,FS,siegle_survey_2019,Siegle2019,optimal,optimal
0.0932722756097654,grey,,FS,siegle_survey_2019,Siegle2019,optimal,optimal
0.1945250680513929,VIS,,FS,siegle_survey_2019,Siegle2019,optimal,optimal
0.0666666666666666,VIS,,RS,siegle_survey_2019,Siegle2019,optimal,optimal
0.1832935860022142,VIS,,RS,siegle_survey_2019,Siegle2019,optimal,optimal
0.0660257503896562,grey,,RS,siegle_survey_2019,Siegle2019,optimal,optimal
0.0819672131147541,grey,,RS,siegle_survey_2019,Siegle2019,optimal,optimal
0.1564828614008941,CA3,,RS,siegle_survey_2019,Siegle2019,optimal,optimal
0.2793801350694814,VIS,,RS,siegle_survey_2019,Siegle2019,optimal,optimal
0.0181650156657376,CA3,,FS,siegle_survey_2019,Siegle2019,optimal,optimal
0.2448202759587208,grey,,RS,siegle_survey_2019,Siegle2019,optimal,optimal
0.0197108312712191,CA3,,FS,siegle_survey_2019,Siegle2019,optimal,optimal
0.137490333050799,grey,,RS,siegle_survey_2019,Siegle2019,optimal,optimal
0.25464162216855,VPM,,RS,siegle_survey_2019,Siegle2019,optimal,optimal
0.064516129032258,grey,,RS,siegle_survey_2019,Siegle2019,optimal,optimal
0.4757546778617778,VISal,L6a,RS,siegle_survey_2019,Siegle2019,optimal,optimal
0.157078153910062,LGd,,FS,siegle_survey_2019,Siegle2019,optimal,optimal
0.4079999999999999,VISal,L5,RS,siegle_survey_2019,Siegle2019,optimal,optimal
0.109715382968472,VISal,L5,RS,siegle_survey_2019,Siegle2019,optimal,optimal
0.1529411764705883,CA1,,RS,siegle_survey_2019,Siegle2019,optimal,optimal
0.0267680631434226,LGd,,FS,siegle_survey_2019,Siegle2019,optimal,optimal
0.4251604728728276,grey,,RS,siegle_survey_2019,Siegle2019,optimal,optimal
0.2182292830463915,grey,,RS,siegle_survey_2019,Siegle2019,optimal,optimal
0.0617995578817377,grey,,RS,siegle_survey_2019,Siegle2019,optimal,optimal
0.1835766947739039,LGd,,FS,siegle_survey_2019,Siegle2019,optimal,optimal
0.0220664603042741,grey,,RS,siegle_survey_2019,Siegle2019,optimal,optimal
0.1751872518725636,VISal,L4,RS,siegle_survey_2019,Siegle2019,optimal,optimal
0.2275083643590713,grey,,RS,siegle_survey_2019,Siegle2019,optimal,optimal
0.2524267085937022,VISal,L4,RS,siegle_survey_2019,Siegle2019,optimal,optimal
0.1704497886746498,VISl,L5,RS,siegle_survey_2019,Siegle2019,optimal,optimal
0.012531328320802,CA3,,FS,siegle_survey_2019,Siegle2019,optimal,optimal
0.0320123263679332,grey,,FS,siegle_survey_2019,Siegle2019,optimal,optimal
0.1005336533594017,VISp,,RS,siegle_survey_2019,Siegle2019,optimal,optimal
0.2543350308737496,grey,,RS,siegle_survey_2019,Siegle2019,optimal,optimal
0.0885752262820893,grey,,RS,siegle_survey_2019,Siegle2019,optimal,optimal
0.0435586682818561,grey,,RS,siegle_survey_2019,Siegle2019,optimal,optimal
0.0870033601455131,grey,,RS,siegle_survey_2019,Siegle2019,optimal,optimal
0.09664445677157,grey,,RS,siegle_survey_2019,Siegle2019,optimal,optimal
0.066017791384714,VISal,L5,RS,siegle_survey_2019,Siegle2019,optimal,optimal
0.0826757628430343,PO,,RS,siegle_survey_2019,Siegle2019,optimal,optimal
0.05863355418179,PO,,RS,siegle_survey_2019,Siegle2019,optimal,optimal
0.0524718071699987,grey,,RS,siegle_survey_2019,Siegle2019,optimal,optimal
0.0219009660061845,grey,,RS,siegle_survey_2019,Siegle2019,optimal,optimal
0.0588235294117646,LP,,RS,siegle_survey_2019,Siegle2019,optimal,optimal
0.1423489942674238,LP,,RS,siegle_survey_2019,Siegle2019,optimal,optimal
0.2358490566037735,grey,,RS,siegle_survey_2019,Siegle2019,optimal,optimal
0.6853592424821838,VISp,,RS,siegle_survey_2019,Siegle2019,optimal,optimal
0.0641002228412508,LP,,RS,siegle_survey_2019,Siegle2019,optimal,optimal
0.0585358109293138,grey,,RS,siegle_survey_2019,Siegle2019,optimal,optimal
0.7147479588187584,VISp,,RS,siegle_survey_2019,Siegle2019,optimal,optimal
0.0333936186726266,grey,,RS,siegle_survey_2019,Siegle2019,optimal,optimal
0.1389274637789228,grey,,RS,siegle_survey_2019,Siegle2019,optimal,optimal
0.1432210720561835,VISp,,RS,siegle_survey_2019,Siegle2019,optimal,optimal
0.0219706148560404,grey,,FS,siegle_survey_2019,Siegle2019,optimal,optimal
0.0417416505830382,CA3,,RS,siegle_survey_2019,Siegle2019,optimal,optimal
0.0235718446362656,grey,,RS,siegle_survey_2019,Siegle2019,optimal,optimal
0.3478327964999673,grey,,RS,siegle_survey_2019,Siegle2019,optimal,optimal
0.4527692569068708,VISp,,RS,siegle_survey_2019,Siegle2019,optimal,optimal
0.0518435123209824,grey,,FS,siegle_survey_2019,Siegle2019,optimal,optimal
0.2223924603250721,VISp,,RS,siegle_survey_2019,Siegle2019,optimal,optimal
0.2211811424078587,grey,,RS,siegle_survey_2019,Siegle2019,optimal,optimal
0.1004644186789617,VISp,,FS,siegle_survey_2019,Siegle2019,optimal,optimal
0.2623747837808944,VISp,,RS,siegle_survey_2019,Siegle2019,optimal,optimal
0.0604768050440663,CA1,,RS,siegle_survey_2019,Siegle2019,optimal,optimal
0.0618843951521577,VISp,,FS,siegle_survey_2019,Siegle2019,optimal,optimal
0.0491541946580778,grey,,FS,siegle_survey_2019,Siegle2019,optimal,optimal
0.1145334616267208,LP,,FS,siegle_survey_2019,Siegle2019,optimal,optimal
0.2720804619552417,VISp,,RS,siegle_survey_2019,Siegle2019,optimal,optimal
0.1013347524124764,LP,,FS,siegle_survey_2019,Siegle2019,optimal,optimal
0.0541451677631194,VISp,,RS,siegle_survey_2019,Siegle2019,optimal,optimal
0.0878524447333441,CA1,,RS,siegle_survey_2019,Siegle2019,optimal,optimal
0.0973245126931214,CA1,,FS,siegle_survey_2019,Siegle2019,optimal,optimal
0.4033310159442246,VISrl,,RS,siegle_survey_2019,Siegle2019,optimal,optimal
0.6784946791138443,VISrl,,RS,siegle_survey_2019,Siegle2019,optimal,optimal
0.2089548376483823,CA1,L6b,RS,siegle_survey_2019,Siegle2019,optimal,optimal
0.2243818669639376,DG,,RS,siegle_survey_2019,Siegle2019,optimal,optimal
0.1674622906017556,VISrl,,FS,siegle_survey_2019,Siegle2019,optimal,optimal
0.1235253844068322,VISp,,FS,siegle_survey_2019,Siegle2019,optimal,optimal
0.1563619814934611,DG,,RS,siegle_survey_2019,Siegle2019,optimal,optimal
0.0310374396205771,DG,,FS,siegle_survey_2019,Siegle2019,optimal,optimal
0.6224782922935798,VISp,,RS,siegle_survey_2019,Siegle2019,optimal,optimal
0.5778494913055442,VISp,,RS,siegle_survey_2019,Siegle2019,optimal,optimal
0.0546931013382435,VISpm,L5,RS,siegle_survey_2019,Siegle2019,optimal,optimal
0.5648284180780143,VISp,,RS,siegle_survey_2019,Siegle2019,optimal,optimal
0.081800848759934,VISpm,L5,FS,siegle_survey_2019,Siegle2019,optimal,optimal
0.2077013799681705,VISpm,L5,RS,siegle_survey_2019,Siegle2019,optimal,optimal
0.2554875772133886,VISpm,L4,FS,siegle_survey_2019,Siegle2019,optimal,optimal
0.2304766920269627,VISpm,L4,RS,siegle_survey_2019,Siegle2019,optimal,optimal
0.0721312250806383,grey,,FS,siegle_survey_2019,Siegle2019,optimal,optimal
0.2142460884338899,VISpm,L3,RS,siegle_survey_2019,Siegle2019,optimal,optimal
0.3412993238312582,grey,,FS,siegle_survey_2019,Siegle2019,optimal,optimal
0.0745120351852835,CA1,,RS,siegle_survey_2019,Siegle2019,optimal,optimal
0.014476711552787,CA1,,FS,siegle_survey_2019,Siegle2019,optimal,optimal
0.0391481348524424,grey,,RS,siegle_survey_2019,Siegle2019,optimal,optimal
0.1306177091948904,grey,,RS,siegle_survey_2019,Siegle2019,optimal,optimal
0.0377911938567606,grey,,RS,siegle_survey_2019,Siegle2019,optimal,optimal
0.068598123075347,CA1,,FS,siegle_survey_2019,Siegle2019,optimal,optimal
0.4868857692943091,VISp,,RS,siegle_survey_2019,Siegle2019,optimal,optimal
0.4666666666666667,VISrl,L6a,RS,siegle_survey_2019,Siegle2019,optimal,optimal
0.1170688001550978,grey,,RS,siegle_survey_2019,Siegle2019,optimal,optimal
0.0131799557757314,VISal,L6b,FS,siegle_survey_2019,Siegle2019,optimal,optimal
0.1228812125084353,grey,,RS,siegle_survey_2019,Siegle2019,optimal,optimal
0.053719678144616,LP,,FS,siegle_survey_2019,Siegle2019,optimal,optimal
0.1961261397873495,grey,,RS,siegle_survey_2019,Siegle2019,optimal,optimal
0.287404858234767,VISp,,RS,siegle_survey_2019,Siegle2019,optimal,optimal
0.0513704291871396,VISrl,L5,RS,siegle_survey_2019,Siegle2019,optimal,optimal
0.2414519409334314,LP,,RS,siegle_survey_2019,Siegle2019,optimal,optimal
0.1118128269981985,VISp,,RS,siegle_survey_2019,Siegle2019,optimal,optimal
0.0416798565075527,grey,,RS,siegle_survey_2019,Siegle2019,optimal,optimal
0.5227491423587031,VISrl,L5,RS,siegle_survey_2019,Siegle2019,optimal,optimal
0.3426796770454928,VISrl,L5,RS,siegle_survey_2019,Siegle2019,optimal,optimal
0.0138134572553492,VISal,L6a,RS,siegle_survey_2019,Siegle2019,optimal,optimal
0.2122178606890132,VISal,L5,RS,siegle_survey_2019,Siegle2019,optimal,optimal
0.2714936781926254,VISal,L5,RS,siegle_survey_2019,Siegle2019,optimal,optimal
0.0554241251477476,VISal,L5,RS,siegle_survey_2019,Siegle2019,optimal,optimal
0.1049737254016039,LP,,RS,siegle_survey_2019,Siegle2019,optimal,optimal
0.1075637193489752,VISal,L5,RS,siegle_survey_2019,Siegle2019,optimal,optimal
0.133003407277989,VISmma,,RS,siegle_survey_2019,Siegle2019,optimal,optimal
0.3009436024702594,VISal,L5,RS,siegle_survey_2019,Siegle2019,optimal,optimal
0.1664356663246515,LP,,RS,siegle_survey_2019,Siegle2019,optimal,optimal
0.0903876907577735,VISal,L5,RS,siegle_survey_2019,Siegle2019,optimal,optimal
0.5340002340823456,VISrl,L4,RS,siegle_survey_2019,Siegle2019,optimal,optimal
0.0260095074222732,LP,,RS,siegle_survey_2019,Siegle2019,optimal,optimal
0.1537881002766041,VISrl,L4,RS,siegle_survey_2019,Siegle2019,optimal,optimal
0.2608161452376346,VISrl,L4,RS,siegle_survey_2019,Siegle2019,optimal,optimal
0.0389597193214585,LP,,RS,siegle_survey_2019,Siegle2019,optimal,optimal
0.0656805817689211,grey,,FS,siegle_survey_2019,Siegle2019,optimal,optimal
0.1550039256768066,VISrl,L4,RS,siegle_survey_2019,Siegle2019,optimal,optimal
0.0891793985153848,VISal,L5,RS,siegle_survey_2019,Siegle2019,optimal,optimal
0.5778992994072969,VISrl,L3,RS,siegle_survey_2019,Siegle2019,optimal,optimal
0.1559728927373415,VISal,L5,FS,siegle_survey_2019,Siegle2019,optimal,optimal
0.0685436870666794,LP,,RS,siegle_survey_2019,Siegle2019,optimal,optimal
0.0249296717178243,grey,,FS,siegle_survey_2019,Siegle2019,optimal,optimal
0.5134971010333478,VISal,L5,RS,siegle_survey_2019,Siegle2019,optimal,optimal
0.6076748092175506,VISrl,L3,RS,siegle_survey_2019,Siegle2019,optimal,optimal
0.0738801198258638,grey,,FS,siegle_survey_2019,Siegle2019,optimal,optimal
0.1559941058865947,VISal,L5,FS,siegle_survey_2019,Siegle2019,optimal,optimal
0.3979301430657528,grey,,FS,siegle_survey_2019,Siegle2019,optimal,optimal
0.1767766952966368,VISal,L5,RS,siegle_survey_2019,Siegle2019,optimal,optimal
0.3623188405797101,VISal,L5,RS,siegle_survey_2019,Siegle2019,optimal,optimal
0.3721614637823933,VISrl,L3,RS,siegle_survey_2019,Siegle2019,optimal,optimal
0.4365802022881893,VISal,L4,RS,siegle_survey_2019,Siegle2019,optimal,optimal
0.1923644095171409,VISal,L4,RS,siegle_survey_2019,Siegle2019,optimal,optimal
0.1527847140000414,VISal,L4,RS,siegle_survey_2019,Siegle2019,optimal,optimal
0.2774976606036889,VISal,L4,RS,siegle_survey_2019,Siegle2019,optimal,optimal
0.1719320939465771,VISal,L4,FS,siegle_survey_2019,Siegle2019,optimal,optimal
0.1668555241399098,grey,,FS,siegle_survey_2019,Siegle2019,optimal,optimal
0.2797529583559211,VISal,L4,FS,siegle_survey_2019,Siegle2019,optimal,optimal
0.4999054731062542,VISpm,,RS,siegle_survey_2019,Siegle2019,optimal,optimal
0.0803750688110916,CA1,,FS,siegle_survey_2019,Siegle2019,optimal,optimal
0.2607461893234137,VISal,L4,RS,siegle_survey_2019,Siegle2019,optimal,optimal
0.3418678551533384,VISrl,L3,RS,siegle_survey_2019,Siegle2019,optimal,optimal
0.2608583742430791,VISal,L3,RS,siegle_survey_2019,Siegle2019,optimal,optimal
0.465000358180991,VISal,L3,RS,siegle_survey_2019,Siegle2019,optimal,optimal
0.5949367088607594,VISal,L3,RS,siegle_survey_2019,Siegle2019,optimal,optimal
0.1020572623380031,VISpm,,RS,siegle_survey_2019,Siegle2019,optimal,optimal
0.0456398895628352,VISal,L3,RS,siegle_survey_2019,Siegle2019,optimal,optimal
0.0972203468478169,VISal,L3,RS,siegle_survey_2019,Siegle2019,optimal,optimal
0.8813987087036913,VISp,L5,RS,siegle_survey_2019,Siegle2019,optimal,optimal
0.0528972703951537,grey,,RS,siegle_survey_2019,Siegle2019,optimal,optimal
0.064051545736047,VISpm,,FS,siegle_survey_2019,Siegle2019,optimal,optimal
0.4834355537582923,VISp,L5,RS,siegle_survey_2019,Siegle2019,optimal,optimal
0.7307692307692307,grey,,RS,siegle_survey_2019,Siegle2019,optimal,optimal
0.0343347639484978,PO,,FS,siegle_survey_2019,Siegle2019,optimal,optimal
0.0599550430973076,PO,,RS,siegle_survey_2019,Siegle2019,optimal,optimal
0.1414213562373094,VISl,,RS,siegle_survey_2019,Siegle2019,optimal,optimal
0.0364963503649634,PO,,RS,siegle_survey_2019,Siegle2019,optimal,optimal
0.1184888939450349,LP,,RS,siegle_survey_2019,Siegle2019,optimal,optimal
0.208873449518679,LP,,RS,siegle_survey_2019,Siegle2019,optimal,optimal
0.2319076062688687,VISp,L3,RS,siegle_survey_2019,Siegle2019,optimal,optimal
0.0055985677954426,LP,,FS,siegle_survey_2019,Siegle2019,optimal,optimal
0.0862799827340378,LP,,RS,siegle_survey_2019,Siegle2019,optimal,optimal
0.0137423188591157,grey,,FS,siegle_survey_2019,Siegle2019,optimal,optimal
0.0644980619863884,grey,,FS,siegle_survey_2019,Siegle2019,optimal,optimal
0.1717960677340691,grey,,FS,siegle_survey_2019,Siegle2019,optimal,optimal
0.037709357333291,grey,,FS,siegle_survey_2019,Siegle2019,optimal,optimal
0.0525817266236573,PO,,RS,siegle_survey_2019,Siegle2019,optimal,optimal
0.1872352020992296,VISl,,RS,siegle_survey_2019,Siegle2019,optimal,optimal
0.1238055924218361,PO,,RS,siegle_survey_2019,Siegle2019,optimal,optimal
0.1944733836138767,VISl,,RS,siegle_survey_2019,Siegle2019,optimal,optimal
0.1076047475933789,PO,,RS,siegle_survey_2019,Siegle2019,optimal,optimal
0.0944811942782993,LP,,RS,siegle_survey_2019,Siegle2019,optimal,optimal
0.1082108910630808,VISl,,FS,siegle_survey_2019,Siegle2019,optimal,optimal
0.168030885175081,grey,,FS,siegle_survey_2019,Siegle2019,optimal,optimal
0.0048323815069048,LP,,RS,siegle_survey_2019,Siegle2019,optimal,optimal
0.065997629108891,LP,,FS,siegle_survey_2019,Siegle2019,optimal,optimal
0.1546554283943705,LP,,FS,siegle_survey_2019,Siegle2019,optimal,optimal
0.3404588205713006,LP,,RS,siegle_survey_2019,Siegle2019,optimal,optimal
0.0795695474664071,LP,,RS,siegle_survey_2019,Siegle2019,optimal,optimal
0.0720913789189784,LGd,,RS,siegle_survey_2019,Siegle2019,optimal,optimal
0.2529248192792686,VISl,,RS,siegle_survey_2019,Siegle2019,optimal,optimal
0.1279631976678243,grey,,RS,siegle_survey_2019,Siegle2019,optimal,optimal
0.2900028045471373,VISl,,RS,siegle_survey_2019,Siegle2019,optimal,optimal
0.4887623977653281,VISl,,RS,siegle_survey_2019,Siegle2019,optimal,optimal
0.0836798529762734,LGd,,FS,siegle_survey_2019,Siegle2019,optimal,optimal
0.0498312088819535,CA1,,FS,siegle_survey_2019,Siegle2019,optimal,optimal
0.390572576506898,VISl,,RS,siegle_survey_2019,Siegle2019,optimal,optimal
0.1203380809199652,LGd,,RS,siegle_survey_2019,Siegle2019,optimal,optimal
0.0657220433500862,grey,,RS,siegle_survey_2019,Siegle2019,optimal,optimal
0.0759210050398435,LGd,,RS,siegle_survey_2019,Siegle2019,optimal,optimal
0.375792148298045,VISl,,RS,siegle_survey_2019,Siegle2019,optimal,optimal
0.2574807585463732,VISpm,,RS,siegle_survey_2019,Siegle2019,optimal,optimal
0.171481473318869,CA1,,RS,siegle_survey_2019,Siegle2019,optimal,optimal
0.0182962922766516,CA1,,RS,siegle_survey_2019,Siegle2019,optimal,optimal
0.3795268496108053,VISpm,,RS,siegle_survey_2019,Siegle2019,optimal,optimal
0.242447623264575,CA1,,RS,siegle_survey_2019,Siegle2019,optimal,optimal
0.0468428909860706,CA1,,FS,siegle_survey_2019,Siegle2019,optimal,optimal
0.1756481791561434,VISpm,,RS,siegle_survey_2019,Siegle2019,optimal,optimal
0.0205143851146769,DG,,RS,siegle_survey_2019,Siegle2019,optimal,optimal
0.0655036126059262,VISpm,,RS,siegle_survey_2019,Siegle2019,optimal,optimal
0.179527163527063,VISpm,,RS,siegle_survey_2019,Siegle2019,optimal,optimal
0.0232311401711005,VISpm,,FS,siegle_survey_2019,Siegle2019,optimal,optimal
0.34812788839027,VISpm,,RS,siegle_survey_2019,Siegle2019,optimal,optimal
0.5811836557697649,VISpm,,RS,siegle_survey_2019,Siegle2019,optimal,optimal
0.3922371731491038,VISpm,,RS,siegle_survey_2019,Siegle2019,optimal,optimal
0.2549509756796392,VISpm,,RS,siegle_survey_2019,Siegle2019,optimal,optimal
0.5753539269357428,VISpm,L5,FS,siegle_survey_2019,Siegle2019,optimal,optimal
0.4846838865043273,VISl,,RS,siegle_survey_2019,Siegle2019,optimal,optimal
0.1666666666666665,VISl,,RS,siegle_survey_2019,Siegle2019,optimal,optimal
0.2430188711708462,VISpm,,RS,siegle_survey_2019,Siegle2019,optimal,optimal
0.1304347826086955,VISpm,,RS,siegle_survey_2019,Siegle2019,optimal,optimal
0.0324521926784378,grey,,RS,siegle_survey_2019,Siegle2019,optimal,optimal
0.0419338714288797,VISpm,L5,RS,siegle_survey_2019,Siegle2019,optimal,optimal
0.0444816400312649,grey,,RS,siegle_survey_2019,Siegle2019,optimal,optimal
0.0266491714083055,grey,,RS,siegle_survey_2019,Siegle2019,optimal,optimal
0.5247699415931784,VISpm,,RS,siegle_survey_2019,Siegle2019,optimal,optimal
0.1595102977742966,VISrl,L5,RS,siegle_survey_2019,Siegle2019,optimal,optimal
0.5372104255525147,VISrl,L5,RS,siegle_survey_2019,Siegle2019,optimal,optimal
0.0935473671295188,VISrl,L4,RS,siegle_survey_2019,Siegle2019,optimal,optimal
0.1255514556359382,grey,,FS,siegle_survey_2019,Siegle2019,optimal,optimal
0.2311527213158807,VISrl,L3,RS,siegle_survey_2019,Siegle2019,optimal,optimal
0.0627759267156492,grey,,FS,siegle_survey_2019,Siegle2019,optimal,optimal
0.0867560172862755,grey,,FS,siegle_survey_2019,Siegle2019,optimal,optimal
0.0413395091565083,grey,,FS,siegle_survey_2019,Siegle2019,optimal,optimal
0.0356516037097343,grey,,FS,siegle_survey_2019,Siegle2019,optimal,optimal
0.0615431553440309,grey,,FS,siegle_survey_2019,Siegle2019,optimal,optimal
0.0967161663316664,VISl,,RS,siegle_survey_2019,Siegle2019,optimal,optimal
0.0320987654320987,grey,,RS,siegle_survey_2019,Siegle2019,optimal,optimal
0.0858973456232557,grey,,RS,siegle_survey_2019,Siegle2019,optimal,optimal
0.0392292627631541,grey,,RS,siegle_survey_2019,Siegle2019,optimal,optimal
0.0343600384880163,grey,,RS,siegle_survey_2019,Siegle2019,optimal,optimal
0.2139289478200622,grey,,FS,siegle_survey_2019,Siegle2019,optimal,optimal
0.0893136321679778,grey,,FS,siegle_survey_2019,Siegle2019,optimal,optimal
0.1687324732180103,grey,,RS,siegle_survey_2019,Siegle2019,optimal,optimal
0.0310286689284197,grey,,FS,siegle_survey_2019,Siegle2019,optimal,optimal
0.3476357005689143,VISrl,L5,RS,siegle_survey_2019,Siegle2019,optimal,optimal
0.3800934903758269,VISrl,L5,FS,siegle_survey_2019,Siegle2019,optimal,optimal
0.0714737296282799,grey,,RS,siegle_survey_2019,Siegle2019,optimal,optimal
0.0322688162713003,grey,,FS,siegle_survey_2019,Siegle2019,optimal,optimal
0.0342435305211489,VISal,,RS,siegle_survey_2019,Siegle2019,optimal,optimal
0.1166038060741169,grey,,RS,siegle_survey_2019,Siegle2019,optimal,optimal
0.159957485626709,grey,,RS,siegle_survey_2019,Siegle2019,optimal,optimal
0.0206837944211404,grey,,FS,siegle_survey_2019,Siegle2019,optimal,optimal
0.0378698092017848,VISrl,L4,RS,siegle_survey_2019,Siegle2019,optimal,optimal
0.6327185513303922,VISal,,RS,siegle_survey_2019,Siegle2019,optimal,optimal
0.5175936570426185,VISal,,RS,siegle_survey_2019,Siegle2019,optimal,optimal
0.0428457739550237,grey,,RS,siegle_survey_2019,Siegle2019,optimal,optimal
0.0333947639959571,grey,,RS,siegle_survey_2019,Siegle2019,optimal,optimal
0.447213595499958,VISal,,RS,siegle_survey_2019,Siegle2019,optimal,optimal
0.0918852903047841,VISal,,RS,siegle_survey_2019,Siegle2019,optimal,optimal
0.088593949510363,grey,,RS,siegle_survey_2019,Siegle2019,optimal,optimal
0.5103375789067903,VISal,,RS,siegle_survey_2019,Siegle2019,optimal,optimal
0.3535533905932738,VISal,,RS,siegle_survey_2019,Siegle2019,optimal,optimal
0.1080969291297326,grey,,RS,siegle_survey_2019,Siegle2019,optimal,optimal
0.191427234225855,VISrl,L4,RS,siegle_survey_2019,Siegle2019,optimal,optimal
0.055589584714335,grey,,FS,siegle_survey_2019,Siegle2019,optimal,optimal
0.0624790738257953,VISrl,L3,RS,siegle_survey_2019,Siegle2019,optimal,optimal
0.5274461432635468,VISrl,L3,RS,siegle_survey_2019,Siegle2019,optimal,optimal
0.1438214369307888,VISam,L5,FS,siegle_survey_2019,Siegle2019,optimal,optimal
0.2032789070454354,VISrl,L3,RS,siegle_survey_2019,Siegle2019,optimal,optimal
0.733790055948304,VISrl,L3,RS,siegle_survey_2019,Siegle2019,optimal,optimal
0.3572087661228371,VISal,,RS,siegle_survey_2019,Siegle2019,optimal,optimal
0.2537489300172355,VISal,,RS,siegle_survey_2019,Siegle2019,optimal,optimal
0.7704918032786886,VISal,,RS,siegle_survey_2019,Siegle2019,optimal,optimal
0.1224411562126635,VISal,,RS,siegle_survey_2019,Siegle2019,optimal,optimal
0.2982039903064858,grey,,RS,siegle_survey_2019,Siegle2019,optimal,optimal
0.6930424457405248,VISrl,L3,RS,siegle_survey_2019,Siegle2019,optimal,optimal
0.217921566936279,VISal,,RS,siegle_survey_2019,Siegle2019,optimal,optimal
0.0970232343983632,VISam,L5,RS,siegle_survey_2019,Siegle2019,optimal,optimal
0.0385728890361486,grey,,FS,siegle_survey_2019,Siegle2019,optimal,optimal
0.1969378850708547,VISam,L5,RS,siegle_survey_2019,Siegle2019,optimal,optimal
0.2256490122271185,VISal,,RS,siegle_survey_2019,Siegle2019,optimal,optimal
0.1344015168020573,VISam,L5,RS,siegle_survey_2019,Siegle2019,optimal,optimal
0.4604397871496155,VISal,,RS,siegle_survey_2019,Siegle2019,optimal,optimal
0.2851755255671224,VISal,,RS,siegle_survey_2019,Siegle2019,optimal,optimal
0.3498080630378093,VISal,,RS,siegle_survey_2019,Siegle2019,optimal,optimal
0.0401811274696342,grey,,RS,siegle_survey_2019,Siegle2019,optimal,optimal
0.275209193090553,VISrl,L3,RS,siegle_survey_2019,Siegle2019,optimal,optimal
0.2877716108305334,VISrl,L3,RS,siegle_survey_2019,Siegle2019,optimal,optimal
0.2791747185412412,VISal,,RS,siegle_survey_2019,Siegle2019,optimal,optimal
0.4961790226543881,VISrl,L2,RS,siegle_survey_2019,Siegle2019,optimal,optimal
0.0184089350286455,VISam,L3,FS,siegle_survey_2019,Siegle2019,optimal,optimal
0.633799119004924,VISrl,L3,RS,siegle_survey_2019,Siegle2019,optimal,optimal
0.1941800812975817,VISal,,RS,siegle_survey_2019,Siegle2019,optimal,optimal
0.2693189543416088,VISam,L3,RS,siegle_survey_2019,Siegle2019,optimal,optimal
0.3778594682918211,VISal,,RS,siegle_survey_2019,Siegle2019,optimal,optimal
0.3365134932222211,VISam,L3,RS,siegle_survey_2019,Siegle2019,optimal,optimal
0.3665257118670201,VISam,L3,RS,siegle_survey_2019,Siegle2019,optimal,optimal
0.0803602683704599,DG,,RS,siegle_survey_2019,Siegle2019,optimal,optimal
0.0976499807709871,DG,,RS,siegle_survey_2019,Siegle2019,optimal,optimal
0.2602732950416414,VISal,,RS,siegle_survey_2019,Siegle2019,optimal,optimal
0.1046852426802019,DG,,RS,siegle_survey_2019,Siegle2019,optimal,optimal
0.8223556781916487,VISp,,RS,siegle_survey_2019,Siegle2019,optimal,optimal
0.2138271408749126,grey,,FS,siegle_survey_2019,Siegle2019,optimal,optimal
0.3855289616378947,VISam,L6a,RS,siegle_survey_2019,Siegle2019,optimal,optimal
0.6576670522058206,VISal,,RS,siegle_survey_2019,Siegle2019,optimal,optimal
0.4611701980409312,VISrl,L6a,RS,siegle_survey_2019,Siegle2019,optimal,optimal
0.1028163134058965,SGN,,RS,siegle_survey_2019,Siegle2019,optimal,optimal
0.2595431285718098,VISrl,L5,RS,siegle_survey_2019,Siegle2019,optimal,optimal
0.0580804641660469,SGN,,FS,siegle_survey_2019,Siegle2019,optimal,optimal
0.0449521300741428,SGN,,FS,siegle_survey_2019,Siegle2019,optimal,optimal
0.023380931380445,SGN,,FS,siegle_survey_2019,Siegle2019,optimal,optimal
0.0887785268488001,SGN,,FS,siegle_survey_2019,Siegle2019,optimal,optimal
0.2689160521240612,VISrl,L4,RS,siegle_survey_2019,Siegle2019,optimal,optimal
0.1295159917564333,VISrl,L4,RS,siegle_survey_2019,Siegle2019,optimal,optimal
0.4636457817977071,VISrl,L4,RS,siegle_survey_2019,Siegle2019,optimal,optimal
0.0269374011880588,LP,,FS,siegle_survey_2019,Siegle2019,optimal,optimal
0.1066446380809994,LP,,RS,siegle_survey_2019,Siegle2019,optimal,optimal
0.2589092044035615,VISrl,L3,RS,siegle_survey_2019,Siegle2019,optimal,optimal
0.0423514611332319,LP,,RS,siegle_survey_2019,Siegle2019,optimal,optimal
0.5522094348149691,VISrl,L3,RS,siegle_survey_2019,Siegle2019,optimal,optimal
0.3312856643130477,VISrl,L5,RS,siegle_survey_2019,Siegle2019,optimal,optimal
0.078014184397163,ZI,,FS,siegle_survey_2019,Siegle2019,optimal,optimal
0.0199962673755874,DG,,FS,siegle_survey_2019,Siegle2019,optimal,optimal
0.1560481966796078,ZI,,FS,siegle_survey_2019,Siegle2019,optimal,optimal
0.0530215070231737,ZI,,FS,siegle_survey_2019,Siegle2019,optimal,optimal
0.0090760902729308,DG,,FS,siegle_survey_2019,Siegle2019,optimal,optimal
0.1737932151513777,ZI,,FS,siegle_survey_2019,Siegle2019,optimal,optimal
0.0614887097834305,CA3,,FS,siegle_survey_2019,Siegle2019,optimal,optimal
0.0267024597876737,SUB,,RS,siegle_survey_2019,Siegle2019,optimal,optimal
0.5677183012347029,VISp,L6a,RS,siegle_survey_2019,Siegle2019,optimal,optimal
0.5759125745489023,VISp,L6a,RS,siegle_survey_2019,Siegle2019,optimal,optimal
0.0682773109243697,VISal,L6a,FS,siegle_survey_2019,Siegle2019,optimal,optimal
0.1971227609961659,VISal,L6a,RS,siegle_survey_2019,Siegle2019,optimal,optimal
0.1667641279745402,VISal,L6a,FS,siegle_survey_2019,Siegle2019,optimal,optimal
0.9067886330341818,VISp,L6a,RS,siegle_survey_2019,Siegle2019,optimal,optimal
0.1975236852696329,VISal,L6a,RS,siegle_survey_2019,Siegle2019,optimal,optimal
0.4522561113769252,VISal,L5,RS,siegle_survey_2019,Siegle2019,optimal,optimal
0.4574423180415451,VISal,L5,RS,siegle_survey_2019,Siegle2019,optimal,optimal
0.0938067450423265,VISp,L5,RS,siegle_survey_2019,Siegle2019,optimal,optimal
0.0779476289680188,VISal,L5,FS,siegle_survey_2019,Siegle2019,optimal,optimal
0.1201064923490596,VISp,L5,RS,siegle_survey_2019,Siegle2019,optimal,optimal
0.2477856001011743,VISp,L5,RS,siegle_survey_2019,Siegle2019,optimal,optimal
0.1243243243243243,VISal,L5,RS,siegle_survey_2019,Siegle2019,optimal,optimal
0.1870801424415466,VISal,L5,RS,siegle_survey_2019,Siegle2019,optimal,optimal
0.0909090909090908,VISal,L5,RS,siegle_survey_2019,Siegle2019,optimal,optimal
0.1815928515080394,VISal,L4,RS,siegle_survey_2019,Siegle2019,optimal,optimal
0.1986977615190124,VISp,L3,RS,siegle_survey_2019,Siegle2019,optimal,optimal
0.2137264895741261,VISp,L3,RS,siegle_survey_2019,Siegle2019,optimal,optimal
0.3150798056639991,VISal,L3,RS,siegle_survey_2019,Siegle2019,optimal,optimal
0.4197598683860071,VISp,L3,RS,siegle_survey_2019,Siegle2019,optimal,optimal
0.3548387096774194,VISp,L5,RS,siegle_survey_2019,Siegle2019,optimal,optimal
0.1031695523640755,LGd,,FS,siegle_survey_2019,Siegle2019,optimal,optimal
0.1688038945026632,LGd,,FS,siegle_survey_2019,Siegle2019,optimal,optimal
0.0302509347782406,Eth,,RS,siegle_survey_2019,Siegle2019,optimal,optimal
0.048986355478592,LGd,,FS,siegle_survey_2019,Siegle2019,optimal,optimal
0.0502353644033234,Eth,,RS,siegle_survey_2019,Siegle2019,optimal,optimal
0.042657448403696,Eth,,RS,siegle_survey_2019,Siegle2019,optimal,optimal
0.0938938788941158,Eth,,RS,siegle_survey_2019,Siegle2019,optimal,optimal
0.0301003344481606,DG,,RS,siegle_survey_2019,Siegle2019,optimal,optimal
0.0597856902022376,LP,,FS,siegle_survey_2019,Siegle2019,optimal,optimal
0.1668474023654889,DG,,RS,siegle_survey_2019,Siegle2019,optimal,optimal
0.0849793229907337,DG,,RS,siegle_survey_2019,Siegle2019,optimal,optimal
0.1058045289103927,DG,,RS,siegle_survey_2019,Siegle2019,optimal,optimal
0.0660478419016154,DG,,RS,siegle_survey_2019,Siegle2019,optimal,optimal
0.0375659472751578,CA1,,FS,siegle_survey_2019,Siegle2019,optimal,optimal
0.1077465175481678,LP,,RS,siegle_survey_2019,Siegle2019,optimal,optimal
0.1596658713484767,LP,,RS,siegle_survey_2019,Siegle2019,optimal,optimal
0.1820728291316525,LP,,RS,siegle_survey_2019,Siegle2019,optimal,optimal
0.07466488919842,LP,,RS,siegle_survey_2019,Siegle2019,optimal,optimal
0.0687714642480738,CA1,,RS,siegle_survey_2019,Siegle2019,optimal,optimal
0.091042992206137,CA1,,RS,siegle_survey_2019,Siegle2019,optimal,optimal
0.2205194470576511,CA1,,RS,siegle_survey_2019,Siegle2019,optimal,optimal
0.1257864150940881,CA1,,RS,siegle_survey_2019,Siegle2019,optimal,optimal
0.0683303771876162,CA1,,FS,siegle_survey_2019,Siegle2019,optimal,optimal
0.0945134084148319,CA1,,RS,siegle_survey_2019,Siegle2019,optimal,optimal
0.3970638922440717,VISp,L6a,RS,siegle_survey_2019,Siegle2019,optimal,optimal
0.1589623624843351,VISp,L6a,RS,siegle_survey_2019,Siegle2019,optimal,optimal
0.1606624805966756,VISp,L5,FS,siegle_survey_2019,Siegle2019,optimal,optimal
0.0746837824338729,VISp,L5,FS,siegle_survey_2019,Siegle2019,optimal,optimal
0.346840786967452,VISp,L5,RS,siegle_survey_2019,Siegle2019,optimal,optimal
0.3665365336101084,VISp,L5,RS,siegle_survey_2019,Siegle2019,optimal,optimal
0.024738233057599,VISpm,L6a,RS,siegle_survey_2019,Siegle2019,optimal,optimal
0.7149090516622523,VISpm,L6a,RS,siegle_survey_2019,Siegle2019,optimal,optimal
0.2884441020371191,VISpm,L5,RS,siegle_survey_2019,Siegle2019,optimal,optimal
0.4026692763149013,VISpm,L4,RS,siegle_survey_2019,Siegle2019,optimal,optimal
0.3326439151530325,VISpm,L4,RS,siegle_survey_2019,Siegle2019,optimal,optimal
0.0742473940189049,MGd,,FS,siegle_survey_2019,Siegle2019,optimal,optimal
0.1317894226578602,MGd,,RS,siegle_survey_2019,Siegle2019,optimal,optimal
0.0426929774582909,MGd,,FS,siegle_survey_2019,Siegle2019,optimal,optimal
0.0579950938591689,MGd,,FS,siegle_survey_2019,Siegle2019,optimal,optimal
0.3005564220360697,DG,,RS,siegle_survey_2019,Siegle2019,optimal,optimal
0.0713484178260797,DG,,RS,siegle_survey_2019,Siegle2019,optimal,optimal
0.2944931505345863,DG,,RS,siegle_survey_2019,Siegle2019,optimal,optimal
0.063099258441652,DG,,RS,siegle_survey_2019,Siegle2019,optimal,optimal
0.0171635728102271,DG,,FS,siegle_survey_2019,Siegle2019,optimal,optimal
0.0473925220709331,DG,,FS,siegle_survey_2019,Siegle2019,optimal,optimal
0.0382453051980023,CA1,,RS,siegle_survey_2019,Siegle2019,optimal,optimal
0.2693486087086914,CA1,,RS,siegle_survey_2019,Siegle2019,optimal,optimal
0.0157887762953008,VISal,L6a,RS,siegle_survey_2019,Siegle2019,optimal,optimal
0.2734357471908551,VISal,L6a,RS,siegle_survey_2019,Siegle2019,optimal,optimal
0.1153624324342258,VISal,L6a,RS,siegle_survey_2019,Siegle2019,optimal,optimal
0.5825204257343914,VISal,L5,RS,siegle_survey_2019,Siegle2019,optimal,optimal
0.4700349650280773,VISal,L5,RS,siegle_survey_2019,Siegle2019,optimal,optimal
0.2420050107917426,VISal,L5,RS,siegle_survey_2019,Siegle2019,optimal,optimal
0.4900575965365819,VISal,L4,RS,siegle_survey_2019,Siegle2019,optimal,optimal
0.2527811758969684,VISal,L4,RS,siegle_survey_2019,Siegle2019,optimal,optimal
0.0960709261722531,VISal,L4,RS,siegle_survey_2019,Siegle2019,optimal,optimal
0.1155273997396697,VISal,L4,RS,siegle_survey_2019,Siegle2019,optimal,optimal
0.2482783951249902,VISal,L4,RS,siegle_survey_2019,Siegle2019,optimal,optimal
0.9719082418012326,VISal,L3,RS,siegle_survey_2019,Siegle2019,optimal,optimal
0.0639687214099564,VISal,L3,FS,siegle_survey_2019,Siegle2019,optimal,optimal
0.1577908716741037,APN,,RS,siegle_survey_2019,Siegle2019,optimal,optimal
0.0503441024288479,APN,,FS,siegle_survey_2019,Siegle2019,optimal,optimal
0.1090282105458245,APN,,FS,siegle_survey_2019,Siegle2019,optimal,optimal
0.0383781250302623,APN,,RS,siegle_survey_2019,Siegle2019,optimal,optimal
0.0230975141986216,APN,,FS,siegle_survey_2019,Siegle2019,optimal,optimal
0.3240789417623847,APN,,FS,siegle_survey_2019,Siegle2019,optimal,optimal
0.0144692962148108,APN,,FS,siegle_survey_2019,Siegle2019,optimal,optimal
0.567877810008977,APN,,FS,siegle_survey_2019,Siegle2019,optimal,optimal
0.3286873453772589,CA1,,RS,siegle_survey_2019,Siegle2019,optimal,optimal
0.2468350001148391,VISpm,L5,RS,siegle_survey_2019,Siegle2019,optimal,optimal
0.3374109569147894,VISpm,L4,RS,siegle_survey_2019,Siegle2019,optimal,optimal
0.2342427896421021,APN,,RS,siegle_survey_2019,Siegle2019,optimal,optimal
0.2236067977499789,APN,,FS,siegle_survey_2019,Siegle2019,optimal,optimal
0.0881559786999742,SGN,,RS,siegle_survey_2019,Siegle2019,optimal,optimal
0.0462512493193262,LP,,FS,siegle_survey_2019,Siegle2019,optimal,optimal
0.6125993209342744,SUB,,RS,siegle_survey_2019,Siegle2019,optimal,optimal
0.0109084597387817,SUB,,FS,siegle_survey_2019,Siegle2019,optimal,optimal
0.226130165531172,VISp,L6a,FS,siegle_survey_2019,Siegle2019,optimal,optimal
0.2336926702277406,VISp,L5,RS,siegle_survey_2019,Siegle2019,optimal,optimal
0.4807870676710264,VISp,L4,RS,siegle_survey_2019,Siegle2019,optimal,optimal
0.0513385067991564,MB,,FS,siegle_survey_2019,Siegle2019,optimal,optimal
0.1589543757751469,MB,,FS,siegle_survey_2019,Siegle2019,optimal,optimal
0.174142021887258,PPT,,FS,siegle_survey_2019,Siegle2019,optimal,optimal
0.4109831557854213,APN,,FS,siegle_survey_2019,Siegle2019,optimal,optimal
0.292474345183881,NOT,,FS,siegle_survey_2019,Siegle2019,optimal,optimal
0.0205404800255242,CA1,,RS,siegle_survey_2019,Siegle2019,optimal,optimal
0.0700032893574828,CA1,,RS,siegle_survey_2019,Siegle2019,optimal,optimal
0.0238429171823076,CA1,,FS,siegle_survey_2019,Siegle2019,optimal,optimal
0.0607285376384752,CA1,,RS,siegle_survey_2019,Siegle2019,optimal,optimal
0.0649486703871845,CA1,,RS,siegle_survey_2019,Siegle2019,optimal,optimal
0.0421255103685601,CA1,,RS,siegle_survey_2019,Siegle2019,optimal,optimal
0.0163985247375857,CA1,,RS,siegle_survey_2019,Siegle2019,optimal,optimal
0.0359690626945831,VISam,L5,FS,siegle_survey_2019,Siegle2019,optimal,optimal
0.1375,VISam,L5,RS,siegle_survey_2019,Siegle2019,optimal,optimal
0.1147671317789465,VISam,L5,FS,siegle_survey_2019,Siegle2019,optimal,optimal
